20070419,0,25.1,31.1,23.13,27.36,30514900
20070420,0,27.4,28.8,27.1,28.5,5887900
20070423,0,28.6,28.94,28.29,28.75,3168700
20070424,0,28.51,29.4,28.51,29.2,2797200
20070425,0,29.55,29.75,28.51,28.76,2355300
20070426,0,29.25,29.29,27.3,28.16,1235600
20070427,0,28.2,28.5,27.65,28.45,356100
20070430,0,28.48,28.96,28,28.1,345800
20070501,0,28,28.5,27.8,27.96,871800
20070502,0,27.8,28.62,27.76,28.23,839900
20070503,0,28.15,28.55,28.06,28.51,419000
20070504,0,28.77,29.1,28.41,28.75,258500
20070507,0,28.7,29.1,28.5,29.07,586000
20070508,0,29.18,29.4,29,29.29,517600
20070509,0,29.47,31.27,29.29,30.8,977000
20070510,0,30.85,30.85,29.73,30.4,1123900
20070511,0,30.85,31.61,30.7,30.9,1284200
20070514,0,31.5,31.91,31,31.91,665800
20070515,0,34,34.7,33.69,34.27,2389300
20070516,0,34.75,34.89,34.15,34.32,461300
20070517,0,34.45,36.68,34.44,36.44,1127300
20070518,0,36.5,37.25,35.75,36.63,1370400
20070521,0,36.68,36.89,33.54,34.52,987200
20070522,0,34.8,35,31.84,33.73,3793300
20070523,0,34.25,34.87,33.5,33.56,1184800
20070524,0,33.78,34.5,33.63,33.81,1194400
20070525,0,33.93,35.2,33.85,35,727200
20070529,0,36.14,36.14,33.55,33.75,783300
20070530,0,33.97,35.87,33.66,35.67,843200
20070531,0,35.95,37,35.3,35.6,1010800
20070601,0,35.58,36.74,35.55,36.72,713200
20070604,0,36.43,36.57,35.15,36.22,523800
20070605,0,36.59,36.95,35.22,35.23,835100
20070606,0,34.71,34.8,33.17,33.98,1248400
20070607,0,34.25,34.32,32.5,32.52,1185110
20070608,0,32.7,33,32.12,32.61,476400
20070611,0,33.02,34.25,32.9,33.7,908700
20070612,0,33.4,33.72,32.5,33.16,1132660
20070613,0,32.5,33.85,32.5,33.78,684100
20070614,0,34,34.17,32.56,32.69,1041200
20070615,0,33,35.85,32.9,35.65,1256400
20070618,0,35.81,36.85,34.81,35.58,1380700
20070619,0,35.8,35.8,33.87,33.95,816900
20070620,0,33.91,34.07,32.56,32.56,1102300
20070621,0,32.87,33.98,32.55,33.67,723300
20070622,0,33.37,34,32.78,33.8,1143900
20070625,0,33.77,35.05,33.44,35,595000
20070626,0,34.81,34.95,33.75,34.71,510400
20070627,0,34.76,35.31,34.16,34.85,537600
20070628,0,34.93,34.93,33.65,33.73,420200
20070629,0,33.67,34.08,32.85,32.94,732000
20070702,0,33.06,33.5,32.96,33,387800
20070703,0,33.03,34.65,33.03,34.4,354000
20070705,0,34.48,34.52,33.55,34.13,221900
20070706,0,34.35,35.2,34.16,35.19,632600
20070709,0,35.03,35.78,34.27,35.24,608100
20070710,0,34.95,36,34.88,35.6,389100
20070711,0,35.83,36.49,35.49,36.1,658500
20070712,0,36.27,37.7,36.27,37.2,629600
20070713,0,36.3,37.57,36.2,37.24,372800
20070716,0,37.57,39.4,37.21,38.45,740600
20070717,0,37.98,40.4,37.95,40.3,1376600
20070718,0,39.01,39.83,38.1,39.23,1100900
20070719,0,39.48,40.02,39.15,39.55,498400
20070720,0,39.6,40.87,39.05,39.39,545300
20070723,0,39.7,40.29,38.69,38.97,378100
20070724,0,38.55,38.71,37.37,37.56,748200
20070725,0,37.84,38.35,35.52,35.62,892900
20070726,0,35.64,36.3,34.46,35.51,1864300
20070727,0,35.34,36.29,34.12,35.25,981500
20070730,0,36.25,38.32,36.02,37.42,1128700
20070731,0,38.2,38.37,36.03,36.46,822900
20070801,0,36.92,37.57,35.58,37,598600
20070802,0,36.7,39.2,36.47,38.7,1214500
20070803,0,31.83,33.79,29.1,31.11,6178951
20070806,0,31.6,33.4,30.12,30.55,3025500
20070807,0,30.8,32.36,30.64,32.16,2207600
20070808,0,29,31.9,24.75,31.18,7126600
20070809,0,30,31.18,27.25,28.02,1375200
20070810,0,28,29.13,25.25,27.51,1904900
20070813,0,28.19,29.5,28.19,28.75,887800
20070814,0,28.83,28.89,27.62,27.73,794500
20070815,0,28.06,28.06,25.35,25.83,847932
20070816,0,25.8,25.8,23.25,24.25,1931500
20070817,0,26,28.03,25.28,26.1,1817600
20070820,0,26.25,26.44,24.01,25.67,666100
20070821,0,25.62,26,24.76,25.61,979400
20070822,0,25.7,26.19,25.28,25.44,748900
20070823,0,25.75,25.75,24.45,25.58,1006400
20070824,0,25.45,28.66,25.43,28.27,1587000
20070827,0,28,30.99,27.98,30.61,1169010
20070828,0,30.25,30.95,29.17,29.94,1065600
20070829,0,30.06,30.09,27.72,28.27,1404900
20070830,0,27.88,28.2,26.57,26.88,1150200
20070831,0,27.42,27.88,27.24,27.31,525300
20070904,0,28.5,29.48,27.35,28.65,6573286
20070905,0,29.1,29.48,28,28.85,1755700
20070906,0,29.2,29.27,28,28.06,1204500
20070907,0,28.1,28.15,26.2,27.17,1681000
20070910,0,28.75,28.75,26.51,26.75,702100
20070911,0,26.95,29.67,26.18,26.6,1423500
20070912,0,26.75,26.75,26.04,26.04,1707000
20070913,0,26.27,26.47,24.63,24.84,4417800
20070914,0,24.8,25.35,24,25.01,2005300
20070917,0,25.45,25.45,24.48,25.16,1416200
20070918,0,25.2,25.72,25.2,25.47,2274400
20070919,0,25.46,26.43,25.27,25.69,2302000
20070920,0,25.7,26.84,25.69,26.49,1172900
20070921,0,26.59,27.07,25.98,26.37,2126800
20070924,0,26.5,26.86,26.32,26.75,1290900
20070925,0,26.7,27.35,26.29,27.15,1333500
20070926,0,27.03,27.3,26.51,27.09,664300
20070927,0,27.07,27.84,27,27.5,800400
20070928,0,27.53,27.68,26.91,27.22,784200
20071001,0,26.9,27.65,26.75,27.22,639500
20071002,0,27.38,28.04,27.22,27.89,709300
20071003,0,27.85,28.25,27.44,27.71,642379
20071004,0,27.67,27.96,27.41,27.65,932300
20071005,0,27.3,27.3,24.59,24.74,5592800
20071008,0,24.5,24.74,23.9,24.2,1395800
20071009,0,24.35,25.4,24.05,25.16,1957700
20071010,0,25.2,25.2,24.38,24.78,952100
20071011,0,24.9,25.25,24.59,24.9,947000
20071012,0,24.9,25,24.13,24.83,1022300
20071015,0,24.74,24.8,23.57,24.11,2534500
20071016,0,22.78,23.4,22.28,22.75,4518500
20071017,0,22.55,23,22.37,22.52,2504900
20071018,0,22.35,22.35,21.72,22.05,3485300
20071019,0,21.98,22.24,21.72,21.96,2542400
20071022,0,21.88,21.94,20.25,20.69,3180600
20071023,0,20.8,20.8,18.48,19.58,7473900
20071024,0,19.45,20.04,19.37,19.69,4619900
20071025,0,19.62,20.12,19.47,19.87,3115975
20071026,0,19.87,21.46,19.84,21.37,4589300
20071029,0,21.21,22.04,20.99,21.82,2579400
20071030,0,21.84,21.84,21.13,21.6,2886700
20071031,0,22.2,22.7,21.91,22.45,6239500
20071101,0,21.68,22.76,19,20.1,9287000
20071102,0,20.6,22.05,20.46,21.83,4559100
20071105,0,21.09,21.72,21,21.66,2493664
20071106,0,21.66,22.14,21.66,21.99,2630200
20071107,0,22.03,22.03,21.25,21.5,2206550
20071108,0,21.85,21.85,20,20.87,2867613
20071109,0,18.7,18.7,15.83,16.11,9171940
20071112,0,16.31,17.4,15.27,15.76,4246520
20071113,0,15.86,16.49,15.45,16.47,2281400
20071114,0,17.2,18.96,17.15,18,5150630
20071115,0,18.32,18.7,17.69,18.33,2491498
20071116,0,18.82,19.32,18.21,18.65,3239720
20071119,0,18.45,18.45,17.43,17.66,2641670
20071120,0,17.8,17.81,15.75,15.97,2640250
20071121,0,15.99,15.99,13.77,15.39,5516250
20071123,0,15.45,15.98,15.25,15.58,570860
20071126,0,15.74,15.83,15.26,15.45,1932986
20071127,0,15.31,15.59,14.98,15.17,4174900
20071128,0,15.1,16.58,15.1,16.24,3962040
20071129,0,16.4,17.41,15.5,16.58,2959258
20071130,0,16.84,17.51,16.55,16.67,4075438
20071203,0,17,17,16,16.2,2724500
20071204,0,16.17,17.1,15.97,17,1668300
20071205,0,17.19,17.5,16.47,17.29,2767900
20071206,0,16.95,16.98,15.81,16.8,3917132
20071207,0,16.63,18.01,16.51,17.55,2026213
20071210,0,17.92,18.89,17.49,17.64,1813100
20071211,0,18.18,18.18,16.93,17.2,2227585
20071212,0,17.74,17.74,16.76,17.05,3608082
20071213,0,16.56,17.26,16.4,17.17,3635200
20071214,0,17.38,18.59,17.32,18.1,4678300
20071217,0,17.76,18,17.56,17.83,2143024
20071218,0,17.76,17.96,16.91,17.5,3349000
20071219,0,17.14,18.45,17.14,18.31,1659300
20071220,0,18.33,20.63,18.33,20.15,4473600
20071221,0,20.14,21.02,19.76,20.47,5389164
20071224,0,20.45,21,19.92,20.04,840603
20071226,0,20.04,20.26,19.41,20.05,981245
20071227,0,20.06,20.15,19.54,19.68,649831
20071228,0,19.62,19.81,19.28,19.5,537195
20071231,0,19.54,19.57,18.83,19.46,1015495
20080102,0,19.61,19.72,18.27,18.66,1113560
20080103,0,18.87,18.89,17.01,18.5,2471766
20080104,0,18.5,18.5,16.75,17.23,1526350
20080107,0,17.77,17.77,16.01,16.5,1235952
20080108,0,17.88,19.5,17.44,17.5,4604341
20080109,0,17.6,17.92,16.95,17.37,2633987
20080110,0,17.64,18.02,16.99,17.58,1561769
20080111,0,17.59,17.59,16.75,17.2,1328264
20080114,0,17.51,18.33,17.3,18.03,2284697
20080115,0,17.53,18.49,17.53,18.19,4345940
20080116,0,18.33,18.44,17.93,18.42,3383467
20080117,0,18.13,18.85,18.12,18.24,2442000
20080118,0,18.27,18.32,16.61,17.39,2919477
20080122,0,16.51,16.83,15.8,16.59,2064080
20080123,0,16.5,16.55,15.24,16.21,4225338
20080124,0,16.51,16.83,15.81,16.5,3469090
20080125,0,16.74,17,16.35,16.76,2916665
20080128,0,16.41,16.85,16.03,16.51,1704623
20080129,0,16.51,16.61,16.25,16.52,1342886
20080130,0,16.4,17.3,16.24,17.01,3008261
20080131,0,17.13,18.39,16.75,18.15,2794363
20080201,0,18.25,18.66,17.8,18.47,1616191
20080204,0,18.69,19.22,18.52,18.76,1498192
20080205,0,18.74,18.74,17.34,17.5,1753113
20080206,0,17.5,18.01,16.67,17.15,2031600
20080207,0,17,17.13,16.45,17.05,2769703
20080208,0,17.24,17.24,16.41,16.63,2285625
20080211,0,16.98,17.17,16.13,16.25,2420125
20080212,0,16.65,17.06,16.28,16.52,1480614
20080213,0,16.7,16.97,16.31,16.58,1241131
20080214,0,16.6,16.78,15.42,15.6,2562759
20080215,0,15.83,16.43,15.46,16.1,1340481
20080219,0,16.3,16.47,15.34,15.53,1445997
20080220,0,15.26,15.48,14.82,15.31,2682951
20080221,0,15.2,15.65,15.1,15.21,1056405
20080222,0,15.26,15.38,14.36,14.82,2086040
20080225,0,14.9,15.23,14.47,15.03,1965572
20080226,0,15.09,15.43,14.76,15.15,3792292
20080227,0,13.94,15.67,13.68,15,5115698
20080228,0,15,16.62,14.81,15.9,3468997
20080229,0,16.06,16.19,15.82,15.9,2465085
20080303,0,16.17,16.22,15.06,15.4,3013670
20080304,0,15.22,15.51,14.77,15.51,2707174
20080305,0,15.49,16.67,15.39,16.62,3038738
20080306,0,16.45,16.65,15.95,16.24,1663848
20080307,0,15.91,16.49,15.75,16.21,1566152
20080310,0,16.2,16.2,15.54,15.7,1459600
20080311,0,15.02,16.48,15.02,16.39,1833064
20080312,0,16.49,16.49,15.9,16,1780282
20080313,0,15.75,15.87,15.5,15.77,2136201
20080314,0,16.06,16.06,14.92,15.26,2093406
20080317,0,14.95,15.26,13.92,14.47,2885668
20080318,0,14.82,15.29,14.68,15.12,1808346
20080319,0,14.7,15.77,14.7,15.02,1227961
20080320,0,15,15.74,14.73,15.59,1896391
20080324,0,15.49,16.32,15.26,16.2,2241969
20080325,0,16.06,17.88,15.88,17.74,2367469
20080326,0,17.84,18.08,17,17.36,2106656
20080327,0,17.52,17.95,16.94,17.03,1532432
20080328,0,17.12,17.32,16.55,16.61,1361319
20080331,0,16.81,17.39,16.42,16.98,1569198
20080401,0,17.31,17.52,16.78,17.33,1839256
20080402,0,17.51,18.19,17.22,18.15,3195324
20080403,0,18.43,19.65,18.24,19.09,2454667
20080404,0,19.15,19.34,18.45,18.67,2686859
20080407,0,19.52,20.01,18.65,18.86,2945481
20080408,0,19.45,20,18.9,19.96,5631660
20080409,0,19.85,19.95,18.91,19.35,2740563
20080410,0,19.13,19.49,18.66,18.91,1338425
20080411,0,18.68,18.94,18.13,18.35,1297491
20080414,0,18.48,19.15,18.2,18.63,1527230
20080415,0,18.7,19,18.55,18.89,903397
20080416,0,19.25,19.45,18.92,19.16,1556624
20080417,0,19.11,19.14,18.75,18.99,1383471
20080418,0,19.2,19.72,19.11,19.5,2055035
20080421,0,19.49,19.6,19.25,19.5,1271033
20080422,0,19.44,19.66,19.27,19.47,1737114
20080423,0,19.44,19.77,19.38,19.58,2915290
20080424,0,19.54,19.92,19.43,19.73,1400061
20080425,0,19.86,19.99,19.46,19.97,1201628
20080428,0,19.8,20,19.52,19.97,1695823
20080429,0,19.83,20,19.74,19.99,2684785
20080430,0,19.86,19.96,19.38,19.72,2444228
20080501,0,19.6,19.93,19.41,19.93,1823848
20080502,0,19.87,20.2,19.6,19.95,1778116
20080505,0,19.98,20.08,19.63,20.05,2403694
20080506,0,18.96,19.64,18.51,19.09,4833412
20080507,0,18.51,19.24,18.47,18.85,2310988
20080508,0,18.96,19.13,18.72,18.99,1518079
20080509,0,19,19.84,18.5,19.61,3081261
20080512,0,19.6,19.8,19.37,19.78,1725175
20080513,0,19.67,19.98,19.62,19.97,1596475
20080514,0,20,20.19,19.86,20.01,2439925
20080515,0,19.92,21.25,19.92,21.09,3783230
20080516,0,21.54,21.86,20.74,21.76,4454277
20080519,0,21.72,21.85,21.3,21.77,2776316
20080520,0,21.79,21.79,21.12,21.59,2232566
20080521,0,21.6,21.66,20.6,21.09,2150786
20080522,0,21,21.13,20.74,20.95,2234538
20080523,0,20.98,21.55,20.89,21.44,2807314
20080527,0,21.54,21.54,20.93,21.24,1772918
20080528,0,21.38,21.38,20.9,21.15,1698670
20080529,0,21.02,21.16,20.9,21.01,2054531
20080530,0,21.23,21.45,20.9,21.28,2784204
20080602,0,21.25,21.32,20.03,20.49,1957676
20080603,0,20.63,21.05,20.15,20.48,1231091
20080604,0,20.29,20.94,20.23,20.8,2177348
20080605,0,20.91,21.36,20.38,21.25,2736141
20080606,0,21.28,21.28,20.65,20.67,1780276
20080609,0,20.67,20.67,19.98,20.16,1486609
20080610,0,19.91,20.28,19.59,20,1124810
20080611,0,20.06,20.06,19.16,19.23,1428331
20080612,0,19.13,20.13,19.13,19.83,3099108
20080613,0,20.03,20.06,19.06,19.36,2640110
20080616,0,19.11,20.37,19.11,20.06,2514552
20080617,0,20.23,20.52,19.98,20.37,1780176
20080618,0,20.2,20.72,19.69,20.61,2668389
20080619,0,20.18,20.77,19.77,19.87,2536491
20080620,0,19.69,20.02,18.75,18.86,3136244
20080623,0,18.87,19.47,18.74,19.23,2823646
20080624,0,19.25,19.39,18.46,18.54,2090505
20080625,0,18.56,18.89,17.75,17.86,2907255
20080626,0,17.75,17.96,16.87,17.14,2958288
20080627,0,17.1,17.99,16.75,16.85,5866283
20080630,0,17.2,18.23,17.2,17.71,3736774
20080701,0,17.57,17.75,16.76,17.47,4219158
20080702,0,17.69,18.08,17.11,17.13,5541589
20080703,0,16.89,17,14.97,15.11,6741609
20080707,0,15.1,15.78,15,15.21,3847218
20080708,0,15.2,15.96,15.11,15.89,2547764
20080709,0,16.06,16.18,15.52,15.57,1887028
20080710,0,15.58,15.91,15.4,15.68,2139913
20080711,0,15.45,15.83,15.05,15.52,1630249
20080714,0,15.6,15.8,15.05,15.7,2080685
20080715,0,15.4,16.28,14.4,15.6,3668741
20080716,0,15.75,15.94,15.23,15.51,2047719
20080717,0,15.51,16.18,15.42,15.82,1455722
20080718,0,14.16,16.09,14.12,15.2,1768009
20080721,0,15.21,15.88,15.1,15.7,1486037
20080722,0,15.65,15.65,15.28,15.61,1526528
20080723,0,15.77,16.3,15.5,15.84,2216774
20080724,0,16,16.07,15.05,15.7,2436043
20080725,0,15.67,16.17,15.57,15.97,1586044
20080728,0,16.1,16.1,15.37,15.49,812713
20080729,0,15.52,16.33,15.47,16.24,1240442
20080730,0,16.28,16.89,16.28,16.85,874833
20080731,0,16.67,16.89,16.4,16.61,977047
20080801,0,16.79,16.8,16.26,16.59,1589717
20080804,0,16.54,16.93,16.42,16.87,993161
20080805,0,16.74,17.48,16.74,17.44,1296348
20080806,0,17.29,17.85,17,17.68,1906233
20080807,0,17.65,17.93,16.99,17.41,2132786
20080808,0,17.25,17.41,16.76,17.25,2180901
20080811,0,17.22,18.3,17.22,17.86,2196984
20080812,0,18,18,17.43,17.51,1095456
20080813,0,17.47,17.7,16.93,17.31,738892
20080814,0,17.1,17.44,17.03,17.3,591152
20080815,0,17.14,17.55,16.83,17.52,1222838
20080818,0,17.47,17.56,17.07,17.54,1009250
20080819,0,17.54,17.54,16.22,16.43,1388393
20080820,0,16.34,17.07,16.21,16.69,1295152
20080821,0,16.65,17.64,16.55,17.39,2322398
20080822,0,17.61,17.61,17.29,17.35,1224556
20080825,0,17.3,17.35,16.54,16.56,1308046
20080826,0,16.62,16.72,16.42,16.66,829318
20080827,0,16.82,17.11,16.66,16.93,533129
20080828,0,16.9,17.49,16.86,17.31,506752
20080829,0,17.34,17.44,16.61,16.88,1473731
20080902,0,17.09,17.69,17.06,17.69,1257941
20080903,0,17.7,17.85,17.3,17.59,1537843
20080904,0,17.69,17.72,16.99,17.28,4880204
20080905,0,17.02,17.4,16.69,16.75,1647379
20080908,0,17.24,17.7,16.92,17.16,1683422
20080909,0,17.38,17.74,17.09,17.3,2044925
20080910,0,17.4,17.61,17.22,17.4,1541834
20080911,0,17.25,17.39,16.92,17.35,1486553
20080912,0,17.29,17.9,16.95,17.85,1138319
20080915,0,17.27,17.86,16.5,16.59,842760
20080916,0,16.13,16.63,15.99,16.53,2764836
20080917,0,16.3,16.64,15.26,15.28,2727885
20080918,0,15.46,16.34,15.12,15.98,3140698
20080919,0,16.85,17.9,16.52,16.97,4800171
20080922,0,16.69,17,15.39,15.57,1252939
20080923,0,15.76,15.86,14.95,15,2362307
20080924,0,15.2,15.37,14.67,14.8,1462537
20080925,0,14.85,15.38,14.59,14.64,2291331
20080926,0,14.45,14.45,13.8,13.9,3752663
20080929,0,13.65,13.65,12.55,12.76,3730543
20080930,0,13.14,14.17,13.14,14,2212010
20081001,0,13.81,15.53,13.72,15.24,3642411
20081002,0,15.19,15.67,14.14,14.29,2180411
20081003,0,14.51,15.03,14.35,14.8,2707786
20081006,0,15.22,15.3,13.71,15.19,5103641
20081007,0,15.32,16.97,15.19,15.96,5629417
20081008,0,15.36,16.49,15,15.26,5253209
20081009,0,15.49,15.78,12.84,13.21,3932285
20081010,0,12.83,13.9,11.12,13.05,5943731
20081013,0,13.37,14.34,13.34,13.89,1985283
20081014,0,14.49,15,14.01,14.07,3071517
20081015,0,13.74,14.24,12.93,13.06,1577487
20081016,0,12.93,13.61,12.23,13.26,2815435
20081017,0,12.88,14.07,12.64,13.55,3975662
20081020,0,14.25,15.03,13.96,14.99,2239141
20081021,0,14.36,14.93,14.16,14.3,1791575
20081022,0,14,14.22,13.4,13.9,3342230
20081023,0,13.9,14.06,12.64,13.29,2405659
20081024,0,12.55,13.1,12.5,12.67,2279961
20081027,0,12.37,12.93,12.1,12.92,1480561
20081028,0,13.36,13.75,13.12,13.7,3121807
20081029,0,13.86,14.36,13.7,13.88,2273627
20081030,0,14.2,14.43,13.87,14.29,3031510
20081031,0,14,14.3,13.38,13.62,2680735
20081103,0,13.73,14.22,13.61,14.04,1838977
20081104,0,14,14.84,14,14.52,3598092
20081105,0,14.19,14.93,13.25,14.01,4723991
20081106,0,14.01,14.18,13.44,13.61,2677868
20081107,0,13.76,14.02,12.9,13.5,3216206
20081110,0,13.89,13.89,12.72,13,2217273
20081111,0,13,13.09,12.04,12.7,1949768
20081112,0,12.61,12.72,10.87,11.07,2876511
20081113,0,10.99,11.56,10.55,11.55,3337643
20081114,0,11.21,12.07,10.92,11.81,2545476
20081117,0,12.52,12.52,11.4,11.68,2103398
20081118,0,12.15,12.35,11.53,11.91,1797528
20081119,0,11.8,12.03,11.36,11.52,3116023
20081120,0,11.32,11.48,10.43,10.66,2377830
20081121,0,10.83,11.15,10.23,11.08,2474561
20081124,0,11.47,12.22,11.05,12.12,2413127
20081125,0,12.02,12.48,11.68,12.11,3527325
20081126,0,11.92,14.09,11.92,13.96,2942635
20081128,0,13.63,14.7,13.47,14.64,1344288
20081201,0,14.38,14.41,13.44,13.59,2322540
20081202,0,13.98,14.14,13.19,13.87,2299539
20081203,0,13.28,14.98,13.28,14.82,2982079
20081204,0,14.73,15.06,14.21,14.52,2244733
20081205,0,14.21,15.38,14.21,15.31,2461082
20081208,0,15.47,15.99,15,15.75,4296857
20081209,0,15.59,15.65,14.8,15.15,3496129
20081210,0,15.34,16.02,15.03,15.37,2803854
20081211,0,15.06,15.82,14.84,15.07,1717288
20081212,0,14.9,15.2,14.53,14.8,1389621
20081215,0,15.11,15.25,14.25,14.56,891542
20081216,0,14.59,15.69,14.59,15.62,2478051
20081217,0,15.3,16.03,15.3,15.73,1796387
20081218,0,16.27,16.27,15.55,15.65,2691663
20081219,0,15.65,15.79,15.17,15.55,2547378
20081222,0,15.7,15.7,14.39,14.74,2711814
20081223,0,15.04,15.04,14.25,14.55,1791088
20081224,0,14.62,14.62,14.14,14.24,417348
20081226,0,14.16,14.62,14.09,14.32,515507
20081229,0,14.44,14.49,14.16,14.22,1426758
20081230,0,14.39,14.5,14.02,14.26,1526866
20081231,0,14.12,14.98,14.02,14.87,2984834
20090102,0,14.93,14.96,14.28,14.83,2915435
20090105,0,14.9,15.64,14.76,15.61,3638513
20090106,0,16.15,17,15.75,16.96,8084448
20090107,0,16.8,17.83,16.36,17.51,6438451
20090108,0,17.62,17.79,16.36,17.66,3994319
20090109,0,17.78,17.8,16.84,17.22,2795695
20090112,0,17.2,17.23,15.77,16.04,4008491
20090113,0,16.13,16.25,15.87,16.18,2654180
20090114,0,16.09,16.16,15.7,16,3222849
20090115,0,15.88,15.88,12.92,13.87,9853767
20090116,0,13.9,14.25,13.34,13.55,2979477
20090120,0,13.6,14.2,12.56,12.62,3715696
20090121,0,12.61,13.51,12.5,13.37,4297360
20090122,0,13.13,13.69,12.88,13.43,3757822
20090123,0,13.19,13.19,12.65,12.78,3756264
20090126,0,12.12,13.43,12.12,13.23,3176024
20090127,0,13.33,13.72,12.65,13.42,4342826
20090128,0,13.85,14.14,13.55,14.05,2981288
20090129,0,13.9,14.51,13.58,13.81,2349446
20090130,0,13.62,14.08,13.41,13.55,2040152
20090202,0,13.39,14.13,13.12,13.95,3081450
20090203,0,14.14,14.3,13.46,14.21,3208047
20090204,0,14.5,15,14.49,14.59,3458022
20090205,0,14.55,15,14.37,14.95,2349345
20090206,0,14.95,15.2,14.7,14.9,2472180
20090209,0,15.04,15.46,14.8,15.34,3245701
20090210,0,15.04,15.52,14.19,14.4,2818420
20090211,0,14.46,14.67,13.89,14.17,2838390
20090212,0,14.16,14.37,13.78,14.31,1690523
20090213,0,14.36,14.97,14.26,14.62,2140308
20090217,0,14.21,14.28,13.55,13.82,2567937
20090218,0,14.04,14.04,13.09,13.24,2792374
20090219,0,13.39,13.71,12.42,12.53,3486739
20090220,0,12.41,12.71,10.63,12.5,6327159
20090223,0,12.75,12.86,11.98,12.09,4511665
20090224,0,12,12.63,11.76,12.58,6221418
20090225,0,12.74,13.09,11.77,12.72,4357421
20090226,0,13.75,14.73,13.28,13.4,6386310
20090227,0,13.02,15,13.02,14.5,8740413
20090302,0,14.35,14.63,13.4,13.47,3476398
20090303,0,13.84,14.01,13.11,13.37,3220887
20090304,0,13.84,14.7,13.67,14.42,3636694
20090305,0,14.26,14.76,13.9,14.14,4391686
20090306,0,14.35,14.78,14,14.36,3909494
20090309,0,13.85,14.8,13.83,14.6,2940056
20090310,0,14.64,15.64,14.57,15.16,4399337
20090311,0,15.47,15.9,15.17,15.66,4710370
20090312,0,15.5,16.09,15.32,15.93,4535871
20090313,0,15.87,16.9,15.87,16.83,4858429
20090316,0,16.57,17,16.04,16.12,3152187
20090317,0,16.23,16.85,15.89,16.82,1936658
20090318,0,16.68,17.32,16.5,17.19,3080068
20090319,0,17.2,17.32,16.97,17.25,1999510
20090320,0,17.25,17.43,16.62,16.67,1710680
20090323,0,16.71,17.71,16.71,17.64,2728489
20090324,0,17.21,17.8,17.13,17.24,3471478
20090325,0,17.26,17.84,16.99,17.48,3652656
20090326,0,17.58,18.1,17.35,17.96,3352358
20090327,0,17.89,17.99,17.35,17.54,1545586
20090330,0,17.27,17.63,16.73,16.96,2686692
20090331,0,17.28,17.7,16.9,17.01,2543009
20090401,0,16.84,18,16.72,17.72,3425913
20090402,0,18.05,18.98,17.95,18.76,6948422
20090403,0,18.08,18.94,18.05,18.31,2728939
20090406,0,18.18,18.18,17.5,17.94,2010204
20090407,0,17.65,17.65,16.89,16.94,4635229
20090408,0,16.75,17.16,16.56,16.79,3154257
20090409,0,16.97,17.5,16.97,17.19,2178379
20090413,0,17.17,17.26,16.87,17.09,825998
20090414,0,17.26,17.26,16.74,16.84,1168892
20090415,0,16.75,16.76,16.34,16.73,1662867
20090416,0,16.96,17.49,16.96,17.13,1822870
20090417,0,17.27,17.27,16.53,16.6,1652886
20090420,0,16.47,16.58,15.8,15.9,1891827
20090421,0,15.83,16.4,15.81,16.18,1948295
20090422,0,16.27,16.66,16.09,16.2,1432070
20090423,0,16.19,16.47,15.85,16.04,1554775
20090424,0,16.06,16.24,15.7,16.05,1140020
20090427,0,15.95,16.78,15.85,16.44,1637031
20090428,0,16.19,16.42,15.89,16.04,1532554
20090429,0,16.12,16.73,16.02,16.5,2951790
20090430,0,16.7,17.37,16.59,17.18,2494121
20090501,0,17.18,17.26,16.64,17.03,2596918
20090504,0,17.28,18,17.23,18,3254841
20090505,0,17.98,18,17.25,17.7,1550389
20090506,0,17.93,18.44,17.33,18.41,2875305
20090507,0,18.67,18.85,16.61,16.9,4130857
20090508,0,17.3,17.74,17,17.34,2224786
20090511,0,17.06,17.68,16.72,17.47,1365765
20090512,0,17.47,17.47,16.83,17.12,1038374
20090513,0,16.9,16.91,16.5,16.63,1434001
20090514,0,16.72,17.05,16.34,16.86,2116121
20090515,0,16.76,16.99,16.4,16.76,1739045
20090518,0,16.85,17.59,16.49,17.59,2311918
20090519,0,17.6,17.86,17.22,17.64,3092425
20090520,0,17.89,18,17.18,17.21,2191044
20090521,0,17.19,17.19,16.57,16.64,2679710
20090522,0,16.85,16.98,16.6,16.74,2231109
20090526,0,16.67,17.2,16.6,16.91,2210635
20090527,0,17.07,17.19,16.6,16.99,2826548
20090528,0,17.09,17.27,16.75,17.09,3236600
20090529,0,17.4,17.4,16.88,17.1,1716809
20090601,0,17.24,17.56,17.07,17.28,2009510
20090602,0,17.24,17.24,16.2,16.42,4581482
20090603,0,16.26,16.39,15.2,15.33,3846909
20090604,0,15.51,15.67,14.77,15.05,4258290
20090605,0,15.12,15.31,13.99,14.07,6848497
20090608,0,14.16,14.5,13.29,14.31,5723573
20090609,0,14.4,15.22,14.27,15.04,5570449
20090610,0,15.24,15.24,14.22,14.63,4868422
20090611,0,14.62,14.95,14.35,14.36,2635162
20090612,0,14.3,14.86,14.3,14.8,2109386
20090615,0,14.75,14.75,14.33,14.55,1931932
20090616,0,14.45,14.62,13.88,13.97,3343269
20090617,0,13.92,14.2,13.73,13.9,2145595
20090618,0,13.91,14.16,13.75,13.86,2521640
20090619,0,14.07,14.07,13.74,13.81,2380744
20090622,0,13.64,13.84,13.35,13.63,2375695
20090623,0,14.85,15.25,14,14.4,14678332
20090624,0,14.42,14.74,14.22,14.59,5195577
20090625,0,14.38,14.75,14.38,14.68,4938001
20090626,0,14.64,14.79,14.51,14.64,4156636
20090629,0,14.84,15.08,14.53,14.61,24896706
20090630,0,14.17,14.25,13.22,13.28,17745907
20090701,0,13.36,13.49,12.35,12.63,20306303
20090702,0,12.52,12.64,12.01,12.02,7556514
20090706,0,12.16,12.16,11.59,11.78,7363251
20090707,0,11.73,12.61,11.73,12.18,9302349
20090708,0,12.21,12.72,12.09,12.6,12326784
20090709,0,12.55,12.9,12.16,12.7,9119422
20090710,0,12.69,12.69,12.3,12.57,5213411
20090713,0,12.82,12.88,12.21,12.57,5356579
20090714,0,12.54,13.08,12.42,13,6365340
20090715,0,13.21,13.31,12.96,13.11,6346588
20090716,0,13.07,13.07,12.61,12.9,4945167
20090717,0,12.87,13,12.56,12.71,3128791
20090720,0,12.76,13,12.67,12.72,2992109
20090721,0,12.75,12.92,12.45,12.61,4505401
20090722,0,12.61,12.81,12.47,12.61,6250240
20090723,0,12.61,12.67,12.4,12.5,4226149
20090724,0,12.6,12.9,12.57,12.88,5080983
20090727,0,12.85,13,12.5,12.96,4647607
20090728,0,12.91,13.52,12.67,13.27,7107396
20090729,0,13.1,13.1,12.8,12.93,3699370
20090730,0,12.78,12.85,11.39,11.71,19406092
20090731,0,11.72,12.02,11.69,11.83,5252886
20090803,0,11.99,12.42,11.85,12.41,5192777
20090804,0,12.36,12.67,12.11,12.65,6094012
20090805,0,12.67,12.85,12.48,12.67,8442391
20090806,0,10.5,10.5,8.45,8.98,48867888
20090807,0,9,9.09,8.55,8.73,14244376
20090810,0,8.89,9.25,8.73,9.01,9563659
20090811,0,8.85,9.14,8.8,9.07,7280378
20090812,0,9.02,9.18,8.92,9.03,5874999
20090813,0,9.01,9.1,8.77,8.85,5947393
20090814,0,8.94,8.94,8.72,8.75,4202633
20090817,0,8.52,8.77,8.41,8.48,6879775
20090818,0,8.36,8.39,8.15,8.25,6698431
20090819,0,8.19,8.29,7.88,7.95,10491961
20090820,0,7.95,8.12,7.85,8.12,4737291
20090821,0,8.06,8.23,7.99,8.02,4151553
20090824,0,8.1,8.11,7.94,7.99,2794002
20090825,0,8.08,8.1,7.95,8.02,3597812
20090826,0,8.03,8.11,7.93,8.02,5756339
20090827,0,8,8.42,8,8.36,9985756
20090828,0,8.51,8.54,8.2,8.21,7000713
20090831,0,8.14,8.15,7.86,7.96,3964739
20090901,0,7.94,8.06,7.71,7.73,4354120
20090902,0,7.84,8.03,7.58,7.91,8026095
20090903,0,7.97,8.02,7.83,8,3565567
20090904,0,7.99,8.2,7.89,8.18,2435070
20090908,0,8.3,8.34,8.17,8.23,2194346
20090909,0,8.23,8.3,8.16,8.27,4394307
20090910,0,8.33,8.91,8.26,8.9,15895997
20090911,0,8.97,9.94,8.83,9.64,21860922
20090914,0,9.5,9.55,9.15,9.38,6882657
20090915,0,9.43,9.86,9.26,9.58,8814039
20090916,0,9.68,9.99,9.45,9.95,11985415
20090917,0,9.99,10.16,9.49,9.73,12105075
20090918,0,9.75,10.22,9.61,10.13,11152061
20090921,0,10.1,10.65,9.85,10.06,12801856
20090922,0,10.15,10.4,9.9,10.03,9144601
20090923,0,10.16,10.19,9.9,10,8157933
20090924,0,9.9,10.09,9.37,9.62,5782185
20090925,0,9.55,9.97,9.41,9.93,6121850
20090928,0,9.95,10.19,9.66,9.73,3845403
20090929,0,9.71,9.85,9.57,9.64,3954726
20090930,0,9.63,9.73,9.29,9.35,9244087
20091001,0,9.03,9.09,8.38,8.47,18298134
20091002,0,8.44,8.67,8.18,8.37,9926129
20091005,0,8.43,8.67,8.41,8.5,5259821
20091006,0,8.56,8.71,8.43,8.48,4799447
20091007,0,8.5,8.63,8.33,8.45,4518555
20091008,0,8.52,8.56,8.33,8.36,5001066
20091009,0,8.34,8.43,7.93,8.05,9567723
20091012,0,8.12,8.16,7.65,8.01,12434900
20091013,0,8.08,8.08,7.5,7.54,12482236
20091014,0,7.67,7.7,7.08,7.33,23963360
20091015,0,7.31,7.56,7.26,7.34,11001267
20091016,0,7.35,7.35,7.03,7.14,8914448
20091019,0,7.17,7.17,6.96,7,8572247
20091020,0,6.78,6.8,6.47,6.58,16126110
20091021,0,6.54,6.69,6.52,6.61,8640240
20091022,0,6.82,7.34,6.82,7.12,17090960
20091023,0,6.94,7.11,6.61,6.64,15745333
20091026,0,6.79,7.03,6.5,6.52,12088574
20091027,0,6.64,6.71,6.44,6.47,10833292
20091028,0,6.46,6.54,6.31,6.41,8816417
20091029,0,6.47,6.64,6.41,6.51,8315423
20091030,0,6.52,6.57,6.22,6.23,5457920
20091102,0,6.3,6.37,6.13,6.2,8545646
20091103,0,6.17,6.43,6.05,6.4,5968751
20091104,0,6.49,6.72,6.41,6.63,10891648
20091105,0,6.85,6.92,5.65,6,24818293
20091106,0,6.01,6.07,5.78,5.97,14522201
20091109,0,6,6.12,5.91,6.04,14206002
20091110,0,5.98,6.01,5.81,5.84,8932299
20091111,0,5.89,6,5.85,5.99,5067955
20091112,0,5.96,6.16,5.92,6.12,10769618
20091113,0,6.14,6.17,5.99,6.02,5989450
20091116,0,6.02,6.15,6.01,6.09,8114767
20091117,0,6.1,6.19,6.01,6.18,4605752
20091118,0,6.15,6.25,6.1,6.15,3533575
20091119,0,6.16,6.16,5.96,6.12,5179036
20091120,0,6.1,6.73,6.05,6.53,22269871
20091123,0,6.56,6.71,6.41,6.59,10618416
20091124,0,6.62,6.62,6.31,6.34,6263793
20091125,0,6.37,6.51,6.32,6.47,3737814
20091127,0,6.29,6.39,6.07,6.32,2442339
20091130,0,6.29,6.43,6.26,6.3,4945222
20091201,0,6.32,6.52,6.27,6.49,4218287
20091202,0,6.54,6.75,6.5,6.66,4997917
20091203,0,6.68,6.76,6.56,6.59,4507853
20091204,0,6.58,6.72,6.51,6.6,4495518
20091207,0,6.62,7.02,6.61,6.99,7018055
20091208,0,7.02,7.04,6.8,6.86,6463985
20091209,0,6.87,6.95,6.68,6.7,4145577
20091210,0,6.77,6.96,6.71,6.89,4380802
20091211,0,6.97,7.06,6.87,6.95,3743498
20091214,0,6.94,7,6.78,6.87,3331229
20091215,0,7.16,7.45,7.01,7.35,10568866
20091216,0,7.47,7.71,7.33,7.68,8582040
20091217,0,7.46,7.55,7.1,7.18,8473318
20091218,0,7.21,7.43,7.17,7.43,6652757
20091221,0,7.85,7.85,7.45,7.55,6385337
20091222,0,7.58,7.66,7.55,7.6,3764472
20091223,0,7.67,7.71,7.47,7.49,2780170
20091224,0,7.57,7.6,7.51,7.54,1101034
20091228,0,7.54,7.82,7.53,7.81,3510110
20091229,0,7.83,7.88,7.67,7.71,2807436
20091230,0,7.63,7.73,7.59,7.62,2122235
20091231,0,7.58,7.7,7.52,7.63,1906722
20100104,0,7.74,8.14,7.72,7.95,5101211
20100105,0,7.95,8.07,7.89,7.98,3999203
20100106,0,7.99,8,7.4,7.47,10847000
20100107,0,7.49,7.66,7.37,7.49,8674991
20100108,0,7.3,7.32,6.96,7.1,12780081
20100111,0,7.07,7.35,7.05,7.19,9391288
20100112,0,7.37,7.45,6.32,6.34,28023937
20100113,0,6.57,6.58,6.17,6.35,14944647
20100114,0,6.21,6.42,6.2,6.22,8908041
20100115,0,6.28,6.36,6.18,6.31,10230592
20100119,0,6.3,6.57,6.26,6.39,9326101
20100120,0,6.37,6.43,6.21,6.22,5483118
20100121,0,6.21,6.27,5.97,6,11768363
20100122,0,6.07,6.11,5.87,5.88,5403694
20100125,0,5.97,5.99,5.81,5.86,4993728
20100126,0,5.87,5.88,5.75,5.77,6159468
20100127,0,5.7,5.8,5.58,5.69,6119192
20100128,0,5.69,5.72,5.54,5.54,6221213
20100129,0,5.57,5.75,5.52,5.64,5889971
20100201,0,5.64,6,5.64,6,10827432
20100202,0,5.85,5.94,5.7,5.91,6717499
20100203,0,5.87,6.21,5.83,6.09,8192684
20100204,0,5.97,6,5.78,5.82,7464264
20100205,0,5.78,5.9,5.62,5.87,8422648
20100208,0,5.86,5.99,5.78,5.87,4518421
20100209,0,5.94,6.05,5.83,6.04,5583021
20100210,0,6,6.07,5.75,5.77,6337715
20100211,0,5.81,5.95,5.75,5.94,4417593
20100212,0,5.96,6.12,5.86,5.98,5115566
20100216,0,6.05,6.22,6.03,6.19,3635712
20100217,0,6.18,6.28,6.16,6.2,3349501
20100218,0,6.21,6.29,6.17,6.25,2819339
20100219,0,6.2,6.35,6.19,6.31,3422177
20100222,0,6.36,6.39,6.15,6.24,3684200
20100223,0,6.21,6.25,6.07,6.14,4716540
20100224,0,6.19,6.29,6.1,6.24,4725381
20100225,0,6.52,6.76,6.31,6.48,15497634
20100226,0,6.56,6.56,6.14,6.17,10395311
20100301,0,6.24,6.28,5.99,6.04,9854130
20100302,0,6.13,6.27,6.05,6.23,6522626
20100303,0,6.19,6.35,6.17,6.33,6281226
20100304,0,6.35,6.39,6.24,6.37,4107813
20100305,0,6.38,6.46,6.32,6.37,4250358
20100308,0,6.42,6.57,6.37,6.54,4679452
20100309,0,6.53,6.68,6.44,6.59,3354220
20100310,0,6.58,6.7,6.54,6.61,4578896
20100311,0,6.6,6.76,6.48,6.73,4719788
20100312,0,6.77,6.8,6.65,6.69,3280797
20100315,0,6.67,6.71,6.6,6.62,2210527
20100316,0,6.63,6.85,6.62,6.85,2909513
20100317,0,6.78,6.94,6.78,6.9,2584684
20100318,0,6.91,6.96,6.81,6.95,3356185
20100319,0,6.96,7.06,6.88,7.05,7831799
20100322,0,7,7.08,6.92,7.06,3506871
20100323,0,7.1,7.25,7.02,7.21,6274069
20100324,0,7.18,7.25,7.04,7.06,3470281
20100325,0,7.2,7.2,6.9,6.93,3723368
20100326,0,6.99,7.07,6.83,6.92,3729104
20100329,0,6.93,7.06,6.92,6.99,2633496
20100330,0,7,7.14,6.98,7.07,3462698
20100331,0,7.01,7.12,6.98,7.08,4031391
20100401,0,7.1,7.26,7.06,7.21,3113720
20100405,0,7.24,7.4,7.2,7.27,5616762
20100406,0,7.32,7.34,7.18,7.32,4354255
20100407,0,7.36,7.36,7.08,7.15,3944355
20100408,0,7.15,7.42,7.13,7.4,5805797
20100409,0,7.42,7.46,7.32,7.34,4371665
20100412,0,7.5,7.55,7.46,7.51,7216763
20100413,0,7.54,7.7,7.48,7.53,6770190
20100414,0,7.64,7.7,7.49,7.55,6357452
20100415,0,7.55,7.83,7.49,7.71,7845355
20100416,0,7.69,7.71,7.44,7.47,3767727
20100419,0,7.47,7.6,7.33,7.47,4398969
20100420,0,7.52,7.65,7.38,7.59,4196067
20100421,0,7.62,7.72,7.56,7.67,4459894
20100422,0,7.64,7.76,7.59,7.72,3255338
20100423,0,7.68,7.81,7.63,7.81,2890325
20100426,0,7.86,7.99,7.71,7.77,5804023
20100427,0,7.73,7.81,7.55,7.56,4600719
20100428,0,7.63,7.74,7.53,7.55,4967853
20100429,0,7.6,7.8,7.54,7.77,7975793
20100430,0,7.79,7.94,7.6,7.65,4910123
20100503,0,7.73,8.03,7.7,7.96,8262472
20100504,0,7.87,7.94,7.63,7.77,5185133
20100505,0,7.73,8,7.6,7.71,11628355
20100506,0,8.22,9.07,7.6,8.11,28783575
20100507,0,8.18,8.19,7.12,7.17,23058516
20100510,0,7.65,7.87,7.56,7.85,14673939
20100511,0,8.2,8.38,8.05,8.23,16979636
20100512,0,8.34,8.85,8.29,8.74,15432625
20100513,0,8.75,8.9,8.61,8.77,8349013
20100514,0,8.73,8.82,8.62,8.74,7097259
20100517,0,8.95,9.07,8.73,9.02,11667098
20100518,0,9.15,9.27,8.72,8.73,12620844
20100519,0,8.74,8.89,8.56,8.81,7178322
20100520,0,8.51,8.67,8.27,8.56,14821609
20100521,0,8.32,8.63,8.18,8.38,10952188
20100524,0,8.34,8.72,8.32,8.43,7080346
20100525,0,8.27,8.45,8.01,8.42,9126889
20100526,0,8.49,9,8.49,8.77,15512518
20100527,0,8.91,9,8.78,8.98,8605976
20100528,0,8.98,9.13,8.83,9,8784451
20100601,0,8.9,9.25,8.57,8.63,15024006
20100602,0,8.59,8.79,8.37,8.61,11695593
20100603,0,8.69,8.89,8.61,8.84,5531967
20100604,0,8.63,8.91,8.58,8.61,6711384
20100607,0,8.75,8.77,8.26,8.28,7347627
20100608,0,8.32,8.35,8.12,8.29,8100005
20100609,0,8.28,8.5,8.24,8.3,6960385
20100610,0,8.42,8.55,8.36,8.55,3494198
20100611,0,8.35,8.7,8.16,8.65,2673527
20100614,0,8.77,9.02,8.69,8.9,7000415
20100615,0,8.93,9.16,8.93,9.14,6567440
20100616,0,9.03,9.21,8.95,9.08,4932759
20100617,0,9.19,9.26,9.01,9.15,8519708
20100618,0,9.14,9.27,9.03,9.12,5503561
20100621,0,9.21,9.26,8.82,8.95,6758912
20100622,0,9.13,9.14,8.7,8.77,5956752
20100623,0,8.81,9,8.71,8.9,6496023
20100624,0,8.88,8.9,8.56,8.58,5882038
20100625,0,8.66,8.66,8.37,8.42,4944134
20100628,0,8.47,8.59,8.34,8.5,6470419
20100629,0,8.36,8.45,8.17,8.25,10809046
20100630,0,8.28,8.4,8.18,8.2,6831442
20100701,0,8.27,8.55,8.16,8.43,13866475
20100702,0,8.51,8.54,8.26,8.29,6473338
20100706,0,8.38,8.48,8.26,8.33,7808787
20100707,0,8.36,8.67,8.25,8.65,4931519
20100708,0,8.77,9.03,8.71,9.03,6978374
20100709,0,9.01,9.25,9,9.23,5516049
20100712,0,9.18,9.25,9.1,9.22,3942999
20100713,0,9.3,9.6,9.29,9.48,6126932
20100714,0,9.48,9.48,9.26,9.43,4682696
20100715,0,9.48,9.48,9.21,9.32,3933678
20100716,0,9.18,9.33,8.77,8.83,4073121
20100719,0,8.89,8.92,8.69,8.79,2712579
20100720,0,8.65,9.05,8.62,9.04,6108383
20100721,0,9.06,9.18,8.82,8.85,4167464
20100722,0,8.94,9.02,8.85,8.97,3190606
20100723,0,8.94,9.24,8.81,9.14,3096138
20100726,0,9.22,9.3,8.98,9.27,2857371
20100727,0,9.33,9.33,9,9.09,3159611
20100728,0,8.99,9.07,8.76,8.82,3311872
20100729,0,8.86,9.16,8.75,8.88,4031014
20100730,0,8.8,8.98,8.75,8.96,3347954
20100802,0,9.14,9.19,8.88,9.1,4063497
20100803,0,8.99,9,8.73,8.79,5972006
20100804,0,8.74,8.95,8.56,8.8,18621017
20100805,0,9.37,9.59,9.11,9.45,18125438
20100806,0,9.36,9.4,9.04,9.12,8465762
20100809,0,9.065,9.09,8.88,9,6254379
20100810,0,8.88,8.92,8.37,8.46,9659437
20100811,0,8.34,8.68,8.25,8.5,12108023
20100812,0,8.4,8.84,8.27,8.79,7569136
20100813,0,8.765,8.83,8.7,8.78,4272440
20100816,0,8.75,9.08,8.71,8.91,4138446
20100817,0,8.96,9.1,8.91,9.08,4072779
20100818,0,9.05,9.1,8.96,9.05,4004155
20100819,0,9.015,9.06,8.8,8.88,5977025
20100820,0,8.9,8.98,8.75,8.98,4686240
20100823,0,9.03,9.03,8.86,8.9,5816854
20100824,0,8.76,8.99,8.68,8.89,5263290
20100825,0,8.82,9.15,8.8,9.06,5816973
20100826,0,9.11,9.15,8.92,8.96,3311208
20100827,0,8.95,9.09,8.85,9.05,5124563
20100830,0,8.99,9.04,8.89,8.91,3369916
20100831,0,8.76,9.14,8.76,8.94,5586221
20100901,0,9,9.23,8.99,9.22,3610455
20100902,0,9.19,9.4,9.15,9.35,3904430
20100903,0,9.46,9.6,9.35,9.52,3618072
20100907,0,9.44,9.53,9.31,9.45,2112639
20100908,0,9.455,9.65,9.41,9.56,3797923
20100909,0,9.63,9.82,9.49,9.77,5782345
20100910,0,9.73,9.82,9.54,9.72,4318139
20100913,0,9.81,9.92,9.68,9.87,4973288
20100914,0,9.85,9.94,9.73,9.77,5927161
20100915,0,9.77,9.85,9.66,9.73,3102169
20100916,0,9.74,9.75,9.48,9.51,2910350
20100917,0,9.56,9.66,9.32,9.45,4676494
20100920,0,9.54,9.92,9.5,9.87,4503348
20100921,0,9.83,10,9.77,9.87,3610049
20100922,0,9.84,10.15,9.83,10.14,7548423
20100923,0,10,10.11,9.86,9.93,4410749
20100924,0,10.04,10.17,9.98,10.1,4215441
20100927,0,10.1,10.52,10.08,10.39,5355617
20100928,0,10.47,10.49,10.15,10.34,4531357
20100929,0,10.35,10.55,10.26,10.49,3368397
20100930,0,10.61,10.66,10.31,10.45,2877678
20101001,0,10.6,11,10.46,10.93,10639553
20101004,0,10.93,10.98,10.74,10.81,4469154
20101005,0,10.94,11.08,10.87,10.96,4988990
20101006,0,10.98,11.13,10.93,11.07,5198455
20101007,0,11.14,11.24,10.93,10.94,6130888
20101008,0,10.96,11,10.85,10.96,2919179
20101011,0,10.96,11.05,10.77,10.79,4657989
20101012,0,10.76,10.8,10.48,10.76,3718637
20101013,0,10.85,11.11,10.84,11.02,2882344
20101014,0,10.99,11.01,10.38,10.43,10671228
20101015,0,10.545,10.72,10.43,10.65,5865752
20101018,0,10.68,10.86,10.52,10.83,4141496
20101019,0,10.71,10.8,10.45,10.54,4297095
20101020,0,10.58,10.77,10.49,10.7,3139127
20101021,0,10.72,10.79,10.43,10.47,5189652
20101022,0,10.48,10.65,10.48,10.6,3212676
20101025,0,10.72,10.72,10.46,10.53,3219916
20101026,0,10.51,10.61,10.4,10.56,2145033
20101027,0,10.51,10.51,10.26,10.29,4367812
20101028,0,10.33,10.48,10.29,10.33,3126675
20101029,0,10.33,10.44,10.28,10.43,1520595
20101101,0,10.48,10.64,10.36,10.51,2858894
20101102,0,10.6,10.81,10.54,10.79,4717615
20101103,0,10.74,10.85,10.61,10.85,4008425
20101104,0,11.17,11.42,11.14,11.37,9542886
20101105,0,11.47,11.99,11.45,11.72,6675038
20101108,0,11.89,12.31,11.71,12.22,10566640
20101109,0,12.26,12.28,11.9,11.97,8069525
20101110,0,11.95,12.16,11.8,12.1,3694577
20101111,0,12.02,12.27,11.94,12.18,3448336
20101112,0,12.15,12.2,11.95,12.11,3080003
20101115,0,11.94,11.94,11.51,11.74,7835858
20101116,0,11.6,11.6,11.17,11.31,6248086
20101117,0,11.3,12.01,11.3,11.84,5996116
20101118,0,12.03,12.03,11.8,11.9,4497433
20101119,0,11.86,12.21,11.82,12.21,5319541
20101122,0,12.145,12.35,12.04,12.31,6102435
20101123,0,12.24,12.25,12.01,12.08,2510910
20101124,0,12.14,12.29,12.1,12.28,2530503
20101126,0,12.2,12.22,12.09,12.1876,1091655
20101129,0,12.11,12.2,11.92,12.18,2738628
20101130,0,11.98,12.36,11.95,12.16,4424928
20101201,0,12.37,12.41,12.2,12.4,6316798
20101202,0,12.43,12.5,12.3,12.35,3461176
20101203,0,12.3,12.45,12.24,12.36,3188468
20101206,0,12.3,12.46,12.26,12.42,2527003
20101207,0,12.52,12.55,12.2,12.24,3220476
20101208,0,12.28,12.55,12.28,12.53,3604056
20101209,0,12.77,12.93,12.49,12.56,3654451
20101210,0,12.61,12.64,12.47,12.58,1963691
20101213,0,12.67,12.75,12.51,12.51,3093134
20101214,0,12.57,12.61,12.3,12.38,2454995
20101215,0,12.31,12.39,12.1,12.13,2843863
20101216,0,12.19,12.31,11.97,12.28,3617849
20101217,0,12.33,12.37,11.97,12.1,4887770
20101220,0,12.6,12.75,12.4,12.73,5880701
20101221,0,12.82,12.85,12.63,12.72,4288726
20101222,0,12.72,12.75,12.59,12.6,2130866
20101223,0,12.6,12.75,12.52,12.52,2390000
20101227,0,12.45,12.63,12.35,12.62,1507715
20101228,0,12.63,12.71,12.5,12.6,2408228
20101229,0,12.62,12.67,12.43,12.48,2522829
20101230,0,12.55,12.7,12.35,12.66,1967640
20101231,0,12.65,12.7,12.55,12.62,1848445
20110103,0,12.76,13.1,12.67,13.07,6819517
20110104,0,13.28,13.97,13.2,13.92,17848318
20110105,0,13.8,14.4,13.68,14.3,14503370
20110106,0,13.01,13.48,12.94,13.29,13355293
20110107,0,13.13,13.26,12.85,12.96,6440791
20110110,0,12.8,13.23,12.77,13.17,5756065
20110111,0,13.31,13.36,12.9,12.96,6845383
20110112,0,13.06,13.14,12.94,12.95,3280097
20110113,0,13.03,13.24,12.93,12.97,2648416
20110114,0,12.98,13.2,12.94,13.05,3231000
20110118,0,13.08,13.23,12.82,12.84,3286592
20110119,0,12.9,13.01,12.46,12.54,5171488
20110120,0,12.61,12.72,12.42,12.57,3212228
20110121,0,12.72,12.82,12.63,12.73,2978371
20110124,0,12.81,12.89,12.67,12.86,2408991
20110125,0,12.9,13.5,12.86,13.48,7487394
20110126,0,13.55,13.6,13.35,13.57,3563553
20110127,0,13.66,13.67,13.28,13.58,3033030
20110128,0,13.62,13.65,13.11,13.14,3376908
20110131,0,13.21,13.25,12.92,12.93,3811074
20110201,0,13.08,13.16,12.91,13.01,10596425
20110202,0,13.04,13.07,12.84,12.86,2529434
20110203,0,12.8,12.95,12.65,12.9,2035388
20110204,0,12.93,13.07,12.81,12.96,9323272
20110207,0,13.02,13.18,12.86,12.86,4315117
20110208,0,12.92,13,12.68,12.97,4240062
20110209,0,12.92,13.1,12.84,13.03,3361718
20110210,0,13.01,13.04,12.7,12.85,3479092
20110211,0,12.85,13.1,12.77,13.04,3935462
20110214,0,13.09,13.44,13.05,13.32,4218600
20110215,0,13.31,13.51,13.25,13.37,3749156
20110216,0,13.41,13.42,13.22,13.33,2405213
20110217,0,13.27,13.3,13.11,13.11,2638152
20110218,0,13.15,13.69,13.12,13.41,5883416
20110222,0,13.29,13.3,13.02,13.08,4532459
20110223,0,13.06,13.23,12.75,12.76,6315589
20110224,0,13.01,13.56,12.8,13.54,6533483
20110225,0,13.6,14.13,13.55,14.1,7627059
20110228,0,14.11,14.4,14.11,14.4,6371130
20110301,0,14.42,14.45,14.13,14.25,6341089
20110302,0,14.29,14.5,13.97,14.22,5914347
20110303,0,14.37,15.02,14.28,14.92,9653193
20110304,0,15.05,15.07,14.69,14.9,7622810
20110307,0,15.02,15.15,14.77,14.97,5306205
20110308,0,14.96,15.1,14.83,15.05,4984721
20110309,0,15.04,15.2,14.9,15.13,3748441
20110310,0,14.86,15,14.75,14.88,3399208
20110311,0,14.78,15.05,14.72,15.01,3867879
20110314,0,14.92,15.18,14.79,14.92,2487932
20110315,0,14.51,14.96,14.31,14.84,2920371
20110316,0,14.83,14.94,14.35,14.48,4768600
20110317,0,14.8,14.89,14.55,14.81,3099628
20110318,0,15.02,15.27,14.9,14.92,4585008
20110321,0,15.85,15.92,15.54,15.66,8091814
20110322,0,15.77,15.8,15.4,15.49,3518212
20110323,0,15.52,15.55,15.32,15.49,2904013
20110324,0,15.59,15.83,15.46,15.79,5641270
20110325,0,15.8,15.83,15.46,15.54,5006282
20110328,0,15.94,15.96,15.71,15.8,5472974
20110329,0,15.76,15.88,15.62,15.8,2993704
20110330,0,15.94,16.41,15.83,16.34,7291454
20110331,0,16.22,16.4,15.96,16.24,4448421
20110401,0,16.28,16.49,16.16,16.49,4483939
20110404,0,16.59,16.6,16.26,16.33,5162422
20110405,0,16.37,16.66,16.29,16.52,3419300
20110406,0,16.57,16.62,16.3,16.47,3829994
20110407,0,16.44,16.63,16.34,16.55,5799618
20110408,0,16.64,16.68,16.5,16.65,3842550
20110411,0,16.74,17.02,16.69,16.79,6888680
20110412,0,16.71,16.8,16.56,16.75,4028219
20110413,0,16.79,16.92,16.58,16.76,3122611
20110414,0,16.65,16.7,16.36,16.6,4090542
20110415,0,16.61,16.72,16.44,16.49,3779674
20110418,0,16.34,16.36,15.88,16.05,7292877
20110419,0,16.13,16.27,16.05,16.24,4733634
20110420,0,16.51,16.64,16.16,16.6,4565301
20110421,0,16.72,16.99,16.61,16.89,2700358
20110425,0,16.91,16.98,16.7,16.72,2734672
20110426,0,16.81,16.85,16.58,16.67,2696698
20110427,0,16.68,17.09,16.59,17.06,5334841
20110428,0,17.05,17.22,16.77,16.88,4530874
20110429,0,16.9,17.02,16.78,16.84,3926287
20110502,0,16.96,16.98,16.4,16.46,6893267
20110503,0,17.13,18.18,16.81,18.13,20452987
20110504,0,18.19,18.23,17.59,17.85,7256102
20110505,0,17.73,17.99,17.42,17.72,8684931
20110506,0,17.49,17.57,17.17,17.31,6991750
20110509,0,17.36,17.65,17.24,17.59,8796502
20110510,0,17.55,18.3,17.5,18.22,10125833
20110511,0,18.17,18.21,17.73,17.97,6620886
20110512,0,17.81,18.21,17.72,18.1,5212753
20110513,0,18.055,18.1,17.61,17.85,3073407
20110516,0,17.76,17.98,17.67,17.92,4297121
20110517,0,17.79,18.26,17.71,18.08,5986250
20110518,0,18.08,18.74,18.03,18.71,9793448
20110519,0,18.69,18.79,18.14,18.29,4655294
20110520,0,17.79,17.81,17.55,17.73,8272969
20110523,0,17.52,17.73,17.42,17.66,4145759
20110524,0,17.74,17.9,17.52,17.54,4809672
20110525,0,17.55,17.95,17.45,17.86,3771727
20110526,0,17.81,18.34,17.72,18.3,6054845
20110527,0,18.4,18.54,18.03,18.16,3169131
20110531,0,18.36,18.44,17.68,17.88,5055413
20110601,0,17.79,18.52,17.79,18.18,8064133
20110602,0,18.2,18.5,18.05,18.24,5466821
20110603,0,18,18,17.49,17.55,4804697
20110606,0,17.14,17.41,16.94,17.07,5073851
20110607,0,17.19,17.19,16.88,16.91,4366079
20110608,0,16.77,16.93,16.51,16.75,3661383
20110609,0,16.82,16.85,16.44,16.6,5105009
20110610,0,16.59,16.62,16.27,16.31,3525891
20110613,0,16.31,16.44,16.02,16.26,4219218
20110614,0,16.42,16.61,16.34,16.51,2313876
20110615,0,16.35,16.45,15.92,15.93,4843509
20110616,0,15.97,16.01,15.74,15.97,4146449
20110617,0,16.13,16.28,15.93,16.01,2461285
20110620,0,15.99,16.16,15.84,16.09,3556157
20110621,0,16.16,16.62,16.15,16.45,2922770
20110622,0,16.42,16.77,16.38,16.51,3759796
20110623,0,16.31,16.76,16.06,16.75,4532873
20110624,0,16.76,16.79,16.49,16.65,3840946
20110627,0,16.61,16.95,16.39,16.86,3470239
20110628,0,16.89,17.36,16.77,17.2,3781877
20110629,0,17.29,17.45,17.15,17.22,3108930
20110630,0,17.27,17.44,17.18,17.2,3352925
20110701,0,17.18,17.84,17.17,17.76,4349131
20110705,0,17.65,17.7,17.25,17.47,3363800
20110706,0,17.45,17.47,17.23,17.43,3084719
20110707,0,17.64,17.74,17.34,17.36,3130697
20110708,0,17.02,17.41,16.91,17.4,3021962
20110711,0,17.21,17.33,17.14,17.3,5273556
20110712,0,17.18,17.19,16.84,16.94,2772330
20110713,0,17.13,17.37,17.06,17.1,4128060
20110714,0,17.18,17.19,16.63,16.8,3643925
20110715,0,16.9,17.05,16.83,17,2115830
20110718,0,16.9,16.94,16.57,16.81,2399370
20110719,0,16.95,17.24,16.86,17.15,3620329
20110720,0,17.11,17.14,16.79,17.06,2388293
20110721,0,17.15,17.39,17.03,17.14,3383465
20110722,0,17.17,17.26,17.1,17.2,2758331
20110725,0,17.04,17.1,16.8,16.94,1440622
20110726,0,16.9,17.03,16.66,16.88,2457526
20110727,0,16.75,16.82,16.41,16.45,1804072
20110728,0,16.39,16.81,16.24,16.3,4513611
20110729,0,16.11,16.46,15.98,16.28,2393133
20110801,0,16.03,16.26,15.9,16.22,4666639
20110802,0,13.27,13.31,10.19,10.28,62246732
20110803,0,10.74,10.98,9.77,10.25,29164782
20110804,0,10.21,10.24,8.7,9.3,25599574
20110805,0,9.495,9.79,9.2,9.53,12176934
20110808,0,9.045,9.26,8.69,8.92,11945546
20110809,0,9.11,9.33,8.79,9.32,14154133
20110810,0,9.53,9.74,9.29,9.55,14200686
20110811,0,9.59,10.42,9.48,10.26,9092291
20110812,0,10.42,10.56,10.02,10.22,6727533
20110815,0,10.41,11,10.31,11,6608051
20110816,0,10.93,11.11,10.73,11.01,6900888
20110817,0,11.06,11.21,10.99,11.18,5035641
20110818,0,10.85,11.17,10.34,10.48,9449137
20110819,0,10.3,10.64,10.21,10.26,6916223
20110822,0,10.57,10.63,10.03,10.12,5943969
20110823,0,10.23,10.65,10.18,10.58,5590883
20110824,0,10.52,10.81,10.44,10.81,3098528
20110825,0,10.825,10.91,10.4,10.41,4306144
20110826,0,10.3,10.71,10.07,10.66,2493814
20110829,0,10.8,11.15,10.78,11.15,2207674
20110830,0,11.04,11.31,10.99,11.26,2350740
20110831,0,11.34,11.54,11.07,11.15,5182425
20110901,0,11.13,11.39,10.96,10.97,4677083
20110902,0,10.75,10.84,10.23,10.33,5884944
20110906,0,9.93,10.25,9.93,10.15,6550675
20110907,0,10.41,10.74,10.23,10.65,4854416
20110908,0,10.55,10.8,10.46,10.6,3191080
20110909,0,10.41,10.56,10.21,10.49,4907907
20110912,0,10.26,10.48,10.16,10.45,3401635
20110913,0,10.48,10.7,10.34,10.46,5875533
20110914,0,10.58,10.65,10.24,10.4,7791997
20110915,0,10.49,10.56,10.2,10.35,4263061
20110916,0,10.41,10.51,9.98,10.08,6877448
20110919,0,9.91,10.08,9.62,10.01,7895279
20110920,0,10.1,10.3,9.97,10.08,5322251
20110921,0,10.07,10.07,9.27,9.28,5854008
20110922,0,8.91,9.11,8.78,8.94,7092481
20110923,0,8.84,9.26,8.81,9.09,6339480
20110926,0,9.18,9.4,9.02,9.1,6178035
20110927,0,9.3,9.68,9.2,9.4,2752930
20110928,0,9.3,9.46,8.88,8.91,2273142
20110929,0,9.14,9.25,8.85,9.05,3199927
20110930,0,8.89,9.02,8.59,8.73,5867927
20111003,0,8.65,8.93,8.14,8.18,7304965
20111004,0,8.1,8.24,7.86,8.16,8535176
20111005,0,8.24,8.39,7.99,8.28,6897432
20111006,0,8.36,8.6,8.23,8.59,5823456
20111007,0,8.7,8.72,7.75,7.94,5968679
20111010,0,8.11,8.7,8.08,8.54,4506649
20111011,0,8.44,8.58,8.26,8.34,3334635
20111012,0,8.33,8.65,8.33,8.54,3361360
20111013,0,8.52,8.98,8.48,8.93,3402564
20111014,0,9.1,9.23,9.02,9.09,2890911
20111017,0,9.06,9.1,8.83,8.83,1895765
20111018,0,8.86,9.13,8.64,9.05,2612928
20111019,0,9.04,9.1,8.64,8.67,2351072
20111020,0,8.71,9.04,8.43,9.04,4598660
20111021,0,9.17,9.45,9.12,9.2,4842737
20111024,0,9.06,9.42,9.06,9.3,2311067
20111025,0,9.25,9.3,9.02,9.1,2551744
20111026,0,9.33,9.83,9.24,9.69,4965082
20111027,0,10.03,10.03,9.47,9.74,4474426
20111028,0,9.59,9.6,8.9,8.95,8146803
20111031,0,8.89,8.94,8.46,8.5,10531324
20111101,0,7.88,8.08,7.58,7.65,10936890
20111102,0,7.87,8.65,7.87,8.57,9076132
20111103,0,8.67,9.05,8.49,8.98,6156176
20111104,0,8.86,8.98,8.7,8.95,3099600
20111107,0,8.94,9.04,8.79,8.9,2558948
20111108,0,8.92,9.04,8.72,8.75,3204429
20111109,0,8.49,8.71,8.4,8.43,4162878
20111110,0,8.56,8.64,8.48,8.48,3216137
20111111,0,8.64,8.94,8.6,8.84,2516892
20111114,0,8.73,8.92,8.66,8.68,1645323
20111115,0,8.61,8.9,8.59,8.8,2551360
20111116,0,8.57,8.9,8.53,8.62,2785041
20111117,0,8.76,8.82,8.09,8.24,4798339
20111118,0,8.33,8.37,8.06,8.07,2495633
20111121,0,7.91,7.99,7.86,7.96,2379148
20111122,0,7.89,7.96,7.68,7.75,4929534
20111123,0,7.67,7.82,7.57,7.59,2376337
20111125,0,7.6,7.8,7.51,7.6413,1117886
20111128,0,7.82,8.05,7.7,7.93,4299630
20111129,0,7.93,8.01,7.73,7.75,3547047
20111130,0,8.12,8.47,8.05,8.38,4391535
20111201,0,8.33,8.42,8.09,8.28,3136211
20111202,0,8.42,8.54,8.21,8.31,2398746
20111205,0,8.44,8.5,8.21,8.34,2473699
20111206,0,8.84,9.04,8.5,8.99,6664346
20111207,0,8.89,8.94,8.53,8.58,4266871
20111208,0,8.5,8.64,8.24,8.25,3021550
20111209,0,8.33,8.5,8.33,8.47,2058218
20111212,0,8.58,8.64,8.2,8.38,4408202
20111213,0,8.44,8.75,8.41,8.54,4427587
20111214,0,8.49,8.56,8.15,8.2,2928591
20111215,0,8.545,8.72,8.33,8.42,4299358
20111216,0,8.47,8.52,8.23,8.34,2871734
20111219,0,8.34,8.38,7.9,7.94,2594591
20111220,0,8.15,8.35,8.14,8.29,2967949
20111221,0,8.24,8.38,8.15,8.33,1830533
20111222,0,8.34,8.51,8.29,8.42,1280316
20111223,0,8.44,8.52,8.13,8.17,3204535
20111227,0,8.14,8.36,8.08,8.34,1954419
20111228,0,8.33,8.33,7.99,8.04,2690446
20111229,0,8.17,8.27,8.06,8.23,1972763
20111230,0,8.22,8.75,8.19,8.68,5066830
20120103,0,8.91,9.51,8.86,9.41,9200803
20120104,0,9.24,9.35,8.8,8.8,11591211
20120105,0,8.36,8.4,7.86,8.01,13829061
20120106,0,8.1,8.31,8.03,8.04,5136823
20120109,0,8.07,8.22,7.9,8.2,4759870
20120110,0,8.34,8.35,8.22,8.31,2609144
20120111,0,8.2,8.5,8.17,8.43,3813407
20120112,0,8.45,8.6,8.38,8.55,2946702
20120113,0,8.45,8.45,8.3,8.36,2697045
20120117,0,8.5,8.5,8.2,8.39,2953187
20120118,0,8.37,8.7,8.34,8.69,2796541
20120119,0,8.69,8.99,8.66,8.91,4032140
20120120,0,8.92,8.97,8.71,8.72,2563756
20120123,0,8.71,8.77,8.62,8.75,1948607
20120124,0,8.63,8.7,8.44,8.55,2058257
20120125,0,8.54,8.89,8.44,8.83,5569121
20120126,0,8.85,8.99,8.67,8.77,4629457
20120127,0,8.71,8.9,8.65,8.74,4094538
20120130,0,8.63,8.81,8.59,8.79,2073991
20120131,0,8.84,8.87,8.53,8.84,3552847
20120201,0,8.91,9.2,8.84,9.12,6185642
20120202,0,9.14,9.3,9.08,9.23,2833216
20120203,0,9.35,9.65,9.27,9.45,5820290
20120206,0,9.36,9.62,9.29,9.6,3862109
20120207,0,9.55,9.6,9.47,9.53,3489573
20120208,0,9.54,9.68,9.48,9.59,3243399
20120209,0,9.6,9.72,9.54,9.66,2665468
20120210,0,9.54,9.82,9.5,9.81,4258274
20120213,0,9.91,9.99,9.8,9.96,4729738
20120214,0,9.91,10.03,9.84,9.99,6858023
20120215,0,10.03,10.06,9.9,10.03,4692843
20120216,0,10.09,10.4,10.06,10.36,5098719
20120217,0,10.39,10.44,10.23,10.33,4202081
20120221,0,10.34,10.43,10.18,10.31,4168632
20120222,0,10.36,10.47,10.22,10.3,3396631
20120223,0,11.01,11.88,10.88,11.72,14205948
20120224,0,11.87,12.16,11.87,12,11789170
20120227,0,12.09,12.15,11.71,11.83,13198652
20120228,0,11.82,11.87,10.89,11.03,12242396
20120229,0,10.74,10.74,10.06,10.32,13868036
20120301,0,10.3,10.91,10.15,10.87,12967688
20120302,0,10.64,10.74,10.43,10.55,7513078
20120305,0,10.2,10.26,9.85,9.95,7925507
20120306,0,9.75,9.81,9.57,9.66,5665245
20120307,0,9.7,10.17,9.62,9.85,7481850
20120308,0,10.02,10.02,9.78,9.97,4350414
20120309,0,9.99,10.19,9.98,10.16,4329804
20120312,0,10.17,10.21,9.76,9.82,2913846
20120313,0,9.92,10.1,9.87,9.98,3145421
20120314,0,9.97,10.08,9.68,9.77,3428313
20120315,0,9.84,10.13,9.72,9.94,2675760
20120316,0,9.99,10.19,9.87,10.11,2743459
20120319,0,9.99,10.17,9.91,9.99,2289578
20120320,0,9.98,10.02,9.82,9.91,2460760
20120321,0,9.96,9.99,9.8,9.82,2075540
20120322,0,9.75,9.87,9.67,9.74,1514857
20120323,0,9.8,9.8,9.55,9.61,2828565
20120326,0,9.72,9.81,9.63,9.79,3304942
20120327,0,9.78,9.83,9.29,9.32,5566461
20120328,0,9.33,9.58,9.26,9.36,3238400
20120329,0,9.35,9.4,9.06,9.24,5423187
20120330,0,9.32,9.35,8.94,9.02,3949210
20120402,0,9.01,9.16,8.96,9.1,3089401
20120403,0,9.16,9.31,9.04,9.22,3814368
20120404,0,9.09,9.12,8.84,8.94,3212835
20120405,0,8.87,9,8.82,8.86,2093888
20120409,0,8.56,8.63,8.41,8.52,3594285
20120410,0,8.48,8.64,8.28,8.31,2637746
20120411,0,8.41,8.74,8.41,8.58,5329196
20120412,0,8.6,8.74,8.57,8.63,2282540
20120413,0,8.57,8.59,8.38,8.39,2132113
20120416,0,8.49,8.55,8.25,8.27,2318018
20120417,0,8.36,8.54,8.27,8.29,3478298
20120418,0,8.28,8.29,7.95,8,5728920
20120419,0,8,8.26,7.98,8.13,3489420
20120420,0,8.18,8.25,8.04,8.04,3643892
20120423,0,7.96,8.09,7.81,7.94,5911885
20120424,0,7.98,8.03,7.87,7.97,8773706
20120425,0,8.09,8.1,7.85,7.92,6957078
20120426,0,6.81,7.35,6.8,7.06,18355810
20120427,0,7.08,7.09,6.94,7.01,9464606
20120430,0,6.9,7.37,6.85,7.29,9205378
20120501,0,7.24,7.34,7.12,7.15,6384526
20120502,0,7.06,7.12,7,7.05,4096402
20120503,0,7.05,7.05,6.8,6.9,5800334
20120504,0,6.88,6.89,6.63,6.65,7160223
20120507,0,6.63,6.77,6.44,6.68,5481339
20120508,0,6.59,6.6,6.38,6.58,7869815
20120509,0,6.44,8.45,6.32,7.49,35621767
20120510,0,7.6,7.6,7.01,7.06,11173387
20120511,0,7.04,7.27,7,7.08,7661162
20120514,0,6.95,6.96,6.67,6.71,4389651
20120515,0,6.64,6.73,6.36,6.45,4406668
20120516,0,6.47,6.82,6.42,6.53,7746742
20120517,0,6.53,6.64,6.3,6.37,5072558
20120518,0,6.4,6.49,6.28,6.39,4135322
20120521,0,6.39,6.49,6.36,6.4,2469659
20120522,0,6.42,6.66,6.37,6.43,3774015
20120523,0,6.37,6.46,6.27,6.44,4174272
20120524,0,6.39,6.47,6.32,6.43,3790292
20120525,0,6.44,6.61,6.4,6.52,2439564
20120529,0,6.58,6.6,6.51,6.56,2933689
20120530,0,6.51,6.52,6.25,6.33,2908216
20120531,0,6.36,6.53,6.16,6.4,4150160
20120601,0,6.14,6.28,6.1,6.17,3556933
20120604,0,6.19,6.25,6.02,6.09,2714950
20120605,0,6.08,6.26,6.08,6.16,3983085
20120606,0,6.2,6.33,6.18,6.25,3771012
20120607,0,6.3,6.49,6.18,6.24,6472216
20120608,0,6.2,6.28,6.08,6.17,5471366
20120611,0,6.22,6.28,5.97,6,3505609
20120612,0,6.03,6.12,5.99,6.07,6471015
20120613,0,6.03,6.08,5.87,5.9,4634595
20120614,0,5.89,5.9,5.74,5.79,5901192
20120615,0,5.74,5.97,5.73,5.97,3470468
20120618,0,5.92,5.97,5.65,5.78,4873999
20120619,0,5.75,5.95,5.74,5.9,3945926
20120620,0,5.92,6,5.8,5.99,4638102
20120621,0,5.99,6.01,5.87,5.93,6109503
20120622,0,5.98,6,5.9,5.9,3906042
20120625,0,5.82,5.89,5.65,5.81,3098301
20120626,0,5.73,5.8,5.53,5.6,5352237
20120627,0,5.64,5.78,5.62,5.7,11688762
20120628,0,5.62,5.82,5.62,5.7,10374575
20120629,0,5.89,6.2,5.79,6.07,6630649
20120702,0,6.07,6.37,6.07,6.36,5533659
20120703,0,6.35,6.63,6.29,6.5028,4221072
20120705,0,6.54,6.56,6.28,6.43,4426064
20120706,0,6.32,6.46,6.25,6.44,4015224
20120709,0,6.35,6.39,6.23,6.32,3480420
20120710,0,6.35,6.65,6.32,6.49,5336548
20120711,0,6.47,6.65,6.45,6.54,4478125
20120712,0,6.4,6.4,6.14,6.25,4986520
20120713,0,6.24,6.34,6.2,6.28,3711877
20120716,0,6.25,6.42,6.13,6.35,4152382
20120717,0,6.42,6.62,6.38,6.57,4438449
20120718,0,6.55,6.7,6.49,6.55,4309446
20120719,0,6.57,6.65,6.51,6.55,2848544
20120720,0,6.49,6.54,6.38,6.41,3601226
20120723,0,6.27,6.34,6.12,6.25,3998136
20120724,0,6.545,6.7,6.46,6.6,5528605
20120725,0,6.59,6.63,6.27,6.29,7603543
20120726,0,7.22,8.75,7.2,8.6,29293160
20120727,0,8.75,9.16,8.48,9.01,17840238
20120730,0,9.04,9.15,8.6,8.88,8474592
20120731,0,8.91,9.05,8.48,8.79,8244939
20120801,0,8.83,9.02,8.76,8.82,4857560
20120802,0,8.72,8.79,8.52,8.63,4014623
20120803,0,8.76,8.78,8.62,8.64,3739393
20120806,0,8.71,8.83,8.64,8.75,3681386
20120807,0,8.63,8.87,8.54,8.67,6248955
20120808,0,8.62,8.88,8.59,8.72,6451175
20120809,0,8.66,8.93,8.63,8.78,4626967
20120810,0,8.72,9.02,8.69,9.02,6025802
20120813,0,9.01,9.36,8.92,9.08,6460811
20120814,0,9.16,9.21,8.98,9.18,4869679
20120815,0,9.15,9.82,9.12,9.79,7284405
20120816,0,9.78,9.78,9.25,9.52,9035633
20120817,0,9.6,10.13,9.57,10.02,9900992
20120820,0,10,10.17,9.71,9.9,6210142
20120821,0,9.99,10.18,9.99,10.15,5773718
20120822,0,10.04,10.08,9.51,9.69,9235628
20120823,0,9.71,9.84,9.57,9.72,5562953
20120824,0,9.67,9.89,9.53,9.81,4620148
20120827,0,9.85,9.86,9.68,9.74,4619033
20120828,0,9.69,9.86,9.65,9.68,9944103
20120829,0,9.7,9.79,9.58,9.74,3245491
20120830,0,9.69,9.72,9.55,9.65,3717225
20120831,0,9.72,9.83,9.6,9.74,3629405
20120904,0,9.7,9.97,9.65,9.87,3157026
20120905,0,9.87,9.95,9.78,9.84,11289831
20120906,0,9.95,10.26,9.9,10.05,7988077
20120907,0,9.82,10.19,9.68,9.97,9917414
20120910,0,9.86,10.1,9.77,9.77,4129979
20120911,0,9.82,10.1,9.77,10.07,6333269
20120912,0,10.12,10.44,10.09,10.3,6494018
20120913,0,10.17,10.55,10.12,10.44,5446332
20120914,0,10.52,10.8,10.52,10.63,7350785
20120917,0,10.62,10.69,10.5,10.66,5259873
20120918,0,10.56,10.73,10.36,10.72,4284544
20120919,0,10.68,11.37,10.68,11.3,16503842
20120920,0,11.15,11.47,10.82,11.19,14433867
20120921,0,11.58,12.48,11.37,11.66,17934506
20120924,0,11.55,11.92,11.4,11.77,8910555
20120925,0,11.82,11.84,11.52,11.56,10283366
20120926,0,11.51,11.56,11.08,11.23,12540462
20120927,0,11.35,12.35,11.33,11.89,13799840
20120928,0,11.94,11.95,11.7,11.73,10311219
20121001,0,11.755,11.83,11.45,11.5,9969629
20121002,0,11.61,14.51,11.48,13.58,38194947
20121003,0,13.11,13.25,12,12.25,45827763
20121004,0,12.05,12.81,10.96,12.66,80719700
20121005,0,12.73,13.19,12.61,12.68,34078010
20121008,0,12.66,12.99,12.41,12.55,23619039
20121009,0,12.59,12.61,12.44,12.49,9802213
20121010,0,12.33,12.5,11.35,12.02,24259129
20121011,0,11,12.51,10.92,11.67,53296886
20121012,0,11.76,11.91,11.5,11.87,9163507
20121015,0,11.73,11.8,11.22,11.34,21999114
20121016,0,11.35,11.63,10.97,11.05,18976223
20121017,0,11.06,11.14,10.8,10.95,16067252
20121018,0,10.96,11.38,10.85,11.18,18243885
20121019,0,11.15,11.25,10.97,10.98,10471805
20121022,0,10.99,11.13,10.94,11.11,7285719
20121023,0,10.95,11.1,10.69,10.82,9375646
20121024,0,10.72,10.98,10.69,10.79,3814549
20121025,0,10.86,10.86,10.67,10.72,6195490
20121026,0,10.68,10.77,10.53,10.6,2972606
20121031,0,10.61,10.61,10.05,10.22,9417947
20121101,0,10.2,10.42,10.17,10.4,7191894
20121102,0,10.39,10.47,10.16,10.19,3532788
20121105,0,10.15,10.27,9.98,10.07,4767724
20121106,0,10.12,10.29,10.07,10.18,4144165
20121107,0,10.06,10.13,9.82,9.84,5331982
20121108,0,10.11,10.24,9.94,10,6028607
20121109,0,9.85,10.28,9.8,10.15,4143947
20121112,0,10.18,10.19,9.96,10.05,2634552
20121113,0,9.94,10.37,9.92,10.17,7834938
20121114,0,10.19,10.35,10.1,10.16,4687962
20121115,0,10.17,10.45,10.04,10.42,6300318
20121116,0,10.435,10.86,10.33,10.76,11055092
20121119,0,11.36,11.4,10.75,10.98,22089291
20121120,0,10.97,11,10.52,10.53,8130747
20121121,0,10.54,10.61,10.41,10.56,4454131
20121123,0,10.63,10.72,10.6,10.67,1267616
20121126,0,10.58,10.67,10.42,10.51,3195644
20121127,0,10.52,10.68,10.5,10.51,2349802
20121128,0,10.48,10.51,10.29,10.42,4922260
20121129,0,10.44,10.48,10.12,10.15,7618051
20121130,0,10.16,10.71,10.16,10.64,16835670
20121203,0,10.68,10.9,10.59,10.77,4396174
20121204,0,10.02,10.12,9.9,9.97,14138337
20121205,0,9.96,10.21,9.9,10.07,9591030
20121206,0,10.2,10.36,10.11,10.36,7526593
20121207,0,10.45,10.7,10.39,10.5,7784744
20121210,0,10.51,10.52,10.18,10.22,7848720
20121211,0,10.22,10.28,9.94,10.12,12217371
20121212,0,10.18,10.22,9.86,9.93,10038450
20121213,0,9.91,10.16,9.79,9.96,7963845
20121214,0,9.95,10.2,9.94,10.05,3434422
20121217,0,10.08,10.11,9.77,10.01,4422649
20121218,0,9.98,10,9.81,9.95,7960020
20121219,0,9.97,10.03,9.9,9.98,4998413
20121220,0,9.99,10.09,9.9,9.97,4970198
20121221,0,9.92,9.93,9.77,9.89,5696498
20121224,0,9.63,9.92,9.63,9.79,2329167
20121226,0,9.83,9.91,9.72,9.86,2942066
20121227,0,9.83,9.91,9.79,9.91,3804994
20121228,0,9.83,9.88,9.76,9.84,2252665
20121231,0,9.79,9.96,9.78,9.94,3797670
20130102,0,10,10,9.64,9.69,9143157
20130103,0,9.72,9.73,9.53,9.63,8042733
20130104,0,9.63,9.78,9.55,9.75,6306645
20130107,0,9.57,9.6,9.41,9.54,5520777
20130108,0,9.51,9.52,9.14,9.3,8182319
20130109,0,9.37,9.59,9.35,9.38,18319408
20130110,0,9.46,9.84,9.44,9.7,14006761
20130111,0,9.72,9.86,9.53,9.55,7564624
20130114,0,9.8,9.8,9.49,9.51,7618941
20130115,0,9.44,9.59,9.28,9.59,5904051
20130116,0,9.51,9.52,9.27,9.32,3796043
20130117,0,9.37,9.48,9.31,9.41,6999493
20130118,0,9.37,9.5,9.35,9.37,2693674
20130122,0,9.41,9.49,9.29,9.42,3549821
20130123,0,9.42,9.57,9.42,9.53,3119125
20130124,0,9.54,10.08,9.5,9.71,12066966
20130125,0,9.75,9.8,9.62,9.72,2919150
20130128,0,9.71,9.82,9.58,9.78,4172957
20130129,0,9.81,9.81,9.69,9.77,2505530
20130130,0,9.79,10.07,9.77,9.9,10910428
20130131,0,9.87,10.1,9.84,10.05,5984265
20130201,0,10.09,10.1,9.85,9.87,4780603
20130204,0,9.82,10,9.8,9.9,6249893
20130205,0,9.95,10,9.76,9.78,2707582
20130206,0,9.75,9.85,9.7,9.71,3592674
20130207,0,9.68,9.78,9.6,9.77,4924177
20130208,0,9.84,10,9.84,9.88,2957621
20130211,0,9.91,10.23,9.86,10.09,6406314
20130212,0,10.1,10.19,10.05,10.14,3993824
20130213,0,10.16,10.3,10.12,10.29,3497816
20130214,0,10.24,10.31,10.21,10.24,3034048
20130215,0,10.35,10.46,10.28,10.32,6672195
20130219,0,10.39,10.39,10.2,10.23,5846090
20130220,0,10.3,10.42,10.03,10.08,4833488
20130221,0,10.03,10.12,9.91,10.07,3183530
20130222,0,10.1,10.15,9.95,9.96,7575237
20130225,0,10.02,10.09,9.75,9.78,5560693
20130226,0,9.62,9.85,9.62,9.66,5706076
20130227,0,9.65,9.99,9.65,9.91,4472178
20130228,0,9.89,9.91,9.8,9.8,2006587
20130301,0,9.82,9.91,9.73,9.82,4483579
20130304,0,9.86,10.17,9.7,10.12,5462685
20130305,0,10.22,10.32,10.1,10.3,4250242
20130306,0,10.33,10.42,10.23,10.35,7499736
20130307,0,10.41,10.67,10.23,10.59,10062586
20130308,0,10.64,10.87,10.56,10.79,13078610
20130311,0,10.79,10.81,10.45,10.48,5110306
20130312,0,10.47,10.5,10.2,10.25,6853591
20130313,0,10.24,10.27,10.04,10.09,6721667
20130314,0,10.12,10.33,10.07,10.26,6184089
20130315,0,10.26,10.57,10.23,10.37,8624691
20130318,0,10.24,10.4,10.22,10.26,3351530
20130319,0,10.25,10.52,10.21,10.46,5167648
20130320,0,10.39,10.67,10.39,10.58,5274701
20130321,0,10.53,10.67,10.47,10.49,4781474
20130322,0,10.54,10.64,10.42,10.54,3382361
20130325,0,10.54,10.63,10.43,10.62,3623267
20130326,0,10.62,10.65,10.47,10.65,3527724
20130327,0,10.66,10.67,10.47,10.51,3255612
20130328,0,10.77,11.04,10.7,10.9,17538316
20130401,0,10.93,11.05,10.83,11.02,5002240
20130402,0,11.09,11.17,10.89,11,7657817
20130403,0,11.03,11.07,10.91,10.97,5253297
20130404,0,11.13,11.39,10.95,11.14,16516339
20130405,0,11.02,11.32,10.98,11.25,7122966
20130408,0,11.22,11.26,11.08,11.25,4016515
20130409,0,11.27,11.29,11.1,11.18,6805101
20130410,0,11.24,11.8,11.23,11.57,19783979
20130411,0,11.47,11.58,11.26,11.3,34474211
20130412,0,11.3,11.67,10.88,11.55,34999802
20130415,0,11.09,11.3,10.91,11.05,16158885
20130416,0,11.11,11.31,11.05,11.07,16278388
20130417,0,11.1,11.2,10.88,11.06,13580225
20130418,0,11.05,11.28,11.03,11.19,8121446
20130419,0,11.27,11.27,11.08,11.13,5772758
20130422,0,11.14,11.43,11.11,11.41,8153268
20130423,0,11.42,11.71,11.33,11.71,11200562
20130424,0,11.71,11.79,11.54,11.79,19025208
20130425,0,11.86,12.06,11.69,11.94,22677465
20130426,0,11.94,11.95,11.72,11.9,10205646
20130429,0,11.85,11.99,11.8,11.96,12679625
20130430,0,11.9,11.99,11.55,11.95,32045134
