20070301,0,44.9205,45.5755,44.4525,45.4469,1644293.687
20070302,0,45.5054,45.634,44.1601,44.3238,1160793.1335
20070305,0,44.0665,44.0665,42.031,42.0895,843389.609
20070306,0,43.1073,43.4933,42.4171,42.5808,1900062.8135
20070307,0,42.6978,43.6337,42.6393,43.1073,2033675.4965
20070308,0,43.6922,43.8091,42.8382,42.9669,2282007.069
20070309,0,43.2242,43.3997,42.9201,42.9903,1483667.6145
20070312,0,42.9318,43.2827,42.6393,43.2827,1062914.2145
20070313,0,42.7563,43.1073,42.3469,42.6393,2041454.1095
20070314,0,42.7563,43.0488,42.148,42.6744,1812013.909
20070315,0,42.6276,43.1657,42.5808,43.002,2965886.6425
20070316,0,43.119,44.3472,43.0605,44.0431,2028374.867
20070319,0,44.9789,44.9789,44.1133,44.394,1035131.299
20070320,0,44.745,45.1076,44.2771,44.8035,966572.699500001
20070321,0,44.8503,45.0842,44.6163,44.862,787397.063500001
20070322,0,44.8035,44.862,44.1952,44.511,453922.1195
20070323,0,44.511,45.482,44.4642,44.6631,434004.4085
20070326,0,44.628,44.628,43.8091,44.1601,653614.026
20070327,0,44.1016,44.1484,43.4699,43.8091,388526.6345
20070328,0,43.774,43.8208,42.7563,43.4699,465890.2975
20070329,0,43.8676,43.9495,43.0371,43.3529,436312.613
20070330,0,43.2827,44.2654,43.2827,43.8325,498288.8215
20070402,0,43.7506,43.8325,43.1657,43.271,350913.556
20070403,0,43.3997,43.6571,43.3646,43.5752,585055.5855
20070404,0,43.5401,43.5518,42.9318,43.3529,534619.7565
20070405,0,43.2242,43.6922,43.1657,43.2827,481704.746
20070409,0,43.4465,43.5401,42.8733,43.2359,248930.686
20070410,0,43.2827,43.8676,42.9552,43.6571,314411.8115
20070411,0,43.8442,44.8503,43.8442,44.4993,957767.894000001
20070412,0,44.6865,45.2831,44.4525,45.2246,610615.457500001
20070413,0,45.3299,45.9967,44.8035,45.9265,685243.287500001
20070416,0,45.9733,46.2072,45.8329,46.102,654554.261000001
20070417,0,46.0318,46.2423,45.1778,45.3299,407418.9475
20070418,0,45.0374,45.7159,44.9205,45.3416,414343.156000001
20070419,0,45.3884,45.3884,45.1076,45.1193,609248.0425
20070420,0,45.2129,45.2948,44.9789,45.0257,628481.776500003
20070423,0,44.9205,44.9205,44.1016,44.3005,405025.4115
20070424,0,44.3005,44.3355,43.5518,43.6688,648655.936
20070425,0,43.8091,43.9027,43.3295,43.4699,868180.043500002
20070426,0,43.3997,43.4348,42.5691,43.1423,1538036.3625
20070427,0,42.8616,43.2242,42.5808,42.7446,481448.479
20070430,0,42.6978,43.2593,42.2416,43.1073,681994.977
20070501,0,43.0722,43.0839,42.2299,42.4522,963564
20070502,0,43.3412,43.9846,42.8733,43.2827,2938606
20070503,0,43.2827,45.0023,43.2827,44.242,1935794.857
20070504,0,44.4525,44.7801,44.1016,44.1718,708238.615500001
20070507,0,44.2186,44.7801,43.891,44.4408,449220.7665
20070508,0,44.3355,44.3589,43.5869,43.6571,646604.256000001
20070509,0,43.8091,43.8676,43.0137,43.2359,397930.065
20070510,0,43.2476,43.622,42.9084,43.0956,892970.305500002
20070511,0,43.2242,43.9261,42.8967,43.3529,704819.309000001
20070514,0,43.4114,43.6103,42.7797,42.9084,611897.702000001
20070515,0,43.0488,43.4699,42.8031,43.1657,782951.993500001
20070516,0,43.6454,44.394,43.6337,43.9846,795176.230000001
20070517,0,44.0431,44.1484,43.774,44.0665,424002.888
20070518,0,44.1601,44.4525,43.8442,44.3589,540774.514
20070521,0,45.4469,45.4469,44.5695,44.8503,752092.0945
20070522,0,45.0374,45.2129,44.7918,45.1193,633952.7665
20070523,0,45.1778,45.1778,44.628,44.9789,1269700.102
20070524,0,44.9321,45.1544,44.628,44.7216,1330547.845
20070525,0,44.8737,45.2714,44.7216,45.0374,708836.928000001
20070529,0,45.0257,46.3593,45.0257,45.4235,1778845.8995
20070530,0,45.2714,45.6808,44.7684,45.482,652075.3965
20070531,0,45.6223,45.7627,44.7801,44.8386,410667.233
20070601,0,44.6865,45.5989,44.6397,45.2714,377584.756
20070604,0,45.2597,45.2597,44.6631,44.9555,382200.9755
20070605,0,44.9205,44.9438,44.2771,44.7333,754143.7885
20070606,0,44.3355,44.7099,44.3005,44.6631,623352.51
20070607,0,44.4525,44.4993,43.9261,44.0431,517009.95
20070608,0,44.0782,44.6982,43.9261,44.6397,788252.076000001
20070611,0,44.4525,44.8152,44.4525,44.7216,365018.6645
20070612,0,44.6514,44.7099,43.7389,43.9846,1199688.612
20070613,0,44.1484,44.5461,44.0431,44.4408,1386557.7605
20070614,0,44.4642,44.8035,44.1133,44.6397,1473324.3635
20070615,0,44.7801,45.248,44.7801,45.1544,1105057.4445
20070618,0,45.4469,45.8797,45.1661,45.6808,988969.574
20070619,0,45.3884,46.2189,45.3299,45.7861,664812.7075
20070620,0,46.7336,46.8272,45.9499,45.9616,2249779.5025
20070621,0,45.9733,46.4295,44.5578,46.2189,1264400.218
20070622,0,46.4412,46.4412,45.6925,46.0903,1575563.637
20070625,0,45.8563,46.254,45.6691,46.102,1437079.149
20070626,0,46.2072,46.2072,45.9382,46.1136,2183187.206
20070627,0,46.1604,46.4178,45.9967,46.3476,919727.232
20070628,0,46.3359,46.3827,46.0786,46.3008,1174129.201
20070629,0,46.2657,46.4178,45.6457,45.751,937080.177000001
20070702,0,45.8329,46.9325,45.7042,46.4997,703622.4755
20070703,0,46.7921,46.874,46.5816,46.7921,768846.756500001
20070705,0,47.108,47.3185,46.6752,46.9208,739868.0175
20070706,0,46.9091,47.225,46.5933,47.108,375704.111500001
20070709,0,47.2133,47.2367,46.7103,46.7804,337663.6285
20070710,0,46.7921,46.9091,46.371,46.6401,819624.921500001
20070711,0,46.4646,46.7687,46.3359,46.4997,628481.807000001
20070712,0,46.6752,46.9208,46.4646,46.7336,948877.198500001
20070713,0,46.7921,46.9676,46.5816,46.9442,736961.5375
20070716,0,47.1665,47.1899,46.6284,46.8506,611299.2615
20070717,0,46.7804,47.4706,46.7219,47.2718,1083258.9365
20070718,0,47.2601,48.1491,47.1548,48.0789,1217643.256
20070719,0,48.2544,49.1434,48.0789,48.734,1216358.1755
20070720,0,48.7457,48.8276,48.1023,48.5936,1692934.244
20070723,0,48.7223,49.2604,48.3948,48.968,977685.6465
20070724,0,48.7808,48.9797,48.3129,48.5468,1798422.1425
20070725,0,48.7808,48.7808,48.1374,48.3129,2106764.557
20070726,0,47.9853,48.4883,44.1016,46.2774,3956733.1415
20070727,0,46.3827,46.3827,45.4469,45.7393,1318768.4485
20070730,0,45.6457,45.6457,44.3005,44.4408,3159013.78
20070731,0,44.745,45.4469,44.4291,44.4291,1620434
20070801,0,42.4054,43.2593,42.265,43.0254,3376252
20070802,0,43.3997,43.6454,42.3352,42.7914,1493498.796
20070803,0,42.8616,42.8967,41.762,41.8088,2000848.9995
20070806,0,41.8088,42.5691,40.2763,41.879,2488537.8255
20070807,0,42.1129,42.1597,40.6507,41.0016,1966313.6055
20070808,0,41.0016,41.9842,40.0307,40.8378,1378350.83
20070809,0,40.6156,40.6741,38.9194,39.8903,1541290.8745
20070810,0,39.282,40.9431,38.1824,40.5337,2545042.6295
20070813,0,41.0016,42.7914,40.8027,41.3525,1449730.7245
20070814,0,41.528,41.7152,40.639,41.3175,895877.315000001
20070815,0,41.4929,41.8088,39.9371,40.1243,1471272.832
20070816,0,40.3114,40.4167,39.0129,39.902,1413656.4025
20070817,0,40.1243,40.5922,39.2937,39.399,860486.478
20070820,0,39.7733,40.171,39.2703,39.4107,1178488.574
20070821,0,39.3639,39.5861,38.276,38.6269,1551601.9325
20070822,0,38.9895,39.5978,38.7322,39.5745,1071975.0415
20070823,0,39.8669,40.8261,39.8552,40.4752,1283805.5415
20070824,0,40.3933,41.2707,40.0658,41.2239,290903.599
20070827,0,41.2941,41.4695,41.0133,41.3993,762050.359
20070828,0,41.1771,41.3876,40.6858,40.756,889722.101
20070829,0,41.1771,42.3586,40.8963,42.265,907417.693000001
20070830,0,42.4639,42.534,41.7386,42.4522,1361767.4075
20070831,0,42.9903,43.154,42.5224,43.0254,1358604.1715
20070904,0,42.6627,43.3529,42.6042,42.8031,452725.6425
20070905,0,42.6978,42.6978,41.3058,41.7386,496664.604
20070906,0,41.3175,42.1831,41.0016,42.1012,527610.058
20070907,0,41.528,41.8673,41.1771,41.259,412889.831
20070910,0,41.3175,41.3525,40.8846,40.9665,288082.5145
20070911,0,41.1771,41.7035,40.7443,41.528,381517.136
20070912,0,41.645,41.7971,40.019,40.2178,657033.495
20070913,0,40.3582,40.9548,40.3582,40.6273,1000766.427
20070914,0,40.3582,40.6858,40.2646,40.5454,305435.9875
20070917,0,40.5337,40.5922,39.6095,39.9137,664983.6565
20070918,0,39.7382,40.1243,39.4224,40.0424,551032.8075
20070919,0,40.0073,40.4284,39.0129,39.0831,1068299.0875
20070920,0,39.2703,39.3171,37.3869,37.7262,2321928.6735
20070921,0,37.7846,37.808,36.4277,36.8839,2141898.344
20070924,0,37.1062,37.3518,36.802,37.0945,1255339.09
20070925,0,36.8371,37.6092,35.9949,37.5741,1837915.5815
20070926,0,37.7379,38.779,37.6677,38.5801,1079925.1435
20070927,0,38.5567,38.6035,37.9718,38.0537,686781.9945
20070928,0,38.1941,38.5801,38.1122,38.276,819197.3005
20071001,0,38.3695,38.5801,37.3167,38.2526,694304.683
20071002,0,38.2292,38.7556,38.0888,38.7322,681054.583000001
20071003,0,38.6035,38.9778,38.5333,38.8258,854416.809500001
20071004,0,38.8492,39.2469,38.5684,39.0948,566163.536
20071005,0,39.4224,39.4692,38.4982,38.8375,567189.3695
20071008,0,38.9662,39.0948,38.545,38.6737,240296.793
20071009,0,38.6386,38.9545,38.4631,38.7556,427336.685
20071010,0,38.1941,38.9077,38.1941,38.8375,477516.0785
20071011,0,38.779,38.9662,38.2877,38.4046,790389.189000001
20071012,0,38.6152,38.7088,38.4163,38.6152,348434.512000001
20071015,0,38.6035,38.8375,38.4046,38.8375,576934.4825
20071016,0,38.7205,38.8375,38.6269,38.7907,457854.826
20071017,0,38.8726,38.9662,38.6503,38.9428,466830.5325
20071018,0,38.9194,39.1182,38.6035,38.6035,426567.37
20071019,0,38.6035,38.6035,38.1239,38.159,1556501.055
20071022,0,38.0771,38.3579,37.9835,38.1005,934174.102500001
20071023,0,38.0771,38.2994,37.0126,37.3518,1403227.2085
20071024,0,37.2699,37.4103,36.3575,37.3401,816974.913500001
20071025,0,37.1997,37.1997,34.2167,34.3688,3414933.068
20071026,0,34.9771,35.1058,34.0062,34.673,1776709.2685
20071029,0,34.7432,35.0122,33.1639,33.3979,1982384.608
20071030,0,33.3979,33.7371,33.1639,33.2926,2606848.0455
20071031,0,33.5149,33.7605,32.2281,33.4564,2339110.975
20071101,0,33.3394,33.3745,32.1696,32.3451,1242088.948
20071102,0,32.5322,32.6609,30.836,31.7602,1617622.372
20071105,0,31.4677,32.2983,31.4677,32.076,969658.622
20071106,0,31.9824,32.7779,31.959,32.2281,1112632
20071107,0,31.6666,32.8013,30.7658,30.8711,1789163
20071108,0,31.1168,31.1753,29.4323,30.2862,2718678.93
20071109,0,29.83,29.9704,29.5141,29.5492,1047098.889
20071112,0,29.7598,29.7598,28.8006,28.8941,888757.702900001
20071113,0,28.9526,29.9587,28.7538,29.8534,1542511.31
20071114,0,30.3096,30.4149,29.4673,29.5726,673798.625500001
20071115,0,29.5024,30.0172,29.479,29.7598,744581.406
20071116,0,30.0639,30.1926,29.2919,30.0406,647672.8665
20071119,0,30.0055,30.0055,29.4089,29.5258,493416.2975
20071120,0,29.596,29.6545,28.6368,29.1281,1175288.7005
20071121,0,29.0462,29.3036,28.3326,29.1749,1860796.612
20071123,0,29.3153,29.3153,27.8296,28.8474,656431.362
20071126,0,28.8941,28.9877,28.4847,28.5549,849480.314
20071127,0,28.59,28.8707,27.6074,28.1455,2216483.191
20071128,0,28.2741,30.1575,28.1923,29.7832,1924298.0135
20071129,0,29.8651,31.07,29.5375,30.2277,1076770.6865
20071130,0,30.5904,30.7892,29.9821,30.4851,1343720.167
20071203,0,30.6956,32.1813,30.3798,31.339,1769929.906
20071204,0,31.456,31.7602,30.8477,31.69,1802473.796
20071205,0,30.6722,30.9998,29.6077,30.2394,3584718.6435
20071206,0,30.4149,30.7658,30.1926,30.3798,1749781.1685
20071207,0,30.6839,31.0817,30.216,30.4617,1877666.606
20071210,0,30.836,31.1168,30.5085,30.8243,496835.601
20071211,0,30.8594,30.9647,30.2862,30.4734,1429742.213
20071212,0,30.9647,31.1402,30.7073,31.0817,1829704.8925
20071213,0,30.9179,31.1051,30.333,30.9998,1337947.8
20071214,0,30.6839,30.9764,30.5085,30.719,965888.749500001
20071217,0,30.6255,30.6956,30.1575,30.216,588842.478
20071218,0,30.1341,30.4968,29.9353,30.1809,801319.908000001
20071219,0,30.1809,30.7775,29.7832,30.1107,2817653.0445
20071220,0,30.2277,30.6021,29.713,30.1809,2177545.656
20071221,0,30.2745,31.1519,30.2745,31.0583,1188746.7065
20071224,0,31.0349,32.0643,30.8828,31.5145,634209.18
20071226,0,31.5613,32.2398,31.5613,31.7485,542896.3265
20071227,0,31.7017,32.3217,31.69,31.959,576507.1715
20071228,0,32.0994,32.1813,31.7017,32.0058,422234.168
20071231,0,32.0058,32.4269,31.8303,32.2749,643697.853
20080102,0,32.2866,32.3685,31.5379,32.1579,1204070.74
20080103,0,32.0292,32.1345,30.8009,31.3039,919727.291000001
20080104,0,31.0232,31.2688,29.21,29.327,952040.228
20080107,0,29.3621,29.6077,29.0462,29.2451,1132241.527
20080108,0,29.2685,29.6194,28.1923,28.4847,1321589.451
20080109,0,28.5081,28.7187,27.2798,28.3092,1351194.532
20080110,0,28.1455,28.356,27.9115,28.1923,952997.732500002
20080111,0,27.853,28.3092,27.7477,28.2508,512932.3265
20080114,0,28.5549,29.1632,27.9583,29.1047,1224864.60444
20080115,0,29.0462,29.7832,28.6485,29.1749,1421008.1985
20080116,0,29.0111,30.6722,28.6602,30.0406,982387.156000001
20080117,0,30.0289,30.2745,29.5141,29.9236,935048.622
20080118,0,30.0289,30.3798,29.0462,29.7013,838840.9095
20080122,0,29.1398,29.713,28.2274,29.1281,1177381.2835
20080123,0,28.3092,29.0345,27.3968,28.8357,1693572.909
20080124,0,29.3621,29.6896,28.6485,29.1866,1034718.2405
20080125,0,29.3855,29.7832,28.7538,29.1983,842670.697000001
20080128,0,29.3153,29.3153,28.0051,29.1047,894680.227
20080129,0,29.327,29.5141,29.1047,29.2568,1066630.631
20080130,0,29.2451,29.2451,28.6602,28.8357,1128736.6725
20080131,0,28.4262,29.4673,27.7594,29.3621,791521.999500001
20080201,0,29.3504,30.2979,29.1632,30.0172,1267050.4105
20080204,0,30.4032,30.4383,29.4206,29.6896,681999.2085
20080205,0,29.2685,29.479,28.0519,28.3911,1026201
20080206,0,28.9643,28.976,25.6772,27.6074,3042762
20080207,0,27.7243,28.7655,27.5138,28.4613,1525640.865
20080208,0,28.4613,28.4613,27.7945,28.1923,701912.874500001
20080211,0,28.3209,28.7889,28.0753,28.5783,1172239.8175
20080212,0,29.0228,30.3096,28.6134,29.0228,2166482.2685
20080213,0,29.2802,29.444,28.2624,28.6953,1357327.773
20080214,0,28.9877,29.9587,28.9877,29.5258,1958107.128
20080215,0,29.3621,31.7134,29.0696,31.3624,1396666.1805
20080219,0,31.7134,31.7134,30.953,31.0817,788975.321500001
20080220,0,30.9413,31.5496,30.7307,31.1402,438193.1865
20080221,0,31.1402,31.339,30.3447,30.5787,488287.1465
20080222,0,30.567,31.9707,30.3564,31.807,649933.043
20080225,0,31.8771,32.0643,31.339,32.0409,319797.2565
20080226,0,31.8771,32.4152,31.4443,32.1813,1014678.955
20080227,0,32.0877,32.8247,31.7251,32.7545,450503.0355
20080228,0,32.2866,32.8949,32.2866,32.579,500169.4165
20080229,0,32.2281,32.4971,31.6432,31.9239,789790.914000001
20080303,0,31.9356,32.2398,31.6432,32.1228,490595.2365
20080304,0,31.8303,32.3217,31.8187,32.2515,526584.1955
20080305,0,32.2047,32.5556,32.1228,32.3919,496879.999
20080306,0,32.5205,32.813,32.0877,32.1111,909893.137500001
20080307,0,32.0877,32.0877,31.0349,31.2104,360145.9265
20080310,0,31.1519,31.5379,30.3681,30.4149,512068.9555
20080311,0,30.8828,31.0466,29.8885,30.4032,679686.954
20080312,0,30.3564,30.4734,29.9002,30.2511,381944.473
20080313,0,29.9704,30.2394,29.1749,30.0522,562048.275
20080314,0,30.1224,30.2394,28.9409,29.7247,513248.560500001
20080317,0,29.2451,30.0172,29.0111,29.7481,444006.2295
20080318,0,30.0289,30.1926,29.4089,30.0522,705845.011
20080319,0,30.0639,30.4968,29.7364,29.83,954775.612500001
20080320,0,29.7832,30.0873,29.2334,29.83,847321.8915
20080324,0,30.1107,30.8477,29.9938,30.5202,752812.7445
20080325,0,30.6138,30.9998,29.83,30.6605,555648.9715
20080326,0,31.2922,31.2922,29.2802,29.9587,821077.746
20080327,0,29.947,30.6138,29.7598,29.9704,519440.214
20080328,0,30.0289,30.6956,28.9175,29.1749,772882.784500001
20080331,0,29.1632,29.5024,28.473,29.21,803468.230500001
20080401,0,29.713,30.7892,29.6077,30.6138,1125332.8965
20080402,0,30.5319,33.2458,30.5319,32.579,2843898.927
20080403,0,32.5907,32.7545,31.4677,31.7836,941867.6895
20080404,0,31.9473,32.4854,31.187,31.9473,1100099.377
20080407,0,32.2632,32.2632,30.4032,31.5262,663683.26272
20080408,0,31.3039,31.7953,31.07,31.6081,477011.7395
20080409,0,31.5847,31.9356,30.6372,30.7307,778241.006000001
20080410,0,30.8477,31.0115,30.3798,30.836,1507517.845
20080411,0,30.8594,31.4092,30.7424,30.9998,1494692.156
20080414,0,30.8828,31.2805,30.6722,30.8828,524677.0175
20080415,0,30.9647,31.0232,30.5904,30.8711,522429.791
20080416,0,31.2338,31.3156,30.6255,30.7775,893475.054500001
20080417,0,30.5319,31.4794,30.4149,31.339,776733.201000001
20080418,0,31.9005,32.3217,31.2805,32.0292,661265.811200001
20080421,0,32.0292,32.1228,31.4794,31.9473,424507.3564
20080422,0,31.5964,31.5964,30.7775,31.2104,513136.616
20080423,0,31.2454,31.2688,30.2511,30.4149,637452.4155
20080424,0,30.6372,30.6605,30.1809,30.5085,1210640.805
20080425,0,30.6372,31.2571,30.4617,31.1636,992394.205440002
20080428,0,31.339,31.8303,31.1753,31.4209,552492.0061
20080429,0,31.5613,32.5673,31.3975,32.3685,1089540
20080430,0,32.8481,33.7254,32.1579,32.6258,1830629
20080501,0,32.93,35.3983,32.8247,35.1526,2231498.283
20080502,0,35.1409,35.7375,33.9711,34.3922,1775161.7385
20080505,0,34.439,34.5092,33.4096,34.0647,1035001.4955
20080506,0,34.3103,34.6262,33.433,34.3454,692852.310720001
20080507,0,34.5677,35.3866,34.2752,34.3103,1230580.9345
20080508,0,34.3922,35.0473,33.7722,34.9303,960299.587000001
20080509,0,34.9654,35.3281,34.2051,34.7432,820027.585400001
20080512,0,34.5677,34.9069,34.2869,34.6496,330192.333
20080513,0,34.8952,35.5386,34.1583,35.1058,1176455.0595
20080514,0,35.0356,36.4628,35.0005,36.0416,1280898.996
20080515,0,36.0767,36.3458,35.1643,35.6907,1020143.947
20080516,0,35.796,36.1352,35.2696,35.7375,836615.843500001
20080519,0,35.9247,36.1937,35.4918,36.0416,485955.1331
20080520,0,36.1586,36.1586,35.1877,35.3164,523761.51844
20080521,0,36.3107,36.8722,35.293,36.6148,3676834.2365
20080522,0,36.919,36.919,36.2873,36.7669,1040891.046
20080523,0,37.0243,37.0243,35.3164,35.3749,1022045.320645
20080527,0,35.7141,35.7141,34.439,35.0824,1292616.3665
20080528,0,34.9888,35.2813,34.1817,34.4624,1034314.101
20080529,0,34.3922,35.2228,33.6435,35.1409,2027476.6915
20080530,0,35.41,35.913,34.8718,34.8835,1771773.613
20080602,0,35.0707,35.2111,34.2635,34.7666,617283.9725
20080603,0,35.1526,36.3575,35.0005,35.3398,907926.876700001
20080604,0,35.0941,36.1235,34.9888,35.4801,689387.654500001
20080605,0,35.6205,36.299,35.3983,35.4684,634103.086500001
20080606,0,35.6556,35.6556,33.9243,33.9711,845906.245500001
20080609,0,33.7137,34.7198,33.4798,34.6379,642287.4915
20080610,0,34.2167,34.4975,33.6786,33.936,444843.9245
20080611,0,34.1115,34.3454,33.7722,33.8892,567109.8215
20080612,0,34.2167,34.4507,33.1756,33.6085,1184603.494
20080613,0,33.6318,35.176,33.5383,34.556,1355723.0808
20080616,0,34.5677,34.5677,33.3277,33.5149,1003584.7552
20080617,0,33.5617,33.8892,32.6843,32.9768,969686.2415
20080618,0,32.8715,32.8715,31.5145,31.9005,1477251.0845
20080619,0,31.8187,32.3802,31.2571,32.1696,1241320.5455
20080620,0,32.2749,32.2749,31.07,31.2221,2022593.454
20080623,0,31.3039,31.3273,30.2394,30.6605,1155713.8985
20080624,0,30.5085,31.456,30.1341,31.1168,1778627.9665
20080625,0,30.9062,32.1111,30.8126,31.456,1494242.861
20080626,0,30.8477,31.0583,29.9353,30.8711,2117628.656
20080627,0,30.8828,31.2338,30.1926,30.5787,1670826.518
20080630,0,30.6488,31.2571,30.0522,30.9881,1161150.7235
20080701,0,30.6605,31.2221,29.9821,30.7424,1508707.1645
20080702,0,31.1168,31.4911,30.2277,30.6722,2679824.708
20080703,0,30.8009,30.9062,29.7013,29.8651,781285.0115
20080707,0,29.9938,30.4032,29.4206,29.8183,1216988.2375
20080708,0,29.7598,31.1285,29.6662,31.1168,2027269.18494
20080709,0,30.9881,31.1753,30.3213,30.719,1827948.293
20080710,0,30.6605,30.6722,29.5609,30.0756,1623114.101
20080711,0,30.1224,30.7775,29.2451,30.1692,1026698.1115
20080714,0,30.333,30.3915,29.6311,29.8066,1177202.0815
20080715,0,29.5375,30.9413,29.2451,30.567,1267597.50922
20080716,0,30.3564,31.9824,29.8417,31.807,1235738.391
20080717,0,32.2749,32.5556,31.0232,31.9707,1309066.2365
20080718,0,32.0175,32.8949,31.4677,32.6258,731709.161
20080721,0,31.3507,32.193,30.9764,31.3156,1229603.1315
20080722,0,31.2454,31.5262,30.4617,31.0583,1087434.8165
20080723,0,31.3507,32.3217,30.6021,32.0175,1265663.0505
20080724,0,32.7077,32.7077,31.2571,31.339,873826.338220001
20080725,0,31.6549,31.7368,30.4851,30.8009,1310893.9475
20080728,0,30.7541,30.9647,29.596,29.8534,1236172.737
20080729,0,29.7481,31.2454,29.6545,31.1285,1364370.282
20080730,0,31.4677,32.6024,31.4209,32.0526,2162992.014
20080731,0,32.4036,33.6435,32.0526,33.3511,2352063.496
20080801,0,33.5617,34.4858,33.5617,33.6903,1988095.963
20080804,0,33.6085,34.1934,33.1639,33.3979,1227299.5305
20080805,0,33.9243,35.0473,33.55,34.8718,1929069
20080806,0,33.4213,34.3805,32.5907,33.199,2527945
20080807,0,32.7896,33.1639,31.8537,32.4737,1462443.8365
20080808,0,32.2866,33.2692,32.2866,33.2107,1267649.17022
20080811,0,33.5734,33.6786,33.2224,33.2809,2191408.5365
20080812,0,33.2224,33.2224,32.579,32.6141,1173755.3215
20080813,0,32.6258,32.6258,31.7134,32.193,1273555.771
20080814,0,32.4386,32.4386,31.7017,32.1813,1630197.9045
20080815,0,33.1522,33.1522,31.6549,32.1579,1820180.9535
20080818,0,32.1696,32.3217,31.0817,31.3975,850577.188500001
20080819,0,31.2338,31.3507,30.2979,30.6722,889159.616000001
20080820,0,31.0349,31.0349,29.6779,30.4032,1595365.8755
20080821,0,30.567,31.1402,30.2277,30.6021,1139511.8395
20080822,0,31.1402,31.4677,30.6255,31.2104,778711.0725
20080825,0,31.0583,31.1168,30.1224,30.2394,646387.2525
20080826,0,30.4149,30.7658,30.2394,30.7307,605393.0541
20080827,0,30.719,31.1636,30.6021,30.8828,1139260.851
20080828,0,31.0115,31.9473,31.0115,31.7953,866243.857
20080829,0,31.5847,31.7251,31.0232,31.2805,774337.845500001
20080902,0,31.5847,32.3451,31.3624,31.5379,1122755.726
20080903,0,31.339,32.2515,31.1987,32.0526,1166305.404
20080904,0,31.8303,32.2398,31.4092,31.69,1115745.4385
20080905,0,31.0934,31.9473,31.0934,31.5613,1182034.427
20080908,0,32.5205,32.8013,31.8654,32.4152,1630393.486
20080909,0,32.7194,32.9183,31.9005,31.9239,1463647.684
20080910,0,32.3334,32.3685,31.8187,32.0058,913026.8835
20080911,0,31.4794,32.5673,31.4794,32.5673,1308756.606
20080912,0,32.2281,32.5205,31.8187,32.0409,2481917.754
20080915,0,31.2922,32.2515,30.953,31.2454,1375569.5085
20080916,0,30.5904,31.8771,30.5904,31.2805,1853816.699
20080917,0,30.5553,30.8126,29.093,29.093,1591249.5365
20080918,0,29.8534,30.1926,29.0462,29.6428,1921242.899
20080919,0,29.8417,30.8477,29.3036,30.1458,1519751.1425
20080922,0,30.0522,30.2394,29.0111,29.0579,556110.4825
20080923,0,31.07,31.07,28.7655,29.3153,965661.48669
20080924,0,29.5375,29.7715,29.1749,29.5024,1064373.868
20080925,0,29.8651,30.1926,29.444,29.4907,1045052.468
20080926,0,29.7598,30.1692,29.1398,29.5258,1663954.94853
20080929,0,29.479,29.479,27.3734,27.9583,2398306.612
20080930,0,27.6658,28.6953,27.4202,28.3092,1880199.779
20081001,0,28.0636,28.473,27.467,27.9232,676295.7302
20081002,0,27.8062,28.0753,25.3145,25.9462,1110826.0925
20081003,0,26.227,27.7711,26.11,26.1451,2022825.685
20081006,0,25.4315,25.9345,24.1798,25.4783,1655361.183
20081007,0,25.8176,26.11,25.3028,25.3262,2552160.1465
20081008,0,24.484,26.1451,24.484,24.7179,1589596.784
20081009,0,25.0221,26.1685,24.2851,24.6244,1723459.6105
20081010,0,23.63,23.8757,20.5768,22.9515,2721848.797
20081013,0,25.2327,25.724,23.4078,25.7006,1649267.171
20081014,0,26.5428,30.719,25.0806,25.724,1377960.6285
20081015,0,25.1742,25.3964,23.0685,23.0685,1107017.4485
20081016,0,23.478,23.6534,21.618,23.4663,1124986.4175
20081017,0,23.1036,23.6417,22.6591,23.1387,1088724.976
20081020,0,22.9866,24.0278,22.9749,23.63,1076618.2315
20081021,0,23.3961,24.2968,23.3961,23.9225,958001.892
20081022,0,23.5715,23.5949,22.0274,22.4953,1343368.294
20081023,0,22.5772,22.741,20.6938,22.0508,1413943.2715
20081024,0,21.4659,22.1444,20.9629,21.2553,1285829.83
20081027,0,21.1734,21.6765,20.7406,20.7991,1083252.01
20081028,0,21.4074,22.5304,20.7991,22.3783,1720070.037
20081029,0,22.7293,22.7293,20.9161,21.3606,1401660.2465
20081030,0,21.9689,22.9398,21.7817,22.8346,1971603.2325
20081031,0,23.0451,23.3493,22.6591,22.7176,1812573.2265
20081103,0,23.0334,23.7587,22.9866,23.4312,1875522.9265
20081104,0,23.8991,24.2617,23.3727,23.981,2391428
20081105,0,25.7357,27.4904,22.8112,23.2791,2525045
20081106,0,23.1855,23.3961,21.6063,21.9923,1109088.8095
20081107,0,22.5538,22.5538,21.9338,22.3432,886642.357000001
20081110,0,22.6474,23.3025,21.618,21.6414,809874.583700001
20081111,0,21.4191,21.4308,20.3195,20.8225,748082.082
20081112,0,20.7991,20.9395,20.144,20.3663,864373.2995
20081113,0,20.3078,21.0565,19.5006,21.0565,1721568.989
20081114,0,21.4425,23.2206,20.8576,22.1327,1758803.409
20081117,0,21.9923,23.2908,21.6882,22.7527,2092563.907
20081118,0,22.7293,23.1972,22.0625,22.7176,1849577.1977
20081119,0,22.8697,23.3844,21.1617,21.2202,1380672.1055
20081120,0,20.7172,21.1968,19.3953,19.4772,1381709.965
20081121,0,20.1089,20.3897,19.0678,20.2961,1926723.3217
20081124,0,20.7289,22.1795,20.6119,21.8753,1129545.3855
20081125,0,22.624,22.624,21.1968,21.9572,1744702.42
20081126,0,21.5478,23.127,20.7055,22.858,1049619.863
20081128,0,22.8697,24.0161,22.741,23.747,433406.1815
20081201,0,23.3961,23.63,22.7527,22.7527,1338271.697
20081202,0,23.1036,24.0044,22.9281,23.864,1659606.5155
20081203,0,23.7119,24.4606,23.1153,24.3553,1237284.03122
20081204,0,23.981,25.104,23.6768,23.981,1882258.9755
20081205,0,23.7236,24.7062,22.6357,24.2734,1752279.238
20081208,0,24.5659,25.1508,24.1213,24.5893,1745279.005
20081209,0,24.5893,24.6361,23.0568,23.0919,1953998.3155
20081210,0,23.4078,23.9225,22.5889,23.1036,1981303.058
20081211,0,22.5889,23.747,22.5889,22.9866,1303262.7385
20081212,0,22.3081,23.5014,22.3081,23.01,950844.484000001
20081215,0,23.6417,23.6417,22.2848,22.6825,1189073.0876
20081216,0,23.1387,23.3727,22.624,23.2791,1365407.982
20081217,0,23.5715,24.5191,23.1972,23.5598,1650905.89
20081218,0,23.747,23.8757,23.0802,23.1504,1034571.954
20081219,0,23.4897,24.2734,22.8463,23.2908,1025826.09744
20081222,0,23.5481,23.6651,22.7176,23.2908,864832.43
20081223,0,23.513,23.8055,23.3025,23.5014,843801.528500001
20081224,0,23.747,24.0629,23.4897,23.8055,453395.844
20081226,0,23.6066,24.2149,23.4078,24.0278,438537.8205
20081229,0,24.0629,24.1798,23.1855,23.5949,796984.2015
20081230,0,23.5598,25.6421,23.5481,25.5017,1297567.7335
20081231,0,25.0338,25.4783,24.7881,25.0923,777044.372500001
20090102,0,25.0923,26.0866,24.8466,25.8994,522233.8765
20090105,0,26.0047,26.0632,25.0572,25.5719,692223.1555
20090106,0,26.3791,26.6013,25.7825,26.4726,944226.204
20090107,0,26.0866,26.0983,24.6829,25.2561,1840386.608
20090108,0,24.9285,25.5719,24.0044,24.7413,2097808.31
20090109,0,25.1157,25.1157,24.0629,24.0863,1273723.4172
20090112,0,24.0979,24.0979,22.741,22.8931,1271086.151
20090113,0,22.8112,22.9983,22.5187,22.624,1097567.3745
20090114,0,22.4953,22.5187,21.6063,22.1327,1074342.895
20090115,0,22.0508,22.8112,21.1851,22.5655,1159250.362
20090116,0,22.8814,23.127,21.8168,21.9689,1372470.8212
20090120,0,22.7176,22.7176,20.7757,20.8576,1139157.9485
20090121,0,21.0565,21.7583,20.764,21.7115,1065117.533
20090122,0,21.7115,21.7349,20.8927,20.9044,1272283.0065
20090123,0,20.5534,21.5595,20.0738,21.3138,2067085.2415
20090126,0,21.3372,22.1327,21.1968,21.6063,875357.4155
20090127,0,21.9221,22.0508,21.5361,21.9104,685653.7471
20090128,0,21.9923,22.9866,21.9923,22.8697,644339.220499999
20090129,0,22.6942,23.5949,22.2848,22.6474,1220522.1216
20090130,0,21.8636,22.8697,21.4542,21.7232,1200568.748
20090202,0,21.4893,22.0274,21.0097,21.6297,1059021.478
20090203,0,21.5361,21.618,20.8225,21.4074,1623915
20090204,0,20.8225,22.8931,20.5067,22.2029,4558090
20090205,0,21.115,22.507,21.115,21.9455,3220391.54
20090206,0,24.5659,25.221,21.5712,22.3432,1640382.4215
20090209,0,23.8757,23.8757,21.7583,22.1561,1311079.2345
20090210,0,21.8519,22.004,21.384,21.6531,2212193.8915
20090211,0,21.501,21.6999,20.6938,21.0682,2111408.425
20090212,0,21.0799,21.8051,20.4248,21.618,1668684.63
20090213,0,22.5655,22.5655,21.0565,21.1617,983057.5925
20090217,0,21.2319,21.3372,20.1908,20.5651,1428020.2735
20090218,0,21.0331,21.0331,20.0621,20.3897,1361215.0365
20090219,0,20.881,21.1617,20.4833,20.6119,1084657.3307
20090220,0,19.8633,21.0448,19.8399,20.5885,2285125.1445
20090223,0,20.6119,21.0565,20.3429,20.4833,2120478.6945
20090224,0,20.495,21.9923,20.495,21.9104,1799792.29222
20090225,0,21.8051,22.3666,21.0448,21.5946,1869019.179
20090226,0,21.7232,21.9104,21.1734,21.4074,1141145.7187
20090227,0,21.1734,21.8402,20.8108,21.3255,2747899.745
20090302,0,21.3606,21.6765,20.4716,20.7874,1642685.6365
20090303,0,21.1617,21.3489,20.53,20.9161,1315110.6805
20090304,0,21.9221,22.2263,21.0799,22.004,3132649.177
20090305,0,21.6531,21.7934,21.0331,21.267,2716642.45
20090306,0,22.1795,22.2848,20.764,21.0214,3486108.266
20090309,0,22.6725,22.6725,18.2519,18.4146,2151952.9186
20090310,0,18.6045,20.747,18.6045,20.1774,3085541.9833
20090311,0,20.6114,22.2386,20.0961,20.8826,1447944.5386
20090312,0,20.8554,22.8895,20.747,22.5098,1667770.3205
20090313,0,22.5708,24.0623,22.2725,23.1132,2501609.871
20090316,0,23.0408,23.7278,23.0408,23.4386,2531595.737
20090317,0,23.312,24.5233,23.312,24.5142,2516175.824
20090318,0,24.6408,26.1232,23.9809,24.46,2628590.451
20090319,0,24.9933,25.3006,22.6431,23.303,4227209.8849
20090320,0,22.8601,23.3301,22.8601,23.1945,2451153.941
20090323,0,23.9538,24.7131,22.5979,24.6769,3307007.346
20090324,0,24.1707,25.0475,23.782,24.3425,2493929.336
20090325,0,24.4058,24.5504,23.4566,24.0984,2582106.179
20090326,0,24.5775,25.2916,24.2882,25.0747,3621308.849
20090327,0,25.0747,25.1289,23.538,23.8724,5112735.267
20090330,0,23.0047,23.2397,22.2092,22.851,7663329.514
20090331,0,22.7877,23.1764,22.3177,22.4985,8274205.554
20090401,0,22.1188,22.4081,21.694,22.1731,10498721.499
20090402,0,23.3211,24.2159,22.4533,23.0318,8807908.72
20090403,0,22.9866,23.8272,22.8691,23.7278,6665857.359
20090406,0,23.5742,24.8306,23.1041,24.1436,7938199.49500001
20090407,0,24.1798,24.3877,23.2397,23.2759,6798808.632
20090408,0,23.3934,24.5413,22.9324,24.2882,5763051.81
20090409,0,24.8035,25.2826,23.7007,25.0475,5478131.869
20090413,0,25.1922,25.7616,24.5142,25.4453,4455084.8
20090414,0,24.7492,25.3458,24.6137,25.1379,5241517.042
20090415,0,24.7673,25.9966,24.6317,25.9876,5000849.98
20090416,0,26.2226,26.8734,25.7255,26.7379,5074566.937
20090417,0,26.7559,27.0452,26.087,26.1503,5498242.54
20090420,0,25.7435,25.7616,24.5594,24.7402,3771835.62
20090421,0,24.7131,25.4272,24.4058,25.2645,4803143.21199999
20090422,0,25.1108,25.843,24.8668,25.0204,4113626.416
20090423,0,24.6679,24.8035,24.0623,24.5142,7229941.57700001
20090424,0,24.6588,25.0023,24.2882,24.6679,3948982.882
20090427,0,24.1888,24.9752,23.8001,24.3967,4235221.514
20090428,0,24.0984,25.147,24.0984,24.6317,4349862.405
20090429,0,25.8249,28.1841,25.3097,28.0576,12958304.148
20090430,0,28.3016,29.6575,28.3016,29.1875,6688660.215
20090501,0,29.1332,30.4258,28.9073,30.3445,4929179.988
20090504,0,31.158,32.0619,30.5524,31.5467,5592118.431
20090505,0,31.4201,31.7365,30.236,30.8416,4713092.058
20090506,0,31.1761,31.3207,30.01,30.4258,3053875.203
20090507,0,30.4801,31.8269,30.227,31.3207,5104615.438
20090508,0,31.7546,32.767,31.4834,32.306,3454975.63
20090511,0,32.071,32.089,30.471,30.4801,3213547.756
20090512,0,30.6337,30.914,28.392,28.4643,5921649.408
20090513,0,28.3107,28.4824,27.6508,28.0937,3742134.373
20090514,0,28.0305,28.6542,27.9039,27.931,2958593.528
20090515,0,27.9762,28.7446,27.9672,28.0757,3078454.82
20090518,0,28.3197,29.2598,28.0757,29.2327,4561238.889
20090519,0,29.0609,29.9106,28.9705,29.3231,4208831.1675
20090520,0,29.54,30.4168,29.4406,30.1004,5000625.82200001
20090521,0,29.6937,30.1456,29.1152,29.314,4830487.836
20090522,0,29.3773,29.7479,28.844,29.1513,2243062.787
20090526,0,28.9525,29.9648,28.5909,29.7479,4200364.364
20090527,0,29.7298,29.9016,28.9073,28.9253,3904850.062
20090528,0,29.3954,29.3954,28.4553,28.627,4047519.333
20090529,0,28.0033,28.2564,26.8283,27.7593,6962660.873
20090601,0,28.2293,28.3739,26.991,27.4791,5691796.373
20090602,0,27.4429,28.2022,27.4429,28.0757,3505621.843
20090603,0,27.8678,28.1932,27.6599,28.0214,4603372.402
20090604,0,27.9581,29.2327,27.8587,29.1784,5408452.974
20090605,0,29.5219,30.0552,28.8349,28.9705,5661039.93099999
20090608,0,28.627,29.4677,28.4734,29.1061,3324341.26
20090609,0,29.088,29.3773,28.6903,29.1423,3380131.001
20090610,0,29.1784,29.1784,28.1841,28.5999,3103449.609
20090611,0,28.5819,29.1423,28.0395,28.2564,3870376.238
20090612,0,28.148,28.3739,27.5062,28.0214,3695725.654
20090615,0,27.7412,28.0124,27.3525,27.8858,3330097.541
20090616,0,27.931,28.0847,27.3254,27.4881,3688531.007
20090617,0,27.5604,28.166,27.2079,27.8858,2868693.776
20090618,0,27.922,28.2474,27.5785,27.9853,2625696.787
20090619,0,28.1389,28.166,27.2712,27.4068,3749696.485
20090622,0,27.1898,27.9672,27.1446,27.3525,5382832.364
20090623,0,27.3344,27.9943,27.2802,27.9129,3869488.296
20090624,0,28.0305,28.3016,27.5604,27.7954,4722172.593
20090625,0,27.7231,28.7265,27.5423,28.6361,2495650.91
20090626,0,28.5819,28.5819,27.7774,28.0937,2451544.65
20090629,0,28.2655,28.7807,27.9491,28.6451,2006549.604
20090630,0,28.5728,28.8892,28.0395,28.618,3566266.444
20090701,0,28.7084,29.3231,28.5186,28.5186,2618305.386
20090702,0,28.2293,28.2836,27.1717,27.2079,2802603.128
20090706,0,26.8644,28.2745,26.6746,27.6237,6007847.089
20090707,0,27.6508,27.9401,26.7921,26.8463,3367230.686
20090708,0,27.0452,27.5333,26.4848,26.8102,3689825.693
20090709,0,26.9458,27.0813,26.304,26.3582,2391652.929
20090710,0,26.2407,26.991,25.9063,26.3311,2174320.77
20090713,0,26.304,27.009,25.9334,26.9458,2798808.057
20090714,0,26.9729,27.5604,26.7831,27.1265,2752895.263
20090715,0,27.4068,28.1841,27.2983,28.1751,2474348.023
20090716,0,28.1118,28.2655,27.8497,28.0124,2775005.621
20090717,0,27.9853,28.1028,27.5333,27.6508,2509481.671
20090720,0,27.7412,28.0757,27.6508,27.9581,2638282.57
20090721,0,28.0033,28.8892,28.0033,28.8169,3826896.697
20090722,0,28.618,29.3411,28.4734,29.1513,2969335.591
20090723,0,29.1242,30.1366,28.9615,30.0372,4581025.957
20090724,0,29.8564,30.2902,29.6937,30.2451,3011009.163
20090727,0,30.2089,31.2665,29.9196,31.1128,3820590.209
20090728,0,30.9411,31.149,30.3535,30.6337,4351816
20090729,0,30.3987,30.6428,29.305,29.6304,5484773
20090730,0,29.8564,30.7151,29.8564,30.3897,3590496.463
20090731,0,30.4258,30.4891,29.7841,29.9016,1938078.093
20090803,0,30.0552,31.1038,29.8925,30.914,3298757.266
20090804,0,30.7784,31.8269,30.7422,31.4653,3414500.244
20090805,0,31.3117,31.61,30.5162,31.3478,3275425.742
20090806,0,31.3569,31.9263,30.6518,30.6699,3161718.264
20090807,0,30.9411,31.9354,30.8236,31.854,2789138.116
20090810,0,31.5467,32.089,31.4834,31.7998,2166620.835
20090811,0,31.6823,31.7275,30.7061,30.8688,1859523.168
20090812,0,30.6337,31.375,30.6247,30.8416,2380288.576
20090813,0,30.6247,30.7512,29.5129,30.6789,3485117.329
20090814,0,30.7422,31.0043,30.1185,30.3987,1625943.935
20090817,0,29.9648,30.2722,29.4406,29.6123,1886787.94
20090818,0,29.6485,30.0914,29.5038,29.8654,1753621.3
20090819,0,29.5852,30.9953,29.5852,30.5524,2708208.609
20090820,0,30.5705,31.2032,30.3083,30.914,1856354.451
20090821,0,31.375,32.4777,31.2936,32.4506,3835101.311
20090824,0,32.315,32.541,32.0258,32.2156,2945685.592
20090825,0,32.3602,32.9478,32.2246,32.3783,2604691.021
20090826,0,32.6676,32.776,32.1252,32.5139,1999069.837
20090827,0,32.3873,33.6257,31.8902,33.3455,2863221.636
20090828,0,33.5444,33.8788,33.3093,33.7794,2580950.786
20090831,0,33.6167,33.9421,33.2189,33.3274,2017186.908
20090901,0,33.1376,34.0234,32.6314,32.7308,2291639.904
20090902,0,32.7851,32.9749,32.2066,32.2698,4052455.18
20090903,0,32.3873,32.7399,31.9987,32.4235,3271618.722
20090904,0,32.4416,33.8788,32.2427,33.689,4784121.289
20090908,0,33.8969,34.3127,33.463,34.2404,2694710.813
20090909,0,34.2946,35.7137,33.9511,35.4155,4384879.76
20090910,0,35.7409,36.9702,35.2347,36.9431,5574721.009
20090911,0,37.2504,37.4854,36.7352,36.7985,2702293.835
20090914,0,36.6629,37.3408,36.2742,37.1962,2162680.203
20090915,0,36.1567,37.4041,36.1567,37.3318,1742270.095
20090916,0,37.3408,38.1724,36.916,37.8832,3457561.998
20090917,0,37.7566,38.0278,37.1962,37.6933,2284043.181
20090918,0,37.9012,38.9317,37.6933,38.5882,3484262.386
20090921,0,38.2357,38.9859,37.838,38.1543,2164335.441
20090922,0,38.2176,38.5882,37.9735,38.2628,2079958.25
20090923,0,38.2538,38.7509,37.9826,38.0549,2507199.593
20090924,0,38.0549,38.5069,36.9792,37.4493,2497848.493
20090925,0,37.2866,37.7476,37.151,37.3318,2435855.778
20090928,0,37.3679,38.4707,37.3679,38.3803,1252639.606
20090929,0,38.5611,39.7814,38.5611,39.5283,3233608.862
20090930,0,39.6819,39.6819,38.2086,38.8413,3050220.98
20091001,0,38.8684,38.8684,37.0696,37.7385,4958929.135
20091002,0,37.5125,37.6662,36.1657,36.2742,3734863.121
20091005,0,36.2832,38.4165,36.1748,38.3893,3434054.507
20091006,0,38.4617,38.9498,37.8922,38.1182,4390487.905
20091007,0,39.4198,39.4198,37.8199,37.9645,2084427.645
20091008,0,38.1453,38.4345,37.4493,37.5035,3540399.016
20091009,0,37.5216,37.9193,37.2775,37.6753,2946387.736
20091012,0,37.6572,37.9103,36.9792,37.3318,1756541.277
20091013,0,37.2775,37.847,37.1419,37.4583,2149153.388
20091014,0,37.7656,38.0097,37.2956,37.5035,1985714.794
20091015,0,37.2956,37.7928,37.16,37.2685,2522243.294
20091016,0,37.0064,37.3498,36.4098,36.6538,2267330.3395
20091019,0,36.6629,37.9464,36.5996,37.7566,2624923.461
20091020,0,38.1905,39.4379,38.1182,39.3837,3901142.534
20091021,0,39.4017,39.7723,38.2718,38.3622,2035169.513
20091022,0,38.4165,38.9498,37.7747,38.7238,1954139.779
20091023,0,38.8684,38.8684,37.1239,37.2685,1683280.914
20091026,0,37.2323,38.0187,36.7352,36.916,1889771.113
20091027,0,36.9612,37.612,36.1928,36.5273,1574476.244
20091028,0,36.5182,36.5182,35.0087,35.2347,3147590.826
20091029,0,35.3251,37.1691,34.5658,36.9702,2530772.82
20091030,0,36.7442,37.0787,35.6686,35.7047,3012738.373
20091102,0,35.768,36.5634,35.298,35.8584,1937544.511
20091103,0,35.5691,35.9669,34.6742,35.7589,2845054.055
20091104,0,36.0211,36.9431,35.8403,36.1567,2444286
20091105,0,36.6086,37.2233,36.0844,36.9521,3358765
20091106,0,37.1148,38.4165,36.4369,37.838,2832747.706
20091109,0,37.8108,38.1814,37.621,38.0097,2269596.942
20091110,0,37.9193,38.7509,37.0335,38.4617,2171599.286
20091111,0,38.4436,38.8232,37.5216,37.8199,2763131.616
20091112,0,37.7295,38.2447,37.6029,37.7656,1542301.312
20091113,0,37.7928,38.4526,37.3318,38.1634,1730865.118
20091116,0,38.317,39.1306,38.1724,38.8594,1599894.889
20091117,0,38.6696,38.9498,38.2447,38.8051,1246738.727
20091118,0,38.7057,38.7057,37.7566,38.2628,1307944.514
20091119,0,38.308,38.9317,38.0549,38.9046,2461094.705
20091120,0,38.0639,38.6424,37.5306,38.3351,1968626.301
20091123,0,38.7057,39.4831,38.317,39.3294,2032750.188
20091124,0,39.1577,39.8537,39.0221,39.1667,1855115.668
20091125,0,39.1758,39.3746,38.8051,39.2752,1099936.274
20091127,0,37.9826,38.7057,37.8289,38.3441,616707.237
20091130,0,38.2628,38.2718,37.3408,37.8832,1434701.559
20091201,0,38.1182,38.7238,37.8922,38.0911,1500700.2975
20091202,0,38.0368,38.8142,38.0368,38.3893,1006686.856
20091203,0,38.6063,39.0492,38.2899,38.3441,2321091.747
20091204,0,38.9498,39.2571,38.0007,38.6515,2176459.989
20091207,0,38.534,39.0944,38.534,38.8955,2303926.686
20091208,0,38.76,39.2661,38.5792,39.0582,1890782.204
20091209,0,38.9769,39.2571,38.5972,39.1034,1893807.217
20091210,0,39.1848,39.465,38.5792,38.7057,2065395.775
20091211,0,38.7148,38.8503,37.8199,38.317,2306700.991
20091214,0,38.4526,38.8413,38.2899,38.8142,1729670.263
20091215,0,38.534,38.9769,38.308,38.8775,1674557.682
20091216,0,39.0311,39.4921,38.9317,39.3023,1519505.8008
20091217,0,39.0311,39.0402,38.2628,38.5611,2268021.973
20091218,0,38.5701,38.8232,37.8741,38.0187,2381640.829
20091221,0,38.1091,38.8413,38.1091,38.317,1709939.767
20091222,0,38.2899,38.4978,37.5216,37.838,2608191.281
20091223,0,37.8199,37.8922,37.1058,37.4764,2415474.67
20091224,0,37.5216,38.0007,37.4222,37.8199,533222.807
20091228,0,37.6753,37.838,37.3498,37.7114,1363885.458
20091229,0,37.7928,38.6876,37.7928,38.3984,1256477.31
20091230,0,38.082,38.6696,37.6843,37.7747,1375164.829
20091231,0,37.7837,37.9645,37.2052,37.4222,1191527.926
20100104,0,38.0097,38.5701,37.7656,38.1724,2730598.127
20100105,0,38.2718,38.2718,37.7566,37.9826,2130718.295
20100106,0,37.9012,37.9012,37.2685,37.3318,1816887.44
20100107,0,37.2052,37.9645,37.0606,37.8741,1795975.364
20100108,0,37.6301,37.8922,37.2504,37.5306,1722512.639
20100111,0,38.4165,38.6696,37.8289,38.0549,1861482.274
20100112,0,37.8922,38.1182,37.395,37.5668,1687955.037
20100113,0,37.8108,40.6672,37.7928,40.0526,5084996.857
20100114,0,40.3147,42.005,40.2605,41.8062,4419005.223
20100115,0,41.9056,41.9056,40.8299,41.6073,3394027.102
20100119,0,41.5711,42.5112,41.309,42.466,1926791.509
20100120,0,42.1225,42.466,41.4536,42.0412,3354875.4537
20100121,0,42.0231,42.2129,40.5949,40.622,3220024.4503
20100122,0,40.3418,40.5768,39.5644,39.5825,3107235.295
20100125,0,40.0706,40.8118,39.8266,40.4684,1949944.769
20100126,0,40.2876,40.5316,39.8627,39.8898,2210725.413
20100127,0,39.926,40.6039,39.239,39.3475,4748479
20100128,0,40.5678,41.7971,39.8537,39.9622,4170831
20100129,0,39.9531,40.2695,39.2661,39.3927,4167067.34
20100201,0,39.6006,40.161,39.1215,40.1429,2549089.724
20100202,0,40.1701,41.2186,39.4921,40.6311,3947167.294
20100203,0,40.6763,41.0649,40.1249,40.9655,3408007.829
20100204,0,40.4141,40.8028,40.0977,40.3599,5513261
20100205,0,40.2785,40.9022,40.1791,40.7576,5469604.719
20100208,0,40.7034,40.9384,39.9802,40.0706,3291856.025
20100209,0,40.3056,41.0921,40.0526,40.6491,2506851.973
20100210,0,40.5768,40.9203,40.2062,40.7666,3028448.36
20100211,0,40.6311,41.1101,40.5407,41.0107,2744361.167
20100212,0,40.5407,40.8842,40.5407,40.7486,3444023.083
20100216,0,40.7847,41.5169,40.7305,41.2457,2639252.245
20100217,0,41.3,41.8062,41.1463,41.7067,1966936.519
20100218,0,41.7067,42.2581,41.4446,42.014,3123513.956
20100219,0,41.8152,42.683,41.544,42.3666,2482262.193
20100222,0,42.3756,42.8185,42.3214,42.3485,1927407.55
20100223,0,42.3756,42.7914,41.9417,42.1044,2238702.671
20100224,0,42.5056,42.6241,41.767,42.1956,2262040.013
20100225,0,41.5938,42.1956,41.3385,42.1135,1898422.228
20100226,0,42.1226,42.5967,41.6394,42.5785,2161117.192
20100301,0,42.6241,43.3899,42.5785,43.0252,1235482.56
20100302,0,43.2623,43.472,42.7153,42.852,2532037.845
20100303,0,42.8338,43.3444,42.77,43.2076,1474264.035
20100304,0,43.2167,43.3079,42.9979,43.162,2524497.203
20100305,0,43.3444,44.1011,42.9158,43.9826,1392194.268
20100308,0,43.9096,44.9581,43.7638,44.6846,2718822.154
20100309,0,44.5479,44.8487,44.3473,44.7576,2121000.58
20100310,0,44.8305,44.9308,44.5114,44.6664,3537474.273
20100311,0,44.5023,44.5479,43.9826,44.5387,1700150.673
20100312,0,44.557,44.6755,43.8002,44.3017,1419436.558
20100315,0,44.1102,44.1923,43.5814,44.0829,1619205.533
20100316,0,44.1285,44.6755,44.0282,44.2652,1584584.653
20100317,0,44.2652,44.6755,44.0829,44.6755,2066609.377
20100318,0,44.557,44.7485,44.3473,44.5387,1016323.589
20100319,0,44.5752,44.8305,44.0008,44.3929,2214514.702
20100322,0,44.1376,44.9855,43.9917,44.8032,2585157.046
20100323,0,44.8852,44.9764,44.4658,44.8123,3960096.0635
20100324,0,44.6846,45.8152,44.6664,45.7058,2778294.896
20100325,0,45.9793,46.9549,45.7331,46.5719,3509929.95
20100326,0,46.5719,46.9366,46.4078,46.6084,2067984.132
20100329,0,46.8363,48.131,46.6722,47.9031,4407471.548
20100330,0,47.9578,48.8878,47.5657,48.7328,4190403.097
20100331,0,48.514,49.1066,48.3043,48.596,5184959.018
20100401,0,48.9972,49.0519,48.4045,48.7145,1714725.127
20100405,0,48.6872,49.0428,48.5231,48.7875,1851945.409
20100406,0,48.6325,48.7145,47.584,47.8028,3498861.922
20100407,0,47.7754,47.8575,46.6996,46.9549,3593556.978
20100408,0,46.6996,47.2831,46.5446,47.0552,2725205.65
20100409,0,47.1646,48.1037,47.1007,48.049,1376985.916
20100412,0,47.8393,48.2495,47.6934,48.1128,1460542.274
20100413,0,47.8849,48.3225,47.5293,48.1857,1666714.942
20100414,0,47.7663,48.1948,47.0643,48.1219,2759311.229
20100415,0,48.3681,48.3681,47.5293,47.7937,1640692.205
20100416,0,47.6113,47.9213,46.7087,47.0552,1904278.304
20100419,0,47.119,47.6296,46.9731,47.5931,1510219.614
20100420,0,47.894,48.286,47.5749,48.0854,1251131.708
20100421,0,48.0307,48.2587,47.7299,47.9943,1265112.441
20100422,0,47.7481,49.7813,47.3834,49.7448,2024052.659
20100423,0,49.7083,49.7083,49.1795,49.4257,1642571.222
20100426,0,49.2434,50.6657,49.216,50.2554,1868693.83
20100427,0,49.9819,50.228,48.4501,48.596,3029860.319
20100428,0,48.751,49.7357,47.9304,48.4319,2773562
20100429,0,48.5322,52.4983,48.3681,52.0698,6094209
20100430,0,52.1518,52.5986,51.1398,51.3586,2381161.499
20100503,0,51.3404,52.5803,51.2218,52.2703,1877298.872
20100504,0,51.6139,51.8054,50.7295,51.0577,2364843.549
20100505,0,50.7021,51.2583,49.5989,50.1186,3011253.195
20100506,0,49.5169,49.681,44.2288,46.1525,10958414.44
20100507,0,46.0249,47.6296,44.639,45.2317,7049276.89799999
20100510,0,46.8363,47.4655,44.5296,45.2681,5835659.063
20100511,0,44.7393,46.7634,44.6573,45.6602,5081584.03799999
20100512,0,45.8608,46.7178,45.5873,46.5993,3580717.159
20100513,0,46.7634,48.441,46.5811,47.6752,4063222.68
20100514,0,47.5293,47.9851,46.7087,47.0005,3948182.716
20100517,0,47.0825,47.9304,46.809,47.821,3243127.976
20100518,0,48.1128,48.3772,46.6266,46.9822,3038798.021
20100519,0,46.3167,46.9549,45.6602,46.6449,3003206.752
20100520,0,45.5873,46.0887,44.5296,44.7029,2879101.779
20100521,0,43.7455,46.5628,43.6635,46.3987,5042752.571
20100524,0,46.2164,46.9913,45.7422,46.2346,2294054.842
20100525,0,45.1131,47.6113,44.949,47.511,4126147.558
20100526,0,48.1268,49.5877,47.7225,48.6137,4184240.294
20100527,0,49.5877,50.534,49.3028,50.534,3051767.733
20100528,0,50.4421,51.5355,50.0195,50.4054,2373171.695
20100601,0,49.7255,51.3242,49.6887,49.9092,2667949.494
20100602,0,50.0379,50.8556,49.8633,50.3686,3892723.541
20100603,0,50.7913,51.5263,50.3962,51.4344,1872335.664
20100604,0,50.2584,50.6351,49.1466,49.4131,2771347.995
20100607,0,49.4866,49.5509,48.1084,48.1451,3170475.849
20100608,0,48.3197,48.9537,47.3642,47.9338,3017407.034
20100609,0,48.09,49.1007,47.2355,47.4101,3017253.152
20100610,0,48.1176,49.4315,48.1176,48.9353,3321629.721
20100611,0,48.3748,49.2477,47.5295,49.211,2825808.455
20100614,0,49.5968,50.9567,49.4866,50.2584,3583480.205
20100615,0,50.5248,50.8648,50.1849,50.6443,3139928.21
20100616,0,50.387,51.0945,50.24,51.0394,1851087.343
20100617,0,50.975,51.1037,50.1298,50.9475,2271669.429
20100618,0,50.9475,51.3701,50.5065,50.6902,2130056.4158
20100621,0,51.0394,51.3609,50.0746,50.534,2065921.577
20100622,0,50.387,51.4069,49.5877,49.7163,2216077.7
20100623,0,49.8265,50.5248,49.4407,49.946,1499497.237
20100624,0,49.6887,50.3227,49.1283,49.2293,1541304.179
20100625,0,49.3212,49.9184,48.7516,49.8449,2174506.802
20100628,0,49.8174,50.7178,49.5417,50.4789,2030514.507
20100629,0,49.6244,49.8174,48.4851,49.3212,3544891.598
20100630,0,49.2569,49.4039,47.7501,47.8787,2274551.457
20100701,0,47.8511,48.3013,46.9599,48.1176,2045695.357
20100702,0,48.2646,48.8159,47.1345,47.8971,1528228.347
20100706,0,48.6505,49.0915,47.6857,48.2462,2021752.198
20100707,0,48.3013,50.4513,48.2003,50.3411,2756612.305
20100708,0,50.6535,51.3426,49.9919,50.8832,2066961.88
20100709,0,50.9934,51.7285,50.9199,51.0945,2071286.587
20100712,0,50.828,51.2231,50.1298,50.7362,2531345.261
20100713,0,51.1772,52.3533,51.1772,52.1144,3039554.115
20100714,0,51.8571,52.1052,51.2966,51.5171,2078824.026
20100715,0,51.4896,52.0409,50.8832,51.5723,2006791.524
20100716,0,51.0577,51.5263,49.6244,49.6795,2264516.413
20100719,0,49.8817,51.3334,49.8817,51.168,1380237.714
20100720,0,50.4238,50.9107,49.946,50.828,1934503.939
20100721,0,51.0945,51.1221,48.8986,48.9996,2752680.428
20100722,0,49.7071,51.0486,49.7071,50.5892,2224852.204
20100723,0,50.4421,52.5646,50.4238,52.3716,2699815.466
20100726,0,52.3808,53.0056,52.1511,52.4635,1703310.958
20100727,0,52.6381,52.877,51.0026,51.0761,2511313.572
20100728,0,51.0577,51.6366,50.7913,51.3885,2283325.06
20100729,0,51.655,52.4543,50.433,51.1129,1623942.395
20100730,0,50.6443,52.9137,50.0011,52.5921,3420129.069
20100802,0,53.1894,54.6411,52.5278,54.2644,4147377.263
20100803,0,54.2,54.3746,52.9505,53.759,3242082.848
20100804,0,54.0714,54.3562,53.5844,54.3287,2277861
20100805,0,53.759,54.1357,52.9137,53.5753,3968045
20100806,0,52.8586,53.0056,49.9552,51.2048,6178961.734
20100809,0,51.6182,52.2246,50.9291,51.9949,1982847.286
20100810,0,51.4161,52.2706,51.2691,52.0317,1673877.272
20100811,0,51.0394,52.0317,50.3319,50.4421,2310864.38063
20100812,0,49.7898,50.6627,49.505,50.6351,2344774.725
20100813,0,50.3595,50.534,49.8817,49.9919,1841521.437
20100816,0,50.1941,50.2676,49.1191,50.2124,1443581.3
20100817,0,50.6443,51.2323,50.2768,50.9934,2216091.852
20100818,0,50.9107,52.1419,50.9107,51.6366,1842581.971
20100819,0,51.1956,51.3977,49.2569,49.652,2610314.496
20100820,0,49.2845,49.5785,48.8342,49.4958,2295273.267
20100823,0,49.753,50.2584,48.5862,48.5954,1486477.181
20100824,0,47.9246,48.6321,47.2447,47.2723,2758259.484
20100825,0,46.7486,47.6857,46.3902,47.5112,3745551.048
20100826,0,47.649,48.2186,46.4729,46.7669,2590528.915
20100827,0,47.2944,47.9611,46.7758,47.8593,2326977.09
20100830,0,47.7203,48.276,47.4333,47.9611,2375468.811
20100831,0,47.6463,48.4982,47.4796,47.7111,2081248.27
20100901,0,48.4056,50.3411,48.4056,49.9151,4950103.97999999
20100902,0,50.1744,50.7208,49.7947,50.6282,1753309.593
20100903,0,51.1005,51.5821,50.5541,51.5728,1158852.843
20100907,0,51.1468,51.5913,49.8503,49.9892,1985139.259
20100908,0,49.8966,51.3042,49.8781,50.8412,1779607.947
20100909,0,51.3876,51.4339,50.7393,50.906,886790.213
20100910,0,51.0172,51.7487,50.9338,51.6561,811060.416000001
20100913,0,52.0266,52.9341,51.721,52.2581,1768709.949
20100914,0,52.0451,52.1933,50.8227,51.119,3345976.415
20100915,0,50.869,51.6098,48.4056,48.5538,6866455
20100916,0,48.276,48.4334,47.0351,47.1277,6064351.15899999
20100917,0,47.2944,48.4519,46.7943,47.2388,5846377.0065
20100920,0,47.3314,49.0446,47.2666,48.9057,4039433.267
20100921,0,48.4149,49.1372,48.2667,48.739,2313119.765
20100922,0,48.6186,48.952,47.211,47.2944,3441816.399
20100923,0,46.785,48.5723,46.6368,47.7944,3256854.405
20100924,0,48.5723,49.5262,48.2667,49.1094,2271027.299
20100927,0,49.1743,49.4614,48.3038,49.2484,2137745.257
20100928,0,49.4984,50.7393,49.0724,50.7393,4286477.608
20100929,0,50.2115,50.5912,49.8688,50.3782,2138206.519
20100930,0,50.4615,50.656,49.6836,50.0355,2716825.919
20101001,0,49.9985,50.7208,49.8781,50.656,2818937.693
20101004,0,50.48,51.0635,50.3967,50.9245,3085127.128
20101005,0,51.3413,51.9062,51.2394,51.8877,3152477.162
20101006,0,51.6469,51.8599,51.0912,51.4617,2618075.032
20101007,0,51.8321,51.8969,50.5726,50.9616,5424939.29
20101008,0,50.9523,51.5728,50.8968,51.3505,1948815.726
20101011,0,51.3876,52.1099,51.2116,52.0358,1613925.892
20101012,0,51.8969,52.0914,51.332,51.9895,1342882.354
20101013,0,52.3137,52.6378,51.9803,52.0266,1074526.5818
20101014,0,51.8969,52.4896,51.6006,51.9988,1440975.708
20101015,0,52.3229,52.7859,51.9154,52.4063,2057375.008
20101018,0,52.4618,53.3323,52.1377,53.2675,2374456.309
20101019,0,52.6841,53.4249,52.6748,52.9712,3332972.394
20101020,0,53.0452,54.138,52.8508,53.3508,2540091.947
20101021,0,53.5638,53.9435,53.0175,53.2397,1487366.248
20101022,0,53.7305,53.7305,52.8971,53.0638,977105.171
20101025,0,53.4898,54.0269,53.4064,53.5546,1529294.113
20101026,0,53.2212,53.7768,52.6748,53.3601,2569387.012
20101027,0,52.86,53.6287,52.6378,53.4898,3195621.667
20101028,0,53.8509,54.2769,53.499,54.1843,2785810.937
20101029,0,53.9528,54.0454,53.1101,53.6379,1370113.608
20101101,0,53.7583,54.3417,52.9619,53.2953,1777077.953
20101102,0,54.0732,54.4529,53.3786,54.0547,2450572.791
20101103,0,54.2028,55.24,53.8509,55.24,3307505
20101104,0,57.5552,59.2499,57.5089,57.6571,6596452
20101105,0,57.5367,57.8793,57.1848,57.4996,2521123.344
20101108,0,56.6569,57.8515,56.6569,57.3792,3500999.976
20101109,0,57.5274,57.9349,56.7958,57.2311,2911300.661
20101110,0,57.4163,57.7312,57.194,57.6293,3046003.628
20101111,0,57.1014,58.1016,57.1014,57.4811,2804046.904
20101112,0,56.9347,58.3053,56.8792,58.1108,2894359.788
20101115,0,58.3424,58.6665,57.9164,58.0182,2475693.66
20101116,0,57.4533,58.1294,57.1663,57.4719,1903910.866
20101117,0,57.194,58.0923,57.0551,57.4996,1961868.819
20101118,0,58.0368,58.8424,57.9812,58.1108,1953224.307
20101119,0,58.1942,58.2868,57.6293,58.1108,2123071.079
20101122,0,57.9256,58.222,56.9347,57.7867,1792847.971
20101123,0,57.1292,57.4441,56.694,56.7866,2343945.343
20101124,0,57.1663,57.8793,56.9255,57.4348,1105918.368
20101126,0,57.0992,57.5653,56.7916,57.2111,568042.451
20101129,0,56.8196,57.6305,56.5213,57.3695,1967129.379
20101130,0,56.7544,57.7424,56.5679,57.4068,1474230.552
20101201,0,58.2457,60.1005,58.1525,59.6252,3729079.111
20101202,0,59.5879,60.5852,59.532,60.3895,3250051.375
20101203,0,59.8955,61.7876,59.6811,61.5825,3604115.541
20101206,0,61.4334,61.974,61.1817,61.6012,2502285.147
20101207,0,61.9088,62.235,60.5386,60.5945,2865018.566
20101208,0,60.4454,61.3122,60.4454,61.1165,1821210.799
20101209,0,61.508,61.8808,61.0326,61.6198,1291139.058
20101210,0,61.741,62.1511,60.9114,60.9301,2459440.055
20101213,0,61.2377,61.2377,60.2217,60.231,2688706.97
20101214,0,60.4734,61.1165,60.259,60.4734,3272894.561
20101215,0,60.464,60.8089,59.4667,60.0819,2294140.773
20101216,0,60.0912,60.6411,59.4015,60.2497,1895121.528
20101217,0,60.0353,60.9767,60.0166,60.8648,2568871.028
20101220,0,60.8648,61.0792,60.492,60.8555,2353761.746
20101221,0,61.219,61.4427,60.8928,61.3309,2569464.764
20101222,0,61.5919,61.9181,61.0326,61.0606,1507887.601
20101223,0,61.1072,61.3495,60.6505,60.8835,1084361.739
20101227,0,60.8369,61.8901,60.7437,61.4986,1163023.57
20101228,0,61.452,61.6571,61.1817,61.5359,1015833.521
20101229,0,61.6105,62.1511,61.1445,61.6198,1536143.714
20101230,0,61.452,61.8901,61.3961,61.6105,995025.101
20101231,0,61.6198,61.6944,60.986,61.5732,952464.355000001
20110103,0,61.9274,63.0925,61.6851,62.6078,2368824.598
20110104,0,62.6544,63.5679,62.207,62.7756,5494698.872
20110105,0,62.6078,62.9154,62.3934,62.7756,2293079.921
20110106,0,63.0925,63.0925,61.8062,62.002,1872546.488
20110107,0,62.0765,62.4307,61.8249,62.2257,2837456.082
20110110,0,61.9833,62.0206,61.2377,61.7876,1652832.262
20110111,0,62.0952,62.2909,61.4614,61.6105,1403621.938
20110112,0,62.1325,62.1325,60.0819,60.492,3802284.122
20110113,0,60.4454,60.9208,60.2869,60.6505,2030549.407
20110114,0,60.492,61.1817,60.492,61.1445,1392128
20110118,0,61.0979,61.7223,60.9767,61.4334,1463984.661
20110119,0,61.3215,61.946,60.7157,61.741,3385255.904
20110120,0,61.5266,62.757,61.2283,62.4773,2883560.452
20110121,0,63.0552,63.5492,62.6637,62.6917,1737131.099
20110124,0,62.729,63.2696,62.729,63.0459,1987823.729
20110125,0,62.8595,63.484,62.5612,63.3069,2152034.069
20110126,0,63.5772,64.239,63.1391,63.4001,2098960
20110127,0,65.8701,67.4919,63.8568,64.5465,2615301
20110128,0,64.0898,64.9287,62.5239,62.5705,2686846.97
20110131,0,62.6265,64.0805,62.2163,63.223,2512742.106
20110201,0,63.9034,64.211,63.4374,64.0619,1992088.738
20110202,0,64.0898,64.7889,63.6051,64.5932,1785519.374
20110203,0,64.3135,64.9194,64.0246,64.705,1742650.715
20110204,0,64.6491,64.8355,64.0339,64.3974,1587086.906
20110207,0,64.6864,64.9194,64.3322,64.7796,1643775.184
20110208,0,64.7796,64.9846,64.5559,64.8168,2193106.393
20110209,0,64.7516,64.8634,64.1364,64.7423,1928212.205
20110210,0,64.4161,65.8701,64.3135,65.4879,2146569.764
20110211,0,65.3109,66.476,65.2456,66.2429,1596768.264
20110214,0,65.1338,65.9819,64.8634,65.4786,2273162.272
20110215,0,65.1617,66.4107,64.9567,66.4107,1734074.263
20110216,0,66.4107,67.5665,66.3268,67.3335,2411323.739
20110217,0,66.97,67.7249,66.8301,67.1936,1994398.397
20110218,0,67.0352,67.3428,66.7369,67.0538,1958152.731
20110222,0,66.1404,66.3641,64.8728,65.1151,2025540.451
20110223,0,65.0965,65.3015,64.0619,64.733,2354797.209
20110224,0,64.8085,66.7795,64.3486,66.6293,2352637.86
20110225,0,66.7232,67.2112,66.3384,66.9203,1569221.308
20110228,0,67.2863,67.8776,66.9954,67.6899,2658301.898
20110301,0,67.9152,67.9245,66.1131,66.2257,1692098.4
20110302,0,66.1506,66.1976,65.1933,65.5499,2344799.513
20110303,0,66.0005,68.0841,65.9817,68.0747,3394841.806
20110304,0,67.3989,67.7181,66.5824,67.5585,2596870.48
20110307,0,67.5116,67.9245,66.4228,66.6762,2469799.054
20110308,0,66.6387,67.3051,66.3008,66.7419,2573617.7
20110309,0,66.5918,66.6105,65.4655,65.9535,1706224.949
20110310,0,65.1651,65.2778,64.0858,64.4237,2603350.769
20110311,0,64.2735,65.0337,63.8887,64.6301,1393794.171
20110314,0,63.9544,64.6771,63.532,63.9356,2070567.38
20110315,0,62.2837,64.6771,62.1054,64.311,2708311.84
20110316,0,64.0295,64.4049,63.2317,63.532,3183792.165
20110317,0,64.3767,64.6865,63.1472,63.2504,2615778.957
20110318,0,64.5081,64.6958,63.3161,63.7385,3221703.207
20110321,0,64.3767,65.1276,64.3486,64.7991,1701076.732
20110322,0,64.724,65.2684,64.4706,64.8742,1662692.969
20110323,0,64.48,65.4655,64.2735,65.1276,1427154.498
20110324,0,65.3904,66.3008,65.259,65.9629,1522118.774
20110325,0,65.9911,66.6199,65.794,66.3665,1772129.269
20110328,0,66.329,66.3665,65.3998,65.6157,1649254.381
20110329,0,65.4749,66.4322,65.2778,66.1506,1932054.258
20110330,0,66.4228,67.1455,66.4228,67.1267,1745804.325
20110331,0,66.7607,67.2582,66.2633,66.9484,1755069.434
20110401,0,67.3332,68.3469,66.986,67.7087,2659251.041
20110404,0,67.5022,67.9058,67.1549,67.8495,1293898.119
20110405,0,67.5491,68.1123,67.3145,67.8682,1708202.149
20110406,0,67.9527,68.1216,67.5397,68.0278,1600947.256
20110407,0,67.8119,68.1592,67.2675,68.0184,1643821.078
20110408,0,68.2624,68.6942,67.7181,68.3563,1793411.79
20110411,0,68.5346,68.7317,68.0841,68.2812,1703497.734
20110412,0,68.2343,68.3563,67.4646,67.6899,1627729.754
20110413,0,67.9058,68.1686,67.5303,67.9339,1521528.637
20110414,0,67.5491,67.6711,66.9015,67.3426,2152487.235
20110415,0,67.7462,68.544,67.2582,68.3375,1755213.619
20110418,0,67.4834,68.131,67.0517,67.9058,1632145.387
20110419,0,67.9996,68.1592,67.5116,67.9996,1403186.229
20110420,0,68.7693,69.2385,68.6942,68.8819,2035195.298
20110421,0,69.3136,69.4638,68.8443,69.4356,1491962.94
20110425,0,69.2479,70.1677,69.1259,70.0739,1151707.913
20110426,0,70.224,70.7872,69.7548,70.393,2554604.996
20110427,0,70.3461,70.928,69.7266,70.6652,2275665
20110428,0,69.9425,71.707,69.9425,71.6601,2367474
20110429,0,71.8008,73.4527,71.5944,73.3401,2493577.739
20110502,0,73.4903,74.3444,72.9365,73.0679,2292649.304
20110503,0,72.8145,73.0773,71.3691,71.707,3601267.18
20110504,0,71.6882,72.4672,70.7778,72.364,2554826.967
20110505,0,71.9698,72.242,70.9467,71.2471,2172181.146
20110506,0,71.8478,72.5799,71.6038,72.0543,1815425.986
20110509,0,72.1106,72.6268,71.5944,72.2795,1171175.497
20110510,0,72.3171,73.8188,72.3077,73.6874,1213854.578
20110511,0,73.2463,73.7249,72.9553,73.7155,1901379.65
20110512,0,73.5748,73.7155,72.9271,73.265,1984952.429
20110513,0,73.2275,73.5935,72.1012,72.4954,1341534.107
20110516,0,72.1763,72.4672,71.7164,71.8572,1396021.272
20110517,0,71.6788,72.2326,70.7966,71.8008,2011663.95
20110518,0,71.8196,73.2744,71.538,72.8239,2435212.117
20110519,0,72.9553,72.9553,72.1763,72.5611,1708280.192
20110520,0,72.2795,73.6123,72.1387,73.1336,1797760.346
20110523,0,72.3734,72.9365,72.0355,72.8521,1673220.494
20110524,0,72.9741,73.1149,71.6225,71.8384,1483653.079
20110525,0,71.5287,71.7258,71.1345,71.4536,1891164.218
20110526,0,71.4915,72.4077,70.9909,72.011,1599526.937
20110527,0,72.3605,73.5789,72.2188,73.0216,1333317.745
20110531,0,73.4467,74.004,72.7477,72.8894,1839184.765
20110601,0,72.5777,73.0878,72.0866,72.2094,1562277.045
20110602,0,72.1054,72.9839,72.0866,72.7288,1533599.325
20110603,0,71.841,72.3132,71.4443,71.6237,1942085.525
20110606,0,71.3404,71.6615,70.972,70.972,1069233.13
20110607,0,71.3309,72.2282,71.1798,71.4159,1505283.29
20110608,0,71.4348,72.0488,70.6603,70.7642,1530457.754
20110609,0,70.632,71.6521,70.4053,71.4632,1733254.917
20110610,0,71.0854,71.2459,69.6686,69.6969,2678252.447
20110613,0,69.8197,70.2164,69.5836,69.6308,1230772.502
20110614,0,70.3203,71.1798,70.3203,70.8398,1602304.243
20110615,0,70.2353,71.1042,69.7347,69.848,2470978.543
20110616,0,69.6686,70.0369,68.7335,69.1491,2275024.108
20110617,0,69.7347,71.0854,69.4891,70.5186,2348231.13
20110620,0,70.0747,70.6792,69.7158,70.3108,1576812.24
20110621,0,70.7359,71.9921,70.462,71.7087,2021988.282
20110622,0,71.3309,71.8599,71.2459,71.2648,1550811.178
20110623,0,70.3014,70.7548,69.7441,70.4147,2685652.282
20110624,0,70.3581,70.7831,69.8386,70.3014,1716256.854
20110627,0,70.4997,72.2566,70.1125,72.0393,1746874.536
20110628,0,72.2849,73.3995,71.9449,73.3806,1646103.845
20110629,0,73.5411,73.6734,72.8611,73.1255,1763607.509
20110630,0,73.22,73.9095,73.22,73.7773,1591821.66
20110701,0,73.7206,75.1657,73.0122,75.0996,1616739.995
20110705,0,75.0713,76.3653,74.6273,75.5247,2059029.467
20110706,0,75.298,75.5624,74.9863,75.1941,2564031.312
20110707,0,75.9025,76.3747,75.553,75.5908,1382331.393
20110708,0,74.7124,74.9579,74.2118,74.8446,1619476.574
20110711,0,73.9945,74.8446,73.2011,73.475,1155687.628
20110712,0,73.2861,74.0795,73.1444,73.4939,1160670.024
20110713,0,73.919,74.6746,73.39,73.6073,991140.132999997
20110714,0,73.475,74.0701,72.6249,73.1822,1411911.046
20110715,0,73.4467,73.4467,72.3605,72.9555,1493553.011
20110718,0,72.6155,73.05,71.7182,72.0299,1688183.085
20110719,0,72.6155,73.0311,72.351,72.8611,1582109.001
20110720,0,72.965,73.1633,72.2849,72.3227,941371.435999999
20110721,0,72.9272,74.6651,72.8422,74.0417,1403990.857
20110722,0,73.8151,74.5423,73.8151,74.3912,1019721.792
20110725,0,73.6545,74.3629,73.5034,74.1268,1144819.825
20110726,0,73.9662,74.3062,73.4184,73.6167,1198222.965
20110727,0,73.0878,73.4278,72.8139,72.8611,1479503
20110728,0,72.2377,72.2377,69.1113,69.4797,3484932
20110729,0,68.5918,69.9425,67.7795,69.2719,2360783.664
20110801,0,70.0275,70.0275,68.1006,68.8846,1879090.521
20110802,0,68.2234,68.4973,65.9943,66.0605,3258567.547
20110803,0,66.0227,66.051,63.9069,65.626,4043764.451
20110804,0,64.5775,64.8987,63.0569,63.4063,4177081.512
20110805,0,64.2281,65.5693,62.1973,64.1336,3779634.483
20110808,0,62.8113,63.6519,59.3165,59.5338,3108238.375
20110809,0,60.2327,61.7534,57.7014,61.7345,4397954.79
20110810,0,60.8939,60.9033,57.5502,58.7498,4710963.284
20110811,0,59.2787,61.8856,58.7215,61.2717,2889829.314
20110812,0,61.2906,62.6318,61.0639,61.8573,1849027.556
20110815,0,61.8573,62.0084,60.6011,61.3945,2969023.194
20110816,0,60.3366,61.2528,59.8832,60.6861,2999232.732
20110817,0,61.0167,61.6212,60.5633,61.2717,2510797.322
20110818,0,60.0627,60.9033,58.3248,58.8726,2443138.986
20110819,0,58.0697,59.9777,57.8714,58.3059,2282267.404
20110822,0,59.5526,59.7321,57.3424,57.4652,1837688.656
20110823,0,57.6825,59.4487,57.4086,59.2882,1916284.852
20110824,0,59.2315,60.1666,58.9576,59.9021,1788700.027
20110825,0,60.1005,60.2516,58.542,59.1182,1676552.587
20110826,0,58.7781,60.2705,57.2669,59.9399,1503936.74
20110829,0,60.6724,61.9191,60.2155,61.9096,1431124.724
20110830,0,61.5575,64.5269,61.0816,62.3664,1501477.527
20110831,0,62.8138,63.4038,61.7193,62.2427,1778885.581
20110901,0,62.1856,63.0136,61.7859,62.2237,1993034.572
20110902,0,61.1006,61.5099,60.187,60.4725,1762298.488
20110906,0,58.807,60.2536,58.3121,59.9395,2045490.292
20110907,0,60.739,60.9864,60.1013,60.9389,1912500.095
20110908,0,60.5772,60.8913,60.0538,60.1204,2019167.572
20110909,0,59.378,59.6826,57.6269,58.0361,2981638.961
20110912,0,57.3699,58.6833,57.2842,58.6071,2586822.838
20110913,0,58.7784,59.359,58.3597,58.9593,2385996.641
20110914,0,59.4637,62.5758,58.9973,61.5765,3001473.794
20110915,0,62.2617,62.7662,61.2815,62.4711,2001780.84
20110916,0,62.8042,62.8042,61.1482,62.3664,3017021.286
20110919,0,61.3195,62.4902,61.1102,62.2332,1653886.097
20110920,0,62.8042,63.3372,62.0904,62.4331,1870085.121
20110921,0,61.9857,63.5275,60.8056,60.8151,2684169.61
20110922,0,59.0449,60.996,59.0259,60.8151,2994782.485
20110923,0,59.9871,61.8906,59.6826,61.6526,1925153.603
20110926,0,62.1666,62.9946,61.1958,62.928,1909604.068
20110927,0,64.2413,65.0313,63.4133,63.7464,1792727.93
20110928,0,63.6513,63.7464,61.8049,61.9191,2254793.047
20110929,0,62.966,63.3277,60.6724,61.5194,2234701.722
20110930,0,60.8056,61.1292,59.5589,59.7111,2678355.442
20111003,0,59.1591,61.5289,59.1591,59.9586,3677597.863
20111004,0,58.7784,61.9477,58.4453,61.9191,2763854.053
20111005,0,62.1095,63.3562,61.2339,63.2135,2334672.309
20111006,0,62.9755,65.1169,62.6329,64.879,2346862.123
20111007,0,65.1169,65.1169,63.9653,64.1557,1709782.081
20111010,0,64.2699,66.0686,64.2128,66.0306,1740392.261
20111011,0,65.3834,65.7165,64.622,65.0598,2133307.734
20111012,0,65.3168,66.5731,65.0027,65.6404,1544814.655
20111013,0,65.0979,65.7926,64.898,65.5166,1552811.462
20111014,0,66.2971,67.8389,65.4024,66.4493,2213190.61
20111017,0,65.9735,66.278,64.9742,64.9837,1106167.781
20111018,0,64.879,66.0972,64.2984,65.5642,1603156.753
20111019,0,65.8307,66.6302,65.3739,65.8307,1598178.837
20111020,0,66.0401,67.0013,65.6499,66.4493,1922220.191
20111021,0,66.9442,67.7722,66.8015,67.4391,2413622.724
20111024,0,67.5058,68.5336,67.2964,68.3718,1797016.555
20111025,0,68.1624,68.5336,66.8205,66.8871,1547069.87
20111026,0,68.0482,68.9143,66.8205,67.2393,3144395
20111027,0,65.6594,65.6594,59.4922,61.9096,11332453
20111028,0,61.6431,62.0238,59.34,59.4922,5273287.333
20111031,0,59.0449,61.1292,58.6166,60.7295,4476296.053
20111101,0,58.9593,61.0531,58.3026,60.5582,4955631.16
20111102,0,61.1673,62.0429,59.6921,59.7873,2674069.208
20111103,0,60.4535,60.7961,59.4256,59.6635,3593733.12
20111104,0,59.4256,59.8158,57.8648,58.2264,4298040.21
20111107,0,58.0075,59.3685,58.0075,59.1496,2673460.587
20111108,0,59.6255,59.7016,58.0551,59.4446,2580954.513
20111109,0,58.4644,58.531,56.8845,57.2176,3159549.581
20111110,0,57.7125,58.0361,56.6751,57.2176,3040855.94
20111111,0,57.7315,58.531,57.2938,58.0361,2727871.406
20111114,0,58.0456,58.1408,57.6554,57.684,2147164.997
20111115,0,57.5317,59.0069,57.446,58.6357,2023376.392
20111116,0,57.8743,58.5786,57.4841,57.6649,1967098.261
20111117,0,57.6744,58.4549,57.4175,57.5127,2277051.859
20111118,0,57.7601,57.8838,56.9702,57.4936,2396865.551
20111121,0,56.6466,57.5507,56.5133,56.9607,2031752.727
20111122,0,56.875,57.0178,55.9899,56.4943,2105945.701
20111123,0,55.9518,56.2564,54.9049,55.0382,1769187.127
20111125,0,54.7241,55.2761,54.6289,54.9906,875736.597000001
20111128,0,55.8939,56.2969,54.9437,55.0493,2473155.369
20111129,0,55.0397,55.7787,54.8478,55.4812,3458995.959
20111130,0,56.6137,58.1012,56.4313,58.0052,2468913.462
20111201,0,57.7557,58.7922,57.7557,58.4083,2108203.609
20111202,0,58.8594,61.4794,58.8594,61.3259,4030698.512
20111205,0,62.1896,62.7654,59.7231,60.1742,3244781.915
20111206,0,60.5197,61.1531,59.9727,60.1838,1859133.303
20111207,0,60.059,60.3469,59.2433,60.0206,1669375.76
20111208,0,59.7903,59.9727,58.4179,58.4947,1165449.87
20111209,0,58.8786,60.4237,58.8786,59.9727,1506771.467
20111212,0,59.5312,60.1838,59.1473,60.0782,1738853.749
20111213,0,60.4909,61.0187,59.6655,59.7999,2039759.399
20111214,0,59.3872,59.9535,59.2049,59.5504,1322901.401
20111215,0,60.0974,60.2126,59.6559,59.7135,1510717.446
20111216,0,60.1934,60.1934,58.7634,59.6847,2098452.802
20111219,0,59.7039,59.7423,58.2548,58.4275,1371945.272
20111220,0,59.4064,60.0398,59.0321,59.8287,1907563.332
20111221,0,59.9247,60.7308,59.7231,60.4813,2162108.196
20111222,0,60.6637,60.8076,60.2222,60.4333,1454852.844
20111223,0,60.8364,61.3738,60.3661,61.2107,1380859.203
20111227,0,61.1051,61.9593,61.0859,61.2107,989167.522
20111228,0,61.1627,61.2107,59.3872,59.6751,1314963.545
20111229,0,60.0014,60.6541,60.0014,60.5293,881752.158
20111230,0,60.4717,61.7001,60.4717,61.0475,1198042.795
20120103,0,61.8153,62.5447,61.633,62.2856,2050739.915
20120104,0,62.0552,62.823,61.9593,62.228,1549864.71
20120105,0,62.084,62.4583,61.5754,62.324,1429542.291
20120106,0,62.5063,62.6695,61.3546,61.5274,1676590.361
20120109,0,61.5754,62.1608,61.5274,61.6426,1382839.355
20120110,0,62.0169,62.3336,61.5562,61.7097,1499173.345
20120111,0,61.393,62.1992,61.393,61.9209,1171081.554
20120112,0,62.2472,62.3719,61.6809,62.2184,955954.356
20120113,0,62.0073,62.8134,61.8921,62.7942,1773878.623
20120117,0,63.37,63.61,62.7654,63.4852,1781816.452
20120118,0,63.3413,63.8019,63.1301,63.7443,1357530.707
20120119,0,64.0323,65.6062,63.9747,65.5678,2152951.192
20120120,0,65.6734,66.326,65.2223,66.2876,2539833.858
20120123,0,66.2684,66.8922,66.1436,66.4315,2282336.3
20120124,0,65.9037,66.086,65.5294,65.8749,1869247.591
20120125,0,65.8941,66.6139,65.4334,66.3068,1977020
20120126,0,68.6293,71.8731,68.6293,71.4701,5539027
20120127,0,71.115,71.9211,70.5295,70.8654,3363646.86
20120130,0,70.4336,70.6543,69.8289,70.5487,3313006.049
20120131,0,70.7599,71.0094,70.2992,70.7982,1933508.01
20120201,0,71.7292,72.1898,70.971,71.2493,1943863.228
20120202,0,71.4797,71.8347,70.8366,71.1821,1192345.252
20120203,0,71.6908,72.7849,71.4029,72.6313,1937294.712
20120206,0,72.1515,72.5065,71.4221,71.9979,1468570.796
20120207,0,71.7772,72.2858,71.2781,72.1227,1648765.545
20120208,0,72.1802,73.7638,71.6908,73.4567,2627425.845
20120209,0,73.3799,73.4087,72.8712,73.3319,1772352.17
20120210,0,72.6217,72.6313,71.9307,72.3146,1344257.958
20120213,0,72.5065,73.0632,71.7292,72.7465,1478969.675
20120214,0,72.4778,72.9384,72.1994,72.8137,1251514.816
20120215,0,72.8712,74.8099,72.6889,73.735,2565564.826
20120216,0,73.6966,73.9557,72.8041,73.9461,1763249.676
20120217,0,74.1285,74.7427,73.4855,74.5987,1364618.382
20120221,0,74.3108,74.3108,73.0824,73.5046,1743461.407
20120222,0,72.5161,73.6102,72.5161,73.1975,1337272.256
20120223,0,73.1112,74.2916,72.6889,74.0901,1574847.693
20120224,0,74.2148,75.1937,74.0229,75.0594,1857614.76
20120227,0,74.6244,76.7607,74.3054,76.5577,2374379.336
20120228,0,76.49,77.041,75.8617,76.8476,2234968.013
20120229,0,77.0506,77.2826,76.5287,76.78,1520286.231
20120301,0,76.751,77.2053,76.432,76.6447,1442653.968
20120302,0,76.8283,77.07,75.852,76.2967,1094824.354
20120305,0,75.91,76.3643,75.127,75.9583,1832917.191
20120306,0,75.3784,75.9873,74.75,75.2237,1373774.229
20120307,0,75.156,75.678,74.7307,75.504,1310741.199
20120308,0,76.171,76.838,75.8423,76.6253,1248946.685
20120309,0,76.5287,77.2246,76.345,77.0313,1099115.526
20120312,0,76.867,77.5726,76.7993,77.2826,1195408.392
20120313,0,77.4663,78.2976,77.389,78.2879,1498865.675
20120314,0,78.3556,78.7326,77.8626,77.8723,1421323.334
20120315,0,77.7853,77.8626,76.171,77.0603,1819538.04
20120316,0,76.7413,77.1763,76.3643,76.664,1874452.593
20120319,0,76.8573,77.9496,76.3643,77.6306,1106660.294
20120320,0,77.4276,77.6306,77.1183,77.331,1021984.555
20120321,0,77.5146,78.2976,77.331,77.9979,1598152.883
20120322,0,77.476,78.0076,77.244,77.5243,2007207.267
20120323,0,77.7756,78.3363,77.0893,78.2493,1412533.145
20120326,0,78.5683,78.9356,78.1333,78.7133,1668891.14
20120327,0,78.8196,79.0226,78.5296,78.5393,1176216.935
20120328,0,78.7036,78.8776,77.8433,77.853,1397256.483
20120329,0,77.273,77.7756,76.9733,77.6596,1291653.199
20120330,0,77.9303,78.8486,77.853,78.7519,1065469.134
20120402,0,78.5199,79.2352,78.2299,78.9839,959287.623999999
20120403,0,78.9163,79.1386,77.7756,78.1333,1084469.998
20120404,0,77.7756,78.1043,77.2826,77.9593,931651.73
20120405,0,77.5146,78.2009,77.273,78.1429,656874.304999998
20120409,0,77.5243,77.766,76.867,77.2536,1001056.325
20120410,0,77.0506,77.0893,75.0787,75.2914,1316276.89
20120411,0,75.8617,76.8186,75.7263,76.4513,958077.269000001
20120412,0,76.577,77.621,75.9873,77.5146,1253583.558
20120413,0,77.563,78.3653,77.476,77.679,887931.816999999
20120416,0,77.824,78.4039,77.476,78.3363,1126225.242
20120417,0,78.6649,79.2642,78.3943,79.1096,2124680.703
20120418,0,78.7133,79.2449,78.6263,79.1579,936224.173999999
20120419,0,79.0322,79.4286,78.2976,78.6649,1379315.721
20120420,0,78.8196,80.1052,78.6843,79.1482,1309188.884
20120423,0,78.7519,78.8486,77.534,78.3266,1432795.298
20120424,0,78.2203,79.1386,78.0753,78.2686,1129254.084
20120425,0,79.0516,79.6509,78.6843,79.4672,1929288
20120426,0,79.8442,80.8495,76.0163,78.3556,3508937
20120427,0,78.4716,78.7423,77.5726,77.9593,1272910.029
20120430,0,77.8336,78.0269,77.2053,77.7756,989483.992999999
20120501,0,77.65,79.0226,77.65,78.5586,1759043.1
20120502,0,78.2686,79.2352,77.5726,78.8583,1401606.652
20120503,0,78.7326,79.1869,77.4953,78.1333,1722974.193
20120504,0,77.65,77.9496,75.8423,76.1613,1383383.842
20120507,0,75.8907,76.8186,75.4944,76.6253,1412638.919
20120508,0,76.287,76.316,74.982,76.1807,1292274.855
20120509,0,75.3397,75.9583,74.2474,74.4407,2519018.73
20120510,0,74.8564,75.3494,74.2861,74.7114,1691747.658
20120511,0,74.3634,75.823,74.2957,74.5471,1566685.367
20120514,0,73.8607,74.1894,73.1744,73.5417,1122413.954
20120515,0,73.4064,74.4987,73.3194,73.7834,1262303.226
20120516,0,74.0154,74.4214,73.6771,73.8027,1212520.29
20120517,0,73.7351,73.9864,71.9468,72.1111,1188138.672
20120518,0,72.4011,72.5751,71.3378,71.5601,1683787.272
20120521,0,71.6471,74.0637,71.3378,74.0541,1721863.241
20120522,0,74.1411,74.4697,73.1164,73.5321,1240238.111
20120523,0,73.2324,73.4161,72.1788,73.0874,1490656.042
20120524,0,73.2808,74.3731,73.0874,74.3441,1606535.801
20120525,0,74.2571,74.8854,73.5127,73.8317,1041035.953
20120529,0,74.4644,74.815,73.812,74.63,1181816.477
20120530,0,74.3086,74.3183,73.5101,73.8607,1115732.43
20120531,0,73.7536,73.9288,72.7895,73.4322,1147511.891
20120601,0,72.5558,73.0232,72.0105,72.2637,1495615.397
20120604,0,72.1274,72.6435,71.7573,72.0884,2008711.377
20120605,0,71.8839,73.3835,71.5918,73.2375,1864084.432
20120606,0,73.5101,74.0846,73.4225,73.7146,1958614.618
20120607,0,74.5715,74.6884,73.2472,73.2959,1975251.078
20120608,0,73.1401,74.1625,73.0524,74.0262,1821761.669
20120611,0,74.4644,75.3603,74.2891,74.6397,1431108.707
20120612,0,74.6105,75.8374,74.6105,75.7206,1122464.014
20120613,0,75.3603,75.7887,74.5618,74.961,1267318.023
20120614,0,75.2337,76.2951,74.9221,75.8082,1049657.674
20120615,0,75.7887,76.3438,75.4382,75.9056,1879527.407
20120618,0,75.779,77.0644,75.6037,76.8599,1092237.202
20120619,0,76.8502,78.2621,76.6846,77.5805,1553413.139
20120620,0,77.6876,77.785,76.6846,77.2591,1591667.85
20120621,0,77.5513,77.5513,76.1296,76.1685,1030798.827
20120622,0,76.6067,76.8404,75.5453,75.9056,1590339.895
20120625,0,75.3603,75.5258,74.815,74.9902,1299289.627
20120626,0,75.1753,76.4801,75.0487,76.3633,2178463.298
20120627,0,76.4509,78.5056,76.4314,77.8629,2150550.605
20120628,0,77.8045,77.9797,77.1033,77.9213,879774.771
20120629,0,78.934,79.8786,78.4179,79.8494,1185452.715
20120702,0,80.2194,81.1542,79.937,81.1445,1002116.612
20120703,0,81.2224,81.7872,80.9205,81.3295,986400.653
20120705,0,81.3198,81.573,79.5767,79.6254,1702678.356
20120706,0,79.2456,80.1026,79.1288,79.791,1024868.059
20120709,0,79.4307,79.8689,78.9438,79.3722,1056587.317
20120710,0,79.3528,80.1415,79.2651,79.7812,1464624.587
20120711,0,79.7812,80.9984,79.7812,80.6089,1770649.071
20120712,0,80.0052,80.2389,79.3917,79.9273,1491768.549
20120713,0,79.7033,81.3782,79.7033,81.2613,1486361.332
20120716,0,80.8621,81.1348,80.4921,80.57,1530452.049
20120717,0,80.8621,83.0434,80.5505,82.5759,1682682.86
20120718,0,82.6149,83.0726,82.1183,82.8778,2426197.775
20120719,0,83.1797,84.0366,82.6928,83.4231,2627780.646
20120720,0,82.7512,83.1115,82.2838,82.5857,1605061.274
20120723,0,81.5827,82.1183,81.0179,81.8846,1046995.725
20120724,0,81.8359,81.9527,80.4726,81.1834,1386743.145
20120725,0,81.3295,81.4658,80.6187,81.0958,1715594.869
20120726,0,82.1183,82.7902,81.8748,82.2351,1901897.22
20120727,0,82.7902,82.9947,82.167,82.2546,2074186.829
20120730,0,81.9917,83.2284,81.9917,82.7707,1376002.482
20120731,0,82.9265,83.725,82.6052,82.7707,1729401.714
20120801,0,83.316,84.4164,83.0531,83.5108,2308880
20120802,0,82.5565,86.4418,81.6314,85.6628,3775503
20120803,0,86.325,87.6396,84.9812,86.8313,2276296.747
20120806,0,87.0261,87.5811,86.5002,86.7047,839689.343
20120807,0,87.1429,87.5714,86.4418,86.7632,1012789.417
20120808,0,86.3444,87.0748,86.1789,86.9384,1055089.611
20120809,0,86.7826,86.7826,85.8186,86.6366,1266737.587
20120810,0,86.4613,87.2306,86.1984,87.0261,1484615.143
20120813,0,87.0456,87.922,86.4516,87.3474,1421564.232
20120814,0,87.844,89.3339,87.3961,88.253,2395700.379
20120815,0,87.883,88.0875,87.0358,87.4156,1255049.172
20120816,0,87.1527,87.7661,87.1235,87.2111,1279689.272
20120817,0,87.3961,87.6396,86.919,87.4059,1446315.765
20120820,0,87.7467,87.7467,86.88,87.0845,1291709.782
20120821,0,87.0748,87.7369,86.695,86.9384,1571073.64
20120822,0,86.5489,87.1819,86.5489,86.9384,1128344.363
20120823,0,86.9482,87.1527,86.3055,86.7729,1234715.088
20120824,0,86.4613,87.3572,85.7504,87.1527,1123278.439
20120827,0,87.1137,87.7759,86.9579,87.513,1078990.647
20120828,0,87.0845,88.068,86.8995,87.5324,1451328.325
20120829,0,87.7578,87.9342,87.1111,87.5129,931803.154
20120830,0,87.1307,87.3659,86.6702,87.0915,851012.726
20120831,0,87.4933,87.6304,86.7388,87.1993,713038.034
20120904,0,87.2189,87.4541,86.1998,86.729,1227218.662
20120905,0,87.0915,88.0322,86.6114,87.5717,1721493.069
20120906,0,87.8068,88.9239,87.601,88.7769,1597021.828
20120907,0,88.7377,89.0415,88.4927,88.9631,1648679.558
20120910,0,89.7176,90.4329,88.287,89.551,1976195.296
20120911,0,89.355,90.2173,89.3354,89.502,1522182.408
20120912,0,89.6,90.2957,89.4824,89.9234,1239552.008
20120913,0,89.9821,91.0992,89.6196,91.0012,1655759.124
20120914,0,91.0012,91.6087,90.2271,90.3937,1162895.367
20120917,0,90.6387,90.6387,90.0507,90.2859,1304839.591
20120918,0,90.2467,91.011,90.0017,90.6485,1356825.797
20120919,0,90.7758,91.9027,90.3741,91.5499,1576357.436
20120920,0,91.2364,91.8537,90.864,91.6479,1248914.422
20120921,0,91.9811,92.9904,91.5304,92.6768,2445000.287
20120924,0,92.5592,94.5484,92.52,93.9115,2604153.817
20120925,0,94.519,94.6268,92.765,92.7846,1541539.631
20120926,0,92.6278,92.7552,91.7851,92.1281,2113719.632
20120927,0,92.4612,93.6469,92.0497,93.0884,1849444.575
20120928,0,92.7748,93.7841,92.4514,93.2353,1424291.895
20121001,0,93.9115,94.7933,93.4411,93.7351,1643053.53
20121002,0,94.372,97.1549,94.029,96.1358,3350975.301
20121003,0,95.9888,96.6747,95.6164,96.3416,1968882.544
20121004,0,97.0471,98.1543,96.6845,96.9491,1772495.883
20121005,0,97.733,98.0073,96.9785,97.1549,1264018.157
20121008,0,96.9099,96.9589,96.0868,96.4297,1064493.37
20121009,0,96.2926,96.2926,95.0971,95.2931,1804651.983
20121010,0,95.7928,95.7928,95.1363,95.4989,1534666.532
20121011,0,95.7928,96.175,94.0388,94.4112,1695946.756
20121012,0,94.6562,95.6752,94.421,94.9207,1312933.595
20121015,0,95.1363,96.5865,94.7542,96.4003,1676002.206
20121016,0,97.1549,97.4096,96.5571,96.6551,1017172.832
20121017,0,96.8805,97.9877,96.7041,97.7232,1311355.003
20121018,0,97.4978,98.4777,97.1353,98.3013,1683620.88
20121019,0,97.9877,98.4385,97.1842,97.684,1801522.956
20121022,0,97.9584,97.9779,96.8021,97.2822,954517.154
20121023,0,96.2534,96.4395,95.1461,95.8222,1383469.873
20121024,0,95.6948,97.5174,95.4009,96.7629,1851929.343
20121025,0,97.3116,97.831,95.6262,96.0182,1310205.675
20121026,0,95.9202,97.782,95.9202,97.5174,1764981
20121031,0,97.3508,97.9682,96.4199,97.1842,1149959
20121101,0,97.1646,98.0073,96.6061,96.6649,1178617.613
20121102,0,96.4787,97.9192,96.2534,96.3122,1523697
20121105,0,90.4819,93.3333,89.4236,89.9724,5041555
20121106,0,90.3545,92.3535,90.0801,92.1967,2454171.792
20121107,0,91.8929,92.52,90.2369,91.3834,2623498.283
20121108,0,92.0007,92.7062,90.5603,91.1286,1730337.733
20121109,0,90.1291,91.9419,90.1291,91.2266,1799634.969
20121112,0,91.2756,91.4226,89.4922,89.6098,1551713.162
20121113,0,88.9729,90.3153,87.6304,89.2864,2693012.093
20121114,0,89.453,93.5783,87.2679,87.3757,1808211.652
20121115,0,88.4437,90.3741,88.2576,89.1003,2372247.836
20121116,0,88.7867,88.9729,87.7186,88.8553,1668376.04
20121119,0,88.9239,90.5015,88.7279,90.5015,1400094.313
20121120,0,90.4133,91.8439,90.3643,91.0208,1900864.422
20121121,0,90.815,90.9522,89.9625,90.2565,1028525.394
20121123,0,90.7563,91.6969,90.6093,91.6675,391465.224
20121126,0,91.109,92.2653,90.9424,91.2364,972137.707999999
20121127,0,90.9816,92.2849,90.8052,91.354,1442583.524
20121128,0,90.7129,91.5114,90.2101,91.4325,1972997.973
20121129,0,90.5157,93.0394,90.5157,92.7732,1351839.339
20121130,0,92.7338,94.0252,92.4479,93.7689,1621216.683
20121203,0,93.8181,94.8729,93.6506,93.7984,1549441.285
20121204,0,93.6604,94.2125,93.4041,93.6407,1180581.997
20121205,0,93.6407,93.8871,92.4775,93.0394,1698452.016
20121206,0,93.2858,93.3351,92.6943,92.9802,1556484.201
20121207,0,93.3647,93.7491,93.1281,93.4731,1284440.156
20121210,0,93.2858,93.5421,92.3493,92.576,1152233.193
20121211,0,92.9802,93.7097,92.2606,92.6056,1535110.474
20121212,0,92.8915,93.6308,92.369,92.4085,1897536.631
20121213,0,92.6056,93.5125,92.2113,92.5169,989589.698999999
20121214,0,91.6494,93.1774,91.6494,92.6549,1182608.577
20121217,0,93.0295,94.6166,92.8323,94.5871,1540510.451
20121218,0,94.4293,95.1785,93.5027,94.8828,1958189.331
20121219,0,94.8532,95.0011,94.0843,94.3505,1285812.466
20121220,0,94.2026,96.046,94.104,95.8686,1710529.658
20121221,0,95.3856,95.8883,93.8379,94.2125,1962592.157
20121224,0,94.6561,95.6221,94.4293,95.3264,740798.685
20121226,0,95.3067,95.3166,93.9759,94.7152,899313.351999999
20121227,0,94.8434,95.3264,93.621,94.9419,1081842.04
20121228,0,94.2913,95.0208,93.7491,93.897,847544.996999999
20121231,0,93.6703,95.8587,93.6506,95.6912,931778.497
20130102,0,97.1008,97.7317,96.9529,97.6232,1120214.539
20130103,0,97.633,97.633,96.3811,96.4008,1192350.443
20130104,0,96.7459,96.7754,95.9867,96.3614,1326976.669
20130107,0,95.9079,96.5191,95.7206,95.8784,856459.506
20130108,0,95.484,95.484,92.5759,94.8926,3941394.117
20130109,0,95.2573,96.5191,95.1981,96.1839,1941315.301
20130110,0,96.5093,96.598,95.8093,96.391,1115329.148
20130111,0,96.6965,96.7853,96.0459,96.4501,908234.224999999
20130114,0,96.4797,97.2289,96.4797,96.7853,1096628.614
20130115,0,96.4993,97.3176,96.2924,97.1796,1000477.702
20130116,0,96.7261,97.7119,96.7261,97.4162,831005.063999999
20130117,0,97.5739,98.4415,97.5739,98.1851,950443.918
20130118,0,98.2344,99.3188,97.8598,98.9737,1476028.096
20130122,0,98.4513,100.551,98.402,98.9245,2715492.381
20130123,0,97.8204,99.2497,97.8204,98.9935,1860158.013
20130124,0,99.3685,99.5354,98.5104,98.954,1571538.784
20130125,0,99.3973,99.3973,98.609,99.1019,858109.067999999
20130128,0,99.171,99.9202,98.895,99.447,1042004.43
20130129,0,99.0231,99.2104,98.2049,98.9443,1238711.38
20130130,0,98.9443,99.7921,98.6584,99.2696,2299102
20130131,0,94.173,94.242,87.026,88.1202,9960129
20130201,0,87.7654,89.1455,85.567,88.8399,8238555.96300001
20130204,0,88.5047,89.3821,87.5781,87.8048,3624910.553
20130205,0,87.9034,88.5047,86.75,86.9176,3898098.466
20130206,0,86.8979,87.095,86.405,86.819,3967213.2
20130207,0,86.9866,87.095,86.0106,86.4247,3480007.421
20130208,0,86.75,87.5781,85.8726,87.5386,2764618.416
20130211,0,87.3809,87.4893,86.2768,86.6908,2731393.334
20130212,0,86.6021,86.9373,86.0402,86.6218,2162393.778
20130213,0,86.3655,86.5035,85.3699,85.498,2741205.02
20130214,0,84.6404,85.9811,84.1179,85.015,3452199.811
20130215,0,84.8573,86.2275,84.6404,85.705,3367211.568
20130219,0,85.4683,86.0105,85.2712,85.7148,2644700.854
20130220,0,85.6754,86.6119,85.2909,85.3402,2374509.786
20130221,0,84.7882,85.0444,83.4869,83.5461,2871866.91
20130222,0,84.6403,85.4979,83.3686,85.1234,3344748.76
20130225,0,85.3304,86.2275,84.9854,85.1776,3205906.002
20130226,0,85.3499,86.1247,85.0917,85.931,2670861.699
20130227,0,85.8962,87.7437,85.4195,87.4109,3102770.156
20130228,0,87.0881,87.2172,85.8863,85.9061,3466700.219
20130301,0,85.7174,88.0617,85.4989,88.0317,4115897.077
20130304,0,87.8727,88.4587,86.4821,88.1508,1612637.005
20130305,0,88.5282,89.5215,88.4885,89.005,1888123.86
20130306,0,89.3924,89.6009,88.3594,88.6871,2120868.453
20130307,0,88.5282,89.3526,88.3991,88.7567,1758346.73
20130308,0,89.1043,89.6208,89.0745,89.0844,1750484.296
20130311,0,89.1738,90.5147,88.7567,90.1671,1946333.659
20130312,0,90.3657,91.1206,89.9883,90.9418,2466197.752
20130313,0,90.8822,91.2299,90.3757,91.1007,1890230.919
20130314,0,91.2199,91.359,90.8425,91.1802,1752923.205
20130315,0,91.2597,91.8655,91.0312,91.647,2464902.926
20130318,0,90.4651,92.978,89.8095,92.7694,2913475.385
20130319,0,93.5839,93.8123,92.829,93.5044,2791722.65
20130320,0,93.862,95.4015,93.7825,94.9545,2253629.702
20130321,0,94.3387,94.5771,93.0574,93.2164,2995902.669
20130322,0,93.5243,95.6796,93.4647,95.1731,3002645.876
20130325,0,95.4909,95.7988,94.3089,94.8155,1830454.257
20130326,0,95.0837,95.4412,94.2791,95.332,2992387.566
20130327,0,95.0141,95.5207,94.5672,95.332,1320636.589
20130328,0,95.4909,95.6498,94.8453,95.4015,1678970.424
20130401,0,95.4611,95.918,95.2327,95.4909,1917462.258
20130402,0,95.6002,96.6133,95.5803,96.2259,1412071.973
20130403,0,96.6431,96.9708,95.5008,95.8187,2176031.566
20130404,0,95.8385,97.0602,95.8187,96.8318,2354367.589
20130405,0,96.6828,96.9311,95.769,96.9311,2227966.41
20130408,0,96.6232,97.1198,94.7857,95.2823,2607520.216
20130409,0,95.6796,95.8286,93.9514,94.001,1924921.235
20130410,0,94.0606,94.746,93.5839,93.6236,2419573.886
20130411,0,93.5243,94.0507,92.4019,92.9978,3759714.9
20130412,0,92.7893,93.3653,92.7595,93.1965,3489806.914
20130415,0,92.6105,92.9978,91.8755,91.9748,2094775.159
20130416,0,92.1337,92.7297,91.9947,92.531,3019259.392
20130417,0,91.7861,92.4516,90.9716,91.4384,1402726.642
20130418,0,91.6768,91.6868,89.7698,90.0082,1969076.281
20130419,0,90.3459,90.8524,89.7599,90.6935,5512936.895
20130422,0,90.9816,91.9053,90.6637,91.6868,1712881.515
20130423,0,92.2033,92.392,90.9518,91.8655,1894638.829
20130424,0,92.1139,92.8687,91.1703,92.1337,2690570
20130425,0,89.293,91.9847,89.2036,91.5974,3979962
20130426,0,91.7662,93.2263,91.5477,92.8489,3670560.086
20130429,0,93.0475,93.8024,92.9085,93.4448,2564638.36
20130430,0,93.703,94.2692,92.7992,93.2462,3466769.812
20130501,0,93.3058,94.2593,92.8588,93.8123,4464501.158
20130502,0,93.8719,95.2227,93.8719,94.9446,3174676.65
20130503,0,95.5505,96.2855,95.5505,95.6995,1871846.806
20130506,0,95.3916,95.9279,95.0439,95.5406,1493276.979
20130507,0,95.5207,97.0404,95.4512,96.8517,1692563.522
20130508,0,96.9112,97.8846,96.7424,97.6462,3174990.409
20130509,0,97.3582,97.9939,96.5139,97.2887,1445820.581
20130510,0,97.4079,98.0833,96.9708,97.3681,1633898.468
20130513,0,97.0106,97.8648,97.0106,97.5072,1487545.25
20130514,0,97.6264,98.0237,97.3383,97.5171,1096028.004
20130515,0,97.5072,98.7587,97.0602,98.5799,1957319.107
20130516,0,98.0833,98.421,96.206,96.5835,1669939.749
20130517,0,96.7623,97.3781,96.5239,97.2291,1055422.842
20130520,0,97.2986,97.4178,95.63,95.918,1692104.607
20130521,0,96.1564,97.1596,95.9677,96.2855,1590122.95
20130522,0,96.206,96.7126,94.4083,94.8552,1535832.128
20130523,0,94.299,95.6995,94.2195,95.4015,1057664.994
20130524,0,94.9943,95.1532,93.9812,94.3685,1168298.83
20130528,0,95.2823,95.9776,94.8751,95.6151,1111863.968
20130529,0,95.15,96.26,94.51,96.14,1352500
20130530,0,96.11,97.33,96.11,96.9,1693255
20130531,0,96.48,97.24,95.53,95.63,2878699
20130603,0,95.5,95.52,94.01,95.13,1297528
20130604,0,94.88,95.47,93.97,95.24,1426919
20130605,0,94.83,95.12,92.87,92.9,2060845
20130606,0,93.1,94.66,93.1,94.54,1296334
20130607,0,95.44,95.55,94.42,94.95,1285730
20130610,0,95.96,96.53,95.36,95.74,2021061
20130611,0,95.05,96.52,94.75,95.92,1466015
20130612,0,96.47,96.58,93.8,93.97,1236473
20130613,0,94.07,96.4,93.57,96.16,1154646
20130614,0,95.85,104.05,95.8,103.78,8539383
20130617,0,102.5,103.2,100.46,101.3,4343936
20130618,0,101.49,104,101.3,103.07,2216461
20130619,0,102.99,103.81,102.25,102.64,1193067
20130620,0,101.99,102.2,99.81,100.53,1643497
20130621,0,101.45,102.41,100.5,101.85,2207459
20130624,0,100.8,101.39,99.75,99.81,1807869
20130625,0,100.48,100.98,98.46,99.43,2879356
20130626,0,100.25,104.21,100.25,103.55,2552636
20130627,0,103.97,112.44,103.97,108.15,7921550
20130628,0,107.84,113.06,107.38,112.62,3392152
20130701,0,112.76,114.71,110.59,110.75,4812326
20130702,0,110.94,111.3,109.13,109.51,3359467
20130703,0,108.76,112.58,107.8,112.45,2239389
20130705,0,111.21,113.11,110.95,112.32,1773421
20130708,0,113.23,114.24,111.7,111.94,3285159
20130709,0,112.71,115.36,112.61,114.25,3719231
20130710,0,114.04,114.71,112.67,113.83,1857971
20130711,0,115.9,116.95,114.22,115.47,2189986
20130712,0,115.48,115.48,113.77,115.11,2488562
20130715,0,115.42,116.6,114.82,114.87,1211024
20130716,0,114.85,115.03,113.3,113.31,2037522
20130717,0,113.52,114,112.12,113.32,3459266
20130718,0,113.43,114.76,113.36,113.88,1787821
20130719,0,119.11,119.48,116.04,116.58,3813039
20130722,0,116.34,116.99,114.7,116.03,2043020
20130723,0,116.18,118.29,115.97,117.26,2594064
20130724,0,117.69,117.97,116.83,117.27,1118396
20130725,0,117.1,117.67,116.74,117.2,2154851
20130726,0,116.4,117.12,115.99,116.83,1379103
20130729,0,116.96,117.09,115.2,115.24,1033619
20130730,0,115.55,115.93,113.35,114.68,2016997
20130731,0,115.39,115.91,113.52,114.06,2380651
20130801,0,118.655,120.93,114.6,117.49,2615922
20130802,0,117.96,120.41,108.26,116.91,7527448
20130805,0,116.53,118.39,116.3,116.37,2022436
20130806,0,115.86,116.4,113.78,114.24,1810088
20130807,0,113.69,115.5,113.37,114.75,1600092
20130808,0,113.65,115.81,113.65,114.79,977408
20130809,0,114.62,115.81,114.62,114.89,954235
