20070913,0,24.9,26.07,24.9,25.7,86400
20071001,0,26.45,28.49,26.1,27.33,3236099
20071002,0,28.3,29.5,27.05,27.48,3298647
20071003,0,26,27.55,26,26.5,1360309
20071004,0,26.81,26.86,26.1,26.5,2661983
20071005,0,26.32,27.43,26.32,27.01,2756200
20071008,0,27.04,27.45,27,27.27,2131380
20071009,0,27.3,27.45,27.02,27.4,2485800
20071010,0,27.8,28.13,26.82,26.9,1954666
20071011,0,26.86,27.52,26.71,26.9,1740300
20071012,0,27,28.5,26.5,28.4,3433352
20071015,0,28.96,29.25,28.6,29.02,3905700
20071016,0,30.08,30.08,28.61,28.99,2651400
20071017,0,29.4,29.4,28.4,28.78,2350416
20071018,0,28.01,28.95,27.51,28.75,1366299
20071019,0,28.72,28.87,27.53,27.56,1582300
20071022,0,28.89,28.89,27.17,27.73,1126271
20071023,0,28.05,28.24,27.56,27.83,1148600
20071024,0,27.89,28.25,27.5,28.24,1851368
20071025,0,28.18,28.51,27.94,28.43,1249800
20071026,0,28.7,29.69,28.5,28.91,1800700
20071029,0,28.5,28.9,27.63,27.74,863500
20071030,0,28.5,28.76,28.13,28.2,1345245
20071031,0,27.06,28.6,27.06,28.54,1289500
20071101,0,27.83,28.13,27.46,27.67,1397500
20071102,0,27.7,28.23,27.46,27.89,740200
20071105,0,27.99,28,27.18,27.44,886000
20071106,0,27.02,27.49,27,27.21,876100
20071107,0,27.01,27.75,26.69,26.7,989225
20071108,0,26.65,26.65,25.89,26.18,1196100
20071109,0,25.82,25.82,24.75,24.8,1150548
20071112,0,24.75,25.08,24.59,24.89,2208624
20071113,0,25.01,25.93,24.75,25.93,754980
20071114,0,26.06,26.06,24.56,25.04,898408
20071115,0,25,25.09,24.23,24.45,1577636
20071116,0,24.53,24.53,23.2,23.9,1839108
20071119,0,23.4,23.74,23.14,23.16,1209999
20071120,0,23.25,24.36,22.35,24.04,2010901
20071121,0,23.97,24.51,23.9,23.99,759900
20071123,0,24.22,24.87,23.6,24.84,519000
20071126,0,24.96,25.33,24.27,24.32,1217200
20071127,0,24.16,24.6,23.97,24.5,925401
20071128,0,25.01,26.26,24.59,26.09,614900
20071129,0,26.07,26.78,25.77,26.59,692637
20071130,0,26.5,26.58,25.65,25.9,765550
20071203,0,25.53,26.5,25.38,26.24,713372
20071204,0,26.41,27.5,26.25,26.41,800637
20071205,0,26.67,27.31,26.66,26.7,1800006
20071206,0,26.77,27.09,26.66,26.82,1087300
20071207,0,27.14,27.23,26.29,26.53,962253
20071210,0,26.54,26.86,26.44,26.67,624174
20071211,0,26.7,27.12,25.48,25.53,796100
20071212,0,26.9,26.9,25.81,26.13,622099
20071213,0,25.9,26.67,25.9,26.67,615500
20071214,0,26.55,27.74,26.49,27.21,754900
20071217,0,26.95,27,26.32,26.75,697000
20071218,0,26.64,27.12,26.46,26.78,662400
20071219,0,27.09,27.09,26.16,26.46,724950
20071220,0,26.65,26.73,26.44,26.61,847000
20071221,0,26.7,27.1,26.5,26.81,1375800
20071224,0,27,27.7,27,27.41,299650
20071226,0,27.63,27.63,26.7,27.01,618665
20071227,0,26.68,26.98,26.67,26.81,404660
20071228,0,27.03,27.81,27,27.44,1148300
20071231,0,27.4,27.56,27.22,27.27,295323
20080102,0,27.41,27.9,26.78,26.85,1094623
20080103,0,27.21,27.5,26.78,26.81,1068761
20080104,0,26.69,27.03,26.29,26.71,874070
20080107,0,26.73,26.94,26.62,26.84,3191014
20080108,0,26.95,27.23,26.63,26.75,2968867
20080109,0,26.62,26.98,26.45,26.9,1977536
20080110,0,27.05,27.05,26.4,26.67,581500
20080111,0,26.44,26.7,25.47,25.79,1657112
20080114,0,25.9,25.92,25.11,25.52,1285641
20080115,0,25.26,26.1,25.04,25.15,2004400
20080116,0,24.96,26.34,24.96,25.64,1575099
20080117,0,25.69,25.9,24.8,24.84,657634
20080118,0,24.97,26,24,24.08,1338330
20080122,0,23.09,23.73,22.13,23.35,1788637
20080123,0,22.36,23.14,22.25,22.49,3447779
20080124,0,22.38,23.18,22.25,22.94,1534066
20080125,0,23.08,23.4,22.64,23.09,547221
20080128,0,23.17,23.85,22.97,23.79,550215
20080129,0,23.99,23.99,23.36,23.45,768047
20080130,0,23.33,23.64,22.92,23,1103207
20080131,0,22.82,24.02,22.82,23.76,749261
20080201,0,23.89,24,23.53,23.55,823400
20080204,0,23.52,24.41,23.52,24.3,507570
20080205,0,23.89,24,23.43,23.59,544200
20080206,0,23.47,23.71,23.14,23.31,1273425
20080207,0,23.34,23.58,23.06,23.23,873361
20080208,0,22.89,23.12,22.27,22.57,808293
20080211,0,22.53,22.76,22.43,22.58,793388
20080212,0,22.5,23,21.1,21.74,3645545
20080213,0,21.96,24.16,21.89,23.16,2785967
20080214,0,23.07,23.8,22.99,23.57,1516021
20080215,0,23.33,23.72,23.11,23.71,1158672
20080219,0,24.01,24.73,23.84,24.52,1476116
20080220,0,24.48,24.98,24.32,24.91,916516
20080221,0,25,25.1,24.32,24.55,1387350
20080222,0,24.62,24.97,24.39,24.83,1027722
20080225,0,24.99,25.22,24.89,25.09,1705783
20080226,0,25.22,26.5,25.01,26.06,2758534
20080227,0,26.04,27.04,26.03,26.49,982861
20080228,0,26.39,26.67,26.03,26.04,449918
20080229,0,25.71,25.95,25.12,25.26,424900
20080303,0,25.25,26.04,25.25,25.96,613900
20080304,0,25.63,26.05,25.17,25.57,622732
20080305,0,25.59,26.49,25.59,26.46,578047
20080306,0,26.26,26.53,25.69,25.71,1164004
20080307,0,25.4,25.63,24.48,24.9,1038590
20080310,0,24.86,24.95,24.16,24.21,630950
20080311,0,24.68,25.06,24.29,24.68,898031
20080312,0,24.79,25.06,24.51,24.81,727421
20080313,0,24.39,24.68,24.06,24.41,630188
20080314,0,25.42,25.42,23.6,23.79,992255
20080317,0,23.57,24.49,22.56,22.58,1435395
20080318,0,22.72,23.82,22.57,23.62,1563364
20080319,0,24.09,24.11,22.9,23.05,1188887
20080320,0,23.75,23.75,22.35,23.48,1242969
20080324,0,23.53,25.38,23.47,24.89,945326
20080325,0,24.83,25.12,24.03,24.24,613666
20080326,0,23.99,24.27,23.2,23.27,853196
20080327,0,23.29,23.29,22.24,22.53,1716233
20080328,0,22.58,22.99,21.92,21.97,774186
20080331,0,21.9,22.26,21.4,22.06,1514633
20080401,0,22.02,22.72,20.11,20.57,2945337
20080402,0,20.76,21.91,20.68,21.61,1848519
20080403,0,21.48,22.09,21.28,21.98,1334721
20080404,0,21.97,22.03,21.68,21.91,1824989
20080407,0,22.01,22.36,21.77,22.05,507822
20080408,0,21.8,22.42,21.79,22.23,415900
20080409,0,22.33,22.41,22.18,22.29,759613
20080410,0,22.02,22.34,21.97,22.1,944230
20080411,0,21.95,22,21.41,21.5,2172313
20080414,0,21.5,21.57,20.76,20.85,2231205
20080415,0,20.97,21.16,20.52,20.55,1515238
20080416,0,20.74,21.42,20.58,21.36,1253090
20080417,0,21.18,21.88,21.18,21.57,924364
20080418,0,21.92,22.66,21.01,21.98,925728
20080421,0,21.91,21.92,21.39,21.74,521936
20080422,0,21.58,21.69,21.09,21.25,410956
20080423,0,21.25,21.7,21.25,21.55,364662
20080424,0,21.53,21.78,21.12,21.56,916158
20080425,0,21.77,21.81,21.2,21.79,734230
20080428,0,21.54,22.55,21.54,22.3,627752
20080429,0,22.17,22.17,21.5,21.86,571357
20080430,0,21.79,22.06,21.25,21.31,553832
20080501,0,21.3,21.83,21.08,21.75,1452073
20080502,0,21.98,22.55,21.85,22.45,1021159
20080505,0,22.44,22.65,22.19,22.61,641647
20080506,0,22.5,23.38,22.44,23.19,604015
20080507,0,23.18,24.08,22.57,23.02,2436989
20080508,0,22.1,24.4,21.75,23.39,3146715
20080509,0,23.05,24.05,23.05,23.48,1430062
20080512,0,23.57,23.97,23.24,23.86,1172405
20080513,0,23.79,24.24,23.69,24.04,883332
20080514,0,24.08,24.53,24.02,24.07,1353157
20080515,0,24.05,24.88,24.01,24.85,676109
20080516,0,24.97,25.17,24.7,25.11,1931869
20080519,0,25.04,25.87,24.98,25.34,1008263
20080520,0,25.29,25.58,25.06,25.38,647184
20080521,0,25.5,25.88,25.23,25.3,859016
20080522,0,25.37,25.5,24.95,25.4,1104210
20080523,0,25.4,25.51,25.25,25.36,869718
20080527,0,25.25,25.62,25.1,25.62,534908
20080528,0,25.64,26.16,25.53,26.08,597477
20080529,0,26.01,26.43,25.83,26.35,479258
20080530,0,26.28,27.32,26.18,26.94,1122462
20080602,0,27.06,27.06,26.01,26.2,974715
20080603,0,26.15,27.16,25.5,26.82,1514753
20080604,0,26.74,26.74,25.9,25.99,1421084
20080605,0,26.22,26.3,25.64,26.23,1057521
20080606,0,26.1,26.13,25.23,25.29,916859
20080609,0,25.14,25.76,24.77,25.2,941990
20080610,0,25.05,25.15,24.7,24.85,1107076
20080611,0,24.76,24.89,24,24.03,2176472
20080612,0,24.15,24.18,23.21,23.38,2336559
20080613,0,23.52,24.27,23.52,24.14,1939556
20080616,0,23.92,24.31,23.68,23.89,1098267
20080617,0,23.78,24.2,23.54,23.56,1314905
20080618,0,23.33,23.9,23.33,23.53,1493653
20080619,0,23.4,23.67,23.36,23.58,1585779
20080620,0,23.23,23.39,22.92,23.16,1109478
20080623,0,23.19,23.5,23.09,23.36,1232034
20080624,0,23.22,23.32,22.51,22.78,1788125
20080625,0,22.9,23.4,22.76,23.23,1548060
20080626,0,22.96,23.18,22.74,22.87,1054393
20080627,0,22.93,23.3,22.76,23.19,1314997
20080630,0,23.24,23.3,22.87,23.14,678391
20080701,0,22.84,23.14,22.5,22.76,945879
20080702,0,22.75,22.98,22.42,22.44,1519387
20080703,0,22.57,22.92,22.23,22.8,371918
20080707,0,22.85,23,21.89,22.14,904786
20080708,0,22.17,23.23,21.96,22.98,1639241
20080709,0,22.96,23.54,22.87,22.93,1089452
20080710,0,22.75,23.07,22.19,22.45,978394
20080711,0,22.15,22.62,21.61,22.37,1173837
20080714,0,22.43,23.01,22.3,22.49,1073314
20080715,0,22.35,22.49,22.02,22.14,1157576
20080716,0,22.25,22.75,22.1,22.48,869550
20080717,0,22.51,22.68,21.99,22.25,2141193
20080718,0,22.33,23.5,21.7,22.77,881217
20080721,0,22.84,22.84,22.5,22.57,569844
20080722,0,22.5,23.13,22.26,22.44,1108998
20080723,0,22.57,22.94,22.3,22.62,1725980
20080724,0,22.72,22.96,22.12,22.29,996018
20080725,0,22.5,22.5,21.97,22.21,447649
20080728,0,21.97,22.61,21.97,22.21,1160790
20080729,0,22.08,23.02,22.08,22.97,599307
20080730,0,22.9,23.21,22.7,23.01,419849
20080731,0,22.85,23.56,22.85,23.41,1086588
20080801,0,23.44,23.58,22.37,22.41,1160276
20080804,0,22.51,22.7,22.22,22.47,397986
20080805,0,22.54,22.67,22.24,22.58,516905
20080806,0,22.69,23.11,22.46,22.76,696461
20080807,0,24,25.88,23.83,24.43,3068341
20080808,0,24.59,25.45,24.4,25.14,1606001
20080811,0,25.13,25.59,24.86,25.21,1303682
20080812,0,25.03,25.53,24.23,24.5,1973199
20080813,0,24.59,24.7,24.31,24.42,1513238
20080814,0,24.59,25.02,24.01,24.76,1336673
20080815,0,25.49,25.49,24.8,24.93,1482769
20080818,0,24.95,25.17,24.92,25.05,1453547
20080819,0,24.96,25.12,24.78,24.79,812305
20080820,0,24.73,25.24,24.66,25.05,1060296
20080821,0,24.78,24.98,24.35,24.45,1302724
20080822,0,24.69,24.99,24.53,24.66,1264620
20080825,0,24.52,24.66,23.94,24.04,863194
20080826,0,23.92,24.72,23.85,24.55,1067359
20080827,0,24.54,24.9,24.48,24.67,768878
20080828,0,24.86,25.02,24.6,24.84,850905
20080829,0,24.81,24.84,24.45,24.58,525885
20080902,0,25.03,25.16,24.77,24.95,1331589
20080903,0,24.99,25.05,23.81,23.88,1948851
20080904,0,23.78,23.8,22.82,22.83,1113128
20080905,0,22.69,23.74,22.5,23.57,1827650
20080908,0,23.96,24.09,23.28,23.67,921838
20080909,0,23.89,24.09,23.42,23.51,1234783
20080910,0,23.38,23.86,23.37,23.66,603944
20080911,0,23.56,23.6,22.76,23.43,1219002
20080912,0,23.21,23.23,22.65,22.94,926648
20080915,0,22.56,22.69,21.73,22.1,1694461
20080916,0,21.95,23.85,21.95,23.52,2095574
20080917,0,23.36,23.57,22.25,22.32,1390600
20080918,0,22.49,22.56,21.22,21.86,1819047
20080919,0,22.4,23.55,21.17,22.2,2121020
20080922,0,22.29,22.29,21.28,21.39,645742
20080923,0,21.57,22.13,21.21,21.26,872497
20080924,0,21.24,21.42,20.96,20.96,1197760
20080925,0,20.9,21.17,19.2,19.38,3526670
20080926,0,19.13,21.15,19.08,20.59,4520953
20080929,0,20.38,20.59,18,18.43,2623270
20080930,0,18.67,19.53,17.9,19.51,2929973
20081001,0,19.4,19.7,18.64,18.85,1870466
20081002,0,18.77,19.07,17.79,17.92,1797269
20081003,0,18.13,18.52,17.04,17.17,1584563
20081006,0,16.84,17.04,15.63,16.8,1520072
20081007,0,16.83,16.83,15.98,16.07,1584676
20081008,0,15.92,17.13,15.71,16.91,2552834
20081009,0,17.26,17.54,15.97,16.13,2038449
20081010,0,15.65,16.39,14.5,15.39,3159796
20081013,0,16.07,16.25,15.2,16.18,1136582
20081014,0,17.19,18,16.02,16.15,1102842
20081015,0,15.98,16.16,15.49,16.09,1564279
20081016,0,16.65,17.22,15.81,17.21,3645976
20081017,0,17.24,17.49,16.42,16.76,2904237
20081020,0,16.73,17.31,16.5,16.88,1390091
20081021,0,16.78,17.19,16.1,16.16,1459404
20081022,0,15.9,15.9,14.51,14.71,1974890
20081023,0,14.71,15.09,14.03,14.91,1781328
20081024,0,14.07,15,14.06,14.68,981673
20081027,0,14.46,14.9,14.04,14.29,937576
20081028,0,14.52,15.67,14.33,15.67,918319
20081029,0,15.43,15.94,14.93,15.47,805578
20081030,0,15.49,15.8,15.16,15.59,854257
20081031,0,15.66,15.9,15.1,15.37,1330096
20081103,0,15.52,15.75,15.29,15.34,707090
20081104,0,15.68,17.49,15.31,16.6,1820975
20081105,0,16.03,16.63,15.44,15.48,757036
20081106,0,15.42,15.6,14.38,14.53,927760
20081107,0,14.67,14.83,14.13,14.46,1187492
20081110,0,14.6,14.84,14.08,14.28,635084
20081111,0,13.92,14.09,13.16,13.41,1508488
20081112,0,13.13,13.62,12.55,12.6,1188685
20081113,0,12.56,13.01,11.8,12.75,1773051
20081114,0,12.64,13,11.97,11.97,1590932
20081117,0,11.85,12.91,11.81,12.45,1327436
20081118,0,12.55,12.55,11.93,12.33,1342398
20081119,0,12.29,12.44,11.74,11.79,1317146
20081120,0,11.73,12,11.43,11.45,1814256
20081121,0,11.64,12,11.11,11.98,1544333
20081124,0,12.18,12.68,12,12.48,1342254
20081125,0,12.66,13.24,12.57,13.19,1222525
20081126,0,13,13.55,12.81,13.46,896706
20081128,0,13.76,13.87,13.18,13.43,320537
20081201,0,13.16,13.37,12.68,12.83,1151616
20081202,0,13.03,13.81,12.93,13.72,1240257
20081203,0,13.4,13.92,13.13,13.83,908813
20081204,0,13.6,14.03,12.97,13.21,1057028
20081205,0,13.06,13.69,12.62,13.66,1087825
20081208,0,13.88,14.52,13.65,14.26,686308
20081209,0,14.16,14.73,14.01,14.43,834464
20081210,0,14.42,14.82,14.42,14.79,790308
20081211,0,14.5,15.21,14.47,14.85,1476025
20081212,0,14.39,15.03,14.13,14.86,1675171
20081215,0,14.93,15.03,13.96,14.14,1106345
20081216,0,14.29,15.08,14.29,14.99,919434
20081217,0,14.74,15.68,14.39,15.49,1031706
20081218,0,15.48,15.57,14.71,15.03,1057026
20081219,0,14.68,15.57,14.68,15.02,1177164
20081222,0,15.12,15.12,14.09,14.37,750159
20081223,0,14.55,14.57,14.01,14.16,546143
20081224,0,13.99,14.34,13.96,14.24,209307
20081226,0,14.29,14.67,14.17,14.57,179868
20081229,0,14.62,14.62,14.07,14.38,388621
20081230,0,14.34,14.9,14.12,14.86,508980
20081231,0,14.75,15.01,14.66,14.85,529351
20090102,0,14.99,16.01,14.59,15.89,1370472
20090105,0,15.76,15.76,15.14,15.53,955162
20090106,0,15.65,15.73,15.15,15.45,922909
20090107,0,15.24,15.72,15.07,15.51,581300
20090108,0,15.52,16.02,15.31,15.95,659461
20090109,0,15.93,16.05,15.39,15.44,647016
20090112,0,15.51,15.51,14.86,15.05,1087435
20090113,0,15.12,15.28,14.78,14.86,1037530
20090114,0,14.68,14.68,14.02,14.19,967628
20090115,0,14.24,14.72,13.94,14.55,1188848
20090116,0,14.71,15.31,14.6,15.21,1099387
20090120,0,15.29,15.38,14.28,14.29,1348669
20090121,0,14.47,14.65,13.95,14.56,1272055
20090122,0,14.2,14.55,14.03,14.23,1282678
20090123,0,14.13,14.19,13.7,13.91,844884
20090126,0,13.97,14.28,13.7,13.89,691321
20090127,0,13.82,14.09,13.82,13.96,718193
20090128,0,14.16,14.24,13.94,14.05,697738
20090129,0,13.94,14.05,13.61,13.71,778930
20090130,0,13.69,13.83,13.1,13.13,1451372
20090202,0,13.03,13.18,12.77,13.02,599289
20090203,0,13.02,13.32,12.75,13.21,966378
20090204,0,13.37,13.57,13.27,13.41,992476
20090205,0,13.26,13.31,12.99,13.09,1333537
20090206,0,13.17,13.39,12.86,13.33,1403352
20090209,0,13.5,13.53,13.17,13.47,1050516
20090210,0,13.45,13.58,13,13.07,1685038
20090211,0,13.06,13.35,12.96,13.13,1496372
20090212,0,14.17,14.49,13.78,14.1,5619055
20090213,0,14.07,15.36,14.07,15.19,4823266
20090217,0,14.57,14.74,14.38,14.47,2468754
20090218,0,14.36,14.83,14.36,14.62,2223916
20090219,0,14.69,14.9,14.15,14.47,3078807
20090220,0,14.27,14.86,14.27,14.41,3223460
20090223,0,14.59,14.59,14,14.02,2924210
20090224,0,14.12,14.74,14.06,14.64,2070797
20090225,0,14.55,15.23,14.38,14.9,1770478
20090226,0,15.01,15.61,14.83,15.45,2519254
20090227,0,15.14,15.77,15.05,15.52,2736354
20090302,0,15.19,15.22,14.6,14.68,2242006
20090303,0,14.8,15.51,14.7,15.4,2382023
20090304,0,15.53,16.38,15.33,16.25,3302311
20090305,0,15.84,16.53,15.84,16.32,3430932
20090306,0,16.42,16.63,15.69,16.01,2268930
20090309,0,15.84,16.23,15.39,15.65,1577927
20090310,0,15.86,16.01,15.31,15.48,2453428
20090311,0,15.41,16.26,15.4,16.12,3011201
20090312,0,15.92,16.76,15.79,16.76,2414146
20090313,0,16.64,17.33,16.62,17.1,2570562
20090316,0,17.1,17.34,16.24,16.24,1773397
20090317,0,16.29,16.69,16.19,16.68,1234729
20090318,0,16.52,17.1,16.49,16.78,1873909
20090319,0,17.02,17.2,16.66,16.82,1935131
20090320,0,16.8,16.97,16.2,16.37,2579862
20090323,0,16.47,16.88,16.17,16.88,1663477
20090324,0,16.79,17.04,16.62,16.78,1270285
20090325,0,16.9,17,16.02,16.37,1666287
20090326,0,16.48,17.06,16.37,17,2826238
20090327,0,16.91,16.91,16.71,16.88,1859018
20090330,0,16.63,16.7,16.23,16.39,2479663
20090331,0,16.49,16.56,16.09,16.19,1560884
20090401,0,16.21,16.23,15.86,16,2042700
20090402,0,16.43,16.81,16.26,16.68,3530308
20090403,0,16.55,16.61,15.89,16.38,3750547
20090406,0,16.29,16.29,15.8,16.1,2543738
20090407,0,16.13,16.13,15.53,15.58,1566834
20090408,0,15.65,16,15.54,15.77,934512
20090409,0,15.98,16.47,15.9,16.43,1607233
20090413,0,16.3,16.34,15.14,15.26,2736016
20090414,0,15.17,15.51,15.1,15.32,1167588
20090415,0,15.2,15.77,15.17,15.56,1998284
20090416,0,15.54,15.93,15.39,15.8,1854311
20090417,0,15.91,16.64,15.85,16.39,2360922
20090420,0,16.3,16.41,16.04,16.19,1558392
20090421,0,16.15,16.49,16.1,16.47,1359615
20090422,0,16.38,16.7,16.13,16.32,1350884
20090423,0,16.35,16.5,15.96,16.22,1138953
20090424,0,16.39,16.6,16.22,16.47,860773
20090427,0,16.3,16.34,15.88,15.97,1287660
20090428,0,15.83,16.1,15.7,15.93,2452946
20090429,0,15.97,16.95,15.94,16.73,1605763
20090430,0,16.87,17.12,16.67,16.74,1039531
20090501,0,16.74,17.1,16.25,17.1,1540736
20090504,0,17.11,19.15,17.11,18.28,3839600
20090505,0,18.29,18.91,18.29,18.74,2598357
20090506,0,18.84,18.97,18.18,18.81,1878137
20090507,0,20.05,23.46,19.08,20.52,7970811
20090508,0,21.19,21.74,20.44,20.82,4016487
20090511,0,20.81,21.85,20.52,21.38,1606748
20090512,0,21.48,21.48,20.56,21.01,2410916
20090513,0,20.79,21,20.3,20.39,1371086
20090514,0,20.43,20.83,20.31,20.43,1440929
20090515,0,20.58,21.18,20.53,20.57,1469989
20090518,0,20.86,21.13,20.19,20.63,2097100
20090519,0,20.7,20.86,20.1,20.62,2307577
20090520,0,20.8,21.51,20.75,20.95,1933152
20090521,0,20.48,21.22,20.09,20.92,1969485
20090522,0,20.98,21.31,20.12,21.07,1870848
20090526,0,20.98,21.54,20.53,21.45,1810136
20090527,0,21.46,21.76,20.92,20.93,2309316
20090528,0,20.74,21.44,20.55,21.39,2062181
20090529,0,21.41,21.55,21,21.54,1743809
20090601,0,21.86,22.75,21.65,22.65,1800526
20090602,0,22.68,23.12,22.53,22.97,2095357
20090603,0,22.93,23.08,22.31,22.66,1323344
20090604,0,22.68,23.15,22.5,23.07,1085028
20090605,0,23.24,24.16,23.24,24.13,2226574
20090608,0,24.1,24.1,23.13,23.37,1576084
20090609,0,23.57,24.17,23.18,24.12,1318907
20090610,0,24.12,24.24,23.3,23.9,1572589
20090611,0,24.1,24.42,23.62,24.05,1065921
20090612,0,23.92,24.08,23.4,23.97,808731
20090615,0,23.6,23.85,22.98,23.12,832340
20090616,0,23.25,23.57,22.66,22.69,1013502
20090617,0,22.69,23.15,22.56,22.97,948660
20090618,0,23.07,23.07,22.13,22.49,1288448
20090619,0,22.66,23.22,22.56,23.02,1205502
20090622,0,22.73,23,22.03,22.04,895368
20090623,0,22.16,22.61,22.01,22.51,1005155
20090624,0,22.64,22.89,21.78,21.8,2030740
20090625,0,21.83,22.85,21.58,22.79,1813814
20090626,0,22.86,23.1,22.51,22.98,1147276
20090629,0,23.04,23.26,22.34,23.15,799465
20090630,0,23.24,23.48,22.74,23.33,1557617
20090701,0,23.33,24.13,23.33,23.76,1393184
20090702,0,23.6,23.6,22.78,22.96,701278
20090706,0,22.86,23.18,22.37,23.17,1435432
20090707,0,22.91,23.11,21.92,21.93,1048447
20090708,0,21.99,22.14,21.43,21.86,1122695
20090709,0,21.87,22.71,21.85,22.57,1036246
20090710,0,22.38,22.8,22.32,22.6,973661
20090713,0,22.6,23.49,22.48,23.38,1047972
20090714,0,23.42,23.6,22.83,23.5,918491
20090715,0,23.87,23.92,23.58,23.87,946695
20090716,0,23.75,24.76,23.71,24.64,1275199
20090717,0,24.46,24.9,24.46,24.68,941326
20090720,0,24.76,24.97,24.6,24.75,984648
20090721,0,24.92,25.07,24.61,24.78,1103642
20090722,0,24.75,25.09,24.34,24.41,881830
20090723,0,24.42,25.12,24.42,24.82,846958
20090724,0,24.6,25.41,24.26,24.65,781969
20090727,0,24.67,24.76,24.14,24.3,651995
20090728,0,24.21,24.39,23.77,23.91,1505653
20090729,0,23.81,24.28,23.69,23.73,1112860
20090730,0,23.96,25,23.96,24.46,1545069
20090731,0,24.71,24.84,24.48,24.58,1119291
20090803,0,24.91,25.23,24.6,25.2,1502226
20090804,0,25.13,25.66,25.1,25.6,1679688
20090805,0,25.67,25.75,24.78,24.92,1864272
20090806,0,25.95,26.98,25.68,26.68,2900469
20090807,0,26.96,28.02,26.65,26.91,2459192
20090810,0,27,27.05,26.48,26.6,2393156
20090811,0,26.39,26.7,26.1,26.5,2395601
20090812,0,26.5,27.16,26.4,26.94,1490927
20090813,0,27.04,27.67,26.65,27.56,1733573
20090814,0,27.35,27.38,26.78,27.05,727953
20090817,0,26.82,27,26.08,26.08,1052362
20090818,0,26.19,26.35,25.88,26.21,947439
20090819,0,26.19,26.34,25.9,26.19,821600
20090820,0,26.21,26.53,25.83,26.1,948473
20090821,0,26.19,26.58,26.03,26.34,952789
20090824,0,26.37,26.63,25.92,25.97,884951
20090825,0,26.3,26.73,26.01,26.5,1273183
20090826,0,26.51,27.15,26.39,26.72,1210556
20090827,0,26.87,26.93,26.21,26.9,1013618
20090828,0,27.08,27.32,26.84,27.04,1320757
20090831,0,26.66,27.04,26.57,26.91,1154215
20090901,0,26.95,27.26,25.62,25.66,1318877
20090902,0,25.37,25.86,25.12,25.7,1438166
20090903,0,25.92,25.92,25.36,25.55,999627
20090904,0,25.54,26.19,25.54,26.13,817421
20090908,0,25.78,26.24,25.12,25.5,2351051
20090909,0,25.58,25.81,25.25,25.59,1522529
20090910,0,25.54,26.5,25.54,26.42,1706335
20090911,0,26.4,26.48,25.87,26.16,714327
20090914,0,26,26.33,25.84,26.23,972153
20090915,0,26.15,26.15,25.42,25.67,1050267
20090916,0,25.7,26.51,25.7,26.51,1256122
20090917,0,26.37,26.78,26.25,26.74,1153735
20090918,0,26.88,26.88,26.18,26.38,1386331
20090921,0,26.18,26.43,25.91,26.32,958564
20090922,0,26.39,26.64,26.08,26.47,1206032
20090923,0,26.47,28.63,26.47,27.6,3126843
20090924,0,27.68,27.88,27.14,27.82,1849697
20090925,0,27.4,27.69,26.9,27.61,1432684
20090928,0,27.65,27.97,27.5,27.87,716561
20090929,0,27.92,28,27.55,27.77,846913
20090930,0,27.71,27.77,26.72,27.46,1382657
20091001,0,27.53,27.61,26.51,26.52,1383095
20091002,0,26.2,26.5,25.88,26.38,1134509
20091005,0,26.52,27.08,26.1,26.82,1163666
20091006,0,27.06,27.58,26.91,27.32,1200776
20091007,0,27.22,27.61,27.05,27.58,680831
20091008,0,27.68,27.77,27.06,27.07,1096036
20091009,0,27,27.55,26.92,27.41,1698690
20091012,0,27.45,27.94,27.34,27.56,856498
20091013,0,27.62,28.06,27.36,27.72,1684102
20091014,0,28.25,28.61,28.25,28.51,1602450
20091015,0,28.43,28.72,28.17,28.71,735981
20091016,0,28.55,28.84,27.96,28.56,1243144
20091019,0,28.62,28.95,28.42,28.94,1230472
20091020,0,28.68,28.99,28.17,28.26,956816
20091021,0,28.28,28.92,28.16,28.27,1021825
20091022,0,28.26,28.88,28.08,28.84,832940
20091023,0,28.9,29,28.2,28.29,774569
20091026,0,29.58,29.75,28.83,28.99,1806335
20091027,0,29.04,29.22,28.24,28.52,1290825
20091028,0,28.31,28.63,28.11,28.25,1188110
20091029,0,28.46,29.31,28.19,29.04,1298425
20091030,0,29.13,29.17,27.87,27.91,1306898
20091102,0,28,28.72,27.77,28.44,1477659
20091103,0,28.31,28.79,27.98,28.62,1083982
20091104,0,28.76,29.5,28.72,28.97,1364792
20091105,0,29.73,29.85,28.5,28.6,2434728
20091106,0,28.55,28.88,28.28,28.58,1354513
20091109,0,28.74,30.08,28.72,30.03,2137295
20091110,0,30.09,30.46,29.84,30.24,1667776
20091111,0,30.37,30.5,30.03,30.18,1049672
20091112,0,29.96,30.2,29.74,30.09,2019138
20091113,0,30.02,30.23,29.95,30.16,1316563
20091116,0,30.26,30.86,30.13,30.46,1728698
20091117,0,30.39,31.24,29.81,30.08,1305739
20091118,0,30.1,30.21,29.69,29.98,1542213
20091119,0,29.81,29.95,29.4,29.41,1528015
20091120,0,29.37,29.48,28.86,29.45,1722050
20091123,0,29.75,30.34,29.43,30.09,1626988
20091124,0,30.04,30.09,29.56,29.73,1121279
20091125,0,29.71,29.75,29.55,29.59,730649
20091127,0,29,29.05,28.13,28.83,754995
20091130,0,28.97,29.39,28.48,29.3,1503944
20091201,0,29.64,30.93,29.3,30.62,2750094
20091202,0,30.51,30.96,30.42,30.45,1045881
20091203,0,30.66,30.83,30.12,30.15,1105367
20091204,0,30.64,30.83,30.11,30.59,1549361
20091207,0,30.5,30.86,30.22,30.32,1220278
20091208,0,30.09,30.24,29.49,29.52,1252430
20091209,0,29.34,30.05,29.13,29.92,1594281
20091210,0,29.96,31.33,29.96,31.3,2611100
20091211,0,31.3,31.3,30.4,30.76,1421533
20091214,0,30.77,31,30.43,30.95,1598671
20091215,0,30.92,31.28,30.5,31.01,1122751
20091216,0,31.09,32.24,31.02,32.09,1651567
20091217,0,31.84,31.95,31.54,31.63,1450167
20091218,0,31.82,31.82,30.82,31.19,1951703
20091221,0,31.4,31.49,30.66,30.7,1383550
20091222,0,30.61,30.95,30.55,30.75,1233733
20091223,0,30.96,31.33,30.7,31.3,837214
20091224,0,31.52,31.69,31.27,31.57,266855
20091228,0,31.71,31.72,30.98,31.09,667698
20091229,0,31.24,31.25,30.99,31.08,639947
20091230,0,30.99,31.19,30.59,31.17,495960
20091231,0,31.18,31.89,31.12,31.41,1551119
20100104,0,31.78,31.78,30.25,30.89,2653213
20100105,0,30.9,31.05,30.69,30.96,2028524
20100106,0,31.04,31.04,30.59,30.63,1175523
20100107,0,30.71,30.83,30.29,30.29,1762593
20100108,0,30.19,30.84,30.02,30.77,1502450
20100111,0,30.98,31.18,30.89,31.03,910964
20100112,0,30.93,31,30.22,30.33,937484
20100113,0,30.39,30.7,29.8,30.23,1272864
20100114,0,30.45,30.52,30,30.37,1103702
20100115,0,30.27,30.37,29.74,30.07,1387224
20100119,0,30.04,30.17,29.66,29.99,938545
20100120,0,29.78,30.25,29.46,30.17,1032632
20100121,0,30.29,30.35,29.64,29.66,922116
20100122,0,29.53,29.6,28.6,28.66,1177977
20100125,0,28.88,28.88,27.86,27.86,1672949
20100126,0,27.75,28.79,27.29,28.43,1308781
20100127,0,28.33,28.7,28,28.53,1175688
20100128,0,28.58,28.58,28.03,28.2,901453
20100129,0,28.25,28.37,27.84,28.01,1515098
20100201,0,27.96,28.31,27.92,28.09,945547
20100202,0,28.12,28.91,28.06,28.82,1112344
20100203,0,28.79,28.99,28.48,28.81,699906
20100204,0,28.61,28.61,27.7,27.79,1450317
20100205,0,27.71,27.8,27.25,27.67,1715664
20100208,0,27.71,28.55,27.41,28.02,1324808
20100209,0,28.3,28.65,28.03,28.26,694164
20100210,0,28.15,28.81,27.68,28.68,1355717
20100211,0,28.35,28.61,26.8,28.33,3438793
20100212,0,28.09,28.81,27.14,28.71,1808597
20100216,0,28.91,29.52,28.6,29.48,1415365
20100217,0,29.53,29.7,29.16,29.56,1278191
20100218,0,29.58,30.17,29.44,30.04,1106630
20100219,0,29.85,30.14,29.66,29.83,923128
20100222,0,29.88,30.02,29.1,29.46,1717789
20100223,0,29.47,29.75,29.43,29.62,1490017
20100224,0,29.61,30.2,29.61,30.11,1065725
20100225,0,29.66,30.26,29.39,30.23,1057555
20100226,0,30.28,30.63,30.11,30.47,755376
20100301,0,30.58,30.91,30.43,30.91,621394
20100302,0,30.86,30.97,30.38,30.49,1455181
20100303,0,30.49,30.49,29.73,29.85,2117236
20100304,0,30,30.48,29.97,30.47,923844
20100305,0,30.61,30.8,30.4,30.46,978704
20100308,0,30.57,30.61,30.18,30.2,755651
20100309,0,30.18,30.45,30.01,30.33,1459860
20100310,0,30.22,30.22,29.51,29.77,1462305
20100311,0,29.63,29.92,29.42,29.9,939432
20100312,0,29.87,29.99,29.52,29.69,685605
20100315,0,29.61,29.7,29.18,29.67,1071406
20100316,0,29.74,29.74,28.64,29.03,2363386
20100317,0,29.08,29.74,28.83,28.95,2096560
20100318,0,28.95,29.26,28.68,29.24,1118038
20100319,0,29.19,29.25,28.7,28.9,1204621
20100322,0,28.84,29.36,28.39,29.23,1064776
20100323,0,29.4,29.44,28.97,29.39,755655
20100324,0,29.26,29.32,28.8,28.82,1158645
20100325,0,29.01,29.02,28.2,28.25,1558641
20100326,0,28.29,29.11,28.29,28.97,1427850
20100329,0,29.06,29.58,29.05,29.2,1186805
20100330,0,29.25,29.45,29.01,29.15,970219
20100331,0,29.03,29.16,28.82,28.87,715364
20100401,0,29,29.77,29,29.28,1712301
20100405,0,29.32,29.42,29.2,29.27,1113773
20100406,0,29.2,29.35,28.97,29.29,884212
20100407,0,29.32,29.32,28.55,28.66,1984450
20100408,0,28.58,28.58,28,28.35,2020804
20100409,0,28.35,28.38,28.13,28.27,1228035
20100412,0,28.32,28.76,28.18,28.63,1507641
20100413,0,28.61,28.94,28.61,28.7,1631501
20100414,0,28.79,29.43,28.55,29.43,1539093
20100415,0,29.88,31.19,29.88,30.5,2942601
20100416,0,30.4,30.57,29.64,29.99,1670144
20100419,0,29.89,30.28,29.72,30.26,1523583
20100420,0,30.28,30.41,30.02,30.32,669946
20100421,0,30.29,30.66,30.21,30.6,1025883
20100422,0,30.31,30.7,29.97,30.61,1253269
20100423,0,30.41,30.66,30.18,30.6,843262
20100426,0,30.61,31.19,30.5,30.84,1067381
20100427,0,30.8,30.85,29.88,29.99,1150266
20100428,0,30.09,30.12,29.72,30.02,1005835
20100429,0,30.12,30.2,29.73,29.79,987309
20100430,0,29.86,30.33,29.02,29.03,1312325
20100503,0,29.17,29.56,29.02,29.51,1242417
20100504,0,29.3,29.3,28.38,28.9,1388227
20100505,0,28.63,29.8,28.51,29.25,1986820
20100506,0,29.65,31.55,28.25,30.38,4555063
20100507,0,30.27,30.62,29.27,29.48,2886742
20100510,0,30.26,31.06,30.04,30.85,1718643
20100511,0,30.59,31.03,30.37,30.49,1305037
20100512,0,30.65,31.68,30.45,31.55,2361461
20100513,0,32.41,34.55,32.41,32.91,7174751
20100514,0,32.59,32.79,31.77,32.34,2231636
20100517,0,32.35,32.8,31.46,31.78,2170329
20100518,0,32.14,32.6,31.6,31.99,2046494
20100519,0,31.89,32.24,31.75,31.98,2947063
20100520,0,31.57,31.69,30.89,31.01,2415108
20100521,0,30.49,31.6,30.03,31.21,2430715
20100524,0,31,31.49,30.93,31.17,1481335
20100525,0,30.56,31,30.21,30.97,2120348
20100526,0,31.21,31.92,30.54,30.77,1951020
20100527,0,31.28,32.01,31.09,32.01,1404605
20100528,0,31.95,32.17,31.61,32,2606778
20100601,0,31.75,32.1,31.55,31.83,3034277
20100602,0,32.04,32.26,31.71,32.26,2225342
20100603,0,32.2,33.13,32.05,32.77,3040147
20100604,0,32.25,32.36,31.35,31.51,3234626
20100607,0,31.76,31.92,30.52,30.61,2860214
20100608,0,30.72,30.95,30.41,30.9,2562368
20100609,0,31.01,31.67,30.67,30.87,2840584
20100610,0,31.33,32.56,31.33,32.44,2798101
20100611,0,32.1,32.6,31.82,32.56,1404863
20100614,0,32.83,33.33,32.61,33,2483059
20100615,0,33.15,33.77,33.04,33.76,2080515
20100616,0,33.55,33.88,33.36,33.63,1298808
20100617,0,33.67,34.18,33.62,33.97,1619146
20100618,0,33.98,34.13,33.87,33.99,933331
20100621,0,34.28,34.61,33.51,33.65,1494741
20100622,0,33.66,34.14,33.4,33.43,1806680
20100623,0,33.46,34.05,33.25,33.84,1048779
20100624,0,33.84,33.88,32.84,32.99,990986
20100625,0,32.88,33.06,32.52,32.9,1832819
20100628,0,32.89,33.14,32.5,32.74,1038052
20100629,0,32.34,32.43,31.11,31.26,2044555
20100630,0,31.23,31.5,30.4,30.49,1812799
20100701,0,30.39,30.51,29.44,30.14,3369841
20100702,0,30.2,30.4,29.58,29.87,1257546
20100706,0,30.17,30.21,29.37,29.57,1592219
20100707,0,29.72,30.82,29.71,30.68,1267263
20100708,0,30.9,31.21,30.78,31.17,1257743
20100709,0,31.15,31.28,30.8,31.19,660100
20100712,0,31.01,31.17,30.68,31.01,499854
20100713,0,31.24,31.58,30.99,31.37,1031232
20100714,0,31.54,31.95,31.38,31.93,1280404
20100715,0,31.93,32.12,31.43,32.09,997246
20100716,0,31.87,31.99,31.3,31.32,1297282
20100719,0,31.53,31.78,31.18,31.69,557031
20100720,0,31.26,32.14,30.81,32.11,1029695
20100721,0,32.27,32.3,31.55,31.6,915227
20100722,0,31.91,32.49,31.78,32.24,1416088
20100723,0,32.16,33.07,32.06,32.96,1277320
20100726,0,33.05,33.67,32.71,33.52,1210141
20100727,0,33.64,33.73,33.06,33.28,1212873
20100728,0,33.21,33.29,32.51,32.54,1313181
20100729,0,32.7,32.89,31.98,32.08,1429431
20100730,0,31.84,32,31.43,31.85,1492272
20100802,0,32.19,33.33,32.19,33.25,1580486
20100803,0,33.11,33.5,32.94,33.4,1446084
20100804,0,33.56,34.3,33.32,34.14,1850299
20100805,0,33.5,33.8,31.62,32.63,3280837
20100806,0,32.54,32.83,31.86,32.3,1202729
20100809,0,32.36,32.36,31.61,31.64,1271433
20100810,0,31.2,31.78,31.15,31.48,1576833
20100811,0,31,31.07,30.4,30.5,1535986
20100812,0,30.05,30.21,29.75,30.03,1565592
20100813,0,29.9,30.23,29.79,29.84,1118255
20100816,0,29.74,30.16,29.43,29.92,1251420
20100817,0,30.12,30.55,30.01,30.32,1081564
20100818,0,30.35,30.87,30.3,30.58,901963
20100819,0,30.32,30.8,30.1,30.4,1182342
20100820,0,30.27,30.53,30.01,30.51,811024
20100823,0,30.52,30.71,30.22,30.24,1205158
20100824,0,29.93,30.22,29.62,29.99,1763372
20100825,0,29.68,29.96,29.12,29.7,1617022
20100826,0,29.83,31.81,29.67,31.43,4261728
20100827,0,31.65,32.66,31.21,32.5,2411164
20100830,0,32.42,32.66,31.84,31.88,1133895
20100831,0,31.74,32.77,31.46,32.75,2383321
20100901,0,33.11,34.05,33.11,33.73,2079648
20100902,0,33.69,34.13,33.26,34.12,1410274
20100903,0,34.39,34.85,34.32,34.7,1144999
20100907,0,33.99,34.69,33.07,33.08,1876418
20100908,0,33.24,34.24,33.15,34.1,2104378
20100909,0,34.47,34.62,34.33,34.52,2460548
20100910,0,34.55,35.17,34.5,34.74,1406505
20100913,0,35.06,35.44,34.9,35.1,1445555
20100914,0,34.9,34.99,34.07,34.08,2053444
20100915,0,34.11,34.63,33.69,34.53,1217882
20100916,0,34.48,34.83,34.22,34.68,1302009
20100917,0,34.79,35.03,34.36,34.47,1578676
20100920,0,35.61,38.27,35.61,36.97,6406320
20100921,0,37.25,37.69,36.75,37.33,2718321
20100922,0,37.18,37.46,36.56,36.84,1443865
20100923,0,36.57,37.27,36.32,36.86,1661713
20100924,0,37.36,38.86,37.36,38.56,2550473
20100927,0,38.71,38.71,37.75,37.83,1844957
20100928,0,38.1,38.92,37.61,38.79,1749425
20100929,0,38.47,38.99,38.27,38.93,1192814
20100930,0,38.95,39.35,38.09,38.59,1638838
20101001,0,39,39.49,38.81,39.09,2002271
20101004,0,39.14,39.33,38.36,38.7,1059031
20101005,0,39.12,39.93,39.04,39.68,1434764
20101006,0,39.8,39.8,36.83,37.45,3588420
20101007,0,37.88,37.88,36.87,37.45,1695740
20101008,0,37.7,38.2,37.33,38.08,1389476
20101011,0,38.05,38.25,37.8,37.9,740023
20101012,0,37.75,38.09,37.09,38.01,1286749
20101013,0,38.26,38.75,38.22,38.5,932888
20101014,0,38.52,38.63,38.16,38.32,861924
20101015,0,38.47,38.89,38.43,38.6,1585291
20101018,0,38.65,38.74,38.04,38.24,873255
20101019,0,37.74,37.79,36.91,37.27,1278315
20101020,0,37.44,38.23,37.37,37.82,783116
20101021,0,38.02,38.68,37.8,38.41,1026039
20101022,0,38.46,38.78,38.07,38.32,932632
20101025,0,38.61,39.11,38.46,38.67,489642
20101026,0,38.48,38.84,38.03,38.4,830525
20101027,0,38.03,39.16,38.01,39.05,1387884
20101028,0,39.34,39.98,38.63,39.08,902451
20101029,0,38.95,39.42,38.65,39.35,1038022
20101101,0,39.77,40.3,39.38,40.11,1401110
20101102,0,40.4,40.91,40.26,40.83,2058613
20101103,0,40.88,41,39.28,40.15,2667274
20101104,0,41.71,41.98,39.64,40.39,2467338
20101105,0,40.62,41.16,40.2,41.03,1328442
20101108,0,40.76,41,40.45,40.72,869289
20101109,0,40.88,41.42,40.59,40.73,1940000
20101110,0,40.62,41.16,40.34,41.07,1410524
20101111,0,40.65,41.25,40.3,41.05,1247993
20101112,0,40.64,40.85,40.07,40.2,833214
20101115,0,40.37,40.87,40.04,40.16,986731
20101116,0,39.68,39.8,38.6,38.9,890932
20101117,0,38.81,39.39,38.51,38.85,1302754
20101118,0,39.36,40.19,39.25,39.92,878429
20101119,0,39.99,40.28,39.66,40.11,833541
20101122,0,39.79,41.19,39.76,41.18,894142
20101123,0,40.67,41.03,40.11,40.5,1200432
20101124,0,40.79,41.25,40.79,41.12,705103
20101126,0,40.92,41.37,40.79,41.05,703533
20101129,0,40.71,41.29,40.45,41.14,694081
20101130,0,40.67,41.18,40.49,41.13,788476
20101201,0,41.51,42,41.49,41.78,1412441
20101202,0,41.76,41.84,41.13,41.24,1443577
20101203,0,41.11,41.68,41.02,41.59,965642
20101206,0,41.51,41.92,41.19,41.83,1104134
20101207,0,42.08,42.22,41.68,41.73,1076807
20101208,0,41.76,41.89,41.31,41.86,744757
20101209,0,42.06,42.24,41.62,42,1511604
20101210,0,42.08,43.16,41.96,43.12,1245095
20101213,0,43.23,43.43,42.42,42.44,850130
20101214,0,42.47,42.67,42.19,42.38,814768
20101215,0,42.45,42.95,42.24,42.86,1888832
20101216,0,42.82,42.93,42.47,42.83,725490
20101217,0,42.88,43.83,42.84,43.56,947158
20101220,0,43.39,43.58,42.77,43.05,708629
20101221,0,43.24,43.36,43.03,43.07,739389
20101222,0,42.96,42.96,41.18,42.09,2158716
20101223,0,42.06,42.44,41.69,41.87,707589
20101227,0,41.85,41.94,41.39,41.75,533835
20101228,0,41.75,41.93,41.33,41.64,462300
20101229,0,41.66,41.84,41.55,41.64,577961
20101230,0,41.68,41.8,41.47,41.62,536843
20101231,0,41.57,41.62,41.07,41.15,393385
20110103,0,41.6,42.72,41.59,42.59,1344224
20110104,0,42.63,42.67,41.84,42,1272060
20110105,0,42.22,42.9,41.98,42.72,1446988
20110106,0,42.8,43.46,42.58,43.41,1157014
20110107,0,43.4,44.75,43.4,44.15,2038850
20110110,0,43.89,44.48,43.65,44.43,1530314
20110111,0,44.55,45.54,44.5,45.44,1638758
20110112,0,45.65,46.19,44.98,45.66,2039219
20110113,0,45.63,45.75,44.95,45.26,955905
20110114,0,45.17,46.08,44.94,46.08,1579691
20110118,0,46.07,46.71,45.88,46.07,1112225
20110119,0,45.96,46.17,45.82,45.94,1111612
20110120,0,45.82,46.23,45.19,45.44,1581165
20110121,0,45.96,46.1,44.74,44.91,1519393
20110124,0,44.86,45.9,44.5,45.8,1382565
20110125,0,45.39,45.52,43.27,43.66,2561490
20110126,0,43.9,44.43,43.69,44.38,1856788
20110127,0,44.47,44.63,43.68,43.91,833351
20110128,0,44.01,44.27,42.71,42.85,1320219
20110131,0,43,43.24,42.57,42.99,2291890
20110201,0,43.36,44.17,43.27,43.86,1413499
20110202,0,43.73,44.61,43.73,44.29,1263984
20110203,0,44.29,44.33,43.64,43.98,1879164
20110204,0,44.38,45.47,44.17,44.97,2109262
20110207,0,45.17,46.18,45.1,45.71,1271170
20110208,0,45.78,45.91,45.24,45.52,916824
20110209,0,45.45,45.5,44.73,44.86,1456677
20110210,0,44.65,49.44,44.5,47.44,5545002
20110211,0,47.46,49.17,47.41,48.92,1655418
20110214,0,48.88,49.27,48.14,48.29,2311163
20110215,0,48.07,48.51,47.45,47.82,1067148
20110216,0,47.99,48.33,47.56,48.23,724706
20110217,0,48.13,49.04,48,48.79,923082
20110218,0,48.82,49.75,48.43,49.47,1576977
20110222,0,48.85,48.85,47.75,47.82,1362113
20110223,0,47.67,47.79,46.13,46.72,1149141
20110224,0,46.55,47.3,46.23,46.86,1401593
20110225,0,47.1,47.69,47.03,47.47,679278
20110228,0,47.68,47.86,47.35,47.83,739028
20110301,0,47.95,48.31,46.32,46.44,1362191
20110302,0,46.42,47.61,46.09,47.58,2360065
20110303,0,47.6,50.69,47.6,50.57,2423957
20110304,0,50.35,50.35,49.12,49.81,1732165
20110307,0,49.96,50.58,48.88,49.88,1779483
20110308,0,49.89,50.48,49.4,50.4,2064040
20110309,0,50.26,50.72,49.53,49.93,1126961
20110310,0,49.28,49.29,48.42,48.89,1444326
20110311,0,48.72,49.95,48.41,49.69,1194551
20110314,0,49.36,49.7,48.29,48.76,828590
20110315,0,47.13,48.56,46.51,48.17,1390278
20110316,0,47.94,48.74,47.59,48.17,1787279
20110317,0,49.01,49.28,48.44,48.8,1093112
20110318,0,49.79,49.89,49.08,49.33,1638870
20110321,0,50.03,50.82,49.89,50.3,827734
20110322,0,50.44,50.9,50.14,50.19,1000990
20110323,0,50.17,50.36,49.75,50.15,1541646
20110324,0,50.5,50.8,50.06,50.4,1806651
20110325,0,50.62,51.4,50.62,51.15,1953853
20110328,0,51.3,51.37,50.36,50.39,1157268
20110329,0,50.25,50.84,49.91,50.71,1277630
20110330,0,51.08,51.08,50.29,50.44,1994112
20110331,0,50.41,50.73,50.22,50.7,1423519
20110401,0,50.72,51.09,50.44,50.63,1256274
20110404,0,50.57,50.8,50.26,50.49,972577
20110405,0,50.54,50.66,50.18,50.4,1582091
20110406,0,50.48,50.75,49.32,49.74,1247151
20110407,0,49.84,50.61,49.75,50.25,1331009
20110408,0,50.55,50.72,50.01,50.26,765977
20110411,0,50.28,50.52,49.96,50.19,1074481
20110412,0,49.9,50.29,49.32,49.5,992701
20110413,0,49.86,50.68,49.85,50.46,1592383
20110414,0,50.04,50.36,49.86,50.24,1018233
20110415,0,50.41,50.96,50.03,50.77,1479209
20110418,0,50.7,51.15,49.86,50.56,1580633
20110419,0,50.71,51.06,50.61,50.96,984833
20110420,0,51.72,52.55,51.59,52.52,1696232
20110421,0,53.07,53.79,52.82,53.64,1212407
20110425,0,53.8,54.08,53.16,53.74,965058
20110426,0,53.99,54.46,53.49,54.46,1128832
20110427,0,54.5,55.13,54.01,54.89,1273950
20110428,0,54.77,55.15,54.41,54.82,768108
20110429,0,55,56.11,54.81,55.9,911834
20110502,0,56.51,56.58,55.33,55.48,1044376
20110503,0,55.41,55.61,53.81,54.22,1256021
20110504,0,54.35,54.91,52.97,53.89,1636247
20110505,0,53.36,54.39,51.43,52.9,2656996
20110506,0,53.79,54.66,53.34,53.84,1302151
20110509,0,53.39,54.05,53.18,53.75,625333
20110510,0,53.78,54.76,53.72,54.7,984636
20110511,0,54.47,54.79,52.85,53.39,1069612
20110512,0,53.3,54.49,52.61,54.32,1036981
20110513,0,54.3,54.45,53.21,53.33,816163
20110516,0,53.07,53.52,52.57,52.66,961139
20110517,0,52.46,53.67,52.14,53.67,1491901
20110518,0,53.59,54.33,53.44,54.23,761115
20110519,0,54.57,55.25,54.49,54.86,1145940
20110520,0,54.87,55.89,54.59,55.75,1526567
20110523,0,54.85,54.91,53.73,53.77,2020385
20110524,0,55.8,56.5,54.04,54.28,3294142
20110525,0,54.03,54.58,53.93,54.27,1911733
20110526,0,54.12,55.14,54.04,55.02,2705140
20110527,0,55.27,55.8,55.24,55.37,1168875
20110531,0,55.86,55.96,55.11,55.75,1097889
20110601,0,55.71,56.27,54.67,54.72,1369077
20110602,0,54.64,55.15,54.38,54.45,1224229
20110603,0,53.77,54.18,53.59,53.68,947668
20110606,0,53.57,53.78,53.13,53.47,1181560
20110607,0,53.66,55.11,53.44,54.76,1813474
20110608,0,54.51,54.87,53.73,53.92,1809663
20110609,0,54.1,54.2,53.31,53.45,1163343
20110610,0,53.25,53.52,52.64,52.97,1313702
20110613,0,53.31,54.15,53.2,54.04,2152609
20110614,0,54.54,55.6,54.43,55.56,2224168
20110615,0,55.13,55.67,54.88,55.25,3120008
20110616,0,55.36,55.6,54.67,55.02,2604519
20110617,0,55.65,56.81,55.65,56.12,3135303
20110620,0,56.15,57.02,56.14,57.01,1425616
20110621,0,57.44,58.25,56.99,57.89,1339106
20110622,0,57.85,58.18,57.32,57.62,1261637
20110623,0,56.73,58.07,56.27,58.07,1664508
20110624,0,58.06,58.67,57.36,57.44,1462196
20110627,0,57.69,58.23,57.28,57.95,872355
20110628,0,58.3,59.87,58.01,59.58,1289076
20110629,0,60,60,58.89,59.3,1046814
20110630,0,59.62,60.4,59.6,60.21,1096321
20110701,0,60.25,60.93,60.15,60.9,1176232
20110705,0,60.91,61.96,60.79,61.61,1647828
20110706,0,61.5,61.85,61.21,61.62,1498263
20110707,0,62.32,62.71,61.88,62.33,1145200
20110708,0,61.63,61.99,60.7,61.16,1719626
20110711,0,60.06,60.62,58.78,59.17,1897804
20110712,0,59.29,59.33,58.34,58.46,1924768
20110713,0,58.98,59.35,58.33,58.47,1499667
20110714,0,58.75,59.76,58.04,58.18,1455369
20110715,0,58.34,58.49,57.28,57.72,1444911
20110718,0,57.47,57.55,56.45,56.63,2336634
20110719,0,58.1,59.93,57.67,59.28,2228523
20110720,0,59.46,59.46,57.36,57.41,1878570
20110721,0,57.73,57.74,56.51,56.79,3460556
20110722,0,57.01,58.14,57,57.23,1412041
20110725,0,56.81,57.36,56.53,56.97,1252122
20110726,0,56.58,57.05,56.45,56.58,1046146
20110727,0,56.14,56.14,54.6,54.97,2423098
20110728,0,55,55.42,54.66,54.8,1553560
20110729,0,54.12,55.37,53.51,55.05,2180193
20110801,0,55.76,55.94,54.6,55.39,3032065
20110802,0,55.05,55.98,53.7,53.8,2573976
20110803,0,53.66,54.6,52.6,54.33,3126915
20110804,0,56.51,58.37,54.23,54.24,7371243
20110805,0,54.76,55.49,52.66,53.82,4165104
20110808,0,52.12,53.03,50.65,50.86,4072777
20110809,0,51.82,53.86,50.2,53.85,2789241
20110810,0,52.9,53.23,51.14,51.19,2178145
20110811,0,51.57,54,51.08,53.43,1959659
20110812,0,54.05,55.11,53.77,55.1,2197320
20110815,0,55.59,55.97,55.07,55.96,1783725
20110816,0,55.38,55.86,54.13,54.55,1663080
20110817,0,54.76,54.79,51.98,52.3,3072466
20110818,0,50.21,50.22,44.78,45.47,6784731
20110819,0,44.74,45.23,43.19,43.3,5156434
20110822,0,44.65,45.94,44.53,45.07,3057339
20110823,0,45.29,48.21,45.26,48.2,2773272
20110824,0,47.99,48.99,47.62,48.82,1826632
20110825,0,49.18,49.69,47.47,47.6,1787905
20110826,0,47.31,49.07,46.51,48.64,1150152
20110829,0,49.32,50.33,49.32,50.33,1312957
20110830,0,50.16,51.9,49.81,51.53,1537141
20110831,0,51.84,52.88,51.68,52.21,2482612
20110901,0,52.33,52.41,50.52,50.91,2022684
20110902,0,49.69,50.35,48.67,48.99,2400390
20110906,0,47.75,50.01,47.26,49.95,2090314
20110907,0,50.54,50.9,49.97,50.8,1043919
20110908,0,50.51,51.47,49.5,49.72,1267832
20110909,0,49.14,49.82,47.45,48.13,1963703
20110912,0,47.46,49.18,47.04,49.06,2121717
20110913,0,49.08,49.23,48.29,48.96,2608927
20110914,0,49.48,51.67,48.92,51.01,1454130
20110915,0,51.63,51.64,50.49,51.41,1289165
20110916,0,51.22,52.59,51.08,52.5,1530107
20110919,0,51.56,52.88,51.07,52.41,1303718
20110920,0,52.79,54.33,52.18,52.34,1662087
20110921,0,52.47,54.58,52.31,52.91,2253762
20110922,0,50.73,52.25,50.31,51.25,1929490
20110923,0,51.08,53.51,50.69,53.39,1709764
20110926,0,53.73,55.78,53.54,55.66,2229351
20110927,0,57.25,58.05,56.81,57.15,2029583
20110928,0,56.33,57.99,56.16,56.24,1895609
20110929,0,57.38,57.47,53.81,54.96,1961985
20110930,0,54.33,55.47,53.1,53.53,1785543
20111003,0,52.8,53.1,50.47,50.86,3192130
20111004,0,49.86,52.58,49.25,52.54,2004979
20111005,0,52.48,52.71,51.39,52.59,1860112
20111006,0,52.84,55.45,52.6,55.14,1666416
20111007,0,55.34,55.34,53.58,53.67,1830001
20111010,0,54.6,56.09,54.6,56.08,870224
20111011,0,55.58,57.52,55.28,57.07,1380413
20111012,0,57.57,57.95,57.02,57.32,1284082
20111013,0,56.93,58.1,56.48,57.99,1012117
20111014,0,58.71,59.42,58.15,59.3,1083367
20111017,0,58.96,58.98,57.28,57.31,1932614
20111018,0,57.38,59.51,56.89,59.17,1330020
20111019,0,58.95,59.19,57.38,57.46,928592
20111020,0,57.65,57.81,54.56,55.16,2775306
20111021,0,55.79,56.58,55.14,55.47,2400791
20111024,0,56.66,56.81,56.03,56.34,3489570
20111025,0,56.01,56.79,55.33,56.01,1701980
20111026,0,56.85,56.85,55.19,56.5,1637407
20111027,0,59.29,61.32,58.63,60.72,3157582
20111028,0,60.52,62.62,59.81,62.14,2400154
20111031,0,61.27,61.47,59.69,59.69,2210053
20111101,0,57.73,58.89,56.59,56.73,2610524
20111102,0,57.75,58.43,56.81,57.68,2065734
20111103,0,58.83,58.83,52.45,58.2,5989458
20111104,0,57.28,57.52,55.8,56.8,2157297
20111107,0,57.11,57.23,55.8,56.37,2182093
20111108,0,56.93,57.9,56.15,57.65,2035014
20111109,0,56.4,57.43,54.93,55.21,1630164
20111110,0,56.13,56.2,54.22,55.28,1009469
20111111,0,56.32,56.64,56,56.37,969424
20111114,0,56,56.91,55.83,56.06,1072990
20111115,0,55.73,57.08,55.48,56.86,1302071
20111116,0,56.05,57.1,55.76,56.13,1744086
20111117,0,55.74,55.87,53.75,53.92,1662191
20111118,0,54.57,54.57,52.71,52.78,1516949
20111121,0,52.02,52.18,50.53,51.37,1764743
20111122,0,51.21,51.88,50.71,51.3,1652061
20111123,0,50.78,50.82,49.55,49.96,1255097
20111125,0,49.8,50.31,49.46,49.83,379678
20111128,0,50.94,51.7,50.55,51.11,1079662
20111129,0,51.27,51.66,50.47,50.72,1022801
20111130,0,52.42,54.41,52.42,54.18,1622657
20111201,0,54.01,54.97,53.62,53.98,1145780
20111202,0,54.66,54.9,53.67,53.83,873133
20111205,0,54.69,54.95,53.13,53.35,1909092
20111206,0,53.28,53.82,52.56,52.65,1481572
20111207,0,52.18,52.44,51.08,52.27,1475086
20111208,0,52.1,53.03,51.75,51.83,1374265
20111209,0,51.9,52.88,51.52,52.84,1399854
20111212,0,52,52.2,51.01,51.24,1250086
20111213,0,51.51,51.88,49.42,49.66,2595288
20111214,0,49.39,49.51,48.55,49.02,1817171
20111215,0,49.42,49.74,48.83,48.92,1453745
20111216,0,49.34,49.9,48.99,49.3,1492023
20111219,0,49.31,50.23,48.77,48.97,1586796
20111220,0,49.82,50.69,49.74,50.46,1341213
20111221,0,46.96,47.98,43.77,47.66,8448191
20111222,0,47.71,48.6,47.61,48.17,1815155
20111223,0,48.24,49.07,47.98,48.93,911506
20111227,0,49.62,49.76,49.15,49.52,1022583
20111228,0,49.57,49.67,48.72,49,1054152
20111229,0,49.26,49.64,48.76,49.59,869172
20111230,0,49.5,49.54,48.49,48.52,1320123
20120103,0,49.55,50.48,49.44,49.52,1411858
20120104,0,49.5,49.92,49.07,49.46,1465619
20120105,0,49.31,49.5,48.59,49.01,1599689
20120106,0,49.22,49.22,47.35,47.37,1871575
20120109,0,47.6,48.86,47.44,48.55,1758427
20120110,0,48.9,49.23,48.12,48.48,1598129
20120111,0,48.23,48.5,47.76,48.04,1490311
20120112,0,48.22,48.51,47.75,48.42,1047545
20120113,0,48.09,48.97,47.89,48.75,1057120
20120117,0,49.33,50.18,49.17,49.65,1302107
20120118,0,49.52,51.44,49.22,51.28,1561475
20120119,0,51.37,52.99,51.37,52.62,1554688
20120120,0,52.88,53.68,52.48,52.52,1744169
20120123,0,52.42,53.15,52.32,52.86,1248163
20120124,0,52.69,53.8,52.56,53.19,1283794
20120125,0,53.3,54.16,52.44,54.06,1525968
20120126,0,54.13,54.48,52.7,52.96,1065505
20120127,0,52.84,53.59,52.84,53.44,1049757
20120130,0,53.59,53.59,52.6,53.26,1042634
20120131,0,53.69,54.2,52.88,53.6,1206192
20120201,0,54.28,55.06,53.58,54.34,1325136
20120202,0,54.41,54.83,54.05,54.29,1044803
20120203,0,55.22,57.88,55.22,56.9,2455860
20120206,0,56.46,56.86,55.82,56.86,1451263
20120207,0,56.64,58.04,56.39,58,2266175
20120208,0,57.97,58.06,57.32,57.89,1855106
20120209,0,61.8,64.97,61.4,64.05,5405550
20120210,0,61.66,63.58,61.5,61.94,2971787
20120213,0,62.51,62.72,61.14,61.6,1880476
20120214,0,61.08,62.32,61.08,62.07,1281567
20120215,0,62.84,62.84,61.55,61.69,1571375
20120216,0,61.96,62.84,61.56,62.53,1486031
20120217,0,63.02,63.38,62.02,62.66,1329076
20120221,0,62.73,62.83,61.75,62.15,1054175
20120222,0,61.63,64.84,61.63,64.04,1981596
20120223,0,64.08,64.08,63.29,63.68,1260046
20120224,0,64,65.65,63.84,65.46,1828804
20120227,0,64.95,66.3,64.34,65.73,1332957
20120228,0,65.87,66.59,65.41,65.97,1004200
20120229,0,65.91,67.02,65.8,66.58,1357330
20120301,0,66.79,67.18,66.21,67.02,933932
20120302,0,67.33,68.49,66.54,66.62,1415322
20120305,0,66.55,66.77,64.79,65.18,1190887
20120306,0,64.5,64.81,63.37,63.64,1566386
20120307,0,63.76,65.79,63.6,65.64,1382142
20120308,0,65.96,66.49,65.7,66.21,916403
20120309,0,66.16,66.75,65.9,66.39,771284
20120312,0,66.28,66.65,65.75,66.42,720730
20120313,0,66.75,67.35,66.43,67.35,1065666
20120314,0,67.16,67.87,67.12,67.59,735963
20120315,0,67.68,68.6,67.36,68.07,937783
20120316,0,68.07,69,67.87,68.25,1065110
20120319,0,68.18,69.2,67.6,68.25,1127423
20120320,0,67.93,68.4,66.73,66.8,1144520
20120321,0,66.93,68.47,66.8,68.2,1269367
20120322,0,67.58,68.52,66.83,68.11,1395215
20120323,0,68.09,68.9,67.54,68.63,694053
20120326,0,69.12,69.54,68.88,69.4,809022
20120327,0,69.28,69.7,68.43,68.49,748721
20120328,0,68.3,68.95,67.5,67.92,1246420
20120329,0,67.38,68.37,67.29,68.13,1055816
20120330,0,69.09,69.25,68.04,68.16,1261071
20120402,0,68.27,69.46,68.09,69.02,1024147
20120403,0,68.95,70.63,68.94,69.85,1083643
20120404,0,68.92,69.02,67.17,67.91,1526469
20120405,0,67.5,68.4,67.16,68.08,850378
20120409,0,67.18,67.5,66.2,67.3,942930
20120410,0,67.37,67.8,66.12,66.19,1059686
20120411,0,66.97,68.14,66.84,67.51,1250958
20120412,0,67.66,69.43,67.51,68.85,1224891
20120413,0,68.56,69.47,68.02,68.96,1155155
20120416,0,69.59,69.64,67.37,67.38,1315997
20120417,0,67.75,69.78,67.75,69.47,1188510
20120418,0,68.85,69.86,68.69,69.67,1116156
20120419,0,69.72,70.36,68.4,69.01,875713
20120420,0,69.17,69.53,68.72,68.95,909686
20120423,0,68.08,68.59,66.98,68.53,992513
20120424,0,68.36,68.74,66.4,66.82,1219403
20120425,0,67.84,69.02,67.53,68.98,994316
20120426,0,69.01,70.71,68.95,70.34,1191562
20120427,0,70.75,71.02,69.81,70.92,1381227
20120430,0,70.8,70.89,69.48,69.8,969594
20120501,0,70.66,71.44,70.2,71.01,2177854
20120502,0,70.89,72.27,70.5,72.18,2335454
20120503,0,73.98,79.89,73.62,77.2,5157077
20120504,0,76.59,76.59,73.12,73.24,3389151
20120507,0,72.69,73.75,72.11,72.24,2901866
20120508,0,71.95,71.99,69.5,71.33,3344256
20120509,0,70.56,73.05,70.11,72.35,2147376
20120510,0,73.38,73.71,71.06,71.21,2766137
20120511,0,70.88,72.09,70.84,71.12,1994784
20120514,0,71.75,71.77,69.51,69.61,2260545
20120515,0,69.73,70.57,69.27,69.65,2178041
20120516,0,69.72,70.04,67.86,67.87,2113310
20120517,0,67.79,67.91,65.95,66.4,3027632
20120518,0,66.76,67.23,65.04,65.32,2311624
20120521,0,65.78,68.21,65,68.05,2905715
20120522,0,68.13,69.71,67.93,69.51,2290387
20120523,0,68.86,70.77,68.38,70.44,1703195
20120524,0,70.42,70.5,69.09,69.89,2011149
20120525,0,69.82,70.66,69.71,70.45,1457176
20120529,0,70.88,72.29,70.79,71.52,1089723
20120530,0,70.83,70.91,69.37,69.82,1125546
20120531,0,69.66,69.77,66.42,66.58,3884427
20120601,0,64.86,65.19,64.18,64.68,3347091
20120604,0,64.99,65.28,64.11,65.26,2385816
20120605,0,64.8,67.27,64.65,66.73,1913043
20120606,0,67.12,69.23,67.08,68.96,1902110
20120607,0,69.93,70.23,67.67,68.16,1474390
20120608,0,67.87,68.99,67.68,68.65,845015
20120611,0,69.42,69.42,67.77,67.84,1086603
20120612,0,68.16,68.78,67.55,68.65,882360
20120613,0,68.3,69.57,68.02,68.43,1233276
20120614,0,68.49,69.74,67.86,69.25,1008865
20120615,0,69.8,72.25,69.65,72.2,1914826
20120618,0,71.97,73.24,71,72.78,1151836
20120619,0,73.58,73.74,72.68,72.99,1104975
20120620,0,72.9,72.92,71.32,72.28,1175617
20120621,0,72.23,72.32,69.67,69.7,1155411
20120622,0,70.3,71.64,68.87,71.41,1239121
20120625,0,70.67,70.67,69.21,70.1,1432764
20120626,0,70.22,70.47,69,69.02,1887257
20120627,0,69.42,70.15,69.1,69.69,1247949
20120628,0,69.02,69.27,66.98,68,1387160
20120629,0,69.57,72.2,69.57,71.88,1533083
20120702,0,72.35,72.47,71.37,71.78,962597
20120703,0,71.5,72.44,71.5,72.42,906075
20120705,0,72.26,73.34,72,72.7,1485874
20120706,0,66.98,67.39,64.22,65.03,4414219
20120709,0,65.3,66.2,64.89,65.43,3682712
20120710,0,65.92,66.2,62.22,62.82,2431768
20120711,0,62.67,63.68,62.34,62.85,1493976
20120712,0,62.93,65.5,62.05,64.87,3063204
20120713,0,64.92,66.34,64.3,65.57,1749092
20120716,0,65.14,65.37,64.25,64.59,1160494
20120717,0,65.11,65.3,63.78,65.13,1248491
20120718,0,65.58,68.26,65.35,66.98,1715560
20120719,0,67.7,69.33,67.7,68.25,2403459
20120720,0,68.02,68.02,66.44,66.93,1323144
20120723,0,65.57,66.75,64.37,66.37,883377
20120724,0,66.33,66.73,64.83,65.53,654364
20120725,0,65.73,67.13,65.11,65.69,706716
20120726,0,67.55,68.4,66.46,67.93,1007854
20120727,0,68.27,69.05,67.95,68.19,1619628
20120730,0,68.51,69.2,66.87,67.6,1201886
20120731,0,67.4,68.25,67.15,67.7,1214717
20120801,0,67.89,67.89,65,65.99,1809816
20120802,0,65,69.63,64.44,67.27,4192791
20120803,0,68.64,73.1,67.32,72.64,2474942
20120806,0,72.87,73,71.71,72.16,1375020
20120807,0,72.22,74.19,71.7,73.88,1738116
20120808,0,73.63,74.43,73.42,74.33,1299179
20120809,0,74.37,75.75,74.33,75.19,1070599
20120810,0,74.98,75.88,74.51,75.68,1037788
20120813,0,75.34,76.36,75.21,75.83,1043058
20120814,0,75.97,76.06,75.25,75.48,1111321
20120815,0,75.61,75.84,74.85,75.38,934854
20120816,0,75.94,76.29,75.25,75.64,1180509
20120817,0,76.05,77.34,75.8,76.06,1101729
20120820,0,76.1,76.44,74.44,75.22,1367356
20120821,0,75.23,75.7,75.15,75.36,995415
20120822,0,75.1,75.31,74.06,74.7,797897
20120823,0,74.88,75.28,74.36,74.59,1557397
20120824,0,74.02,75.72,73.83,75.52,1081712
20120827,0,75.41,76.52,75.41,76.04,1095218
20120828,0,75.87,76.72,75.74,76.25,1009720
20120829,0,76.49,77.88,76.27,77.76,1643122
20120830,0,77.22,77.24,76.46,76.51,1066268
20120831,0,77,77.56,75.88,76.51,1073857
20120904,0,76.38,77.79,76.02,77.47,1030859
20120905,0,78.06,79.63,77.37,78.36,1641683
20120906,0,78.66,80.92,78.6,80.63,1364647
20120907,0,80.38,80.97,79.67,80.07,1237231
20120910,0,79.97,79.99,74.61,74.69,3414192
20120911,0,74.58,75.61,74.42,75.14,2825396
20120912,0,75.52,75.67,74.6,75,1017883
20120913,0,74.74,75.35,74.15,74.87,1617848
20120914,0,75.25,75.96,74.53,75.13,2760291
20120917,0,74.56,76.74,74.56,76.15,1556637
20120918,0,76.23,76.34,75.62,75.86,805362
20120919,0,75.81,76.73,75.49,76.4,746118
20120920,0,75.81,76.3,75.25,76.05,1151197
20120921,0,76.55,77.85,76.21,77.04,1476663
20120924,0,75.96,76.42,74.95,75.34,947924
20120925,0,75.38,76.07,74.45,74.66,883117
20120926,0,74.36,74.36,72.48,73.42,1177836
20120927,0,74.02,76.39,73.72,76.18,898688
20120928,0,75.73,76.44,74.93,75.5,1117015
20121001,0,75.67,76.25,74.23,74.33,1268159
20121002,0,74.76,75.92,74.53,75.88,978125
20121003,0,76,76.56,75.15,76.1,933560
20121004,0,73.45,74.84,71.34,74.39,3281406
20121005,0,74.97,77.03,74.97,75.61,1607253
20121008,0,75.27,75.69,74.23,74.35,1139890
20121009,0,74.14,74.34,72.05,72.09,2008062
20121010,0,72.19,72.98,72.06,72.65,1381458
20121011,0,73.52,74.32,73.01,73.07,1236649
20121012,0,73.77,74.83,72.95,74.65,1256960
20121015,0,74.89,75.55,74.19,75.01,916076
20121016,0,75.38,75.86,74.71,75.55,1029436
20121017,0,75.54,75.54,73.54,74.41,1732169
20121018,0,74.2,74.39,73.61,73.88,783059
20121019,0,73.73,74.16,71.8,72.28,1317183
20121022,0,71.98,72.49,71.21,71.53,947497
20121023,0,70.75,71.95,70.03,71.41,1462752
20121024,0,71.89,72.18,67.96,68.62,3049343
20121025,0,69.33,70.76,67.25,67.83,2765020
20121026,0,67.91,68.7,66.89,67.65,1253717
20121031,0,68.42,68.79,66.15,68.26,2740481
20121101,0,60.65,65,59.5,63.66,8458049
20121102,0,64.03,64.03,62.32,63.05,3126248
20121105,0,63,63.68,62.52,63.53,2118959
20121106,0,63.93,64.52,63.75,64.14,2346489
20121107,0,63.8,64.07,63,63.16,2365108
20121108,0,63.09,64.07,62.92,63.34,1818320
20121109,0,62.93,64.05,62.52,63.34,1745110
20121112,0,63.58,64.09,63.52,63.83,1269905
20121113,0,63.48,64.87,63,64.22,1872687
20121114,0,64.54,65.46,63.63,63.79,1348279
20121115,0,63.93,64.2,61.34,62.28,3365520
20121116,0,62.37,62.74,61.47,62.48,1630736
20121119,0,62.5,62.72,61.89,61.96,2276919
20121120,0,62.37,64.27,60.91,61.39,2113585
20121121,0,61.47,61.99,60.79,61.16,1438230
20121123,0,61.79,62.34,60.86,61.18,735150
20121126,0,62.05,62.23,61.54,62.06,1305875
20121127,0,62.13,62.61,61.44,61.56,944536
20121128,0,61.2,61.2,58.74,59.29,3283002
20121129,0,59.87,60.15,58.64,59.82,3994901
20121130,0,59.86,59.98,58.97,59.6,1441254
20121203,0,60,60.34,58.34,58.46,1865454
20121204,0,58.36,58.84,57.57,58.17,1508735
20121205,0,57.66,58.03,56.1,57.93,3116225
20121206,0,57.69,58.82,56.98,58.6,1724976
20121207,0,58.99,59.15,57.95,58.15,1006275
20121210,0,58.05,59.03,58.05,58.62,1078816
20121211,0,59.46,61.5,59.26,60.95,2096478
20121212,0,61.36,61.64,60.23,61.16,2055801
20121213,0,60.98,61.08,59.72,59.97,1232993
20121214,0,59.97,60.31,59.32,59.34,1114714
20121217,0,59.6,61.16,59.54,61,1626463
20121218,0,61.04,63.21,61.04,62.71,1662927
20121219,0,64.16,64.25,62.49,62.57,1954421
20121220,0,62.65,62.81,61.78,62.74,1077475
20121221,0,61.81,63.54,61.81,62.4,1501522
20121224,0,62.38,62.38,61.58,62.22,375361
20121226,0,62.2,62.68,60.95,61.13,571378
20121227,0,61.2,61.64,60.16,61.32,815851
20121228,0,60.9,61.25,60.6,60.69,508839
20121231,0,60.69,61.89,60.51,61.77,795789
20130102,0,63.13,63.67,60.65,63.63,2930479
20130103,0,63.61,64.86,62.12,62.26,2331874
20130104,0,62.48,62.95,61.73,62.81,1053985
20130107,0,62.55,64.46,62.26,63.89,1879526
20130108,0,63.64,63.81,62.67,63.68,1397501
20130109,0,63.97,64.1,63.54,63.74,911982
20130110,0,64.31,64.66,63.09,64.62,1299943
20130111,0,64.77,65.41,64.36,65.3,1370797
20130114,0,65.29,66.17,65,65.93,1318293
20130115,0,65.75,66.2,65.35,66.07,1020179
20130116,0,65.73,65.88,64.72,65.07,1020703
20130117,0,65.7,66.72,65.55,66.37,925717
20130118,0,66.36,66.66,65.02,65.53,799065
20130122,0,65.41,66.1,65.11,65.54,724638
20130123,0,66,66.94,65.69,66.07,643835
20130124,0,65.8,66.76,65.66,66.55,1227286
20130125,0,67.42,69.65,67.1,69.21,2282468
20130128,0,69.3,69.5,68.11,68.11,1204087
20130129,0,67.56,67.56,65.43,66.11,2395627
20130130,0,66.25,66.88,65.96,66.56,839954
20130131,0,66.9,68.12,66.1801,66.65,1066677
20130201,0,67.06,67.15,66.19,66.33,1424959
20130204,0,66.04,67.76,65.61,66.85,1510148
20130205,0,67.22,67.91,66.84,67.55,1324458
20130206,0,67.3,67.84,66.24,66.33,2372289
20130207,0,62.5,63.85,59.99,61.83,8196829
20130208,0,62,62.9,62,62.67,2863681
20130211,0,62.62,63.04,61.79,62.25,2015099
20130212,0,62.26,62.4825,61.245,61.36,2153810
20130213,0,61.58,61.66,60.97,61.65,1829525
20130214,0,61.49,62.4,61.2,62.19,1593679
20130215,0,62.18,62.73,61.64,62.54,1467885
20130219,0,62.48,63.51,62.08,63.49,2175820
20130220,0,63.16,63.2,62.07,62.14,1373085
20130221,0,61.75,61.86,61.05,61.56,1323797
20130222,0,62,63.17,61.94,63.12,1321792
20130225,0,63.41,63.82,62.7,62.84,2189314
20130226,0,63,63,60.24,60.435,2798098
20130227,0,60.4,60.57,58.16,58.36,3950168
20130228,0,58.38,58.62,57.85,58.16,3327494
20130301,0,58.24,58.99,57.27,58.51,2214796
20130304,0,58.41,58.57,58,58.32,1387232
20130305,0,58.58,59.79,58.49,59.61,1879499
20130306,0,59.82,60.11,59.15,59.31,1702407
20130307,0,59.35,59.84,57.28,57.5,3083704
20130308,0,57.87,59.25,57.67,59.05,2310909
20130311,0,58.88,59.37,58.5,59.08,1235083
20130312,0,58.81,58.94,58.3,58.89,1164230
20130313,0,58.86,58.88,58.09,58.3,1233171
20130314,0,58.54,58.87,58,58.46,1023767
20130315,0,58.08,58.26,57.45,57.71,1193147
20130318,0,57.22,57.29,56.61,56.92,1306042
20130319,0,56.9,56.97,55.75,56.29,1423983
20130320,0,56.5,57.9,56.31,57.59,1304628
20130321,0,57.01,58,56.77,57.24,1405972
20130322,0,56.95,57.24,56.84,57.06,2360921
20130325,0,57.26,57.34,56.7,56.83,1366813
20130326,0,57.1,57.29,56.77,56.9,1180176
20130327,0,56.73,57.63,56.66,57.25,1175629
20130328,0,57.13,58.55,57,58.51,1135294
20130401,0,58.65,58.65,56.98,57.02,988754
20130402,0,57.2,57.61,56.94,57.1,728313
20130403,0,57.42,57.42,55.9,56.07,1108744
20130404,0,55.99,56,50.4,51.94,17522418
20130405,0,51.9,53.46,51.5,53.28,4089109
20130408,0,53.22,53.58,52.72,53.29,1743982
20130409,0,53.23,54.23,53.23,54.02,1349474
20130410,0,54.09,56.51,54.09,56.36,2999577
20130411,0,56.27,56.32,55.29,55.41,1815904
20130412,0,55.09,55.66,54.36,55.18,1395630
20130415,0,55.02,55.17,53.9,53.95,1188212
20130416,0,54.12,54.94,54.08,54.92,824499
20130417,0,53.21,53.89,52.57,52.75,2683167
20130418,0,52.92,53.1,51.31,51.56,1699349
20130419,0,51.53,51.53,50.27,50.35,2430282
20130422,0,50.56,50.8,49.44,49.8,3101889
20130423,0,50.22,50.48,49.2,49.37,2800232
20130424,0,49.48,50.67,49.44,49.85,2364617
20130425,0,50.2,50.86,50,50.43,1800236
20130426,0,50.65,52.64,50.65,52.11,2744294
20130429,0,51.85,52.2,51.21,51.55,2291570
20130430,0,51.22,51.79,50.65,51.06,3205315
20130501,0,51.04,51.68,51.04,51.34,3384773
20130502,0,51.52,53.74,51.2,53.1,3501905
20130503,0,49.68,50.83,48.81,50.67,11622999
20130506,0,50.77,51.95,50.61,51.95,4104182
20130507,0,52.16,52.24,51.19,52,3366287
20130508,0,52.05,54.14,51.81,54.11,3746891
20130509,0,54.11,55.26,54.07,55.03,2241236
20130510,0,55.24,55.49,54.92,55.24,1483173
20130513,0,55,55.11,53.76,53.84,2135054
20130514,0,53.96,54.21,53.4,53.46,3526171
20130515,0,53.47,54.34,53.43,54.26,2072300
20130516,0,54.52,56.93,54.37,56.6,3253085
20130517,0,56.68,57.7,56.11,57.38,2168860
20130520,0,56.86,57.34,56.53,56.61,1786242
20130521,0,56.55,58.55,56.55,58.28,2539307
20130522,0,57.89,58.22,55.92,56.25,3109091
20130523,0,55.08,56.05,54.68,54.86,2188918
20130524,0,54.54,55.29,54.19,54.37,879598
20130528,0,54.79,55.14,54.29,54.48,1773542
20130529,0,54.29,55.06,53.85,54.86,1309731
20130530,0,55,57.23,55,57.2,2091872
20130531,0,56.76,57.23,55.8,55.85,1246104
20130603,0,55.76,55.76,53.86,55.58,2080245
20130604,0,55.475,55.73,55.01,55.2,1133106
20130605,0,55,55.5,54.63,54.79,1605719
20130606,0,54.84,55.53,54.74,55.16,759443
20130607,0,55.25,56.92,54.83,56.92,1023272
20130610,0,57.26,57.68,56.9,57.3,1142498
20130611,0,56.45,56.96,55.9,56.56,1473861
20130612,0,57.1,57.18,55.67,55.95,857649
20130613,0,55.66,57.1,55.41,56.96,736239
20130614,0,56.76,57.15,55.88,56.12,993785
20130617,0,55.79,56.48,55.14,55.43,1159517
20130618,0,55.74,55.8,55.01,55.3,1137715
20130619,0,55.33,56.06,55.21,55.37,1288409
20130620,0,54.92,54.97,52.91,52.96,2290303
20130621,0,53.14,53.14,50.53,50.7,2974308
20130624,0,50.23,50.25,48.11,48.41,3591903
20130625,0,48.77,49.3,48.33,48.52,2086086
20130626,0,49.46,52.14,49.46,50.45,2978306
20130627,0,50.58,51.57,50.09,51.12,2136823
20130628,0,50.81,50.99,49.49,50.35,1810872
20130701,0,50.6,51.36,50.21,50.67,1221863
20130702,0,50.7,50.74,49.58,49.99,1030443
20130703,0,49.76,51.52,49.76,51.25,838215
20130705,0,51.56,51.83,50.85,51.65,840428
20130708,0,52,52,51.25,51.35,744828
20130709,0,51.49,52.39,51.48,51.8,696421
20130710,0,51.63,52.84,51.56,52.84,1139768
20130711,0,53.84,56.35,53.64,56.2,3160628
20130712,0,56.19,56.79,54.81,55.87,1721212
20130715,0,56.1,57.17,55.38,57.01,1552987
20130716,0,57.08,57.67,56.53,57.26,1747459
20130717,0,57.57,57.75,57.09,57.55,906798
20130718,0,57.76,59.41,57.53,59.26,1589676
20130719,0,58.97,59.65,57.95,58.07,1299789
20130722,0,58.17,58.46,57.72,58.07,693321
20130723,0,57.6,57.91,56.86,57.37,853770
20130724,0,57.97,58.96,57.53,57.71,1253665
20130725,0,57.62,59.89,57.37,59.59,1407091
20130726,0,59.14,59.18,57.36,58.23,1424039
20130729,0,58.29,59.28,58.21,58.54,1051386
20130730,0,59,59.04,58.4,58.79,1141675
20130731,0,59,59.56,58.41,59.11,1533592
20130801,0,62.01,65.96,61.65,63.29,4570388
20130802,0,63.28,63.89,62.9,63.43,1139135
20130805,0,63.05,64.87,63.04,64.66,1498354
20130806,0,64.38,64.86,62.77,63.23,1688085
20130807,0,63.29,63.4,62.11,63.16,1196542
20130808,0,63.57,64.24,62.63,63.84,987777
20130809,0,63.63,64.61,63.56,63.72,665540
