20080319,0,57.3746,66.5352,53.0353,54.636,178809365.5
20080320,0,56.3139,62.6781,55.446,61.4727,49976511.8
20080324,0,64.9345,65.2816,56.8924,56.9213,37063068.48
20080325,0,58.4256,61.9549,57.6831,60.9327,22006756.19
20080326,0,60.4892,62.1767,59.3706,61.7138,10880041.03
20080327,0,61.762,62.4274,60.412,60.8074,9986855.86
20080328,0,61.1063,61.1738,59.9395,60.4217,6248984.76
20080331,0,60.3638,61.2124,59.8335,60.1227,5586781.64
20080401,0,60.8074,61.4052,58.1556,59.3513,15415954.48
20080402,0,59.5056,59.9299,58.3388,59.901,9830008.26000001
20080403,0,59.737,63.922,59.6117,63.4109,18076594.77
20080404,0,62.5817,62.9867,61.4727,62.0127,8983307.50699999
20080407,0,62.7745,63.4495,61.7331,62.6684,7171496.471
20080408,0,62.5817,65.8023,62.4949,65.7445,13538371.91
20080409,0,65.9952,66.2652,63.2663,63.382,12118007.4
20080410,0,63.7967,64.3463,62.7842,63.6327,5638973.732
20080411,0,62.9192,64.3849,62.9192,63.6713,6726292.62199999
20080414,0,64.3174,64.8381,63.2181,63.2952,7082457.044
20080415,0,63.9606,64.1727,61.7138,61.8777,6034621.948
20080416,0,62.302,64.5584,62.2538,63.6424,6326295.61
20080417,0,63.8931,65.3299,63.652,64.8188,5656640.744
20080418,0,65.7638,67.9334,64.7995,66.1881,19991848.658
20080421,0,66.9981,69.9102,66.3906,68.5409,14639421.49
20080422,0,69.4184,69.8138,67.4995,67.6634,12025972.2
20080423,0,68.4252,69.1387,67.2006,67.4609,9431507.48
20080424,0,68.6566,70.3827,67.5381,69.7173,9468063.6
20080425,0,73.2851,73.3623,71.2698,72.3498,24930030
20080428,0,73.8251,74.5291,72.2244,72.7452,28855200
20080429,0,71.5012,77.8558,68.4638,77.8558,47401849.9
20080430,0,78.3476,81.7804,77.9908,80.3147,37098379.43
20080501,0,81.3947,84.5093,80.9029,82.629,29293139.9
20080502,0,84.1815,84.3744,78.1065,79.6687,34523839.38
20080505,0,79.8905,82.4458,77.933,81.9926,17712700.48
20080506,0,82.4169,85.0011,81.7226,84.2972,18765857.93
20080507,0,85.6568,86.6308,84.5286,85.2711,25508113.65
20080508,0,86.3029,86.544,82.8701,84.0947,23143618.44
20080509,0,82.7447,83.574,79.5722,79.9676,23932516.25
20080512,0,80.6619,81.4622,75.3101,78.9165,37883895.71
20080513,0,78.9069,80.5172,77.904,79.2637,13511456.92
20080514,0,80.334,81.3369,78.5405,79.119,13049345.98
20080515,0,79.5819,79.9676,78.2126,79.0708,9092047.44999999
20080516,0,79.7458,79.8905,78.3573,79.2926,8612499.7
20080519,0,79.3119,81.7129,79.2155,80.2762,11624187.676
20080520,0,79.9194,80.8451,78.984,79.6976,10194414.062
20080521,0,79.7265,80.4497,77.6437,77.8751,10601357.29
20080522,0,77.7594,77.7594,73.4394,74.3844,21451839.64
20080523,0,73.1309,74.5484,72.4366,73.7191,10633524.55
20080527,0,74.1723,75.8887,71.7037,75.8791,15863693.22
20080528,0,77.4219,79.0226,76.7083,78.849,13379647.57
20080529,0,80.4401,83.844,80.0447,82.2722,25379399.72
20080530,0,83.0051,84.4322,81.9637,83.1883,17719078.61
20080602,0,83.1304,83.844,81.5779,83.0436,9280259.88
20080603,0,83.9019,84.8083,82.9569,84.4226,12278825.45
20080604,0,83.9694,84.9529,82.2722,82.3301,10352179.33
20080605,0,83.3715,84.114,82.5326,84.0079,6707949.004
20080606,0,82.8315,82.9183,80.5655,80.6233,10563325.69
20080609,0,81.1054,81.9154,77.6823,79.0901,11552021.08
20080610,0,77.4701,79.9097,76.7662,77.4412,8978164.76
20080611,0,78.1065,78.1065,74.828,74.9244,14497872.61
20080612,0,76.1394,77.8848,75.7441,76.6312,10728709.26
20080613,0,77.393,78.8876,77.2869,78.5983,7696937.29
20080616,0,78.5308,80.5172,78.203,80.2087,8649194.511
20080617,0,81.0958,81.9444,80.6908,81.5104,8180124.43
20080618,0,80.7294,81.6744,80.4594,80.768,8451346.11
20080619,0,80.469,81.3851,78.7044,81.2694,9278929.9
20080620,0,80.0062,81.4815,79.794,80.3919,8982583.88
20080623,0,80.8547,81.3369,78.1355,78.2994,7516258.842
20080624,0,77.2001,79.9772,75.7055,79.5915,12516821.69
20080625,0,80.4401,81.4044,78.9358,79.2155,12602450.12
20080626,0,77.798,77.8655,75.233,76.2166,19285759.16
20080627,0,76.0333,79.9097,75.7441,78.4248,26487651.31
20080630,0,79.0419,79.8808,77.4315,78.3573,12268725.1
20080701,0,76.8819,78.4923,76.3708,78.2608,11342325.31
20080702,0,79.0708,79.4565,76.4673,76.5926,8577731.85000001
20080703,0,76.583,76.959,74.4905,75.2908,7324066.134
20080707,0,75.6958,77.0844,71.3566,72.5716,18156216.98
20080708,0,72.0702,76.6601,69.6691,76.5637,20941085.05
20080709,0,76.178,76.2744,72.7066,73.073,11163444.972
20080710,0,73.0537,74.8473,71.2505,74.2494,13205194.09
20080711,0,73.0441,74.6833,71.3566,71.9641,13638170.29
20080714,0,73.2948,73.4587,69.9102,70.1223,10543291.25
20080715,0,68.9362,68.9362,64.8863,66.0531,21352882.78
20080716,0,65.7156,69.968,64.1341,69.2834,23144528.7
20080717,0,71.0673,72.3498,68.8013,72.1184,15942818.89
20080718,0,71.9255,71.9352,69.5438,70.7684,10603056.77
20080721,0,71.2698,72.263,69.0134,69.1002,11964781.3
20080722,0,67.1041,71.3566,65.4745,71.318,16452282.46
20080723,0,70.8745,72.3209,70.0066,70.7587,11926664.41
20080724,0,70.3152,71.0962,67.4609,67.7116,8789800.97
20080725,0,68.0202,69.7655,66.6027,69.4184,9744282.7
20080728,0,69.8234,70.9709,67.7405,68.0105,8873106.63
20080729,0,68.5023,73.2466,68.4734,73.1598,11912078
20080730,0,74.6833,76.0816,71.6169,75.7248,17821812
20080731,0,73.4394,75.3584,68.9362,70.4405,37239020.42
20080801,0,70.6816,71.453,67.837,69.1677,15694415.67
20080804,0,69.1966,70.9709,68.9459,69.9487,10797829.21
20080805,0,70.5852,71.5784,69.7366,70.8841,8235147.5
20080806,0,70.1995,70.2091,68.5313,68.8109,10318357.1
20080807,0,68.2516,68.7048,66.8631,67.1138,10507461.403
20080808,0,67.3066,70.2477,66.6413,69.9391,9086920.61
20080811,0,69.7655,73.7673,69.3798,71.9352,13995426.55
20080812,0,71.5494,72.128,70.0066,70.1127,7736983.885
20080813,0,70.2526,71.6238,69.9918,71.3438,7325157.635
20080814,0,71.2279,73.1882,71.0734,73.1206,6472902.25900001
20080815,0,73.3813,73.9028,72.2611,73.0723,6404942.28199999
20080818,0,72.9564,73.6324,71.5948,72.4253,6317167.08499999
20080819,0,71.8942,72.6571,71.083,71.2955,5131538.11
20080820,0,71.5562,72.1453,71.1313,72.039,4510792.025
20080821,0,71.421,72.0777,70.6775,71.8169,3908913.617
20080822,0,72.773,73.1882,71.3051,71.3438,4964692.17399999
20080825,0,71.2279,72.3191,70.6195,70.7933,4355026.646
20080826,0,71.141,71.7493,70.3684,70.8416,4696983.43
20080827,0,70.5229,71.9232,70.3491,71.8363,4719407.405
20080828,0,72.1839,73.2075,71.6238,72.9951,6519107.25
20080829,0,72.4253,73.391,72.1356,73.2654,3946468.624
20080902,0,74.1925,74.8395,71.8363,72.4253,7304168.4
20080903,0,72.0004,72.7536,69.5959,70.5809,8658403.81000001
20080904,0,70.0304,70.1367,67.3555,68.0798,9387660.11
20080905,0,67.568,69.4704,66.8727,69.2676,9834447.29
20080908,0,70.9865,71.7397,66.3223,67.568,13795733.24
20080909,0,67.8673,67.9349,64.8738,65.289,11503293.87
20080910,0,64.951,67.5004,64.3426,66.8341,11023614.26
20080911,0,65.1828,68.9103,64.7482,68.5433,11696048.07
20080912,0,67.5294,69.2,66.8727,69.1227,7010223.83000001
20080915,0,66.303,68.5433,65.9167,67.1431,9335441.45
20080916,0,64.333,66.5927,62.7686,63.8502,19923810.89
20080917,0,63.5508,65.6173,61.8222,61.9961,16896915.14
20080918,0,61.716,64.9317,56.3759,63.9467,20810058.06
20080919,0,68.7847,68.7847,64.7386,66.8148,16692280.9
20080922,0,66.554,66.6216,62.672,62.9135,10687812.84
20080923,0,63.5894,65.1538,61.9092,64.7675,11070945.81
20080924,0,64.7482,65.3952,63.377,63.3963,5870396.25
20080925,0,63.4929,64.1881,62.3244,62.3823,5977634.65000001
20080926,0,60.5765,61.2235,58.7128,59.8812,12701538.24
20080929,0,58.2299,58.4038,53.9713,56.1055,17284572.64
20080930,0,55.4392,59.3212,54.4445,59.0701,9170251.49
20081001,0,58.6645,59.9682,57.1774,59.0991,6753574.66
20081002,0,59.0991,59.3791,55.3426,55.4295,8981874.054
20081003,0,57.0422,58.1044,54.3769,54.9467,14784872.3
20081006,0,51.5861,53.981,48.525,53.5658,21531549.72
20081007,0,54.0776,54.5025,48.9981,49.172,18970283.7
20081008,0,47.3275,52.5615,46.1108,51.113,18629647.59
20081009,0,52.1269,54.0196,47.7138,48.6505,10348846.78
20081010,0,45.3865,52.0979,45.3865,50.6108,17765113.64
20081013,0,53.1022,56.9746,51.7503,56.7814,12256568.87
20081014,0,59.8523,59.9778,53.3533,55.6516,13221485.56
20081015,0,53.614,54.0776,46.864,48.1387,18818239.51
20081016,0,48.4284,51.4992,46.3908,51.1902,13865166.67
20081017,0,49.732,53.1795,49.732,50.2149,8656462.32000001
20081020,0,51.4799,51.9724,49.3651,50.2052,7272266.97
20081021,0,49.5872,51.2481,48.5636,48.7953,7322608.21999999
20081022,0,48.2546,50.2149,46.3522,46.893,9928389.07
20081023,0,47.0861,47.849,44.1698,46.6805,12005963.46
20081024,0,42.2964,46.835,42.2384,46.4488,10248970.8
20081027,0,45.3962,47.511,44.8458,45.261,10540094.88
20081028,0,46.2556,49.8093,45.4348,48.7471,14186826.48
20081029,0,48.6698,51.673,47.8104,49.2782,13755246.67
20081030,0,48.8629,54.2321,48.8436,52.1559,19071257.45
20081031,0,52.04,54.1548,51.1806,53.305,9986847.27000001
20081103,0,54.0003,54.1741,50.128,50.5722,6883777.77
20081104,0,52.5132,58.3748,52.0303,57.7375,18641275.7
20081105,0,56.289,57.1677,54.5604,54.6183,11116606.19
20081106,0,53.1505,54.0776,48.9981,49.9831,12148075.07
20081107,0,50.6494,52.9188,49.5486,51.8565,7094309.40999999
20081110,0,53.4016,53.4016,49.4423,50.3114,6492722.202
20081111,0,49.2396,53.1022,48.6312,52.0593,8041105.48
20081112,0,50.7485,53.8447,49.5197,50.1389,9434144.01000001
20081113,0,50.3131,52.6933,48.2715,52.6739,8860117.84
20081114,0,51.3871,55.1509,50.7485,52.7997,9326348.79000001
20081117,0,51.3871,52.4708,49.9841,51.0484,7304262.83
20081118,0,51.0775,53.2932,50.9033,52.6352,7703873.49
20081119,0,52.2482,54.0285,49.5778,49.7229,8551707.52299999
20081120,0,48.5812,49.6358,46.4429,46.5106,12380485.14
20081121,0,47.991,47.991,42.1275,45.5237,20631750.31
20081124,0,46.0655,48.378,44.2949,47.6813,10662327.68
20081125,0,48.7263,49.3165,47.4104,47.6813,10980408.42
20081126,0,47.2266,50.2744,46.6364,50.226,6758502.92
20081128,0,50.0325,51.0291,49.51,50.4582,3240542.494
20081201,0,49.3455,49.481,46.1236,46.3461,7085203.613
20081202,0,47.1105,48.0103,45.9881,47.9716,6338128.106
20081203,0,46.559,51.0388,46.5493,51.0291,8405985.64
20081204,0,50.2454,51.0388,48.5908,49.2294,6890957.24700001
20081205,0,48.1361,51.7354,46.9266,51.2807,9835124.65
20081208,0,52.6352,55.7992,52.2192,53.9995,13107831.39
20081209,0,53.6996,54.6091,51.3774,51.6774,7631579.53
20081210,0,51.4258,52.1031,49.2972,51.4742,7483599.39
20081211,0,50.7001,52.8191,50.0422,50.4679,7089766.53
20081212,0,48.8714,52.1611,48.8618,51.1839,5941581.35
20081215,0,51.0968,52.0257,50.0906,51.1645,5297161.714
20081216,0,51.5709,52.9545,51.0291,52.9449,6932680.267
20081217,0,52.5288,54.1833,52.1128,53.5834,5878205.66
20081218,0,53.5738,54.3672,52.3159,52.7223,6983499.95
20081219,0,52.7417,54.4059,52.0354,53.2158,7017593.95000001
20081222,0,53.0803,53.448,51.2613,52.0741,3363135.033
20081223,0,51.7838,52.6352,51.3968,51.9773,2627615.08
20081224,0,51.7064,52.0063,50.942,51.1742,1667194.638
20081226,0,51.0678,51.6193,50.2454,51.6193,1532695.481
20081229,0,51.329,51.8515,50.2454,50.5163,3454020.442
20081230,0,50.5066,50.5066,48.6392,49.2875,4058458.837
20081231,0,48.9682,51.0581,48.9585,50.7195,3732736.857
20090102,0,51.2032,51.9676,50.5453,51.8225,3137338.317
20090105,0,51.2807,53.506,51.2807,52.1224,3964831.549
20090106,0,52.3933,56.0991,52.3933,55.7605,8074051.4153
20090107,0,54.8509,56.0701,54.1737,54.3962,6850837.087
20090108,0,54.193,54.4736,51.5419,54.0382,8675770.86500002
20090109,0,54.2027,54.4833,53.0029,53.9705,3965141.699
20090112,0,53.3899,54.3285,50.8549,51.3,6215403.604
20090113,0,51.0388,51.6096,49.839,51.3968,5171055.458
20090114,0,50.3228,50.9033,48.5908,49.152,6153417.2
20090115,0,48.7457,49.2004,45.9591,47.8071,11615055.32
20090116,0,47.4201,47.8458,43.7434,45.93,17111617.75
20090120,0,44.798,44.9044,40.6956,41.1697,14348460.41
20090121,0,41.7986,43.6853,41.3148,42.7371,11630718.45
20090122,0,42.3598,44.1981,41.8276,42.7274,7512097.21
20090123,0,41.3051,43.008,40.4246,42.8532,5616073.433
20090126,0,42.8629,43.7724,41.1406,41.2374,5693753.15
20090127,0,42.0792,42.7565,41.2567,42.6307,6343343.34
20090128,0,44.4207,45.9107,43.7821,45.901,7292069.06
20090129,0,44.3626,46.5493,43.7821,44.6625,6062820.431
20090130,0,45.5334,47.2459,45.3398,46.9557,6872186.811
20090202,0,46.6944,48.3586,45.9978,48.2909,6994718.09
20090203,0,48.5812,49.2972,46.6267,46.8492,7094582
20090204,0,47.275,48.6102,46.9847,47.4104,6326514
20090205,0,50.4776,53.3125,49.8293,51.9289,23787026.06
20090206,0,52.1998,54.1833,51.9386,53.4093,11367642.71
20090209,0,53.7189,54.522,52.8287,53.6221,7667948.755
20090210,0,53.3416,54.1833,51.8709,51.9579,8815232.27300001
20090211,0,52.4472,53.5427,51.8656,53.2616,5698117.99
20090212,0,52.6217,54.7739,51.4778,54.6867,8155302.62
20090213,0,55.1908,56.1796,53.5718,54.202,10161746.54
20090217,0,53.0192,53.5136,52.0304,52.6121,8332680.94
20090218,0,52.9029,55.152,52.5927,54.4443,9063983.14
20090219,0,55.2102,56.1312,53.7948,53.9984,8517545.55
20090220,0,52.9804,54.3764,52.835,54.1147,10653205.8
20090223,0,54.328,55.1035,52.3406,52.5248,7839243.21899999
20090224,0,52.6799,55.2393,51.9722,54.5316,10045533.559
20090225,0,54.3958,54.8224,53.4555,53.6106,8607097.05
20090226,0,54.5316,54.929,53.1162,54.2601,8744963.22000001
20090227,0,53.3197,56.1312,53.3197,55.0841,11075651.33
20090302,0,54.3183,55.2296,52.2243,52.5442,9488269.34
20090303,0,53.058,53.9305,51.5844,52.835,10251500.3
20090304,0,53.3197,54.1632,52.2534,53.6978,8770585.97
20090305,0,52.9223,53.7948,51.0706,52.0595,10292517.85
20090306,0,52.1176,52.4957,47.7066,48.6082,14411700.92
20090309,0,48.1526,49.5195,47.251,48.3853,8085421.665
20090310,0,49.4323,51.09,49.0445,50.8961,8799928.43
20090311,0,52.0207,52.0207,48.9766,49.6068,7585321.82200001
20090312,0,49.8297,52.3697,48.7343,52.137,9846426.77499999
20090313,0,52.6024,53.6591,50.1206,50.392,12144678.65
20090316,0,51.3518,52.0885,50.2951,50.3242,7445674.06
20090317,0,50.4114,53.5621,49.7619,53.5524,6018401.17
20090318,0,52.7866,54.7255,51.8268,54.4637,10217871.01
20090319,0,54.6576,54.9678,50.8283,51.0222,9292722.14
20090320,0,51.5747,52.6993,50.8961,50.9737,7855197.052
20090323,0,52.2243,53.882,51.2839,53.6203,9814134.11999999
20090324,0,52.6217,53.1162,51.6426,51.8656,9931667.31
20090325,0,52.3018,53.0774,49.7134,51.0125,14343225.504
20090326,0,51.7492,54.0856,50.9155,53.6881,14167145.25
20090327,0,52.6217,54.5897,52.5636,52.7381,7615163.39999999
20090330,0,51.7783,53.1743,51.3905,51.8074,8509685.59
20090331,0,52.7381,54.5122,52.1952,53.8045,11053058.2
20090401,0,53.0774,54.2892,51.9916,52.7381,10530246.15
20090402,0,53.7657,55.3653,53.4361,53.6009,11166835.2
20090403,0,53.5815,58.167,53.5815,58.1185,13789062.73
20090406,0,56.9067,58.2058,55.9857,57.469,10995514.95
20090407,0,56.5965,56.9649,55.4525,55.5204,6364362.44100001
20090408,0,56.0342,56.1021,54.6867,56.0924,5840332.66
20090409,0,57.0521,57.7114,55.8694,57.2848,9983505.17
20090413,0,56.3832,59.5242,56.2281,59.1946,9091204.01100001
20090414,0,58.2736,59.0589,56.5189,56.5383,8243243.15
20090415,0,56.2572,57.4399,55.501,57.4108,7081593.71999999
20090416,0,56.325,57.5562,55.7434,56.3541,8792432.58
20090417,0,56.4026,57.3236,55.5107,56.3347,8705006.53
20090420,0,55.2587,55.9179,53.3101,53.3391,9616341.19
20090421,0,53.0871,56.6837,52.5927,56.6837,8652999.08
20090422,0,56.0342,58.1088,55.4622,55.6658,7808098.38
20090423,0,56.4705,57.1685,55.3556,56.2087,8674656.65
20090424,0,57.4981,58.8941,56.2669,58.3803,9265156.13
20090427,0,56.9843,57.8956,56.8389,57.1006,6999075.76000001
20090428,0,56.3735,60.1447,56.325,58.8941,10339723.85
20090429,0,59.9993,61.7927,59.6309,61.3565,13532327.87
20090430,0,62.1805,65.9226,61.9672,62.578,24430808.12
20090501,0,62.1902,64.2745,60.7263,62.927,14701895.77
20090504,0,64.0613,66.2134,62.7428,66.1262,10717536.7
20090505,0,65.7481,66.4073,64.9919,65.0113,6305422.83
20090506,0,65.9905,66.1359,63.7413,64.0709,9840692.34
20090507,0,64.5945,64.9531,63.3536,63.4117,8184657.71
20090508,0,63.9546,66.3298,63.499,66.3104,8348701.761
20090511,0,64.7593,65.8741,63.9546,63.9837,5637234.662
20090512,0,64.798,65.1955,62.7331,63.0143,8501581.41
20090513,0,62.4556,63.5722,61.6691,62.7372,10696617.001
20090514,0,62.1254,63.213,61.6691,62.6692,7842621.84
20090515,0,62.5818,63.6014,62.1643,63.0285,5785635.987
20090518,0,63.4266,64.4753,62.3973,64.3879,6230950.543
20090519,0,64.116,64.3879,62.4264,62.708,9070944.43000001
20090520,0,63.3683,65.0191,62.7372,63.0285,8168879.68
20090521,0,62.6401,64.2617,62.6012,64.2519,4348275.224
20090522,0,65.1647,65.5434,63.3392,63.8927,4905356.538
20090526,0,63.883,64.9122,63.3877,64.9025,4485019.443
20090527,0,64.4073,66.1648,63.3586,64.0286,5970179.295
20090528,0,64.4462,65.0482,63.8441,64.4947,4419598.05
20090529,0,64.6986,65.9124,63.8927,65.8833,5816098.85
20090601,0,66.5144,66.9514,63.9121,64.6986,10407357.42
20090602,0,64.4753,65.0579,63.6014,64.9705,7365620.97
20090603,0,64.7569,66.7669,63.9606,66.3396,8690028.39
20090604,0,66.4659,69.175,66.3396,67.4272,13117083.82
20090605,0,67.9321,68.7866,66.8057,67.1359,6922375.916
20090608,0,66.6698,68.5535,66.563,67.7379,5064459.412
20090609,0,68.0389,68.3302,66.5144,66.5338,4977758.76
20090610,0,67.029,67.8932,65.9901,67.3398,8384049.57
20090611,0,67.3398,67.5825,64.7278,64.8831,9529362.632
20090612,0,64.9511,65.2521,62.4459,62.5527,7474610.589
20090615,0,62.1254,63.9704,61.2418,62.6595,6030119.004
20090616,0,63.213,63.213,60.3193,60.6204,7323291.69
20090617,0,60.6495,61.2709,59.0376,59.6591,7927140.96
20090618,0,59.6785,60.3096,58.8725,59.6979,7510138.984
20090619,0,59.9115,60.2999,59.0959,59.6591,5978380.12
20090622,0,58.9794,61.135,58.9405,59.5231,6568476.657
20090623,0,59.5522,61.0476,59.5425,60.9214,4635202.271
20090624,0,61.203,61.3195,59.1347,59.3678,5574481.566
20090625,0,59.125,60.4747,58.523,60.2514,4891362.3
20090626,0,60.028,61.9215,59.7756,61.8147,4155075.771
20090629,0,62.038,62.038,60.6883,61.1447,4186643.337
20090630,0,60.9311,62.0769,60.2222,60.3776,9649558.83000001
20090701,0,60.4747,60.7563,59.0182,59.1056,6365979.49
20090702,0,59.0376,59.9115,58.4162,58.9211,4867975.77
20090706,0,58.3288,59.3289,58.1637,59.1541,5421811.369
20090707,0,59.5522,59.5522,57.6782,57.9695,6400664.52
20090708,0,57.9889,58.5715,56.3188,57.8044,14006217.88
20090709,0,58.3967,58.892,58.018,58.688,5565462.00499999
20090710,0,58.1346,58.5812,57.6879,58.0763,3990219.078
20090713,0,58.3676,58.6201,57.3869,58.523,5929964.935
20090714,0,58.7463,58.756,57.9112,58.5424,3277082.245
20090715,0,59.2318,60.9311,58.9114,60.6495,7515534.1
20090716,0,60.6301,62.844,60.397,62.5527,6498703.18300001
20090717,0,62.3876,63.1159,62.1449,62.2808,4226778.886
20090720,0,62.4944,65.3104,62.4362,65.2812,6052381.524
20090721,0,65.1744,65.2521,63.883,65.087,4280054.927
20090722,0,64.6889,65.6017,64.3976,64.8831,4153622.27
20090723,0,65.2521,65.8735,64.6889,65.1744,4311240.18
20090724,0,64.3491,65.689,64.3296,65.3977,3311492.536
20090727,0,65.3783,66.3008,65.1647,66.2911,3433265.324
20090728,0,65.7473,66.3202,64.2131,64.3393,5322483
20090729,0,64.6695,64.9511,63.815,64.7278,4797610
20090730,0,65.7085,67.6602,64.8928,65.0967,14011229.83
20090731,0,64.9996,65.223,63.4557,63.5625,7861801.95000001
20090803,0,64.3393,67.0388,63.9898,67.0388,7222191.901
20090804,0,66.3493,67.1067,65.9318,66.9417,4338725.51
20090805,0,67.1844,67.1844,65.893,66.3008,4617152.177
20090806,0,66.5338,67.6699,65.9804,66.6698,4785178.779
20090807,0,67.233,67.6311,66.7377,67.1747,3686606.114
20090810,0,67.0388,67.4757,66.6115,66.796,2299787.111
20090811,0,66.5533,67.2427,66.5435,66.6406,3210385.678
20090812,0,66.4121,67.1512,66.0134,66.6261,3446579.68
20090813,0,66.6163,66.9859,66.0717,66.7622,3472263.75
20090814,0,66.4218,66.7914,65.6438,65.9161,2790649.156
20090817,0,65.002,65.1381,64.224,64.5157,3315430.467
20090818,0,64.8172,65.4882,64.72,65.2257,3014245.756
20090819,0,64.506,65.391,64.331,65.3521,3551343.207
20090820,0,65.2451,66.1204,64.9145,65.8578,2659345.959
20090821,0,66.4607,67.1415,65.9842,67.0151,3271057.452
20090824,0,67.3457,67.5888,65.8967,66.1106,4705542.522
20090825,0,66.3246,67.1026,66.0328,67.0734,4105277.477
20090826,0,66.7136,68.4933,66.5677,68.396,4630315.107
20090827,0,67.7639,68.3182,67.3749,67.6569,4303138.89
20090828,0,68.0945,68.5613,67.3749,68.5419,3217233.468
20090831,0,67.7833,69.3588,67.6861,69.1059,3933436.429
20090901,0,68.8336,70.0201,68.2112,68.3377,5089859.099
20090902,0,67.8514,68.9114,67.5208,68.1432,2874810.352
20090903,0,68.4738,69.0962,67.8806,68.9212,2889580.801
20090904,0,68.7072,68.999,68.1237,68.4835,1847643.795
20090908,0,68.7558,69.2907,68.2307,68.9698,2468814.799
20090909,0,69.3004,69.3393,68.2501,68.4641,3463457.524
20090910,0,68.4446,70.4966,68.3377,70.4188,3991089.142
20090911,0,70.5063,70.5063,69.777,70.2632,2648222.406
20090914,0,69.5436,70.9926,69.5338,70.944,2696722.527
20090915,0,70.9926,71.4302,70.3896,71.2843,2649043.376
20090916,0,71.2357,72.5486,70.6619,72.0429,3912776.796
20090917,0,71.9165,72.8014,71.2843,71.6831,3221178.339
20090918,0,71.8873,72.2277,71.1482,71.6344,3066619.547
20090921,0,71.0607,72.2568,71.0023,71.3621,3123673.106
20090922,0,71.5761,72.675,71.3038,72.3541,2714904.099
20090923,0,72.3638,72.9279,71.8387,71.8581,3466075.154
20090924,0,71.5664,71.8776,70.2632,71.4886,3764982.312
20090925,0,71.1579,71.2357,67.3263,68.4446,11844521.556
20090928,0,69.0573,69.8742,68.5711,69.1935,3541152.212
20090929,0,69.2324,70.1562,67.3068,67.7153,8915626.488
20090930,0,67.832,68.0751,66.7233,67.1707,6478352.355
20091001,0,66.8789,68.2307,66.8789,67.122,6561343.886
20091002,0,66.558,67.1998,64.72,65.8286,8723026.54
20091005,0,66.0037,67.1026,65.8189,66.2662,3901885.569
20091006,0,66.8011,66.8108,65.5466,66.3635,9049018.62500001
20091007,0,67.2485,69.3782,67.0151,68.8239,12242629.89
20091008,0,69.1448,70.0493,68.7267,69.7381,5915856.04199999
20091009,0,69.5825,71.2746,69.3782,70.9537,5018255.335
20091012,0,72.286,72.8792,71.333,71.5955,4758850.563
20091013,0,71.7122,72.9181,71.2163,72.5972,5223641.367
20091014,0,72.7723,73.1807,71.7609,72.6458,6247379.576
20091015,0,72.1499,73.7545,71.9845,72.9376,4892883.105
20091016,0,72.4902,73.0154,71.9943,72.0721,3311167.459
20091019,0,72.2277,72.8987,71.1774,72.8987,3528884.848
20091020,0,73.3752,73.8128,72.4124,73.0154,4040946.008
20091021,0,72.7625,74.8729,72.7625,73.2293,3821375.204
20091022,0,73.5211,73.7934,72.2179,73.5016,4174349.248
20091023,0,73.842,73.9976,71.6053,71.9067,5726492.111
20091026,0,72.9084,73.7448,70.4674,70.7689,7738316
20091027,0,71.5858,72.4027,70.5161,71.9359,7764641
20091028,0,72.8792,75.8745,72.7042,74.5811,19221773.02
20091029,0,74.8923,76.0496,73.7448,75.1354,9796437.26
20091030,0,74.8437,75.3688,73.0932,73.7642,6509358.594
20091102,0,73.9976,76.0204,73.7448,75.1743,6225805.787
20091103,0,74.6589,75.5342,73.7156,75.4369,6408558.40700001
20091104,0,76.1469,77.3139,75.9718,76.1955,5867964.157
20091105,0,76.3608,77.5181,76.1177,77.4403,3816346.231
20091106,0,76.8276,77.7029,76.4969,77.4111,3791593.663
20091109,0,77.6639,79.395,77.5083,78.9768,6288866.587
20091110,0,78.6753,79.2491,78.3447,78.8796,4778886.439
20091111,0,79.3755,79.7159,78.1696,78.5781,3631235.986
20091112,0,78.583,78.9823,77.2681,77.7745,3074247.758
20091113,0,77.8525,78.1057,76.7031,77.9206,3177272.633
20091116,0,78.018,78.3005,77.1609,77.4921,4744142.916
20091117,0,77.4921,78.5732,77.2291,78.544,3692429.111
20091118,0,78.1057,78.768,77.5895,78.3589,2782143.743
20091119,0,77.8914,79.4304,76.1966,78.096,7854071.98
20091120,0,77.6479,78.3492,77.5603,77.8817,2932307.829
20091123,0,78.6804,78.6999,77.833,78.3297,4311442.266
20091124,0,78.2615,78.544,77.531,78.505,2870517.352
20091125,0,78.6999,79.7713,78.281,79.6349,2655965.89
20091127,0,77.7356,78.7388,77.531,78.2421,2359246.422
20091130,0,78.2421,79.2648,78.1154,78.8459,3382482.434
20091201,0,79.3232,81.2323,78.8947,80.794,6086508.401
20091202,0,80.8914,81.2323,79.9466,80.0148,3135228.221
20091203,0,80.2096,80.4823,77.8525,77.8525,4496152.976
20091204,0,78.9823,79.4693,76.6642,78.1739,5297003.541
20091207,0,78.2615,78.544,77.7648,77.8719,2210135.917
20091208,0,77.5505,78.32,77.4823,77.9109,2373918.809
20091209,0,77.5505,79.8005,77.4336,79.6446,3988647.997
20091210,0,79.7518,80.6089,79.2648,80.0635,3525340.579
20091211,0,80.1511,80.2583,79.031,79.1576,2491914.15
20091214,0,82.742,83.677,81.3199,82.5959,15063669.61
20091215,0,81.9823,83.9595,81.7193,83.9011,9225887.37
20091216,0,83.9985,85.2062,83.6283,84.7777,8439704.11
20091217,0,84.2127,85.1283,83.2777,84.7679,9256724.72
20091218,0,85.2744,87.3588,85.1186,86.1997,26325632.03
20091221,0,86.6478,86.7549,84.3783,85.4108,10848718.34
20091222,0,85.6056,85.6835,83.6283,83.9887,7181325.61000001
20091223,0,84.2127,84.7387,83.4238,83.8718,5727558.24
20091224,0,84.3978,84.5439,83.5699,83.8621,1768217.718
20091228,0,84.1835,84.7387,83.8523,84.3588,3246980.848
20091229,0,84.3978,85.9854,84.3978,85.8101,4447635.12
20091230,0,85.1965,85.9854,85.1965,85.8783,3073943.848
20091231,0,85.6932,85.888,84.9043,85.0893,2902805.359
20100104,0,85.7127,86.4627,85.1867,85.8393,4646867.556
20100105,0,85.3231,85.3231,83.7647,84.7777,6308070.861
20100106,0,84.7484,84.8166,83.6673,83.7257,3907829.318
20100107,0,83.8036,84.7387,83.3264,84.5439,4965840.658
20100108,0,84.5634,85.1186,83.9887,84.7192,2845987.754
20100111,0,85.2354,85.6543,83.9303,84.5634,3013941.062
20100112,0,84.3296,84.7874,83.6186,84.1348,3105078.173
20100113,0,84.4368,84.9335,83.716,84.9043,3142370.311
20100114,0,84.7095,85.2549,84.2517,85.1867,3692365.693
20100115,0,85.138,85.2647,83.6868,83.9595,5095020.186
20100119,0,83.9303,86.1121,83.4725,85.5763,3539448.836
20100120,0,85.401,85.5666,84.0666,85.177,3047939.827
20100121,0,85.177,85.6153,81.9336,82.1478,6609821.28
20100122,0,81.8459,82.1965,79.518,80.5797,7117625.487
20100125,0,81.2323,81.6316,79.294,79.7907,3664730.297
20100126,0,79.3427,80.3946,78.8849,78.9726,2990039.9
20100127,0,78.7778,81.9433,78.5148,81.7095,4617230.53
20100128,0,82.1673,82.2842,79.294,80.5894,3131925.848
20100129,0,80.4531,82.7712,79.8005,79.8297,4408045.257
20100201,0,80.0635,82.5472,80.0635,81.4952,3789284.959
20100202,0,82.0699,82.2745,81.3297,81.7972,3413939
20100203,0,82.0017,82.2939,79.9661,81.3979,6543697
20100204,0,83.0342,83.94,80.7453,80.8524,15655434.49
20100205,0,81.0082,81.6803,78.4466,80.4336,9446362.44
20100208,0,80.7453,82.1868,80.4141,80.9693,5777694.475
20100209,0,81.5732,81.9433,80.5505,81.1446,4354344.373
20100210,0,81.4422,81.8519,80.8569,81.5495,3409949.286
20100211,0,81.7348,83.12,81.2081,83.0419,4321765.777
20100212,0,82.4274,82.8371,81.5983,82.7591,4716363.07
20100216,0,83.1395,83.8321,83.1102,83.637,3118577.887
20100217,0,83.9004,84.4174,83.6565,84.271,3633936.677
20100218,0,84.0369,85.305,83.8906,84.7685,3661014
20100219,0,83.8809,84.8466,83.3931,84.6417,3102636.154
20100222,0,84.9149,85.6074,84.6807,84.788,2659479.764
20100223,0,84.8856,85.4416,83.9491,83.9491,4578948.719
20100224,0,84.1052,84.4856,82.6713,83.5102,3969824.782
20100225,0,82.6713,83.3443,81.686,83.0419,3425171.941
20100226,0,83.3151,83.6175,82.9346,83.2956,2581210.627
20100301,0,83.4029,84.8076,83.1883,84.6417,3312354.533
20100302,0,84.6905,84.8466,84.1345,84.3101,3070037.667
20100303,0,84.4759,85.0709,84.1247,84.7393,3339650.633
20100304,0,84.8661,85.305,84.0174,84.8076,2948383.649
20100305,0,85.2563,86.3878,84.9636,86.3391,4603766.039
20100308,0,86.2805,88.6997,85.9293,88.4266,7037155.82
20100309,0,88.0559,89.4215,87.6559,87.734,6574557.21
20100310,0,87.5389,89.5581,87.3535,89.2167,5826492.147
20100311,0,88.7387,90.9921,88.5729,90.4555,6740579.815
20100312,0,90.8847,91.3335,90.3775,90.9433,6722415.73300001
20100315,0,90.5921,90.8652,88.885,90.1434,3838959.037
20100316,0,90.4068,90.6311,89.1094,89.3435,3658238.279
20100317,0,89.8898,90.1434,89.0021,89.0899,3518516.262
20100318,0,89.2557,89.5679,87.8705,87.9193,4118130.64
20100319,0,88.2997,88.5241,86.5146,86.6414,5633201.401
20100322,0,86.222,87.5486,86.0171,87.0804,4001231.174
20100323,0,87.3048,88.0851,87.0609,87.773,3272424.153
20100324,0,87.4023,87.734,86.4171,86.6805,3627645.299
20100325,0,87.4803,89.5288,87.295,88.1242,4947408.732
20100326,0,88.5046,89.0118,87.4511,87.9681,3146029.799
20100329,0,88.3485,88.924,87.9291,88.0169,2664316.729
20100330,0,88.251,89.5874,88.1242,88.9143,3569813.85799999
20100331,0,88.4753,89.9385,88.2997,88.7875,2880356.646
20100401,0,89.4313,90.3092,89.0704,90.2409,4189234.897
20100405,0,90.8067,90.914,89.841,90.1336,3690664.57
20100406,0,89.7727,91.0408,89.5581,90.1141,3318690.797
20100407,0,90.2312,90.2312,88.407,88.4656,3519083.216
20100408,0,88.4363,89.8215,88.2802,89.2459,2579596.753
20100409,0,89.6849,90.3385,89.402,90.3092,2294670.053
20100412,0,90.7677,91.1969,90.2312,90.8652,2262478.409
20100413,0,91.1189,91.4895,89.8995,90.5141,2727464.521
20100414,0,90.875,92.1236,90.5824,91.948,4002583.54
20100415,0,92.0456,92.9235,91.6261,92.1138,3678253.113
20100416,0,91.7432,92.5821,90.5238,91.6456,4156840.798
20100419,0,90.914,91.87,89.8215,90.8067,3058583.302
20100420,0,91.353,91.7822,90.2312,91.6066,2117494.261
20100421,0,92.0456,92.0651,90.5824,90.9238,2611664.347
20100422,0,90.5433,92.865,90.1922,92.7674,3537981.75
20100423,0,93.8502,94.4452,92.8942,94.1526,2954323.564
20100426,0,94.6501,94.8061,93.1966,93.6063,3691421.522
20100427,0,93.5966,93.8697,90.6116,90.6701,4234817
20100428,0,91.4213,91.7529,90.0361,91.2359,4680920
20100429,0,91.5188,92.2797,89.841,90.5531,7059479.933
20100430,0,90.9921,91.0798,87.812,88.1242,5841524.572
20100503,0,88.329,89.0313,86.2513,86.9731,7546114.78600001
20100504,0,87.1487,88.7192,85.9586,86.0854,7277057.15000001
20100505,0,84.632,85.7928,81.9397,84.3296,8354657.2
20100506,0,83.7443,84.4369,74.0481,81.1203,15562379.92
20100507,0,81.0227,82.1055,78.7694,80.3009,11097400.42
20100510,0,84.1345,85.0612,83.8223,83.8516,8278461.99000001
20100511,0,82.9737,83.159,81.1008,82.2713,11694555.6
20100512,0,83.0775,85.5296,82.7942,83.6344,9034490.15
20100513,0,83.8981,85.9497,82.5695,83.8004,7803797.73
20100514,0,76.8838,78.0464,74.168,75.2426,41226986.1
20100517,0,76.9522,77.4114,71.9699,72.8198,22462332.06
20100518,0,73.3474,74.2559,66.7141,68.6093,46369000.9
20100519,0,69.0782,72.4877,69.0685,71.2177,32398604.04
20100520,0,70.3384,73.6795,69.469,71.5889,24342043.78
20100521,0,70.3482,74.2461,70.3482,72.4681,19340604.46
20100524,0,73.4841,74.4415,72.0481,73.0445,10205964.32
20100525,0,71.2763,72.1458,70.1138,71.3545,10832087.49
20100526,0,72.4291,73.4548,71.6671,71.7355,10616468.43
20100527,0,73.2692,73.4548,71.2275,71.8918,9261337.77
20100528,0,71.6768,71.8038,70.3384,70.8367,6065927.77
20100601,0,70.866,71.9015,69.85,69.8598,5798699.456
20100602,0,69.8109,70.2115,68.4041,69.5569,8716174.536
20100603,0,70.2701,71.5205,70.0063,71.1688,9365677.20999999
20100604,0,69.4201,71.7061,69.4104,70.4068,10093611.15
20100607,0,70.3384,72.0774,69.8988,70.2408,7484510.50000001
20100608,0,70.4459,71.6085,69.4494,71.5596,7156819.683
20100609,0,72.4095,73.7381,71.4912,72.0676,8782475.04
20100610,0,73.9042,75.7018,73.2692,75.6724,8639474.4
20100611,0,74.7444,75.1156,73.6111,74.3438,5719055.726
20100614,0,75.1742,75.2133,72.0383,72.0676,7381323.15
20100615,0,72.7514,75.1547,72.1946,75.1156,6145672.144
20100616,0,74.422,75.438,73.8651,75.438,5481608.76199999
20100617,0,76.0144,77.3039,75.4771,76.3661,7137217.66
20100618,0,76.6982,77.4211,74.5001,75.2915,6272529.934
20100621,0,76.1609,81.8564,73.6795,79.0135,29046755.548
20100622,0,79.1308,79.1308,76.8154,76.9913,11355063.33
20100623,0,77.1378,77.1378,75.0374,76.0144,6494141.02
20100624,0,75.3501,76.1609,74.0117,74.5588,6222981.919
20100625,0,75.2524,75.6236,73.9042,74.8128,5193013.28
20100628,0,75.2133,75.5064,73.4158,73.4744,5017540.11
20100629,0,72.5658,72.7514,69.4592,69.7035,9368813.57
20100630,0,69.7718,70.4361,69.0782,69.1954,5586474.121
20100701,0,69.3615,71.3251,68.4921,71.1786,7155213.91000001
20100702,0,71.5694,72.0871,70.9051,71.628,4445998.6
20100706,0,72.1458,72.6049,70.1333,70.5729,5620386.581
20100707,0,70.9734,73.1911,70.485,73.0055,4515759.04
20100708,0,73.7577,74.0508,72.3314,73.3474,3738724.004
20100709,0,74.4806,75.8092,73.8749,75.5259,5391638.51600001
20100712,0,74.2461,75.5845,74.1289,74.803,3724428.072
20100713,0,76.0046,76.0046,73.7284,74.8128,4525500.221
20100714,0,74.803,75.2231,73.9042,74.4513,2484713.791
20100715,0,74.6271,74.8714,72.5463,73.5232,3785975.41
20100716,0,71.9015,72.0481,69.6253,69.8207,9221784.59000001
20100719,0,70.4459,70.5827,69.2345,69.6058,4186616.657
20100720,0,69.088,71.9601,68.8731,71.8527,4522463.442
20100721,0,72.2825,72.3021,70.2701,70.6315,3622475.029
20100722,0,71.4619,72.8296,71.3349,72.7417,4323167.983
20100723,0,72.7514,74.2168,72.3411,73.8163,3026028.106
20100726,0,73.9433,74.7346,73.6111,74.3634,3487839.059
20100727,0,75.2231,75.4868,74.1191,74.7835,3895514
20100728,0,74.3927,75.0668,73.4451,73.4548,5411203
20100729,0,73.0348,73.152,69.7035,70.2798,14424107.49
20100730,0,69.9379,71.9308,69.723,71.628,6912162.67
20100802,0,69.342,70.7195,69.3322,70.5338,12908870.6
20100803,0,69.977,71.8234,69.7816,71.3056,8378359.66999999
20100804,0,71.5205,71.7061,70.7097,70.8171,4885668.1
20100805,0,70.4166,70.7292,69.6741,69.7621,7648846.67
20100806,0,69.5081,70.5241,69.2248,70.4752,4742741.69
20100809,0,71.4326,73.1422,71.1298,73.0348,6811595.69
20100810,0,72.3509,73.9824,72.3509,73.533,5244320.119
20100811,0,72.4126,72.7551,71.434,71.9918,5348027.067
20100812,0,71.2187,72.5985,70.9741,71.4145,5959428.12
20100813,0,71.3753,71.5515,70.6023,70.7393,3408967.078
20100816,0,70.5338,71.6689,70.2598,71.3068,2514768.226
20100817,0,71.8744,72.1875,70.886,71.6884,3105326.514
20100818,0,71.6689,71.8059,70.9643,71.434,2876199.81
20100819,0,70.9056,71.1698,69.9662,70.113,4304593.89999999
20100820,0,69.7607,70.0543,68.0874,68.5864,7616533.95
20100823,0,69.0366,69.7705,68.107,68.6549,4292959.57199999
20100824,0,68.0189,69.4476,67.5198,69.1344,6235213.92499999
20100825,0,68.7919,70.5925,68.7626,69.291,5097765.317
20100826,0,69.6824,69.8683,68.381,68.4984,3213473.463
20100827,0,68.88,69.5161,68.107,69.5161,3595784.63099999
20100830,0,69.4476,69.8683,68.0776,68.0776,2803158.152
20100831,0,68.0482,68.5962,66.5511,67.3143,4422744.275
20100901,0,68.332,69.2225,67.5883,68.9974,3848552.68899999
20100902,0,69.4574,70.7001,69.1442,70.4163,3931794.96599999
20100903,0,71.434,71.571,70.5338,70.9447,3246177.688
20100907,0,70.4457,71.4145,69.8977,69.8977,3372535.233
20100908,0,68.88,69.154,66.8348,67.0501,11046815.3
20100909,0,67.3241,67.4905,64.6527,65.3279,12897797.26
20100910,0,65.4062,67.011,65.2496,66.6587,7626429.26
20100913,0,66.4923,66.5413,63.5078,64.0851,14721099.6
20100914,0,64.2221,66.4923,64.1438,65.7095,9532606.77
20100915,0,66.2673,68.0091,66.1499,67.4024,9747648.29
20100916,0,67.3339,67.7253,66.6,66.874,7034606.963
20100917,0,67.2948,67.5198,66.7272,67.011,5955248.706
20100920,0,67.0306,68.7822,66.6098,68.7724,6773732.172
20100921,0,68.9387,69.5846,68.0287,68.469,5962137.374
20100922,0,68.5767,69.3497,68.4494,69.0659,6240195.51899999
20100923,0,68.5669,69.9271,68.4005,69.4671,6419501.845
20100924,0,70.2108,70.749,69.8292,70.749,4869792.072
20100927,0,71.209,71.9135,70.3576,71.4536,4621776.871
20100928,0,71.3557,72.0211,70.9937,71.6787,7116973.246
20100929,0,71.4438,72.9018,71.3166,72.8627,6773161.907
20100930,0,73.1367,73.3618,72.2266,72.6474,5248100.30499999
20101001,0,73.1563,73.166,71.6004,71.7374,4317999.51
20101004,0,71.6884,72.7648,71.023,71.6102,5541469.54799999
20101005,0,72.53,73.3716,72.0799,73.3618,4457681.51099999
20101006,0,73.4694,73.8804,72.2169,72.5202,3604530.52299999
20101007,0,72.6866,73.1856,71.9624,72.0407,2384708.233
20101008,0,72.1092,72.4419,71.6004,72.4126,2186012.766
20101011,0,72.4028,73.1856,72.2462,72.6572,1592841.0993
20101012,0,72.53,72.9312,71.982,72.7061,2263096.674
20101013,0,73.1073,75.3482,72.7061,75.3384,6444295.217
20101014,0,75.0155,76.0626,74.6534,75.5439,4180756.341
20101015,0,76.0919,76.2289,74.9764,75.9353,3401373.77399999
20101018,0,75.8473,76.679,75.1036,76.6693,4692214.226
20101019,0,75.9451,77.8533,75.5831,75.8473,6857895.64999999
20101020,0,76.2485,78.2154,75.6026,77.7946,4589157.14
20101021,0,77.7457,79.145,76.8943,77.4032,4721047.46
20101022,0,77.4521,78.1566,77.0215,77.5206,2745238.437
20101025,0,78.3328,78.9786,77.9414,78.9003,3910262.496
20101026,0,78.4404,78.6068,77.6772,78.2839,3687586
20101027,0,78.5676,78.871,77.4619,78.2447,4525377
20101028,0,77.5597,77.7946,73.7043,74.81,10866810.41
20101029,0,74.7611,76.7475,74.7024,76.3953,5133267.929
20101101,0,76.8943,77.09,75.0546,75.6222,3353375.328
20101102,0,76.6203,76.9824,75.8179,76.679,3516418.113
20101103,0,76.8845,77.5206,76.3268,77.2564,3468195.593
20101104,0,78.0001,78.3817,77.364,78.1762,4600544.288
20101105,0,78.5481,78.7438,77.4521,78.0784,4734047.48699999
20101108,0,77.7946,78.1175,76.9139,77.0117,2777507.325
20101109,0,77.2368,77.7946,76.3659,76.5323,2393213.507
20101110,0,76.7182,77.5597,76.3365,77.5499,2725011.503
20101111,0,77.1585,77.7848,76.3659,77.501,2132759.288
20101112,0,76.8845,77.1194,75.2797,75.2993,3071903.876
20101115,0,75.8571,76.1898,74.7415,74.7513,3128569.177
20101116,0,73.9391,74.6632,72.667,73.4205,4805988.048
20101117,0,73.4401,74.8619,73.4009,74.3226,3520934.28
20101118,0,74.7834,75.5973,74.6854,75.4208,4010814.419
20101119,0,75.3031,76.0483,75.2639,75.509,2451154.599
20101122,0,75.1756,75.4796,73.8127,73.9892,4822852.541
20101123,0,73.4892,73.6853,73.0577,73.195,3371778.934
20101124,0,74.0285,74.4599,73.6853,74.4501,3763960.085
20101126,0,73.8323,74.3128,73.7637,74.0088,1108197.69
20101129,0,73.7637,73.7637,71.4987,72.7734,5087255.004
20101130,0,72.1067,72.8322,71.8223,72.4008,4278779.031
20101201,0,73.4794,74.0088,72.9989,73.8225,5092791.938
20101202,0,74.0677,75.5384,74.0383,75.509,4705531.598
20101203,0,75.2345,76.0287,74.7344,75.8718,4086484.367
20101206,0,75.7934,76.6562,75.6463,76.6562,3228036.309
20101207,0,77.4602,78.2152,75.3129,75.3227,6187996.683
20101208,0,75.5286,76.6268,75.4992,76.3719,3173672.878
20101209,0,76.6268,77.6465,75.7934,77.5779,3425684.482
20101210,0,77.6269,78.5878,77.4896,78.5486,5601365.44
20101213,0,78.7349,80.1566,77.9505,79.2546,8162927.143
20101214,0,79.1957,79.6075,78.5878,79.1271,6006101.416
20101215,0,78.627,78.8133,75.2541,75.509,10679411.73
20101216,0,75.6757,77.9505,65.2921,66.0667,49335458.935
20101217,0,66.8707,67.2433,65.2039,65.8118,38711829.25
20101220,0,66.1844,66.8903,65.6941,66.655,15861858.42
20101221,0,67.3414,67.5081,66.557,66.6648,10385996.6
20101222,0,66.9394,67.4296,66.7335,67.2531,5634788.24
20101223,0,66.91,67.5865,66.91,67.41,4032401.256
20101227,0,67.3512,69.7828,67.312,69.4593,7691351.37
20101228,0,69.9691,70.4006,69.1259,69.4102,4657845.729
20101229,0,69.5279,69.7926,68.9592,69.2632,3137367.521
20101230,0,69.3416,69.371,68.7533,68.9396,2688926.849
20101231,0,68.8906,69.0965,68.5866,69.018,2608738.372
20110103,0,68.9298,69.5377,68.8219,69.1161,6034412.281
20110104,0,69.5475,69.5671,68.8906,69.1749,4414636.838
20110105,0,69.4593,70.9202,69.3024,70.6555,8963239
20110106,0,71.2732,72.1165,71.0967,71.7831,6898224.65
20110107,0,72.0086,72.1165,71.0869,71.5183,5669095.28
20110110,0,71.283,71.8125,70.4398,70.4594,4348750.556
20110111,0,70.6457,71.1065,70.1554,70.43,4886261.631
20110112,0,70.6555,71.2144,70.5869,71.1457,3789449.413
20110113,0,71.7046,71.8517,69.5377,69.724,6803147.69
20110114,0,69.8809,70.1554,69.3612,69.8025,5941657.512
20110118,0,69.8613,69.9593,69.3612,69.773,4472769.978
20110119,0,69.5279,69.6554,67.1159,67.7336,10455364.11
20110120,0,67.3512,70.1456,66.1942,69.2828,19401186.493
20110121,0,69.1357,69.6162,68.5474,68.7043,5707093.001
20110124,0,69.0573,70.43,68.8121,70.43,5582820.242
20110125,0,69.6358,70.9693,68.9396,70.1946,6853678.86
20110126,0,70.4986,70.7339,69.5671,69.6456,3825561.355
20110127,0,69.675,69.8319,69.1357,69.2141,4768047.373
20110128,0,69.4201,69.5475,68.0669,68.116,5552795.69000001
20110131,0,68.5376,68.9886,67.9983,68.4395,4761233.69
20110201,0,68.9886,70.3319,68.8416,69.3416,6024987
20110202,0,69.8417,70.6849,69.371,70.5869,5863157
20110203,0,70.3319,71.0673,69.6162,70.2339,8186238.93999999
20110204,0,70.5771,71.5772,70.2045,71.4497,7021384.18000001
20110207,0,71.5576,72.7048,71.4987,72.342,5072625.71
20110208,0,72.5283,73.1166,72.3812,73.0774,3543237.218
20110209,0,72.3797,73.4114,71.8197,71.9573,4386310.936
20110210,0,71.6232,73.8338,71.6232,73.3917,5562343.28
20110211,0,73.3721,73.8142,72.9791,73.5686,3994294.101
20110214,0,73.6766,75.5925,73.1952,74.4233,6932432.20369999
20110215,0,74.384,74.5805,73.7749,74.2858,3516827.134
20110216,0,74.3054,74.8753,74.1384,74.61,4577834.92
20110217,0,74.5216,75.3763,74.1286,74.6886,5679978.268
20110218,0,75.2388,75.73,74.2465,74.6984,5927087.69200001
20110222,0,73.038,73.7847,71.8296,72.4976,4568645.822
20110223,0,72.3503,73.2443,71.5053,71.6134,6088845.48
20110224,0,71.3874,72.9398,71.358,72.5861,3957550.361
20110225,0,72.8808,74.0794,72.8808,73.3622,4463580.312
20110228,0,73.5587,73.9517,71.8197,71.8296,4026925.314
20110301,0,72.5762,73.5686,71.2401,71.3973,5825593.01
20110302,0,71.3088,72.9201,71.2401,72.6155,3821966.48
20110303,0,73.3721,74.5707,73.2542,74.4823,4545065.883
20110304,0,74.5314,74.61,72.7236,73.3524,4514189.58
20110307,0,73.2935,73.9026,72.704,72.8022,4399986.631
20110308,0,73.1461,73.598,72.026,72.9005,7908160.58599999
20110309,0,73.097,73.3524,72.0162,72.4092,4125194.142
20110310,0,72.0359,72.0359,69.9825,70.1102,6620836.4
20110311,0,70.1299,71.5053,69.9727,71.2008,3975464.407
20110314,0,70.5916,71.4562,70.3755,70.6309,3296821.619
20110315,0,69.56,70.5425,69.2161,70.0709,5359408.282
20110316,0,70.1692,70.6899,69.4421,69.7663,5233010.05999999
20110317,0,70.3362,70.739,69.8842,70.1495,3233275.863
20110318,0,70.8667,70.8765,69.6779,70.0021,4575176.953
20110321,0,70.6604,71.0534,70.3755,70.6407,3469836.464
20110322,0,70.6604,70.6997,69.953,70.3362,3695514.566
20110323,0,70.1004,71.1025,70.1004,70.739,4265697.362
20110324,0,70.9551,71.5741,70.287,71.2892,4916637.48500001
20110325,0,71.2106,71.6331,70.7881,70.9158,5977646.88
20110328,0,71.1222,71.8197,70.6997,71.4366,5574041.11
20110329,0,71.0927,71.2008,70.4934,70.9355,5299196.13
20110330,0,72.7236,74.0205,72.3797,72.8906,13111615.71
20110331,0,73.205,73.6864,72.3306,72.3404,4084180.214
20110401,0,72.6941,73.1657,71.9769,72.9103,3958117.951
20110404,0,72.8906,73.9124,72.7433,73.8928,3760045.72
20110405,0,73.8633,74.5903,73.49,74.2072,4356086.564
20110406,0,74.384,74.6689,74.2072,74.6689,4331689.945
20110407,0,74.777,75.2093,74.3938,75.0718,5248399.797
20110408,0,75.4844,76.3588,74.9833,75.3763,5836633.411
20110411,0,75.4549,76.3883,75.3567,76.3686,4492854.654
20110412,0,75.5728,76.2213,75.4254,75.7497,5024288.058
20110413,0,76.0051,76.6241,75.8479,76.1721,3863469.915
20110414,0,75.789,75.9069,74.8261,74.9342,3701949.575
20110415,0,75.1307,75.6514,74.7279,75.0325,4030443.186
20110418,0,74.2563,74.9637,74.1286,74.3349,3641444.018
20110419,0,74.1679,74.6493,73.8437,74.5903,3459092.272
20110420,0,75.2683,76.5455,75.0718,75.9756,3520854.869
20110421,0,75.9265,76.6143,75.7005,76.3686,2296075.405
20110425,0,76.4669,76.5062,75.9462,76.3588,1596992.661
20110426,0,76.4374,77.6164,76.0444,77.3806,3579272.136
20110427,0,77.4199,77.5869,76.5258,77.528,2098779.918
20110428,0,77.4592,77.4592,76.2507,76.2802,2557846.879
20110429,0,76.4865,77.076,72.9299,76.742,2375736.725
20110502,0,77.0859,78.2747,77.0859,77.7245,3166969.187
20110503,0,78.4024,78.7659,77.9111,78.5694,4572768.173
20110504,0,78.4515,78.7463,77.6655,78.3434,4102539
20110505,0,77.7146,77.9799,76.8304,77.3216,4770858
20110506,0,77.1252,78.4613,76.8992,77.9308,7054637.17000001
20110509,0,77.7441,78.5792,77.6557,78.4908,4291057.387
20110510,0,78.5694,79.2866,78.3238,78.8838,4791975.632
20110511,0,78.7954,78.8445,77.5673,77.9701,4278949.546
20110512,0,77.7048,78.648,77.695,78.5006,4590414.394
20110513,0,78.4613,78.7757,78.3041,78.5203,5091822.513
20110516,0,77.7638,79.8761,77.7343,78.5596,4217670.504
20110517,0,78.4024,79.3554,78.3533,79.3456,5163998.561
20110518,0,79.1687,79.1687,78.2336,78.7454,4908758.072
20110519,0,79.0604,79.0604,78.1647,78.332,3531612.278
20110520,0,78.4108,78.5879,77.0032,77.013,4077086.09
20110523,0,75.8811,76.5209,75.3987,75.7236,4226976.381
20110524,0,75.8023,76.5602,75.4578,76.4027,3552496.511
20110525,0,75.7531,77.8399,75.4086,77.5446,4076629.482
20110526,0,77.3378,78.1155,76.4224,78.0367,4877230.516
20110527,0,77.4264,78.5879,77.141,78.5092,3664175.279
20110531,0,78.7651,79.838,78.7553,79.7494,3343810.271
20110601,0,79.3951,79.4935,77.9777,77.9973,3907835.263
20110602,0,77.9481,79.5526,77.9088,79.5132,4432954.39
20110603,0,78.5584,79.0998,77.7217,77.9088,4185972.048
20110606,0,77.7611,78.3222,76.9244,76.954,4175008.749
20110607,0,77.5642,78.8734,77.2886,78.5584,6478532.754
20110608,0,77.456,77.456,73.2037,75.5464,19800890.24
20110609,0,75.0838,75.5267,74.69,75.2216,7474039.909
20110610,0,75.0936,75.1133,73.3809,73.5285,6660265.33
20110613,0,73.6762,73.9616,73.1348,73.5876,4769612.51
20110614,0,73.8238,75.0739,73.6565,74.8082,5821980.30000001
20110615,0,74.3554,74.8377,73.6663,73.6762,4294361.972
20110616,0,73.627,74.1979,73.2136,73.6959,4610683.719
20110617,0,74.2274,74.3061,73.0364,73.3021,5341206.41
20110620,0,73.1151,73.1742,72.4852,72.9183,5230168.39700001
20110621,0,73.3907,74.0109,72.9872,73.8731,5895355.99
20110622,0,73.7648,74.7885,73.4006,73.5089,3995073.024
20110623,0,73.0265,74.2176,72.8395,74.2077,4341968.224
20110624,0,74.129,74.1683,72.4852,72.495,4558080.792
20110627,0,72.6328,72.8887,71.9635,72.7312,4683396.76
20110628,0,73.1151,74.2668,73.0462,74.1191,5623760.454
20110629,0,74.7294,85.9506,73.6171,85.2222,30789978.722
20110630,0,84.7399,85.99,82.6138,82.9386,29047122.96
20110701,0,82.7811,87.5354,82.4465,86.5314,15221007.86
20110705,0,85.5963,87.4074,84.986,86.9546,7839098.82
20110706,0,86.4625,87.8307,85.488,86.8168,8081382
20110707,0,86.8168,89.4056,86.62,88.8052,11766839.75
20110708,0,87.5452,88.7363,87.0137,88.2933,4923432.241
20110711,0,87.2204,87.8405,86.305,86.5806,6080555.482
20110712,0,86.1967,87.4074,86.1967,86.4231,4321707.703
20110713,0,86.6593,88.5492,86.6396,87.3877,4446792.75
20110714,0,86.866,87.9882,86.4034,86.5904,4134762.407
20110715,0,86.9448,87.4862,86.3345,87.3188,3849636.618
20110718,0,86.9349,87.5059,86.3345,86.6101,3136824.617
20110719,0,87.1023,87.87,86.8168,87.6437,2872005.376
20110720,0,88.0866,88.0866,86.8365,87.3188,2246752.214
20110721,0,87.7815,88.9626,86.7085,86.7775,4848215.358
20110722,0,86.7184,88.372,86.7184,88.0669,2143105.313
20110725,0,87.2499,88.815,86.9842,87.6929,3059296.292
20110726,0,87.624,88.5788,87.309,87.7519,2450937
20110727,0,86.9349,87.6043,85.8817,86.3542,5459906
20110728,0,86.7479,87.5748,85.301,85.5372,4543616.569
20110729,0,84.4053,84.8876,82.289,84.3856,3809265.487
20110801,0,85.6455,85.9605,83.7261,84.3659,3038890.216
20110802,0,83.667,85.0352,82.289,82.289,3925012.243
20110803,0,83.2044,86.3739,82.4957,86.1475,8421315.97
20110804,0,85.4092,85.4486,83.5489,83.7162,9069975.14999999
20110805,0,84.0017,84.3265,79.6116,82.2102,8082571.776
20110808,0,78.9226,80.527,76.8555,78.0072,13345371.88
20110809,0,78.834,81.2259,74.9164,81.2062,13416735.26
20110810,0,80.0152,80.3597,77.9088,78.0564,8672073.61
20110811,0,78.8931,84.3462,78.4501,83.352,8365257.73000001
20110812,0,83.8442,84.4446,82.1216,82.5154,3908464.929
20110815,0,83.7753,84.8777,83.1847,84.5135,4128582.96
20110816,0,83.667,85.0155,83.2831,84.4938,4734389.196
20110817,0,84.77,84.9771,82.157,82.7585,4666156.634
20110818,0,80.4117,81.5949,78.834,79.1397,6727645.108
20110819,0,78.2227,80.5497,78.2227,78.4988,7467969.651
20110822,0,80.0961,80.3624,78.1438,78.6171,4602746.56
20110823,0,79.1002,82.581,78.6664,82.4725,4594775.708
20110824,0,82.4331,85.3715,81.9499,85.1447,6900868.74999999
20110825,0,85.263,85.7166,82.7683,82.9162,5726454.787
20110826,0,82.3443,84.7503,81.516,84.6122,4655019.52
20110829,0,85.7659,86.7026,84.8686,85.4504,4234153.99
20110830,0,85.4109,87.097,85.0954,86.7716,3954823.663
20110831,0,87.2351,87.6098,85.5391,86.3575,4653152.732
20110901,0,86.4956,87.7182,85.8152,86.4561,4830092.25
20110902,0,84.5235,85.9039,83.9121,84.3657,3645456.292
20110906,0,82.0189,85.0461,82.0189,84.7897,3602947.03
20110907,0,85.6081,87.1759,85.4898,87.1562,3507069.9
20110908,0,86.535,87.8563,86.2392,86.2688,4283256.022
20110909,0,85.6673,87.1759,84.7601,85.2236,6194927.71
20110912,0,84.5235,86.18,84.2967,86.0913,4618054.8
20110913,0,86.4364,86.6829,85.4504,86.535,4120618.54
20110914,0,86.9984,88.9409,86.3378,88.3888,6231249.21
20110915,0,88.8226,89.3354,87.1168,89.148,4904897.887
20110916,0,89.3551,90.2425,88.3789,89.4635,5931254.84
20110919,0,88.2211,89.4044,87.4323,88.793,4266120.591
20110920,0,89.1874,93.4274,89.0001,91.692,8773876.61
20110921,0,91.5737,92.8161,90.2622,90.282,6377349.005
20110922,0,87.5013,88.7437,84.9869,87.2942,8010571.74999999
20110923,0,86.6533,89.6607,86.6533,88.6846,4862622.05
20110926,0,89.641,90.2425,86.9393,89.1381,4254543.938
20110927,0,89.858,90.42,87.876,87.9155,4251139.464
20110928,0,88.5761,88.5958,86.2786,86.4463,3721036.839
20110929,0,87.7281,87.7281,84.7996,86.3181,3383715.818
20110930,0,85.0165,86.3969,84.06,84.6615,3932953.972
20111003,0,83.7839,85.4306,83.2416,83.2416,5947955.32
20111004,0,81.8809,83.8924,80.5694,83.7938,7059446.64
20111005,0,83.4191,84.2572,82.0584,83.7346,6118175.092
20111006,0,83.6952,86.0025,83.2416,86.0025,4461354.741
20111007,0,86.2096,86.7716,84.5728,85.0855,3837801.399
20111010,0,86.3674,88.0042,86.18,87.9943,2798411.597
20111011,0,87.4717,89.5917,87.2154,89.1283,4124900.494
20111012,0,89.7101,91.0412,89.4438,89.9073,4437868.15
20111013,0,89.3551,91.6328,89.1973,91.2285,2842431.312
20111014,0,92.116,93.3288,91.8695,92.5499,3231120.74700001
20111017,0,91.7906,92.609,89.8185,89.8185,2713642.077
20111018,0,89.8382,93.1809,89.3255,92.4907,3043134.02
20111019,0,92.895,93.1612,88.7634,88.7733,4967061.828
20111020,0,89.5326,90.6862,89.01,90.134,3979973.02
20111021,0,91.199,92.0667,90.6172,92.0272,3034703.373
20111024,0,91.9878,93.0922,91.8892,92.8358,2706494.489
20111025,0,92.0765,92.3231,89.2861,89.3255,3783750
20111026,0,90.8539,91.4356,88.3493,90.7454,5812122
20111027,0,89.7298,92.9837,89.3354,92.9541,9588615.79
20111028,0,91.9484,94.4135,91.9484,93.7528,5315493.659
20111031,0,92.964,94.5318,92.0765,92.0963,3794116.16
20111101,0,89.8875,91.1694,88.7832,88.8128,6616987.31
20111102,0,91.7413,92.678,89.8481,90.1538,4881728.29
20111103,0,91.0313,92.4907,89.0198,91.8103,4252817.96
20111104,0,91.1398,92.3231,90.3707,91.199,3057479.777
20111107,0,91.3765,92.0272,90.2425,91.5934,1838899.357
20111108,0,92.1259,93.3387,92.0963,93.2499,4627739.248
20111109,0,91.0018,92.7865,91.0018,91.7117,4232642.993
20111110,0,93.033,93.033,91.2976,91.7906,2696177.992
20111111,0,92.3724,94.3149,92.3724,93.8514,3084389.729
20111114,0,93.5655,94.3839,92.2639,92.471,1796555.484
20111115,0,92.7076,94.4825,92.54,94.3247,3137967.554
20111116,0,93.465,93.89,92.2197,92.3383,2732892.581
20111117,0,92.5953,92.9115,89.7983,89.9268,3962791.65
20111118,0,90.4506,90.5791,89.3734,89.7489,2772113.49
20111121,0,88.6124,90.7965,88.0589,90.1937,3573336.579
20111122,0,89.8873,91.1128,89.571,89.7489,3174124.374
20111123,0,89.3042,90.6878,88.2467,88.2467,4935939.862
20111125,0,87.9996,89.3338,87.7427,87.9798,1753214.983
20111128,0,90.5989,92.6546,90.0652,92.3284,3250646.51
20111129,0,92.4075,92.4075,91.4587,91.854,3328724.903
20111130,0,93.7022,95.8567,93.5342,95.7974,4280865.21
20111201,0,94.7992,97.1119,94.6312,96.5485,4526586.122
20111202,0,97.1909,97.4479,95.6689,96.1137,2887304.766
20111205,0,97.2601,97.2601,94.0876,94.7795,3918143.951
20111206,0,95.0661,95.155,93.969,94.2655,3110534.95
20111207,0,94.1568,96.3113,93.9394,95.9259,3715520.137
20111208,0,95.412,96.7264,94.4731,94.5324,2944236.669
20111209,0,95.3527,96.3212,94.394,96.0445,2585834.269
20111212,0,95.5108,96.2619,94.7103,95.8271,2894133.008
20111213,0,96.3015,96.4003,94.4138,94.7597,3036552.316
20111214,0,94.5917,95.6096,93.9394,95.3131,4361981.038
20111215,0,95.8271,96.1829,94.4533,94.6312,4709824.55
20111216,0,95.5405,96.6078,95.2835,96.3113,3860083.139
20111219,0,96.3707,98.2089,96.3015,97.4973,5414550.961
20111220,0,98.367,100.314,98.199,100.116,6406007.46999999
20111221,0,99.9286,100.077,98.3374,99.4641,3419016.536
20111222,0,99.4344,100.779,98.9304,99.2961,3044026.942
20111223,0,99.7507,101.302,99.3356,101.292,1612769.452
20111227,0,101.292,102.241,100.719,100.779,2073740.722
20111228,0,100.502,100.808,99.4245,99.5036,2096102.646
20111229,0,99.8989,102.044,99.642,101.965,1923584.058
20111230,0,101.965,101.994,100.324,100.324,1843673.436
20120103,0,101.856,102.192,100.66,101.816,3837162.305
20120104,0,100.502,101.263,98.8316,99.9978,3816111.311
20120105,0,99.6716,101.016,98.4955,100.729,2757145.034
20120106,0,101.184,101.184,99.049,99.5135,3053520.749
20120109,0,99.9879,99.9978,97.6258,98.713,4339848.254
20120110,0,99.6914,99.7704,98.288,98.5944,4345304.397
20120111,0,97.8136,98.3374,97.1811,97.9915,3955080.007
20120112,0,98.624,100.492,98.2188,100.146,3791358.916
20120113,0,99.5431,100.601,99.1083,99.5431,2473424.643
20120117,0,100.116,101.737,100.008,101.322,2754196.566
20120118,0,100.966,102.666,100.917,102.518,2648586.236
20120119,0,102.943,102.982,101.055,101.312,3187023.701
20120120,0,100.818,101.322,98.6339,99.4838,4615800.004
20120123,0,99.5728,99.7112,97.6456,98.5647,3715381.495
20120124,0,97.8927,100.087,97.8334,99.7112,2851361.811
20120125,0,99.4344,99.7902,98.6339,99.474,3352042.094
20120126,0,99.385,100.956,98.8118,99.5926,3235936.962
20120127,0,99.2368,100.344,98.7327,100.106,2403945.675
20120130,0,99.1972,99.3455,98.3374,98.6438,2686252.893
20120131,0,99.3158,99.6024,98.6635,99.553,2728851.834
20120201,0,99.9978,101.5,99.4245,101.204,3576086.4
20120202,0,103.091,105.868,102.38,104.603,7450538.05
20120203,0,105.631,106.56,105.345,105.71,3476455.877
20120206,0,105.69,107.005,105.552,106.096,2910224.727
20120207,0,106.204,106.293,104.821,105.75,3089192
20120208,0,106.511,107.371,105.77,107.124,4875401
20120209,0,111.739,113.557,110.741,111.255,9475547.38
20120210,0,110.484,112.668,110.098,112.47,5217203.267
20120213,0,112.915,113.824,111.047,111.462,4115591.465
20120214,0,110.8,113.903,110.78,113.864,3987287.542
20120215,0,114.606,116.032,113.517,113.715,4962072.755
20120216,0,114.329,114.597,112.487,112.666,3790166.789
20120217,0,113.289,114.121,112.685,113.903,3613162.624
20120221,0,114.359,114.864,112.735,113.012,2538810.685
20120222,0,112.408,115.607,112.19,115.161,3351965.507
20120223,0,115.468,115.656,114.527,115.309,2376520.144
20120224,0,115.349,116.617,114.765,116.329,2617771.993
20120227,0,115.923,116.151,115.161,115.785,3302216.762
20120228,0,116.013,117.795,115.904,117.765,2746267.392
20120229,0,118.062,118.191,114.874,115.181,3153097.38
20120301,0,116.3,116.834,115.408,115.943,2616620.92
20120302,0,116.23,116.23,114.468,115.003,2911693.562
20120305,0,114.973,115.686,114.765,115.201,2191526.011
20120306,0,114.092,114.369,112.428,113.834,3008641.613
20120307,0,114.587,114.963,113.834,114.458,2484889.437
20120308,0,115.498,117.023,114.894,116.745,2244797.171
20120309,0,117.042,117.23,115.864,115.993,1978052.405
20120312,0,115.874,116.399,114.933,115.458,1775189.423
20120313,0,115.943,116.26,114.547,116.112,2812420.52
20120314,0,116.161,116.735,115.329,115.349,2723385.499
20120315,0,115.478,116.319,115.161,115.854,2593925.288
20120316,0,116.022,116.349,115.131,115.547,2450838.722
20120319,0,115.3,118.547,115.012,117.676,3558833.247
20120320,0,117.151,117.438,114.864,115.349,2430181.383
20120321,0,115.597,116.498,115.438,115.656,1934288.862
20120322,0,114.963,116.349,114.864,116.191,1971805.124
20120323,0,116.359,117.834,115.755,117.745,2289533.39
20120326,0,118.191,119.518,116.022,118.825,3773685.213
20120327,0,118.805,119.102,116.102,118.815,2201972.415
20120328,0,118.458,119.122,117.349,118.161,2073229.545
20120329,0,117.349,118.013,116.399,117.864,1975398.59
20120330,0,118.32,118.32,116.448,116.844,2528265.287
20120402,0,116.844,118.726,115.953,117.815,2701387.815
20120403,0,117.676,119.409,117.211,119.241,3534753.035
20120404,0,118.32,118.508,117.042,117.934,2364044.847
20120405,0,117.161,119.963,116.914,119.825,3170768.371
20120409,0,118.488,119.171,117.547,118.34,2451825.946
20120410,0,118.31,118.597,115.448,115.686,2320533.798
20120411,0,116.864,117.785,115.824,116.319,2409154.559
20120412,0,116.319,119.973,116.042,119.825,3464351.14
20120413,0,119.221,122.399,119.132,122.241,4894844.225
20120416,0,121.825,121.845,118.864,119.656,3265122.641
20120417,0,120.647,121.3,120.062,120.964,2280661.153
20120418,0,120.548,121.28,120.132,120.666,1836112.4855
20120419,0,120.082,121.063,119.33,120.023,1974570.222
20120420,0,120.706,120.954,119.399,119.855,1753051.291
20120423,0,119.072,119.627,115.339,116.993,3817195.07
20120424,0,117.28,118.072,116.339,117.755,2126845.065
20120425,0,118.646,121.201,118.389,120.558,2886113.976
20120426,0,120.696,122.29,120.32,121.875,2605730.072
20120427,0,122.528,122.993,121.657,122.31,1940958.302
20120430,0,122.894,122.934,121.112,121.766,1925169.705
20120501,0,122.142,124.122,121.835,121.964,3798320
20120502,0,120.409,121.983,119.488,121.033,4645034
20120503,0,120.815,121.31,114.25,115.25,11374589.34
20120504,0,115.082,117.726,114.181,116.824,5355545.74
20120507,0,115.814,117.924,115.814,117.339,3153071.376
20120508,0,116.943,117.914,115.012,117.062,3078239.976
20120509,0,116.161,117.815,115.428,116.23,4092469.017
20120510,0,117.141,118.32,116.488,116.834,3209240.731
20120511,0,116.211,117.805,116.112,116.815,1823613.406
20120514,0,115.953,117.201,114.696,115.616,3851317.339
20120515,0,115.309,116.745,115.309,115.527,2895437.116
20120516,0,116.063,117.264,115.379,116.658,4145418.89
20120517,0,116.073,117.323,114.139,114.178,4164948.381
20120518,0,113.94,114.337,111.609,111.807,6157645.31100001
20120521,0,112.373,115.398,111.768,115.319,3045246.768
20120522,0,116.281,118.305,115.488,117.393,4393688.482
20120523,0,116.688,118.514,116.46,118.216,4002531.074
20120524,0,118.772,120.041,117.829,118.722,3048879.69
20120525,0,118.662,119.446,118.008,118.395,2789321.424
20120529,0,119.198,119.922,118.057,119.912,2822135.672
20120530,0,117.194,118.791,116.589,116.609,4165937.13600001
20120531,0,116.381,117.422,113.811,114.476,4620447.183
20120601,0,112.74,113.98,111.053,111.46,4137116.509
20120604,0,111.142,113.533,111.133,113.395,2961149.43
20120605,0,112.859,113.623,112.244,112.928,2567719.778
20120606,0,114.446,115.577,113.92,115.299,2734564.468
20120607,0,116.897,117.065,115.627,116.014,2121338.614
20120608,0,115.617,115.676,114.535,115.587,2407710.187
20120611,0,116.371,116.996,115.389,115.408,2373128.073
20120612,0,115.468,116.192,114.803,116.192,2304591.038
20120613,0,114.883,116.043,113.742,113.821,2883729.304
20120614,0,114.377,116.083,113.355,115.299,3027202.737
20120615,0,116.44,117.522,116.004,117.512,2479069.182
20120618,0,117.075,119.526,116.529,119.099,2384414.38
20120619,0,119.426,120.637,119.426,120.369,2310009.08
20120620,0,120.141,121.599,120.071,121.48,2878935.871
20120621,0,121.609,121.897,118.365,118.365,3002279.278
20120622,0,119.129,122.69,118.385,122.591,3631999.777
20120625,0,121.668,122.313,120.19,120.468,3456825.638
20120626,0,120.795,122.938,120.706,122.244,3114955.229
20120627,0,122.075,123.137,121.559,122.393,3099402.747
20120628,0,121.678,122.432,118.623,120.448,2651726.578
20120629,0,122.284,123.018,120.567,122.978,2761724.415
20120702,0,123.276,125.776,122.651,125.766,3558460.847
20120703,0,125.488,125.994,124.665,125.051,1600545.765
20120705,0,124.744,126.46,124.674,125.944,2583920.107
20120706,0,125.081,125.726,123.791,124.387,2217840.914
20120709,0,122.174,123.067,120.081,122.859,4153104.321
20120710,0,122.899,123.762,120.845,121.381,3423650.55
20120711,0,120.944,121.282,118.633,119.912,2723099.991
20120712,0,118.166,122.452,118.156,121.51,2909612.086
20120713,0,121.53,123.653,121.182,122.968,2335747.441
20120716,0,127.184,129.962,124.873,126.083,7359960.47999999
20120717,0,127.115,127.204,125.041,127.105,2555986.57
20120718,0,126.966,127.78,126.391,126.817,2516224.608
20120719,0,127.284,127.611,124.337,124.446,3260274.139
20120720,0,123.623,125.18,122.67,124.714,2701446.451
20120723,0,123.067,124.069,122.274,123.603,2702093.502
20120724,0,124.03,124.03,120.319,121.738,3080000
20120725,0,122.403,123.107,120.577,120.924,3524846
20120726,0,123.98,127.174,123.216,125.696,4918456.92899999
20120727,0,125.924,128.474,124.704,127.998,3206285.674
20120730,0,127.829,131.302,127.69,129.833,3048354.964
20120731,0,129.456,129.645,127.482,128.107,1871948.8638
20120801,0,127.482,128.385,125.994,126.49,2762984.638
20120802,0,125.795,128.266,125.19,128.236,2668435.668
20120803,0,129.377,130.498,127.839,129.903,3051724.298
20120806,0,129.962,131.53,129.585,130.091,2208156.921
20120807,0,130.597,130.597,128.315,129.298,2958201.93
20120808,0,129.744,130.478,129.367,130.061,1876358.748
20120809,0,129.843,129.932,126.738,127.363,3159474.701
20120810,0,127.174,128.266,126.986,127.958,1294920.508
20120813,0,127.621,127.978,126.391,127.174,1514761.779
20120814,0,128.097,129.149,127.522,128.792,1985592.904
20120815,0,128.921,129.487,127.788,128.255,1783944.203
20120816,0,127.897,129.139,127.897,128.801,2139734.657
20120817,0,129.179,129.229,127.49,127.917,2207534.784
20120820,0,127.808,127.917,127.201,127.45,1931356.829
20120821,0,127.907,128.444,126.208,126.585,1716944.409
20120822,0,126.079,127.698,125.731,127.38,2059220.481
20120823,0,127.132,127.698,125.959,126.337,1521853.997
20120824,0,125.8,126.228,125.025,125.86,2469506.308
20120827,0,126.228,127.341,126.228,126.864,2040037.909
20120828,0,127.062,127.44,126.426,126.645,1848570.456
20120829,0,126.754,127.251,125.929,127.132,1886606.457
20120830,0,126.307,126.307,125.393,125.939,1964455.886
20120831,0,126.715,127.529,125.472,127.519,2909299.939
20120904,0,127.549,128.344,126.824,127.728,2326510.038
20120905,0,128.056,128.195,126.158,126.774,2845888.152
20120906,0,127.38,128.632,127.003,128.593,3711895.261
20120907,0,128.702,129.149,127.867,128.772,2456076.616
20120910,0,127.619,129.07,127.619,127.987,2572654.784
20120911,0,128.076,131.614,128.006,130.749,3779406.548
20120912,0,130.829,132.588,130.759,132.568,3275648.412
20120913,0,132.121,135.797,131.753,134.039,3577950.123
20120914,0,134.406,134.456,132.916,133.214,2899962.23
20120917,0,133.621,134.009,132.786,132.935,2380731.28
20120918,0,132.26,133.015,131.703,132.717,2746790.149
20120919,0,133.035,134.675,132.896,133.969,2829482.443
20120920,0,133.452,133.999,132.637,133.651,2935804.142
20120921,0,134.456,135.102,134.058,134.118,4266875.658
20120924,0,133.273,134.128,132.677,132.816,2402665.965
20120925,0,133.005,134.555,132.786,133.78,3268331.413
20120926,0,132.975,133.721,131.554,131.723,2517262.018
20120927,0,131.882,133.403,131.693,133.005,1874561.656
20120928,0,133.144,133.78,132.409,133.442,1871189.468
20121001,0,133.562,137.04,133.562,135.698,3419940.045
20121002,0,135.738,136.245,134.635,135.152,2339442.566
20121003,0,135.797,137.735,135.142,137.586,2691942.894
20121004,0,137.934,138.948,137.338,138.55,1816891.892
20121005,0,139.544,140.707,138.63,139.166,2539361.608
20121008,0,137.984,138.63,137.696,137.974,1540360.079
20121009,0,138.302,138.51,135.897,135.937,2225533.342
20121010,0,135.778,137.119,135.47,136.503,1783008.436
20121011,0,137.338,138.958,137.328,138.272,3126211.471
20121012,0,138.501,139.117,137.566,138.302,1805020.025
20121015,0,138.491,139.365,137.735,138.878,2166255.091
20121016,0,139.325,140.886,139.146,140.279,1927198.233
20121017,0,140.319,141.879,139.922,141.581,2065628.556
20121018,0,141.472,142.207,140.25,140.995,2384966.734
20121019,0,141.422,141.472,138.888,139.097,2318228.947
20121022,0,138.938,139.176,137.169,138.262,2069275.133
20121023,0,136.97,137.119,135.082,136.006,2695596.556
20121024,0,136.642,137.507,135.589,135.728,2638197.042
20121025,0,136.97,137.835,135.668,136.563,3190771.682
20121026,0,136.97,138.024,136.016,137.507,2671856
20121031,0,136.742,139.097,136.543,137.795,3182219
20121101,0,139.941,143.459,139.425,142.933,5039648.119
20121102,0,143.34,145.497,142.575,142.625,4295495.938
20121105,0,141.859,142.992,140.339,140.587,3165869.139
20121106,0,141.591,143.936,141.015,142.913,1656381.434
20121107,0,141.651,142.694,140.647,141.939,2304697.981
20121108,0,141.263,142.356,140.995,141.472,2361839.608
20121109,0,140.041,142.913,139.405,141.919,2699591.483
20121112,0,141.134,142.883,141.134,142.436,1666418.122
20121113,0,141.691,143.887,141.611,141.621,2204465.702
20121114,0,142.039,142.667,139.101,139.37,3102771.63
20121115,0,139.45,139.928,137.985,139.549,3102314.114
20121116,0,139.798,142.986,139.47,142.119,3826347.86100001
20121119,0,143.414,144.878,143.095,144.878,2659421.838
20121120,0,144.968,146.801,144.589,145.854,2090696.026
20121121,0,145.356,146.323,145.167,146.064,1487197.844
20121123,0,146.781,147.548,145.825,147.418,1113102.34389
20121126,0,147.02,147.03,145.844,146.572,1931788.182
20121127,0,146.542,147.259,145.755,146.093,2278812.348
20121128,0,145.456,146.771,145.317,146.701,2254576.067
20121129,0,147.349,147.747,146.661,147.578,2783752.877
20121130,0,147.807,149.341,147.428,149.211,2624382.297
20121203,0,149.41,150.128,147.857,148.036,2696289.55
20121204,0,148.394,148.663,146.621,147.06,2092071.347
20121205,0,147.926,147.926,145.526,147.229,2217649.656
20121206,0,147.866,148.315,146.482,148.116,1998788.615
20121207,0,149.012,149.012,147.209,147.807,1715942.823
20121210,0,148.165,148.683,147.687,148.165,1827524.401
20121211,0,148.643,149.739,147.817,148.384,3252455.144
20121212,0,149.102,149.211,147.279,147.299,4205067.828
20121213,0,147.936,148.514,146.313,146.771,3004093.72
20121214,0,146.303,147.109,145.675,146.064,2163132.63
20121217,0,146.392,148.524,146.323,148.384,2712760.01
20121218,0,148.504,150.954,148.116,150.217,2743644.712
20121219,0,150.387,150.387,148.614,148.624,1937717.152
20121220,0,148.713,151.821,148.713,151.781,2282345.303
20121221,0,150.377,151.383,149.371,150.227,2709886.442
20121224,0,149.639,151.024,149.639,150.506,815883.049
20121226,0,150.685,150.695,148.614,149.371,1670423.713
20121227,0,149.102,150.058,147.319,148.932,2796088.36
20121228,0,147.617,149.341,147.617,148.245,1535682.472
20121231,0,147.767,150.904,147.767,150.566,2806172.355
20130102,0,153.554,155.327,153.335,154.56,3530893.277
20130103,0,155.636,157.458,154.211,154.869,3256633.959
20130104,0,154.989,156.572,154.171,156.184,2366500.262
20130107,0,156.323,158.146,156.184,157.03,2326205.004
20130108,0,157.03,158.544,156.393,158.494,2454678.876
20130109,0,160.765,161.911,159.092,161.085,3369267.86
20130110,0,161.393,162.11,158.654,159.72,3296330.97
20130111,0,159.182,160.617,158.883,160.457,2179071.583
20130114,0,160.646,161.173,158.933,159.809,1767250.684
20130115,0,159.192,159.999,158.464,159.839,1519051.103
20130116,0,159.481,160.148,158.684,159.521,1141390.404
20130117,0,160.367,160.437,158.983,159.381,1716492.149
20130118,0,157.877,157.897,155.885,157.578,2978753.128
20130122,0,158.056,159.052,157.17,158.296,1404306.057
20130123,0,157.668,159.331,157.458,158.385,1491069.849
20130124,0,158.674,159.54,158.306,159.002,1483091.03
20130125,0,159.311,159.511,158.405,159.062,1327855.66
20130128,0,159.57,159.949,155.735,155.935,2857565.975
20130129,0,155.536,156.473,154.51,156.154,2774649.11
20130130,0,156.373,158.465,154.142,154.351,4390623.225
20130131,0,158.375,158.873,155.735,157.299,3667862.5
20130201,0,158.375,158.853,156.736,157.867,2943705.195
20130204,0,157.15,157.777,155.994,156.064,2417244.565
20130205,0,157.259,158.763,156.184,158.763,2485586
20130206,0,158.594,160.009,157.997,159.989,2977410
20130207,0,158.355,159.162,156.343,156.377,4822431.006
20130208,0,156.781,158.315,156.482,157.07,3027953.05
20130211,0,156.961,157.548,155.327,155.686,2632585.576
20130212,0,156.224,157.08,155.805,156.144,2354534.917
20130213,0,156.164,157.102,153.858,154.517,3204313.684
20130214,0,154.317,156.363,154.018,155.684,2376571.127
20130215,0,156.064,157.791,155.455,157.586,3561339.046
20130219,0,157.721,158.499,156.373,157.162,2698776.23
20130220,0,156.832,157.322,154.906,154.936,3515333.16
20130221,0,154.836,158,154.507,157.212,2919307.509
20130222,0,158.01,159.288,156.403,159.068,2497540.628
20130225,0,158.909,160.057,155.715,155.884,2445195.796
20130226,0,156.443,158.3,155.724,157.661,2623219.978
20130227,0,157.222,159.807,156.922,159.438,1826165.338
20130228,0,160.047,160.047,158.02,158.499,2009114.878
20130301,0,157.641,158.569,156.363,157.731,3088334.732
20130304,0,157.471,159.248,157.262,159.068,1455325.243
20130305,0,159.797,161.484,159.567,159.807,2248707.266
20130306,0,160.566,161.394,159.907,160.655,1693283.232
20130307,0,160.566,161.474,159.358,160.136,1874274.031
20130308,0,161.045,161.095,159.607,160.346,1593831.004
20130311,0,161.075,161.304,160.116,160.825,1512370.737
20130312,0,160.386,160.675,158.749,159.478,1858941.445
20130313,0,159.208,160.106,158.569,159.098,2145600.7
20130314,0,159.108,160.775,159.038,160.306,2163882.064
20130315,0,159.737,160.346,158.24,158.3,2772218.188
20130318,0,156.992,158.889,156.114,157.761,2977693.849
20130319,0,157.681,159.058,155.395,155.764,3674633.581
20130320,0,156.713,159.677,156.433,159.158,3297692.19
20130321,0,158.454,159.438,157.521,157.671,2938907.15
20130322,0,157.891,159.737,157.431,159.697,3913499.743
20130325,0,160.456,163.979,160.206,163.85,4369682.82
20130326,0,164.478,167.473,164.259,167.094,4034088.26
20130327,0,166.305,168.92,165.207,168.441,3081048.32
20130328,0,168.441,170.647,167.822,169.629,2640726.089
20130401,0,169.439,170.667,166.595,166.964,3083432.906
20130402,0,167.972,168.591,167.004,167.413,1973209.55
20130403,0,168.112,168.222,163.989,164.598,2111130.367
20130404,0,165.087,166.225,164.718,166.085,1554733.23
20130405,0,163.86,165.117,163.291,165.007,1729412.886
20130408,0,165.337,166.066,164.179,165.786,1275196.946
20130409,0,166.535,166.565,163.71,164.468,1315248.821
20130410,0,164.668,166.984,164.668,166.634,1555450.485
20130411,0,166.694,167.593,165.916,167.293,1382065.319
20130412,0,165.626,166.525,164.798,165.317,1504005.45
20130415,0,164.319,164.578,161.454,161.484,2117459.765
20130416,0,162.352,164.478,162.203,164.439,2129959.644
20130417,0,163.44,163.73,161.654,162.422,1863752.909
20130418,0,162.292,163.091,161.015,161.504,2359774.847
20130419,0,161.783,163.81,161.464,163.71,1631310.385
20130422,0,163.271,164.039,162.203,163.111,1146948.882
20130423,0,163.969,165.357,163.251,165.307,1345915.906
20130424,0,165.357,167.263,165.297,166.774,1532850.214
20130425,0,167.368,170.168,167.134,168.391,1872575.101
20130426,0,168.491,169.28,166.894,166.904,1352811.422
20130429,0,167.423,168.182,166.854,167.403,1538440.452
20130430,0,168.281,169.589,167.732,168.082,3853921
20130501,0,166.255,167.952,163.311,165.916,4140548
20130502,0,169.689,179.331,169.689,175.259,7810108.47999999
20130503,0,176.372,180.509,176.127,179.211,4619065.402
20130506,0,179.012,180.429,177.804,178.583,3165040.267
20130507,0,179.132,179.521,176.896,179.481,4288859.966
20130508,0,179.132,179.171,177.375,178.822,4232119.51
20130509,0,178.902,179.551,177.904,178.143,2556249.639
20130510,0,178.353,178.692,177.225,178.353,3203595.972
20130513,0,178.253,180.11,177.804,178.513,2914994.67
20130514,0,178.652,181.158,178.313,179.95,3513177.87
20130515,0,179.98,181.8,179.67,181.69,2810066
20130516,0,181.74,181.74,179.87,180.16,2163649
20130517,0,180.91,184.54,180.52,184.38,2624008
20130520,0,183.92,184.9,180.8,181.77,3004936
20130521,0,181.52,182.69,180.39,181.69,2635425
20130522,0,182.08,184.41,180.16,180.32,3660356
20130523,0,178.38,179.51,177.11,178.15,3833689
20130524,0,177.88,181.1,176.9,180.4,2704157
20130528,0,182.23,182.54,179.67,180.21,2123551
20130529,0,179.22,180.2,178.07,178.27,1560458
20130530,0,178.34,181.99,178.34,181.13,2076098
20130531,0,180.57,181.4,178.44,178.59,2238686
20130603,0,178.77,180.58,177.52,180.54,2580612
20130604,0,179.35,181.75,178.7,180.26,2997302
20130605,0,179.87,180.19,176.87,177.11,2599614
20130606,0,176.69,179.29,176.41,179.23,2173310
20130607,0,180.68,180.99,179.55,179.85,2566808
20130610,0,180.485,183.14,179.63,182.2,2174437
20130611,0,180.695,181.95,179.71,179.81,1587094
20130612,0,180.64,180.64,178.71,179.15,1718516
20130613,0,179.15,182.75,178.73,182.51,1999886
20130614,0,182.05,182.48,180.11,180.83,1593720
20130617,0,182.3,183.71,181.51,182.36,2212868
20130618,0,181.72,185.23,181.72,184.11,1673604
20130619,0,184.25,185.13,182.53,183.08,2219424
20130620,0,181.53,182.46,178.7,178.72,2537054
20130621,0,180,181.5,178.8,179.84,2836571
20130624,0,178.11,179.47,175.68,178.55,3013657
20130625,0,179.8,181.38,178.5,180.74,2503953
20130626,0,181.87,183.14,180.48,182.76,2266408
20130627,0,183.44,185,182.52,184.29,2494049
20130628,0,184.33,184.72,182.22,182.99,2194094
20130701,0,183.9,187.46,183.63,185.53,2362520
20130702,0,185.08,187.04,184.26,185.28,1392041
20130703,0,184.19,187.44,183.93,187.04,1199405
20130705,0,188.85,190.77,187.5,190.5,2030564
20130708,0,191.55,192.77,188.06,188.21,2657559
20130709,0,189.03,189.53,186.6,187.4,3802595
20130710,0,187.35,187.81,185.81,186.74,3205096
20130711,0,189.34,190.06,187.52,190.01,3203044
20130712,0,189.91,190.73,189.15,190.51,1304538
20130715,0,191.5,191.83,189.81,190.3,1524045
20130716,0,190.275,190.73,188.7,189.36,1679039
20130717,0,188.44,189.95,188.14,189.69,2583597
20130718,0,190.23,191.4,189.95,190.88,1291415
20130719,0,191.06,191.99,189.41,190.03,1910311
20130722,0,190.2,191.31,189.25,191.05,1587656
20130723,0,190.73,191.47,188.6,188.64,1764773
20130724,0,189.79,189.85,185.66,186.76,3160065
20130725,0,191,196,191,194.62,4016132
20130726,0,194,194.6,191.83,193.14,1867765
20130729,0,192.83,193.49,191.25,191.91,1254548
20130730,0,192.7,193.19,191.15,191.55,2012128
20130731,0,193.75,194.9,170.99,177.99,21629016
20130801,0,181.74,181.75,173.28,178.98,18169403
20130802,0,181.62,184.09,180.84,183.73,4794222
20130805,0,184.06,185.14,182.82,184.47,2618114
20130806,0,184.21,184.31,180.85,182.97,4058225
20130807,0,181.41,182,179.9,181.46,2989629
20130808,0,182.41,182.54,179.95,180.93,2058076
20130809,0,180.8,181.35,179.56,179.67,2228216
