20051116,0,39,44.21,38.56,38.8,18914600
20051117,0,40.3,41.75,34.56,35.35,6597600
20051118,0,35.94,36.99,34.51,35,2498700
20051121,0,35.25,35.96,34.82,35.65,1223000
20051122,0,35.45,35.46,34.3,34.95,1269100
20051123,0,34.7,34.95,31.55,33.74,2401800
20051125,0,33.75,34.45,33.65,34.15,257800
20051128,0,33.9,33.9,32.55,33.35,624400
20051129,0,33.3,33.49,31.27,31.94,862400
20051130,0,32.1,32.41,31.6,32.2,734900
20051201,0,32.3,35.2,32.15,35.06,1089800
20051202,0,35,36.3,34.9,36.08,994000
20051205,0,36.18,37.45,36.18,36.8,883000
20051206,0,36.81,37.61,36.45,36.58,590000
20051207,0,36.65,36.65,34.5,35.49,487500
20051208,0,35.7,36.35,35.55,36.01,363400
20051209,0,36,36.46,35.78,36.2,158400
20051212,0,36.45,36.5,36.05,36.45,185500
20051213,0,36.44,36.44,35.51,35.59,363900
20051214,0,35.5,35.7,34.8,35,261400
20051215,0,34.95,34.95,33.65,34,613400
20051216,0,33.85,34.49,33.5,34.22,783100
20051219,0,34,34.4,33.86,34.37,444700
20051220,0,34.62,35.41,34.4,34.92,306600
20051221,0,34.9,35,34.55,34.73,165900
20051222,0,34.79,34.79,34.3,34.7,218400
20051223,0,34.45,34.69,34.06,34.24,171300
20051227,0,34.5,35.45,34.5,35.01,221400
20051228,0,35.25,35.45,35.03,35.09,114100
20051229,0,34.9,36.22,34.9,36,195600
20051230,0,36.25,36.25,35.45,36.2,150200
20060103,0,36.5,38.25,36,37.9,579200
20060104,0,37.9,37.9,36.36,36.9,231700
20060105,0,38.2,39.74,38.2,39.26,680300
20060106,0,39.25,40.4,39.1,40.25,441800
20060109,0,41,44.29,40.9,43.55,1705000
20060110,0,43.36,46.8,43.36,45.96,1664400
20060111,0,46.49,48.2,45.35,47,1433100
20060112,0,47.34,47.85,43.26,43.8,923700
20060113,0,43.71,44.61,43,44.24,385500
20060117,0,45.5,47,45,46.5,514000
20060118,0,46.35,46.35,45,45.69,254300
20060119,0,45.7,47.8,44,47.6,610000
20060120,0,48,48.41,46.24,46.39,454400
20060123,0,46.3,47.82,46.13,47.68,336700
20060124,0,47.74,53.39,46.91,52.88,1096700
20060125,0,53.5,55.17,50.15,53.02,1346200
20060126,0,53.25,54.15,52.21,52.38,478800
20060127,0,50.05,52.58,48.56,51.01,1336400
20060130,0,50.25,51.2,48.3,48.92,555000
20060131,0,49.12,50.89,46.07,50.89,1257900
20060201,0,52.5,57.02,51.9,55.72,1382200
20060202,0,55.4,57.99,53.06,55,2029600
20060203,0,56.2,58.4,55.31,55.53,1117300
20060206,0,57.3,57.3,54.72,55.82,759700
20060207,0,55.55,56.15,51.41,53.44,706000
20060208,0,54.5,54.8,52.6,53.48,376600
20060209,0,53.73,54.33,52.78,52.89,415000
20060210,0,53.24,53.24,48.96,51.71,686500
20060213,0,51,53.65,51,52.55,311000
20060214,0,52.74,52.99,51.71,51.98,290400
20060215,0,52,52.31,51.58,51.97,170600
20060216,0,52.23,52.35,51.08,51.55,164800
20060217,0,51.75,51.93,50.15,51.2,310700
20060221,0,51.37,51.39,48.75,49.65,416800
20060222,0,49.14,49.84,48.15,49.2,605100
20060223,0,50.2,51.9,48.99,49.85,1448800
20060224,0,51.8,55.75,51.8,54.68,2162900
20060227,0,55,57.2,54.32,56.78,871300
20060228,0,56.6,57.9,54.05,54.76,768000
20060301,0,55,56.85,55,56.7,566900
20060302,0,56.6,59.42,55.79,59.15,799100
20060303,0,60.5,62.96,60,60.5,1309100
20060306,0,61.5,63,60.07,61.26,889200
20060307,0,61.31,61.31,59.17,59.85,624700
20060308,0,61,61.02,58.75,59.15,945000
20060309,0,59.44,64.5,59.44,63.86,1046100
20060310,0,63.99,67.38,62.68,67.03,1323800
20060313,0,68.25,71.5,67.42,71.21,1833100
20060314,0,71.5,72.2,68.03,68.5,1766700
20060315,0,68.75,71.09,67.5,69.32,1047900
20060316,0,69.3,70.19,65.1,66.74,1381300
20060317,0,66.79,68.41,64.4,68.09,1105200
20060320,0,69.05,71.15,69.05,71.1,1045400
20060321,0,71.7,73.59,69.61,70.18,1323300
20060322,0,68.53,69.05,65.66,67.92,1327600
20060323,0,67.75,69.3,66.3,67.01,559000
20060324,0,66,68.29,65.77,67.26,418600
20060327,0,67.85,70.68,67.26,69.75,1026000
20060328,0,69.85,70.76,67.7,68.58,607100
20060329,0,68.6,69.7,67.51,67.75,362500
20060330,0,69.5,71.81,69.27,71.46,1058700
20060331,0,71.75,73.14,67.32,68.91,1876000
20060403,0,69.95,70.1,62.16,63,2005400
20060404,0,64.05,66.22,60.62,65,1882400
20060405,0,65.75,65.88,61.91,62.68,1761500
20060406,0,62.83,64.45,58.73,59.9,2468100
20060407,0,58.01,58.01,52.35,52.87,4697300
20060410,0,53.25,54.9,52.61,54.58,1531000
20060411,0,54.85,56.75,54.66,56.63,1757300
20060412,0,56.86,57.87,54.55,57.56,1359300
20060413,0,57.64,59.19,56.6,58.73,848900
20060417,0,59.25,59.95,57.52,57.7,795000
20060418,0,59,66.4,58.92,66.15,2548100
20060419,0,66.26,69.57,64.41,69.29,2276200
20060420,0,69.53,70.4,67.28,69.95,1536200
20060421,0,70,70.5,68.4,68.89,952800
20060424,0,68.1,68.4,66.75,67.11,1167400
20060425,0,66.5,69.8,66.36,69.65,953200
20060426,0,69.75,70.48,68.62,70.19,800800
20060427,0,69.81,72.75,68.28,71.43,799200
20060428,0,71,72.33,70.62,71.25,944600
20060501,0,71.32,71.32,65.8,66.96,1485100
20060502,0,69.7,69.7,65.55,67.66,1350800
20060503,0,67.5,70.7,67.3,70.28,588500
20060504,0,69.88,70.19,68.98,69.13,663000
20060505,0,69.02,75,68.5,74.46,1535500
20060508,0,74.49,79.53,73.05,79.05,1785500
20060509,0,78.05,80.56,77,77.35,1314100
20060510,0,77.01,79.58,75.75,77.81,710800
20060511,0,79,82.4,77.11,79.22,1178600
20060512,0,79.38,79.38,75.1,75.25,823300
20060515,0,74.95,77.8,74.11,76.44,949800
20060516,0,76.45,77.22,74.33,75.81,537400
20060517,0,75,75.05,69.2,70.08,1633900
20060518,0,70.24,72.15,66.73,68.07,1535200
20060519,0,68.94,70.85,66.92,70.13,1304100
20060522,0,67.94,67.94,57.26,60.14,4479700
20060523,0,60.63,61.9,59.07,59.07,2266600
20060524,0,59.11,59.42,53.18,54.32,2458400
20060525,0,54.99,56.4,52.4,55.75,2019600
20060526,0,57.09,57.74,55.7,57.44,1323100
20060530,0,57.04,57.04,52.88,53.24,1248200
20060531,0,53.61,55.79,53.5,55.61,1605600
20060601,0,55.25,56.37,53.15,55.68,1461000
20060602,0,56.7,57.25,53.87,54.68,1288500
20060605,0,55.9,56.25,51.4,51.6,1602900
20060606,0,51.6,52.2,48.55,50.44,1487300
20060607,0,50.49,51.8,49.36,50.7,948900
20060608,0,49.75,51,45.7,50,1686600
20060609,0,51.25,51.84,50.18,50.85,1004800
20060612,0,51.09,51.42,48.8,49.04,1044900
20060613,0,49,50.2,45.98,46,976500
20060614,0,46.2,47.45,45.27,47.09,928900
20060615,0,47.5,49.99,47.3,49.09,971400
20060616,0,48.24,50.85,46.8,50.6,1377300
20060619,0,51.55,51.55,49.14,50.1,882300
20060620,0,50.16,50.7,48.64,49.7,489400
20060621,0,49.8,54.61,49.32,53.79,1022200
20060622,0,54,54.12,52.02,52.81,642800
20060623,0,52.5,55.24,52.25,54.66,727300
20060626,0,54.69,55.23,53.58,54.89,381700
20060627,0,54.79,54.79,53.13,53.65,585500
20060628,0,53,53.35,50.12,52.08,669900
20060629,0,52.3,55.48,52.3,55.11,755900
20060630,0,55.9,56.16,53.7,56.15,915800
20060703,0,57.69,59.65,56.69,59.3,620800
20060705,0,58,58.33,55.9,57.8,1193300
20060706,0,57.99,59.49,56.63,57.56,650700
20060707,0,56.57,57.43,54.7,54.71,766700
20060710,0,54.87,55.24,52.73,52.83,1189500
20060711,0,52.81,55.55,51.77,55.16,1667000
20060712,0,55.45,59.69,55.35,58.47,1939600
20060713,0,58.5,61.65,57.71,59.83,2256500
20060714,0,59.56,60.31,57.75,59.4,2253500
20060717,0,59.61,59.61,56.63,57.9,1850000
20060718,0,57.21,58.18,55.55,56.63,5012600
20060719,0,56.9,59.05,56.07,58.9,1932800
20060720,0,59,59.95,57.68,58,1089400
20060721,0,57.8,57.97,54.78,57.87,1272000
20060724,0,58.85,61.6,58.63,60.99,1586200
20060725,0,61.47,61.5,59.58,60.1,943200
20060726,0,60.14,60.3,57.02,57.2,1627300
20060727,0,57.4,58.68,56.44,56.65,789400
20060728,0,58.8,59.09,57.9,58.96,1345700
20060731,0,58.8,59.63,57.93,59.59,485000
20060801,0,59.1,59.94,58.19,59.1,475100
20060802,0,59.12,59.65,59.11,59.46,460700
20060803,0,59.15,59.36,57.75,58.6,890800
20060804,0,59.25,59.75,58.64,59.42,632300
20060807,0,58.96,59.44,58.62,58.8,480800
20060808,0,58.95,60.39,58.95,59.7,774500
20060809,0,59.9,60.88,59.77,59.92,697000
20060810,0,59.6,62.05,58.91,61.25,1078000
20060811,0,62.29,62.29,59.83,60.16,728000
20060814,0,60.52,60.87,59.5,59.97,505600
20060815,0,60,60.99,60,60.85,777700
20060816,0,60.35,62.89,60.35,62.67,794800
20060817,0,62.45,64.53,62,63.96,952100
20060818,0,63.62,64.45,63.05,64.33,491700
20060821,0,64.35,65.1,63.53,64.67,743300
20060822,0,64.66,64.8,62.19,62.35,610700
20060823,0,63,63.68,62.5,62.6,489000
20060824,0,62.53,62.68,60.85,60.85,529600
20060825,0,60.79,62.34,60.79,62.01,528200
20060828,0,62.11,62.11,60.88,61.37,533700
20060829,0,61.25,61.99,61.1,61.94,309100
20060830,0,61.93,63.95,61.71,63.67,881900
20060831,0,63.47,64.83,62.99,63.25,836400
20060901,0,63.51,64.24,62.75,63.67,481400
20060905,0,64,65.8,63.9,65.22,990500
20060906,0,64.69,66.35,64.65,65.15,868400
20060907,0,65,65.45,63.95,64.2,564500
20060908,0,64.21,65.04,64,64.02,464500
20060911,0,63.5,64.26,63.12,63.41,701600
20060912,0,62.9,63.4,62.31,63.39,1028400
20060913,0,63.9,66.99,63.86,64.78,1781500
20060914,0,64.72,66.19,64.23,64.77,984500
20060915,0,68,74.89,67.25,74.6,5859000
20060918,0,75.06,77.92,72.28,75.75,4381900
20060919,0,75.97,76.58,73.11,74.09,1930100
20060920,0,74.05,75.35,72.12,72.59,868500
20060921,0,72.4,76.94,72.4,76.7,2205300
20060922,0,75.2,76.13,73.29,73.54,1156900
20060925,0,73.69,74,69.3,69.62,2411200
20060926,0,70,72,68.12,70.07,2492300
20060927,0,70.39,72.35,68.75,71.58,1623600
20060928,0,71.57,72.26,70.55,72.14,920800
20060929,0,72.2,76.15,72.2,75.09,2105500
20061002,0,72.15,75.97,72.15,74.47,1310300
20061003,0,75.55,78.55,75.47,77.15,2958500
20061004,0,77.3,81.57,77.06,80.66,3507500
20061005,0,81.8,84.3,80.57,84.11,2202800
20061006,0,83.15,85.62,81.86,85.33,2012500
20061009,0,83.5,86.86,83.5,84.95,1187100
20061010,0,84,87.44,83.18,87.13,2123100
20061011,0,87,88.87,86.03,87.7,1928200
20061012,0,87.8,88.15,83.67,83.98,2550200
20061013,0,84.3,84.49,82.05,82.95,2494900
20061016,0,82.26,83,76.76,77.56,5029700
20061017,0,81.4,83.12,79.75,81.51,6516100
20061018,0,82.2,82.42,80,81.88,3165300
20061019,0,81.38,81.6,80.07,81.55,1835500
20061020,0,81.56,82.39,80.8,81.69,1391700
20061023,0,81.79,83.8,80.95,82.43,2239000
20061024,0,82.49,84.36,82.1,83.97,1955200
20061025,0,84.07,85.13,83,83.62,1437300
20061026,0,83.35,86.63,83.24,85.5,1323200
20061027,0,85.42,86.16,84.1,84.49,1190600
20061030,0,83.85,84.34,81.29,82.24,1436100
20061031,0,85,85.4,82.52,84.21,1873400
20061101,0,84.9,87.44,84.35,84.82,2194500
20061102,0,86.66,87.31,82.5,82.7,2591000
20061103,0,83.29,84.1,81.41,81.59,1252600
20061106,0,81.75,85.49,81.57,84.66,1405400
20061107,0,86.09,89.22,85.7,86.93,2593400
20061108,0,86.7,89.17,85.68,88,1615000
20061109,0,88.47,89.58,83.45,83.6,2883500
20061110,0,83.51,86.89,83,84.95,2000400
20061113,0,84.58,88.75,84.55,88.44,1852100
20061114,0,89.75,97.56,89.75,96.69,5206700
20061115,0,96.4,97.3,93.28,95.23,3943800
20061116,0,95.85,98.94,93.35,94.48,3542800
20061117,0,93.91,105.4,93.9,100.81,12049900
20061120,0,101.31,104.1,96.98,97.5,5467100
20061121,0,97.6,101.59,95.6,101.09,3373200
20061122,0,101.7,103.73,99.81,101.2,1947400
20061124,0,100.87,105.01,99.5,104.16,1657200
20061127,0,104.32,105.1,97.85,100.65,4365300
20061128,0,100.7,103.3,99.64,101,3269300
20061129,0,102.31,103.2,96.15,97.14,4252800
20061130,0,97.5,99.65,97,97.96,2766400
20061201,0,98.19,99.24,93.4,94.94,2578800
20061204,0,94.5,99.25,93.48,98.79,2853900
20061205,0,100.98,107.1,100,106.41,5666100
20061206,0,105.95,106.16,102.42,104.7,3060700
20061207,0,105,108.4,104.16,104.75,2856600
20061208,0,104.5,108.74,103.02,108.5,2683400
20061211,0,111.5,113.85,109.61,113.32,3650700
20061212,0,113.5,113.8,108.83,109.96,4376300
20061213,0,111.5,112.99,105.11,107.15,2903100
20061214,0,107.47,108.5,103.1,103.7,3421600
20061215,0,104.99,107.36,103.7,106.23,2822800
20061218,0,106.5,110.15,106.32,107.16,2784600
20061219,0,105.05,110.24,103.71,108.79,2252400
20061220,0,109.49,110.71,107.2,109.86,2018200
20061221,0,110,110,105.51,106.5,2542400
20061222,0,106.01,107.44,103.8,104.24,1509100
20061226,0,103.92,107.71,103.15,105.37,1802300
20061227,0,105.6,107.36,104.72,106.82,1022700
20061228,0,106,109.97,105.75,108.88,1620900
20061229,0,108.1,109.55,106.89,107.02,1881300
20070103,0,108.38,118.06,108.15,115.61,5492300
20070104,0,115.72,121.4,114.14,120.92,3712700
20070105,0,121.9,126.65,121,124.63,4336700
20070108,0,125.35,127.75,122.45,125.43,3175400
20070109,0,125.69,126.22,122.5,124.46,2583400
20070110,0,124.33,136.1,123.01,135.48,5098600
20070111,0,135.25,137.75,132.76,136.26,3362500
20070112,0,134.32,135.5,131.24,134.3,3105200
20070116,0,134.55,137.75,127.94,128.71,3957700
20070117,0,127.57,133.95,127.5,133.35,3907100
20070118,0,132.76,132.77,127.3,128.84,3492700
20070119,0,127.32,129,124.05,126.67,3535300
20070122,0,126.91,128.69,123.56,124.02,2443300
20070123,0,124.08,130.3,123.16,129.38,2730500
20070124,0,130.85,137,130.25,136.7,3031200
20070125,0,138.1,140.5,130.81,131.41,3977800
20070126,0,132.63,135.33,128.9,135.1,3480000
20070129,0,135.5,135.68,129,130,2900500
20070130,0,127.6,132.39,127.1,131.28,2827000
20070131,0,131.02,134,129.12,130.67,1890000
20070201,0,131.95,136.23,131.95,134.96,2668300
20070202,0,138,142.78,138,142.24,4514300
20070205,0,142.7,144,140.16,143.26,2545400
20070206,0,144,144,137.92,143.15,3516900
20070207,0,140.5,147.85,138,147.85,5140800
20070208,0,148.76,158.05,146.7,152.42,7234000
20070209,0,150.5,154.8,145.15,148.77,4872000
20070212,0,148.8,149.2,142.62,144.01,3354778
20070213,0,144.77,151.25,144.55,150.83,4118692
20070214,0,151,154.5,148.25,151.85,3547377
20070215,0,152.49,156.33,151.5,154.76,3297200
20070216,0,154.9,158.1,152.6,157.97,3659700
20070220,0,159.5,164.88,157.57,162.5,4851900
20070221,0,163.6,167,161.99,163.8,5516800
20070222,0,164.74,165.1,159.54,160.21,4332700
20070223,0,160.15,164,159.2,161.58,4185300
20070226,0,163.15,164.98,156.06,157,4168120
20070227,0,152.3,153.58,143.11,144.1,6333300
20070228,0,145.31,151,140.7,150.88,7989200
20070301,0,145.5,153.36,142.65,150.27,6921434
20070302,0,148,149.5,137.69,138.36,10429300
20070305,0,135.88,142.25,134.25,137.1,8007400
20070306,0,142.5,143.99,138.51,142.82,7965800
20070307,0,140.65,141.47,128.8,128.96,12028200
20070308,0,131.1,136.48,128.5,131.11,13433900
20070309,0,133.8,134.49,127.35,130.73,7572700
20070312,0,130.1,135.35,129.55,134.32,5076900
20070313,0,134.45,134.75,128.3,128.89,5599100
20070314,0,129.91,132.9,125.02,131.9,7751082
20070315,0,132.59,133.5,126.32,128.17,10858233
20070316,0,129.22,131,125.15,126.6,4772200
20070319,0,127.85,130.5,127.28,128.08,4797500
20070320,0,127.99,132,127.56,129.96,4612050
20070321,0,130.75,132.75,128.62,130.3,4525366
20070322,0,130.87,130.87,126.81,127.02,4354602
20070323,0,127.3,127.65,123.25,123.63,4375185
20070326,0,123.5,124.9,119.42,120.77,5246200
20070327,0,121.24,124.62,120.4,122.41,5773600
20070328,0,122.01,125.11,121.06,121.67,5418900
20070329,0,123.44,125.2,121.4,122.31,4616280
20070330,0,123.88,124.5,121.55,121.9,3133560
20070402,0,123.54,127.9,120.56,127.37,5101636
20070403,0,127.35,127.35,123.54,123.87,5465600
20070404,0,123.39,126.77,122.75,125.82,3788622
20070405,0,125.91,130.1,125.79,128.8,3679567
20070409,0,129.99,131.89,127.9,128.59,2952100
20070410,0,129.3,130.85,127.14,127.95,2454253
20070411,0,128.5,128.67,125.71,126.93,2228882
20070412,0,126,128.1,124.77,126.8,1786707
20070413,0,127.09,130.49,127,129.62,3065248
20070416,0,130.42,132.2,129.4,129.97,2049700
20070417,0,130.59,133.13,130.02,131.15,3197100
20070418,0,131.63,132.67,129.75,130.21,1800006
20070419,0,129.75,131.2,128.32,129.83,1726084
20070420,0,131.4,135.1,131.05,134.04,4434134
20070423,0,133.58,134.89,131.65,132.49,2645900
20070424,0,133.29,135.04,130,130.33,2169244
20070425,0,131.35,131.85,129.32,130.5,2100520
20070426,0,131,131.15,128.85,129.32,1542808
20070427,0,129.3,129.55,126.25,126.8,1349175
20070430,0,131.5,132.25,126.65,126.9,3613750
20070501,0,128.29,128.3,122.03,122.99,3679245
20070502,0,126,131,125.5,127,5012605
20070503,0,129.9,134.8,129.72,134.7,5471700
20070504,0,135.97,139.11,135.97,138.35,4870732
20070507,0,138.48,138.88,135.07,137.09,2504800
20070508,0,136.16,136.44,133.51,134.55,2280850
20070509,0,134,139.23,133.5,137.5,3001662
20070510,0,137.55,141.87,134.5,134.86,5494450
20070511,0,137.76,140.88,135.7,140.21,3967800
20070514,0,140.02,142.5,138.55,139.02,2687200
20070515,0,138.51,140.93,136.12,136.91,2837028
20070516,0,138,139.73,136.55,137.6,2485850
20070517,0,137.61,140.34,137.49,139.55,2147000
20070518,0,140.33,141.47,138.85,138.99,1700840
20070521,0,139.2,147.49,139.2,146.13,3998730
20070522,0,147.49,152.3,147.08,151.05,5634308
20070523,0,153.35,153.36,147.46,148.01,3909914
20070524,0,148,149.36,141.13,142.25,4422299
20070525,0,144.1,145.64,143.09,144.95,2180300
20070529,0,144.99,148.61,144.91,147.43,1937780
20070530,0,147,150.41,143.69,148.42,2911530
20070531,0,148.85,150,143.55,144.62,2980990
20070601,0,146.22,147.95,143.12,143.14,1978000
20070604,0,142.16,149.56,141.82,149.29,3391565
20070605,0,149.67,151.4,146.6,148.68,3090550
20070606,0,147.01,154.98,146.27,152.83,5098648
20070607,0,153.75,155.44,146,147.01,5086300
20070608,0,145.23,147.55,142.1,145.81,3345850
20070611,0,147,150.67,145.34,148.73,2903980
20070612,0,149.21,152.22,147.03,149.01,3399440
20070613,0,149.31,150.5,146.09,147.97,2277500
20070614,0,148.46,155.75,148.35,154.38,4609145
20070615,0,157.74,160.22,155.1,156.76,3429100
20070618,0,157.25,158.75,152.35,154.17,2204000
20070619,0,155.01,158.45,154,156.06,2606300
20070620,0,156.5,162.47,155.3,158.01,4487456
20070621,0,158.25,159.81,156.01,158.49,3008070
20070622,0,159.6,161.23,153.75,156,2734196
20070625,0,155.75,158.2,148.3,149.41,3030900
20070626,0,150.94,152.76,143.91,145.3,3208968
20070627,0,144.5,150.85,141.25,150.74,3290106
20070628,0,151.65,151.99,148.28,148.57,2092095
20070629,0,148.9,150.92,146.02,147.57,1518944
20070702,0,149.19,149.2,144.55,144.89,1794200
20070703,0,146.12,149.4,145.31,148.88,1394600
20070705,0,149.55,152.24,147.31,151.34,1717900
20070706,0,154.89,156.79,152.49,155.9,2637819
20070709,0,157.75,160.19,155.37,156.73,3129300
20070710,0,156.79,157.86,153.5,155.32,2212613
20070711,0,157,167.4,154.7,167,6027983
20070712,0,168.68,172.45,165.5,168.69,6270210
20070713,0,168.22,169,165.6,167.14,2002296
20070716,0,168.2,174.15,167.43,169.66,3675200
20070717,0,171.23,172.27,166.88,167.21,2268100
20070718,0,165.01,165.82,161.35,163.05,2787358
20070719,0,164.91,165.5,160.17,161.63,1957500
20070720,0,161.15,165.13,159.67,160.02,2899343
20070723,0,161.41,161.68,154.6,155.77,1795900
20070724,0,153.75,155.08,145.62,147.64,2398480
20070725,0,148.45,151.69,140.75,143.82,3899182
20070726,0,142,147.63,140.9,145.25,3568432
20070727,0,146.34,154.87,144.67,151.03,3750587
20070730,0,153.95,156.49,152.02,156.15,2325000
20070731,0,156.81,158.86,150.21,150.96,2257876
20070801,0,150.27,151.55,145,149.45,2842009
20070802,0,150.49,153.84,146.55,152.48,2061950
20070803,0,152.52,158.19,150,154.15,2892200
20070806,0,153,156.23,148.75,154.19,2282145
20070807,0,154.09,158.15,152.3,156.69,1862900
20070808,0,158.38,162.23,157.83,160.69,1825950
20070809,0,156.95,164.44,153.81,154.42,2731648
20070810,0,153.21,156,148.29,150.48,2916767
20070813,0,152.75,153.9,146.5,147.35,2276800
20070814,0,146.93,148.69,141.3,142.73,2323252
20070815,0,141.75,142.25,132.95,133.16,3192245
20070816,0,130,131.1,117.25,129.37,6608280
20070817,0,134,136,128.71,134.09,3273176
20070820,0,134,139.25,133.75,137.67,3288400
20070821,0,137,137.67,132.06,135.06,2643600
20070822,0,139.28,143.99,138.3,138.8,2652200
20070823,0,141.4,142.87,137.55,139.64,1752700
20070824,0,139,142.6,137.8,142.29,890800
20070827,0,142.25,143.31,139.26,139.86,932835
20070828,0,138.27,139,134,135,1275200
20070829,0,136.3,140.43,135.43,139.93,1387400
20070830,0,137.62,142.67,137,139.85,1149300
20070831,0,142.22,146.18,141,145.64,1301000
20070904,0,144.87,149.99,143.88,148.16,1465250
20070905,0,146,146.48,140.17,140.5,1984800
20070906,0,142.1,142.3,136.2,137.58,2011250
20070907,0,135.38,136,131.62,132.82,1689500
20070910,0,134.07,135.17,129.85,131.59,1846700
20070911,0,132.6,134.8,130.9,131.48,1369425
20070912,0,131.66,133.58,129.8,130.96,1306204
20070913,0,132.27,132.53,128.5,128.85,1689800
20070914,0,127.3,128.91,126.6,127.38,1366000
20070917,0,127.82,128.88,125.7,126.2,1164600
20070918,0,127.7,136.88,125.68,135.22,2439700
20070919,0,138.25,139.5,130.5,131.28,2041975
20070920,0,130.9,138.63,130.28,135.2,2478000
20070921,0,137,137.88,134.35,135.19,1519200
20070924,0,135.05,141.85,133.75,141.51,2484000
20070925,0,145.99,152.15,145.9,150.09,10486896
20070926,0,153,154.37,150.9,151.75,3631677
20070927,0,152.47,154.44,150.75,152.81,2041749
20070928,0,151.93,152.49,150.34,151.63,1475500
20071001,0,152.34,155.79,151.76,153.66,1442200
20071002,0,155.54,159.24,154.2,154.75,2376600
20071003,0,154.51,154.62,151.8,153.05,1401500
20071004,0,153.26,155.18,151.96,154,1163800
20071005,0,155.71,158.7,154.78,157.43,1512400
20071008,0,158.03,163.27,158.01,160.85,1339960
20071009,0,162.89,163.48,159.35,163.23,1680767
20071010,0,163.48,165.49,161.44,162.6,1087700
20071011,0,164.9,165,153.13,156.09,1794800
20071012,0,157.15,161.99,154.99,161,1216999
20071015,0,161.31,162.26,156.13,156.99,1037200
20071016,0,156.86,156.86,152.86,155.26,1070000
20071017,0,157,159.48,155.25,157.85,1404500
20071018,0,157,163.5,155.89,161.93,1532500
20071019,0,163.99,166.88,160.71,164.18,3576900
20071022,0,162.8,165,158.87,160.94,2197810
20071023,0,163.44,169.26,162.52,168.54,2250800
20071024,0,167.86,175.97,166,174.97,3825700
20071025,0,171.89,174.39,167.31,168.54,3045993
20071026,0,171.46,171.98,168,170.26,1481871
20071029,0,170.4,174.68,169.83,173.29,1242800
20071030,0,172.4,175.3,170.66,171.07,1539300
20071031,0,172.85,178.16,171.3,177.77,1870100
20071101,0,176,176.9,170.88,172.21,1852100
20071102,0,174.34,175.24,168.22,174.86,1339800
20071105,0,172,176.75,169.8,175,1630839
20071106,0,174.88,179.4,172.38,178.65,1583700
20071107,0,176,180.05,173.23,173.93,1294041
20071108,0,173.18,175.68,163.86,170.44,2019257
20071109,0,167.76,170.77,164.51,165.17,1353718
20071112,0,165.87,167.35,161.33,161.51,1390334
20071113,0,161.4,167.53,161.4,167.1,1020192
20071114,0,168.58,174.5,168.33,170.82,1544402
20071115,0,171.81,173.7,168.55,173.53,1427920
20071116,0,173.32,175,171.25,174.81,1223770
20071119,0,174.63,184.53,174.49,180.17,2847370
20071120,0,179,180.49,165.16,169.3,2634368
20071121,0,165.38,169.6,162.45,165.29,1428592
20071123,0,166.63,168.69,165,167.79,485358
20071126,0,168.99,170.65,163,163.15,1494938
20071127,0,164.04,165.46,156.06,160.14,2100852
20071128,0,161.62,169.46,161,169.28,1519014
20071129,0,167.88,170.97,166.44,169.25,1170491
20071130,0,173.15,173.15,164.24,166.34,1249874
20071203,0,166.95,166.96,161.94,162.6,1206606
20071204,0,162,165.92,162,162.46,1100560
20071205,0,163.74,171.94,163.2,171.45,1587136
20071206,0,172.19,175,168.83,174.45,952946
20071207,0,173.82,177.49,173,175.64,770148
20071210,0,177.45,179.19,175.35,176.08,680322
20071211,0,178,181,170.53,171.5,1145707
20071212,0,175.63,177.96,171.45,175.47,1321031
20071213,0,173.46,181.4,173.32,180.97,1580317
20071214,0,178.85,191.13,178.85,185.9,2067006
20071217,0,186.65,188.33,180,180.31,1223276
20071218,0,181.99,184.29,175.31,178.36,1222250
20071219,0,179.36,186.78,176.96,185.56,1608170
20071220,0,187.87,188.91,183.26,188,1037042
20071221,0,191.2,191.2,184.55,186.78,1404121
20071224,0,186.88,193.02,185.02,190.12,587047
20071226,0,191.5,194.92,189.5,194.58,689376
20071227,0,193.25,193.85,189.51,189.68,620214
20071228,0,190.8,192.5,188.18,189.36,636770
20071231,0,189.19,193.78,188.37,192.37,553219
20080102,0,193.87,193.87,184.79,185.29,1266623
20080103,0,186.85,186.88,178.66,179.98,1672647
20080104,0,176.01,178.18,169.19,170.78,1411019
20080107,0,172,173.91,159.66,163.65,2308395
20080108,0,165.54,174.73,164.78,165.01,2220416
20080109,0,163.87,168.72,156.59,162.43,2056387
20080110,0,161,176,160.84,173.07,2012564
20080111,0,172,175.64,168.58,172.73,1323146
20080114,0,172.51,175,169.92,172.26,1153359
20080115,0,170.16,172.34,162.51,163.72,1426758
20080116,0,161.63,162.78,144,148.22,4064906
20080117,0,148.69,149.99,130.71,131.01,3698078
20080118,0,134.82,139.8,133.1,138.76,4694011
20080122,0,128.9,141.97,126.87,137.9,2648674
20080123,0,133.85,143.03,130.4,142.48,2842414
20080124,0,144.27,151.86,142,150.3,2606089
20080125,0,154.7,154.7,144.65,145.09,2172491
20080128,0,153,153,135.3,141.07,4540926
20080129,0,141.64,142.5,137.23,141.77,1987528
20080130,0,140.15,145,137.04,137.46,2057148
20080131,0,134.52,141.25,129.18,139.51,3645945
20080201,0,138.27,142.12,134.27,135.76,2499551
20080204,0,137.4,140.01,135.5,136.08,1770977
20080205,0,134.01,137.34,124.53,124.77,3608237
20080206,0,125.74,125.74,114.62,115.91,6808634
20080207,0,122.58,132.65,121.9,130.19,6953209
20080208,0,132.39,133,125.3,128.33,3810043
20080211,0,129.92,132.62,126.23,130.66,2002084
20080212,0,131.56,138.49,130.77,132.98,3265209
20080213,0,135.78,138.21,133.78,137.4,1873561
20080214,0,137.98,138.14,133.03,133.06,1356672
20080215,0,132.62,133.39,129.02,132.02,1269333
20080219,0,134.04,135.43,127.28,127.75,1414672
20080220,0,126.44,134.67,124.05,133.7,2052140
20080221,0,134.37,135.87,131.21,133.37,1622805
20080222,0,133.85,134.05,128.51,133.91,1265373
20080225,0,134.5,139.46,133.2,139.12,1899245
20080226,0,138.44,139.96,134.76,135.67,1696741
20080227,0,134.91,137.32,133.1,134.94,1258853
20080228,0,133.42,135,130.54,134.16,1325839
20080229,0,132.35,134.8,129.87,130.83,1306541
20080303,0,130.31,137.05,130.3,132.84,1955078
20080304,0,133.6,136.7,131.57,135.82,2159903
20080305,0,136.99,144.26,135.37,136.9,4695139
20080306,0,133,137.15,131.04,132.91,3062428
20080307,0,130.52,136.33,128.05,131.58,3327371
20080310,0,133.86,133.86,122.18,123.99,3505003
20080311,0,126.15,137.74,124.37,136.79,2979182
20080312,0,135.72,137.49,133.54,133.62,1803323
20080313,0,131.49,139.88,126.5,137.47,3398934
20080314,0,139.58,140,128.84,131.79,2597654
20080317,0,125.19,128.7,110.25,122.74,5090979
20080318,0,126.92,132.54,126.84,132.09,2373807
20080319,0,132.99,132.99,122.1,122.82,2148211
20080320,0,122.93,125.2,118.56,124.79,2511792
20080324,0,124.25,130.93,124.08,127.9,1499353
20080325,0,127.48,133.32,125.94,131.69,1305840
20080326,0,131.01,136.36,128.45,134.25,1672996
20080327,0,135.98,137.62,131.03,131.26,1349581
20080328,0,131.18,133.87,129.18,129.28,1045179
20080331,0,128.45,131.55,125.02,130.92,1653315
20080401,0,132.61,138.62,132,138.34,1534875
20080402,0,140,150.8,138.5,148.39,3507543
20080403,0,147.21,150.99,143.62,148.6,1412403
20080404,0,149.77,150.74,147,147.81,1335642
20080407,0,149.2,152.41,148.31,149.75,1160084
20080408,0,148.98,152.34,146.67,147.9,1342348
20080409,0,148.15,149.64,144.63,145.79,1275272
20080410,0,146.37,150.5,144.66,150.23,1354023
20080411,0,147.69,151.98,146.56,148.28,1434113
20080414,0,147.54,149.37,146.2,147.49,622770
20080415,0,147.97,150.21,146.1,147.53,900966
20080416,0,149.9,152.1,148.52,151.47,1115445
20080417,0,151.38,158.5,151.18,157.01,2873478
20080418,0,158.49,160.75,156.24,156.81,1635185
20080421,0,157.18,160.92,156.05,159.91,1325298
20080422,0,156.6,159.06,148.49,150.09,2537965
20080423,0,151.01,153.99,149.48,151.53,1018253
20080424,0,151.99,159.19,151.47,157.6,1353575
20080425,0,158.88,161.75,156.13,160.48,1495611
20080428,0,160.92,160.92,153.7,154.28,1536454
20080429,0,155.2,155.36,151,152.34,1165864
20080430,0,152,156.99,151,154.75,1142905
20080501,0,155,158.5,153.28,155.5,1620503
20080502,0,164.26,166.13,157.25,161.3,2451225
20080505,0,161.08,164,159.01,162.69,1032778
20080506,0,162.29,165.34,160.19,164.74,1236942
20080507,0,165.15,167.28,159.35,159.53,1109505
20080508,0,160.92,163.39,157.67,159.86,1020524
20080509,0,159.37,159.9,155.59,156.88,1005941
20080512,0,156.98,158.96,155.27,158.24,923123
20080513,0,159.97,161.88,157.57,161.16,878043
20080514,0,161.25,162.23,160.07,160.99,764333
20080515,0,160.05,163.35,158,158.69,1071088
20080516,0,159.58,160.39,153.26,154.31,1568220
20080519,0,155,160.18,152,152.53,1191524
20080520,0,152.19,153.28,149.28,150.97,1198502
20080521,0,151.01,152.33,143.01,143.42,1426973
20080522,0,143.77,144.8,141.78,142.94,970208
20080523,0,143.67,143.75,138.95,142.99,1138025
20080527,0,142.34,142.56,135.58,139.98,1418650
20080528,0,140.58,143.45,137,138.9,1285108
20080529,0,138.34,142.46,137.35,141.04,1220925
20080530,0,143.81,143.81,136.98,138.02,1188502
20080602,0,135.22,138.2,133.04,134.58,1826263
20080603,0,134.08,135.5,128.72,131.86,2126712
20080604,0,130.1,133.28,128.53,128.79,1697434
20080605,0,130.41,136.61,129.4,136.08,1837046
20080606,0,134.36,135.26,128.41,128.41,1582157
20080609,0,129.5,129.77,122.93,127.24,1799066
20080610,0,124.29,128.99,124.29,125.3,1304569
20080611,0,126.04,126.04,116.28,116.94,3724755
20080612,0,118.26,121.6,114.29,116.14,2848908
20080613,0,117.52,122.91,116.53,122.91,1717409
20080616,0,121.92,124.9,120.83,122.6,1415721
20080617,0,125.43,126.66,121.55,123.27,1701716
20080618,0,122.95,126.09,121.6,124.15,1346866
20080619,0,125.07,132.7,125.07,132.39,2306246
20080620,0,132.25,133.99,129.12,129.97,1687963
20080623,0,130.01,131.64,127.02,128.78,1092455
20080624,0,127.55,129.1,121.68,128.87,1491546
20080625,0,130.03,130.98,127.51,128.82,1731277
20080626,0,127.59,127.59,122.08,122.58,1260531
20080627,0,121.21,124,116.72,118.5,1780468
20080630,0,119.01,119.61,114,114.09,1710626
20080701,0,113.05,116.38,111.21,115.54,1924087
20080702,0,116,116.39,108,108.3,1847142
20080703,0,108.44,109.58,103.2,106,1228575
20080707,0,105.52,109.29,101.57,104.13,1609135
20080708,0,103.8,106.67,100.45,106.42,2414783
20080709,0,106.25,106.6,95.12,95.45,2803686
20080710,0,95.5,95.5,80.91,85.45,8375501
20080711,0,82.5,90.61,80.2,88.32,3974939
20080714,0,90.15,91.19,85.11,85.26,2622109
20080715,0,84.97,90.15,82.23,86.72,3305793
20080716,0,86.41,93.39,85.2,93.25,2618270
20080717,0,95.7,95.7,87.5,89.97,2631961
20080718,0,89.29,90.41,86.73,89.24,1662741
20080721,0,88.99,91.7,87.58,89.57,1356334
20080722,0,89,97.55,87.16,97.54,2387234
20080723,0,96.4,97.2,92.01,94.6,2924230
20080724,0,94.6,97.39,90.74,91.42,2283022
20080725,0,91.92,104,90.89,103.19,3731840
20080728,0,103.48,104.87,98.31,98.9,2853039
20080729,0,99.68,104.14,97.75,103.94,1319642
20080730,0,104.21,104.99,100.23,103.84,1982122
20080731,0,101.93,103.52,99,99.73,1528285
20080801,0,101.07,101.07,91.6,95.83,2283070
20080804,0,98.49,98.49,83.8,85.13,3465057
20080805,0,87.11,89.43,85.15,88.68,2827726
20080806,0,89.11,89.3,84,84.53,2455018
20080807,0,83.5,87.82,83.5,84.84,2439539
20080808,0,83.65,87.91,82.46,87.4,1878983
20080811,0,87.25,87.55,84.56,86.42,1376392
20080812,0,86.49,86.7,82.45,83.47,1597327
20080813,0,82.31,84.45,80.76,82.95,2278829
20080814,0,83.31,88.27,81.87,87.05,1759648
20080815,0,87.84,88.95,85.58,86.78,2296877
20080818,0,85.88,86.99,82.26,82.8,2425975
20080819,0,82.83,83.95,81.38,83.38,1954425
20080820,0,83.74,85.74,82.51,85.57,1914811
20080821,0,84.61,85.82,83,84,1438963
20080822,0,85.35,88.37,85,87.94,1718746
20080825,0,87.11,88.76,84.76,85.14,1219446
20080826,0,84.99,85.39,83.22,85,876939
20080827,0,84.85,88.14,84,88.07,1118583
20080828,0,88.92,90.45,88.04,90.2,1202118
20080829,0,89.88,89.88,88.01,88.29,799678
20080902,0,89.27,93.65,89.27,91.91,3578590
20080903,0,92.34,93.65,89.23,92.5,2971336
20080904,0,92,94.95,90.29,90.72,2823660
20080905,0,89.92,97.68,89.92,97.44,2610291
20080908,0,100.47,102.48,94.5,99.36,2835386
20080909,0,98.89,99.34,88.38,88.79,3379189
20080910,0,89.22,92.25,87.11,90.8,2463753
20080911,0,88.01,92.25,85.7,92.07,2362844
20080912,0,90,90.9,84.58,90.69,2878490
20080915,0,84.93,87.77,77.39,78.56,3098865
20080916,0,73.15,75.98,68.08,75.69,4562748
20080917,0,73.69,73.69,66.64,66.75,3756958
20080918,0,68,75.12,61.37,75.12,4079121
20080919,0,87.84,115.22,76.1,84.79,3149260
20080922,0,87.75,88,76.11,77.41,1252655
20080923,0,77.66,80.5,73.82,76,1115974
20080924,0,79,79.02,75,76.58,695367
20080925,0,75.75,80.47,75.64,79.98,742617
20080926,0,73.76,78.96,72.25,78.36,722300
20080929,0,76.11,77.99,61,65.74,1326161
20080930,0,68.07,80.93,66.75,80.91,1611987
20081001,0,78.26,85,77.49,84.66,1496129
20081002,0,84.52,84.8,79.78,80.94,1030997
20081003,0,82.5,85.67,75,78.78,1711341
20081006,0,75.9,84.74,72.02,84.7,1736292
20081007,0,83.5,89.5,80.1,86.12,2378013
20081008,0,80,88.02,74.48,82.94,1871551
20081009,0,84.33,87.53,67,67.48,2738101
20081010,0,64.06,79.34,61.6,75.8,3465734
20081013,0,80.25,85.07,75.52,84.99,1727837
20081014,0,88.99,88.99,81.49,83.61,2680313
20081015,0,82.14,87.5,71.68,71.85,1619269
20081016,0,75,78.18,70.2,77.97,1743190
20081017,0,76.34,86.49,75.93,83.9,2807475
20081020,0,87.41,87.5,78.59,80.71,2067104
20081021,0,79.27,83.86,77.07,77.35,1950677
20081022,0,75.01,75.36,66.61,69.4,1512862
20081023,0,68.62,71.24,61.75,64.88,2070413
20081024,0,55,62.39,53.02,59.55,2417446
20081027,0,57.51,61.55,54.56,54.7,1794298
20081028,0,58,63.5,53.28,63.26,1934766
20081029,0,62.76,68.49,61.01,63.02,1782051
20081030,0,69.55,84.44,69.5,81.71,6278645
20081031,0,83,88.8,82.01,84.83,3301401
20081103,0,84.56,86.37,81.2,84.08,1238348
20081104,0,88.5,92.98,84.14,92.68,2769472
20081105,0,90.24,90.86,82.11,82.51,2003536
20081106,0,80.93,82.46,75.53,76.04,2360158
20081107,0,76.87,80,74.5,79.94,1698420
20081110,0,81.39,82.65,72.08,73.5,1579724
20081111,0,72.25,75.88,69.1,73.32,1721529
20081112,0,72.35,73.34,67.36,68.02,1469499
20081113,0,68.7,75.45,65.51,75.22,2524270
20081114,0,73.25,76.51,70.2,71,2040694
20081117,0,70.07,70.87,65.1,65.22,1510477
20081118,0,65.72,66.8,61.29,64.16,1637637
20081119,0,63.54,64.45,58.21,58.4,1893909
20081120,0,56.81,57.97,49.69,50.47,4374908
20081121,0,52.36,58.74,49.76,58.56,2851909
20081124,0,62.07,66.5,58.12,66.14,2678495
20081125,0,67.95,70.42,65.2,69.17,1979300
20081126,0,65.26,75,65.26,74.17,1434994
20081128,0,73.34,75.38,71.21,73.6,626107
20081201,0,70.44,70.98,59.27,59.84,2245465
20081202,0,61.8,63.96,56.01,62.37,2660589
20081203,0,58.67,66.73,58.04,66.69,1696824
20081204,0,62.25,71.97,62.25,66.73,2358385
20081205,0,64.98,71.87,64.28,71.49,1677811
20081208,0,75.28,82,75.28,82,2304513
20081209,0,78.73,83.09,75.05,77.18,2176239
20081210,0,78.72,78.95,73.25,77.92,1612811
20081211,0,76,81.15,73.41,73.55,1409924
20081212,0,69.82,77.5,69,76.92,1402316
20081215,0,77.07,77.56,69.86,71.5,1569358
20081216,0,72.01,80.43,71.75,80.35,2152513
20081217,0,78.15,82.8,77.75,82.18,1686514
20081218,0,82,85,81.18,81.63,2126427
20081219,0,82.45,84,78.45,80.57,1768718
20081222,0,81.42,81.42,76.31,79.07,1944779
20081223,0,79.39,81.91,78.05,78.46,1490502
20081224,0,77.25,77.95,75.18,75.59,734477
20081226,0,76.93,77.64,74.2,76.65,1626498
20081229,0,76.95,78.78,75,76.51,1216575
20081230,0,76.89,79.99,75.32,79.99,1247621
20081231,0,79.77,83.6,79.57,82.79,1043943
20090102,0,82.21,85,79.59,84.57,1282814
20090105,0,80.42,81,72.66,73.01,3681401
20090106,0,70.83,71.02,61.05,62.23,9614103
20090107,0,61.22,65.9,59.54,64.03,4252198
20090108,0,63.23,65.74,62.52,65.02,2383702
20090109,0,64.75,65.02,62.91,63.85,2079896
20090112,0,63.51,63.89,60.52,61.42,1809926
20090113,0,60.5,62.97,59.13,61.67,1628986
20090114,0,59.82,60.98,56.8,59,3007399
20090115,0,59.14,60.31,54.8,57.79,3628855
20090116,0,59.25,60.97,56.69,58.01,3059042
20090120,0,57.58,57.63,51.05,51.27,3539187
20090121,0,52.01,55.5,51.06,55.48,3165632
20090122,0,53.44,55.46,51.3,53.19,2124831
20090123,0,52,56.99,50.1,56.61,2662444
20090126,0,57.3,58.97,54.22,55.81,1721016
20090127,0,57.16,58.85,55.25,58.29,2034050
20090128,0,60.7,62.45,59.06,61.86,2677536
20090129,0,60.06,60.65,57.17,58,2418232
20090130,0,59.05,59.83,56.11,57,2270999
20090202,0,55.57,55.83,53.34,55.07,2121076
20090203,0,55.57,59.98,55.54,59.06,2474822
20090204,0,59.49,61.08,58.31,58.99,1512158
20090205,0,58.15,62.65,57.92,61.78,1723591
20090206,0,61.86,65.78,61.13,63.45,2263359
20090209,0,63.04,64.47,61.03,62.45,2800197
20090210,0,59.61,67.01,59.54,61.87,3902496
20090211,0,62.6,63.7,60.54,62.84,2536987
20090212,0,60.93,62.37,59,62.36,2054877
20090213,0,61.16,64.59,61.05,63.45,1830249
20090217,0,60.36,60.52,58.04,58.53,1997582
20090218,0,59.4,60.08,56.43,58.22,1523025
20090219,0,59.16,59.88,56.17,56.55,2019721
20090220,0,54.95,58.83,54.25,58.31,2359490
20090223,0,59.31,59.31,53.82,53.99,1598477
20090224,0,54.41,57,52.59,56.88,1727262
20090225,0,56.28,61.19,55.26,58.86,2270625
20090226,0,60.2,61.77,58,58.95,1896981
20090227,0,57.77,60,56.52,57.08,1457748
20090302,0,55.99,57.16,52.74,53.04,1746652
20090303,0,53.96,56.4,53.27,54.87,1624901
20090304,0,56.35,58.58,55.3,57.6,1791444
20090305,0,58.52,60.22,56.54,57.71,2235449
20090306,0,58.87,60.45,56.3,60.07,2228780
20090309,0,60.32,63.88,60.05,61.14,2165705
20090310,0,63.13,63.13,59.54,60.57,2862241
20090311,0,61.31,64.02,59.06,62.44,1983079
20090312,0,62.38,67.23,61.2,66.49,1999441
20090313,0,66.74,68.9,65.01,68.48,2296223
20090316,0,69.61,71.51,68.28,68.51,2521733
20090317,0,68.75,72.21,67.22,72.2,1969560
20090318,0,71.2,78.38,70.23,77.98,3670376
20090319,0,79.16,79.5,73.65,73.82,2872081
20090320,0,74.54,75.36,71.63,71.86,1612249
20090323,0,74.26,79.27,74.06,79.25,2011133
20090324,0,76.81,79.57,76.01,76.45,2037196
20090325,0,75.83,79.19,72.37,76.39,2350405
20090326,0,77.38,81.45,76.04,80.67,2191272
20090327,0,79.26,80.73,78.2,78.67,1258061
20090330,0,75.41,76.11,72.88,73.44,1971724
20090331,0,74.33,75.41,72.78,74.38,1781599
20090401,0,73,75.22,72.06,73.77,2033141
20090402,0,75.12,79.97,75.12,77.91,2701793
20090403,0,79.9,85,79.76,85,3670180
20090406,0,82.95,83.56,81.52,82.75,2265093
20090407,0,81.6,88.59,81.3,84.58,3509297
20090408,0,85.37,87.5,83.09,87.39,2411710
20090409,0,87.51,88.85,86.01,88.83,2152527
20090413,0,88.74,91.43,86.88,90.77,1633721
20090414,0,88.78,90.28,85.64,86.09,1996644
20090415,0,86.04,87.31,84.3,86.8,1954392
20090416,0,87.73,87.73,82.6,84.75,2200634
20090417,0,84.76,87.74,83.01,86.1,1787662
20090420,0,84.95,88,82.58,84.15,2316742
20090421,0,82.77,88.85,82.77,88.85,1828134
20090422,0,87.05,89.78,81.88,81.96,2509275
20090423,0,84.52,84.99,81.26,84.82,2831339
20090424,0,85.15,85.32,82.3,84.15,1683162
20090427,0,84.3,89.27,82.67,87.77,2199062
20090428,0,85.51,88,84.07,84.18,1748221
20090429,0,84.9,87.75,84.14,86.66,1529889
20090430,0,88.37,90.23,86.91,87.37,1377182
20090501,0,87.18,88.92,84.56,85.2,1300592
20090504,0,87.49,90.22,87.02,90.18,2699280
20090505,0,89.32,104.6,89.32,101.9,5401923
20090506,0,101.05,101.64,94.76,97.94,3454207
20090507,0,98,98.5,94.4,94.87,2285626
20090508,0,96.73,98.39,95.5,97.03,1910408
20090511,0,95,96.27,92,92.17,1444587
20090512,0,93.37,97.97,91.68,96.56,2676153
20090513,0,94.57,101.5,93.22,96.83,5157858
20090514,0,98.35,103.32,98.21,100.47,4363967
20090515,0,99.45,100,96.58,96.76,2161052
20090518,0,98.19,103.99,97.14,103.55,2080179
20090519,0,102.49,108.69,100.31,104.68,3210316
20090520,0,104.51,106.01,97.75,98.2,3201165
20090521,0,98.37,100.9,96.1,98.77,2142039
20090522,0,102.25,102.46,99.12,99.23,1676085
20090526,0,99.82,102.69,98.17,101.84,2083261
20090527,0,102.32,105.97,101.37,101.86,1891612
20090528,0,102.95,108,102.9,107.77,1750662
20090529,0,108.02,108.38,104.9,107.51,1292267
20090601,0,108,112.14,107.67,110.16,1793858
20090602,0,110.55,116.58,109.52,115.54,2575319
20090603,0,114.45,114.74,111.63,112.81,1512173
20090604,0,113.95,119.98,112.25,119.74,2261282
20090605,0,121.93,121.93,113.76,114.94,2468226
20090608,0,113.97,119.39,111.5,118.07,1853003
20090609,0,119.76,121.65,117.23,118.03,2138233
20090610,0,120.25,120.34,112.56,114.57,2041185
20090611,0,114.94,118.24,113.21,116.55,1355740
20090612,0,114.32,116.38,112.9,116.01,1052369
20090615,0,114.8,114.99,111.08,113.08,1056685
20090616,0,113.97,114.49,110.2,111.95,1404169
20090617,0,111.68,113.54,108.84,109.44,1413673
20090618,0,108.81,113.5,108.25,113.48,1242967
20090619,0,114.5,115.98,111.83,115.12,1391995
20090622,0,113.07,113.76,106.1,106.18,1661940
20090623,0,106.34,107.46,103.98,107.07,1419395
20090624,0,109,113.49,108.09,112.73,1493571
20090625,0,112.49,114.44,110.24,113.61,1211634
20090626,0,113.41,117.53,112.97,115.7,1293897
20090629,0,116.61,118.37,114.24,118.26,1066862
20090630,0,118.26,118.26,114.18,114.25,1153326
20090701,0,114.67,115.26,111.52,111.55,1175796
20090702,0,110.05,112.74,109.69,111.24,1360836
20090706,0,108.52,111.64,107.9,109.93,1316784
20090707,0,109.63,110.56,96.74,97.68,4011119
20090708,0,94.67,95,83.72,84.92,10590236
20090709,0,88.66,89.83,85.56,86.07,5455670
20090710,0,86.08,87.03,83,84.47,2905135
20090713,0,86.2,89.4,83.3,88.77,2862353
20090714,0,89.2,89.2,83.74,84.94,2325979
20090715,0,87.67,93.61,86.8,91.62,4429165
20090716,0,90.8,92.34,88.27,90.01,2404101
20090717,0,89.94,91.8,88.5,91.11,1535160
20090720,0,91.4,94.22,89.55,92.49,1730189
20090721,0,93.4,94,89.82,90.6,1310570
20090722,0,90,91.88,88.86,89.7,1233241
20090723,0,90.05,94.37,88.11,93.57,1955529
20090724,0,93.06,93.2,90.77,93.04,1106771
20090727,0,92.54,94.78,91.58,93.37,1560552
20090728,0,90.42,92,88.16,91.04,2265404
20090729,0,90.12,94,90,93.05,1727864
20090730,0,94.05,97.81,93.78,96.3,1886499
20090731,0,95.5,96.36,93,93.94,1722922
20090803,0,95.36,96.74,93,96.01,2390696
20090804,0,94.51,98.2,90.36,91.85,3355777
20090805,0,93.81,94.5,92.52,93.5,1429064
20090806,0,94.47,94.56,90.31,92.36,1489758
20090807,0,93.57,95.53,90.82,93.88,1640339
20090810,0,93.11,94.5,92.21,93.73,1255898
20090811,0,94,94.62,90.06,90.38,1658296
20090812,0,90.95,92.37,90.11,91.19,1108209
20090813,0,92,92.27,89.6,91.24,1000305
20090814,0,90.61,91.46,89.38,90.5,732541
20090817,0,88.04,89.28,85.08,87.18,1266938
20090818,0,87.55,89.3,86.38,89.18,1196286
20090819,0,87.16,90.53,86.9,89.91,1508417
20090820,0,90,95.05,89.84,95.01,1836768
20090821,0,96,96.18,93.94,95.84,1583410
20090824,0,96.74,98.58,94.11,94.26,1857980
20090825,0,94.84,96.29,92.23,93.31,1595204
20090826,0,93.01,93.09,91.4,92.92,1394484
20090827,0,92.36,93.49,91.01,91.19,1355421
20090828,0,91.9,93.67,91.36,93.63,1301023
20090831,0,91.99,94.09,90.78,93.56,1083438
20090901,0,93.7,95.3,91.27,91.47,1205945
20090902,0,90.74,92.98,90.5,90.54,920457
20090903,0,91.5,91.79,88.49,89.85,1107152
20090904,0,89.9,90.62,87.2,89.37,1392769
20090908,0,90.92,90.92,89.2,89.64,985814
20090909,0,90.71,90.97,88.39,88.75,1340510
20090910,0,88.71,89.41,86.5,89.22,1479403
20090911,0,89.57,89.6,87.4,88.01,939727
20090914,0,87.43,90.2,86.66,90.19,993191
20090915,0,90.21,91.35,88.24,90.63,1311489
20090916,0,90.61,95.08,90.35,95.05,2020764
20090917,0,94.98,97.98,94.46,96.58,1695883
20090918,0,96.97,99.1,95.41,97.53,1646854
20090921,0,96.45,97.86,90.5,97.05,875732
20090922,0,98.11,99.39,95.5,98.8,1213921
20090923,0,99.15,100.73,97.45,97.6,1378578
20090924,0,97.83,97.83,92.24,92.81,1562822
20090925,0,92.31,92.9,90.31,90.77,1054976
20090928,0,91.49,95.24,91.32,95.24,1092906
20090929,0,95.44,96.5,94.75,95.1,882654
20090930,0,95.6,99,94.82,97.13,2164142
20091001,0,96.42,97.45,92.01,93.97,1856720
20091002,0,93,94.28,91,91.1,1782125
20091005,0,93.24,95.05,91.8,94.95,1280217
20091006,0,95.96,96.44,94.31,95.6,989327
20091007,0,95.28,95.54,93.03,94.13,1064554
20091008,0,94.91,94.91,93.17,93.29,1409057
20091009,0,93.24,96.35,93,96.26,1190167
20091012,0,96.38,96.96,94.61,95.47,726699
20091013,0,95.01,96.3,94.41,95.72,698687
20091014,0,96.99,98.5,96.1,97.34,1626214
20091015,0,96.4,98.38,96.12,97.97,642217
20091016,0,99.02,106.25,99,106.17,3496124
20091019,0,106.01,107.27,104.23,105.4,1713904
20091020,0,105.47,107.92,104.93,106.06,1242384
20091021,0,105.52,109.59,105.25,106.23,1241202
20091022,0,106.16,107.97,105.5,106.56,664646
20091023,0,106.96,106.96,104.1,104.48,840549
20091026,0,104.75,107.45,102.93,103.18,636802
20091027,0,103.65,104.41,102.48,102.82,673672
20091028,0,102.73,104.22,100.52,100.7,964915
20091029,0,101.88,105.85,97.8,105.78,1800291
20091030,0,104.9,106.8,99.98,100.4,1088894
20091102,0,101.51,104.51,100.22,102.98,962043
20091103,0,102.7,103.8,96.5,101.39,2048517
20091104,0,102.58,103.31,99.58,99.69,671172
20091105,0,100.88,104.71,100.88,104.58,939976
20091106,0,103.76,106.29,102.76,106.12,1010304
20091109,0,107.49,108.9,106.36,107.98,784317
20091110,0,107.16,107.92,106.14,107.63,755259
20091111,0,108.07,109.94,107.3,108.18,879363
20091112,0,107.55,109.5,107.34,107.8,692212
20091113,0,107.51,108.99,106.75,108.47,501490
20091116,0,109.39,111.35,108.58,110.28,831684
20091117,0,110.56,111.02,108.86,109.26,516320
20091118,0,109.51,109.75,108.5,109.39,484204
20091119,0,108.55,108.94,105.5,106.66,886689
20091120,0,106.1,107.31,105.09,106.89,569819
20091123,0,107.99,110.51,106.77,108.54,707361
20091124,0,108.63,108.64,106.23,107.45,425824
20091125,0,107.36,108.47,107.03,107.81,401454
20091127,0,105.24,106.72,104.22,104.82,471989
20091130,0,105.07,106.96,104.48,106.89,619623
20091201,0,107.75,108.48,106.5,107.9,510674
20091202,0,107.82,109.76,106.3,106.55,824217
20091203,0,107.01,107.43,104.8,104.86,708982
20091204,0,106.62,107.24,102.83,105.1,802024
20091207,0,104.81,104.81,102.25,104.21,972658
20091208,0,103.68,105.11,103.17,105.08,673613
20091209,0,105.04,105.95,103.9,105.38,704666
20091210,0,103.92,108,103.92,105.96,811917
20091211,0,107.2,109.97,106.5,109.6,1068850
20091214,0,110.07,110.34,108.33,109.73,777931
20091215,0,109.61,109.61,106.41,106.5,871625
20091216,0,107.2,107.5,105.88,107.03,448596
20091217,0,106.35,107.28,106.05,106.59,655147
20091218,0,107,107.66,104.29,106.51,906475
20091221,0,106.42,108.76,106.42,108.22,572760
20091222,0,108.1,110.55,108.03,110.34,535390
20091223,0,110.43,110.57,108.61,108.87,468593
20091224,0,108.88,109.72,108.56,109.69,99140
20091228,0,110.22,113.58,109.7,112.51,975073
20091229,0,113.03,114,111.9,112.75,621337
20091230,0,112.29,114.93,111.6,113.32,749374
20091231,0,113.24,113.75,112.3,112.5,396011
20100104,0,113.09,113.5,111.9,112.95,651667
20100105,0,112,112.01,107.75,108.48,1486711
20100106,0,107.2,108.55,104.63,105.24,1868356
20100107,0,104.77,108.56,104.55,108.2,1194222
20100108,0,107.71,110.6,106.78,108.47,1171024
20100111,0,108.8,109.81,107.67,108.41,592509
20100112,0,107.87,108.97,104.78,105.8,1335078
20100113,0,106.13,108.24,105.44,107.57,1108176
20100114,0,107.55,110.69,106.88,109.91,961527
20100115,0,109.41,110.03,107,107.17,789640
20100119,0,106.88,109.64,106.4,109.11,922883
20100120,0,108.34,109.08,106.36,107.57,906279
20100121,0,107.76,108.19,101.51,103.38,2154066
20100122,0,103.27,104.6,99.81,100,2019368
20100125,0,103.65,104.47,100.9,101.11,1034870
20100126,0,100.44,100.92,95.2,95.37,2311632
20100127,0,96.61,97.35,93.5,97.19,2106281
20100128,0,97.7,97.74,94.5,95.59,1142148
20100129,0,96.31,99,94.68,95.58,1421876
20100201,0,96.34,98.24,94.9,97.97,1145236
20100202,0,98.19,100.48,97.53,99.02,1119603
20100203,0,99.62,101.67,99.37,99.97,916208
20100204,0,99.1,99.1,94.01,95.71,1817458
20100205,0,96.02,98.52,94.46,98.51,1284476
20100208,0,99.49,100.66,97.05,97.34,1538952
20100209,0,98.25,99.78,97.17,99.02,1182386
20100210,0,96.57,97.94,94.45,95.36,2096821
20100211,0,96.89,100.37,95.68,99.33,1273362
20100212,0,98.67,100.8,98.3,100.44,823849
20100216,0,101.29,104.33,101.11,104.12,1143112
20100217,0,104.55,104.75,101.6,102.73,981407
20100218,0,102.76,103.43,101.64,102.23,586985
20100219,0,101.69,104.1,101.63,103.65,1094102
20100222,0,103.46,104.22,102.59,102.62,714789
20100223,0,102.16,103.73,101.85,102.33,776118
20100224,0,102.61,104.51,102.51,104.19,789280
20100225,0,102.54,105.45,101.85,105.15,827262
20100226,0,105.4,107.47,104.63,107.3,858784
20100301,0,107.23,108.45,106.28,108.03,736252
20100302,0,108.37,109.67,107.6,108.1,926607
20100303,0,108.38,109.18,107.13,107.53,801645
20100304,0,107.29,109.44,107.19,108.86,762442
20100305,0,109.46,109.78,108.35,109.35,742174
20100308,0,109.67,110.4,108.3,110.19,512306
20100309,0,109.9,110.25,108.97,109.71,881412
20100310,0,109.84,110.39,108.18,110.14,818065
20100311,0,109.79,111.98,109.44,111.59,680753
20100312,0,111.96,112.59,109.17,110.18,910487
20100315,0,108.6,109.2,107.01,108.73,646597
20100316,0,109.01,109.5,107.97,108.65,364013
20100317,0,109.25,110.3,108.8,109.51,535290
20100318,0,109.85,111.44,108.58,109.63,590768
20100319,0,109.89,110.41,107.73,107.84,751090
20100322,0,107.43,110.16,106.89,109.97,466653
20100323,0,110.21,110.49,108.69,109.85,461864
20100324,0,109.65,111.26,108.71,110.61,654965
20100325,0,111.07,112.19,109.77,109.98,603315
20100326,0,110.26,112.35,110.17,111.18,601567
20100329,0,111.49,112,110.33,111.34,725558
20100330,0,111.36,111.71,109.91,110.4,444944
20100331,0,110.32,113.62,110.2,111.93,1177489
20100401,0,112.73,113.96,111.89,112.56,711039
20100405,0,112.63,113.14,110.04,110.21,1077806
20100406,0,108.92,109.07,105.65,107.02,1439781
20100407,0,106.62,107.52,105.74,106.07,551213
20100408,0,105.76,107.49,105.53,107.12,610611
20100409,0,107.38,108.01,106.62,106.95,551757
20100412,0,106.97,109.72,106.97,108.67,662216
20100413,0,108.67,109.48,108.28,109.06,425294
20100414,0,109.32,110.77,109.01,110.66,683702
20100415,0,110.73,111.62,110.33,111.57,589379
20100416,0,111.17,111.59,107.2,107.56,900118
20100419,0,107.03,109.73,106.8,109.35,541245
20100420,0,109.97,112.5,108.89,112.38,884144
20100421,0,112.68,112.88,110.3,111.77,509562
20100422,0,111.17,118.71,110.65,116.96,1892114
20100423,0,117.29,118.68,115.95,118.3,931222
20100426,0,118.5,122.66,118.03,120.41,1440634
20100427,0,120.96,121,115.62,115.9,1133113
20100428,0,116.81,118.2,115.21,116.24,631002
20100429,0,117.99,119.49,116.01,118.69,600782
20100430,0,118.18,119.35,116.69,116.76,699024
20100503,0,117.3,117.98,116,116.93,534391
20100504,0,115.7,116.08,113.05,113.5,561224
20100505,0,112.9,119.98,112.27,119.04,1144268
20100506,0,118.48,120.42,110,117.62,1589284
20100507,0,117.3,118.6,113.49,114.61,1227370
20100510,0,119.21,123.56,118.46,123.09,1324265
20100511,0,122.47,124.85,120.25,120.59,1641405
20100512,0,120.97,123.89,120.97,122.43,988250
20100513,0,122.56,125,122,122.18,775211
20100514,0,121.28,121.39,117,118.11,886003
20100517,0,118.74,119.73,116.57,119.44,1101611
20100518,0,120.04,121.21,113.87,114.65,1249030
20100519,0,113.97,115.4,111.26,114.06,930634
20100520,0,111.7,113,109.4,109.91,985133
20100521,0,107.91,115.1,107.9,115.04,1295273
20100524,0,115.54,117.8,114.16,114.51,1028681
20100525,0,111.62,114.1,109.4,113.84,960246
20100526,0,114.28,115.76,112.56,113,723168
20100527,0,114.43,117.3,114.43,117.29,700417
20100528,0,117.1,118.24,115.6,116.45,681285
20100601,0,115.69,118.25,114.14,115.84,721701
20100602,0,117.07,121.5,115.83,121.28,1422070
20100603,0,122.22,122.49,120.29,121.36,742263
20100604,0,118.64,120.53,117.35,117.88,977122
20100607,0,118.66,120.43,116.88,117.12,730982
20100608,0,117.6,118.13,113.5,116.3,991100
20100609,0,116.1,118.8,114.18,114.92,812976
20100610,0,115.81,119.19,115.81,118.86,733610
20100611,0,118.23,124,118.23,123.48,1132747
20100614,0,125.28,125.42,122.71,122.76,1060794
20100615,0,123.16,124.41,121.93,123.33,1182547
20100616,0,121.93,129.53,121.93,127.01,1874718
20100617,0,123.91,124.5,120.8,122.34,2280516
20100618,0,122.23,123.23,121.58,122.22,1016550
20100621,0,123.2,124.03,120.83,121.36,663609
20100622,0,121.75,123.41,119.19,119.34,613331
20100623,0,118.87,120.15,116.61,117.53,653897
20100624,0,116.4,116.95,114.26,114.44,858333
20100625,0,115.5,119.14,115,118.47,861737
20100628,0,118.36,119.5,115.85,118.12,945991
20100629,0,116.6,116.98,113.08,113.93,1016910
20100630,0,113.78,115.9,112.58,113.22,751738
20100701,0,113.62,114.44,109.72,112.56,756629
20100702,0,113.39,113.39,104.76,106.16,1842644
20100706,0,107.6,107.89,101.74,103.85,1541701
20100707,0,104.08,107.07,102.57,106.81,1412972
20100708,0,107.15,108.01,105.56,107.13,856563
20100709,0,107.09,108.2,105.64,106.85,758554
20100712,0,106.34,107.31,105.79,106.47,450948
20100713,0,107.71,108.6,107.26,108.11,636833
20100714,0,107.47,107.81,104.43,105.81,1201442
20100715,0,105.81,106.75,103.65,105.38,970523
20100716,0,104.3,105.38,101.34,101.68,903640
20100719,0,101.79,103.59,101.45,102.92,677816
20100720,0,103.01,107.83,102.51,107.46,1329710
20100721,0,109.08,109.08,104.2,104.31,680253
20100722,0,106.12,107.49,105.23,106.48,417639
20100723,0,105.65,108.49,105.65,108.31,441549
20100726,0,108.67,108.67,106.9,107.95,519374
20100727,0,108.47,108.9,106.8,107.22,609867
20100728,0,107.15,108.22,106.45,106.68,364480
20100729,0,107.49,108.16,105.7,106.35,360959
20100730,0,105.67,106.47,104.13,105.63,543738
20100802,0,107,108.85,106.74,108.71,621690
20100803,0,108.39,108.43,106.75,107.3,681116
20100804,0,108.25,111.55,108.25,110.49,998613
20100805,0,110,110,107.96,108.87,554066
20100806,0,107.52,108.96,106.7,107.31,502656
20100809,0,107.98,108.67,106.07,108.45,604345
20100810,0,107.45,108,105.38,106.12,968571
20100811,0,104.91,104.99,101.8,102.14,1286325
20100812,0,100.88,101.38,99.52,100.55,691379
20100813,0,100.32,100.79,95.57,96.62,1820497
20100816,0,97.3,98.61,96.18,98.19,1144786
20100817,0,99.1,100.35,97.71,99.92,1150367
20100818,0,99.72,100.05,98.64,99.82,741064
20100819,0,99.22,99.8,97.37,97.55,622940
20100820,0,96.52,97.71,96.5,97.18,751854
20100823,0,97.38,98.01,96.31,96.48,992941
20100824,0,95.52,95.52,93.68,93.96,1442817
20100825,0,93.44,96.25,92.18,95.78,1564213
20100826,0,96.22,97.29,95.16,95.64,949378
20100827,0,96.37,97.32,95.78,97.3,1253480
20100830,0,97.2,97.28,94.38,94.47,686653
20100831,0,94.4,95.99,94,95.48,1062621
20100901,0,97.5,99.35,97.41,99.3,650918
20100902,0,98.98,100.76,98.12,100.52,485287
20100903,0,101.85,102.34,100.25,102.15,551215
20100907,0,101.72,103.89,101.42,103.38,1136160
20100908,0,103.29,105,103.29,104.1,759597
20100909,0,105.37,105.46,103.85,104.38,544837
20100910,0,104.29,106,104.29,105.55,420011
20100913,0,106.53,107.71,106.06,107.18,374354
20100914,0,106.73,107.83,106.34,106.47,589692
20100915,0,105.68,107.3,105.68,107.08,508548
20100916,0,107.03,107.32,105.52,106.1,622104
20100917,0,106.6,106.79,104.87,104.97,689812
20100920,0,105.2,105.41,103.95,104.82,1753533
20100921,0,104.96,105.51,103.1,103.6,716435
20100922,0,103.07,104.87,102.6,102.94,593091
20100923,0,102.29,102.55,100.76,101.21,1349532
20100924,0,102.04,104.7,102.04,104.38,570862
20100927,0,104.54,106.01,104.27,105.02,529205
20100928,0,105.35,106.03,103.98,105.87,559634
20100929,0,105.26,105.85,104.31,105.16,358319
20100930,0,106.15,107.19,104.87,104.91,575891
20101001,0,105.56,107.2,105.08,106.58,686046
20101004,0,106.04,107.81,105.83,107.36,830990
20101005,0,108.32,111.84,107.47,111.22,949317
20101006,0,111,111.68,110.25,110.76,593907
20101007,0,111.26,112.54,110.75,111.29,626336
20101008,0,111.8,112.68,110.63,112.32,479517
20101011,0,112.32,112.57,111.59,111.97,364707
20101012,0,111.85,113.6,111.11,113.47,563949
20101013,0,114.18,115,112.8,113.1,1046339
20101014,0,112.9,113.97,112.06,113.01,830797
20101015,0,114.08,115.21,112.81,115.06,796864
20101018,0,115,116.9,114.33,116.77,577349
20101019,0,115.27,117.16,114.05,115.87,970394
20101020,0,116.02,117.16,115.61,116.04,736684
20101021,0,116.32,118.36,116.12,118.17,590825
20101022,0,118.24,119.09,116.8,116.81,637025
20101025,0,117.46,118,115.36,115.46,1215214
20101026,0,113.46,114.42,110.72,113.06,964431
20101027,0,112.53,114.85,112.45,114.72,504683
20101028,0,115.36,115.56,114.13,114.75,825571
20101029,0,114.03,115.57,113.8,115,770368
20101101,0,114.52,115.6,112.55,114.17,1259790
20101102,0,115.68,115.72,113.15,113.41,490260
20101103,0,113.87,114.05,111.35,112.45,787950
20101104,0,113.59,114.69,112.85,114.62,721632
20101105,0,115.16,117.48,114.76,117.46,893409
20101108,0,116.84,117.46,115.33,117.21,552729
20101109,0,117.5,117.5,114.86,115.16,323371
20101110,0,115.15,116.17,113.77,116.03,323480
20101111,0,114.97,115.9,114.12,114.72,392944
20101112,0,114,114.48,111.86,112.24,492712
20101115,0,112.76,114.41,112.57,113.39,412194
20101116,0,112.76,113.56,110.58,110.94,430789
20101117,0,110.93,111.86,110.36,111.79,438634
20101118,0,112.75,113.94,111.83,113.12,604832
20101119,0,113.15,115.01,112.46,114.83,631210
20101122,0,113.96,114.08,112.49,113,460946
20101123,0,111.68,112.83,111.01,111.76,428566
20101124,0,112.32,114.3,111.95,114.19,357665
20101126,0,113.26,114.48,112.69,113.79,276927
20101129,0,112.49,113.43,111.68,112.91,364665
20101130,0,111.81,113,111.35,112.65,330261
20101201,0,114.22,115.65,113.5,115.65,536259
20101202,0,115.97,120.81,115.63,120.32,806213
20101203,0,119.92,120,115.38,116.83,927184
20101206,0,116.5,117.99,116.34,117.82,456944
20101207,0,118.11,119.42,116.1,116.18,490579
20101208,0,116.39,118.13,116.22,117.96,410892
20101209,0,118.11,118.64,116.73,117.56,277872
20101210,0,117.72,118.29,116.82,117.67,360273
20101213,0,118.5,120.57,117.89,117.89,730301
20101214,0,117.67,117.67,115.83,116.25,395356
20101215,0,116.14,118.46,115.61,118.02,602925
20101216,0,117.66,118.4,116.36,117.21,608436
20101217,0,118.99,120.26,117.02,119.4,683219
20101220,0,119.35,120.49,118.94,119.2,385759
20101221,0,119.45,120.4,119.13,120.05,391119
20101222,0,120.08,121.9,120.08,120.5,335411
20101223,0,120.18,120.37,119.59,119.94,325396
20101227,0,119.55,120.89,119.44,120.83,296871
20101228,0,120.89,121.28,120.32,121.03,243776
20101229,0,120.9,120.92,119.2,119.85,344339
20101230,0,119.85,120.24,119.18,119.58,198967
20101231,0,119.12,119.83,119.06,119.39,135128
20110103,0,119.8,120.99,118.82,119.13,703464
20110104,0,119.19,120.18,117.47,117.9,580241
20110105,0,117.63,119.13,117.21,117.62,505540
20110106,0,117.6,117.7,113.77,114.66,1273271
20110107,0,114.65,115.04,112.13,113.99,727728
20110110,0,112.66,115.46,112.66,114.15,953552
20110111,0,114.74,115.5,112.53,112.59,690971
20110112,0,113.5,116.68,112.76,115.27,989911
20110113,0,115.34,116.72,114.59,116.29,636156
20110114,0,116.38,117.21,115.36,116.27,728121
20110118,0,116.62,117.37,116.1,116.82,545372
20110119,0,116.38,117.06,115.21,115.49,622570
20110120,0,114.8,116.16,113.26,115.46,1049041
20110121,0,116.57,118.19,115.95,116.53,601114
20110124,0,116.07,117.85,116.07,116.88,397792
20110125,0,116.29,117.31,113.42,115.29,1240791
20110126,0,115.49,115.8,114.52,115.13,543142
20110127,0,115.1,118.13,114.64,117.79,740636
20110128,0,117.97,118.48,115.66,116.91,729654
20110131,0,117.09,120.54,117.09,120.4,1073631
20110201,0,120.55,122.5,120.43,121.39,590931
20110202,0,121.07,121.91,119.87,120.16,612289
20110203,0,120.29,120.29,117.79,119.3,701499
20110204,0,119.18,120.35,118.45,120.13,405808
20110207,0,121.35,121.81,120.13,120.4,318403
20110208,0,120.56,120.71,117.55,118.05,922290
20110209,0,120.01,123.47,118.22,122.88,2503174
20110210,0,122.59,129.16,122.5,128.3,1580684
20110211,0,127.59,129.5,126.94,128.77,581012
20110214,0,128.55,131.54,127.64,130.38,672575
20110215,0,130.11,130.21,125.87,126.8,932491
20110216,0,126.99,129.3,126.5,127.8,775688
20110217,0,127.01,129.53,127.01,129.07,824508
20110218,0,129.11,129.11,125.64,127.12,712076
20110222,0,125.6,126.12,121.29,122.24,1321112
20110223,0,122.44,123.18,120.8,122.84,1030098
20110224,0,122.02,124.8,121.5,123.7,682177
20110225,0,124.22,126.96,123.98,126.65,489479
20110228,0,127.46,130.25,126.82,128,644580
20110301,0,128.4,129.13,126.65,127.15,498325
20110302,0,126.62,128.73,126.23,127.5,576224
20110303,0,128.47,130.23,128.05,129.47,509483
20110304,0,129.8,130.44,128.72,130.18,612130
20110307,0,130.48,135.38,130.39,134.84,1537668
20110308,0,133.57,133.57,130.47,131.94,832354
20110309,0,131.37,131.87,130.34,130.69,465515
20110310,0,129.64,130.03,126.72,127.62,629691
20110311,0,127.81,128.54,124.76,126.03,1122695
20110314,0,125.23,125.6,123.91,124.78,776378
20110315,0,121.85,124.88,121.21,123.42,756688
20110316,0,123.14,125.7,122.91,123.77,672801
20110317,0,125.42,126.28,124.73,125.4,524577
20110318,0,126.98,127.44,123.91,124.69,543216
20110321,0,125.77,126.4,124.57,125.26,297728
20110322,0,124.85,126.78,124.63,125.75,549397
20110323,0,125.3,127.99,125.27,127.12,449129
20110324,0,127.68,128.12,126.36,127.23,341464
20110325,0,127.4,128.34,126.18,128.02,349329
20110328,0,126.77,128.24,125.7,125.76,478857
20110329,0,125.51,126.13,123.98,126.12,416045
20110330,0,126.91,126.95,124.72,124.85,357725
20110331,0,124.6,124.98,122.06,123.57,736655
20110401,0,122.6,123.25,117.95,119.74,4113267
20110404,0,120.39,122.91,118.15,118.97,1361627
20110405,0,118.75,120.03,117.66,119.94,891737
20110406,0,119.74,122.82,119.73,122.49,1005195
20110407,0,124.31,124.94,121.83,122.29,743495
20110408,0,122.35,122.97,119.88,120.59,494446
20110411,0,120.85,121.67,119.7,120.61,570397
20110412,0,119.76,121.97,119.38,120.59,440644
20110413,0,121.1,122,120.55,121.28,449882
20110414,0,120.48,121.72,119.71,120.72,339074
20110415,0,121.05,122.39,120.5,122.04,648415
20110418,0,120.78,120.78,119.17,119.78,461306
20110419,0,119.88,120.69,118.5,119.35,464747
20110420,0,120.69,120.94,120.14,120.55,406938
20110421,0,121.01,122.21,120.72,122.16,354467
20110425,0,122.47,123.31,120.6,121.99,595158
20110426,0,122.23,123.5,122.03,122.33,588912
20110427,0,122.75,123.17,120.18,121.8,460215
20110428,0,121.55,121.95,119.61,120.2,420602
20110429,0,120.29,120.66,118.8,120.34,553202
20110502,0,120.64,120.77,117.7,118.2,831455
20110503,0,117.99,118.69,116.07,116.46,683800
20110504,0,115.99,117,112.2,115.01,1776031
20110505,0,114.3,115.33,112.23,114.11,864725
20110506,0,115.2,118.1,114.93,117.61,1101111
20110509,0,117.76,119.31,116.94,119,787634
20110510,0,119.01,120.35,118.3,120.12,539704
20110511,0,120.06,121.44,119.38,120.34,913056
20110512,0,119.79,120.88,118.66,119.99,767314
20110513,0,119.94,120.58,117.87,118.37,419647
20110516,0,121.26,126.67,120.99,122.2,2150999
20110517,0,122.54,123.35,120.11,120.52,1224243
20110518,0,120.64,122.57,120.42,122.31,424584
20110519,0,122.62,123,120.92,122.8,384633
20110520,0,122.77,123.62,121.02,121.23,378997
20110523,0,119.99,120.59,119.5,120.49,459391
20110524,0,120.59,121.67,119.9,121.21,575606
20110525,0,120.75,121.69,120.24,121.2,467707
20110526,0,120.55,120.78,119.75,120.31,460859
20110527,0,121.2,121.73,118.61,119.19,532009
20110531,0,120.22,120.65,118.81,120.64,748585
20110601,0,120.43,120.72,116.54,116.65,653656
20110602,0,116.89,117.98,115.9,117.33,525428
20110603,0,116.15,117.5,115.5,115.66,401012
20110606,0,115,115.5,113.26,113.69,476031
20110607,0,114.12,114.81,113.32,113.87,337423
20110608,0,112.82,113.95,112.66,113.22,625793
20110609,0,113.61,117,113.02,116.8,594013
20110610,0,115.46,116.8,115.04,115.71,411703
20110613,0,116.18,116.93,115.61,115.99,470018
20110614,0,117.09,118.85,116.71,118.6,457777
20110615,0,117.5,118.06,115.76,116.58,517447
20110616,0,116.37,119.29,116.08,117.15,796075
20110617,0,118.16,118.96,117.65,118.17,406951
20110620,0,119.47,120.73,118.14,120.63,539366
20110621,0,121.14,122.32,120.51,122.24,528042
20110622,0,121.86,122.96,119.83,119.92,486812
20110623,0,118.36,119.96,117.26,119.55,599859
20110624,0,119.64,120.27,117.76,118.54,346303
20110627,0,118.91,120.91,118.65,120.54,340955
20110628,0,120.8,123.55,119.85,122.32,372293
20110629,0,122.97,125.85,122.76,124.12,606220
20110630,0,124.7,125.75,123.97,124.83,436320
20110701,0,124.84,127.27,124.78,126.97,409900
20110705,0,126.67,129.14,126.67,128.38,543995
20110706,0,127.96,127.96,126.82,127.73,270251
20110707,0,129.08,131.72,128.36,129.52,553977
20110708,0,127.97,128.89,127.16,128.42,328585
20110711,0,126.81,127.81,124.71,125.57,408704
20110712,0,125.62,127,125.23,125.35,231330
20110713,0,125.99,127.98,125.87,126.18,433883
20110714,0,126.75,128.5,125.81,126.07,670717
20110715,0,126.26,127.57,125.45,127.44,326686
20110718,0,127.22,127.84,125.17,125.9,406348
20110719,0,126.65,127.75,125.94,127.58,270220
20110720,0,128.15,128.74,125.94,126.32,488076
20110721,0,127.44,128.5,126.81,128.25,522901
20110722,0,126.85,129.36,126.85,128.66,283847
20110725,0,127.4,128.66,127.06,127.87,231058
20110726,0,127.46,127.9,126.11,126.24,472016
20110727,0,125.81,126.52,122.82,123.25,472741
20110728,0,123.18,125.61,123.18,123.57,345663
20110729,0,122.58,124.97,121.5,123.4,385726
20110801,0,124.73,124.73,120.92,122.23,388273
20110802,0,121.28,122.13,119.13,119.27,623608
20110803,0,119.4,120.55,114.11,117.01,1173435
20110804,0,115.31,115.87,110.67,110.96,890087
20110805,0,112.21,113.8,109.03,110.43,970929
20110808,0,107.6,110.87,102.57,103.97,2343900
20110809,0,106.01,112.52,104.77,112.5,2536618
20110810,0,110,114.84,106.75,109.75,1747620
20110811,0,111,118.26,110.7,117.11,1019072
20110812,0,117.56,118.26,114.41,114.83,594215
20110815,0,115.89,116.58,114.72,116.55,615784
20110816,0,115.03,115.52,109.29,111.11,1528768
20110817,0,111.92,113.94,110.63,111.08,655162
20110818,0,108.05,108.53,104.92,105.67,713572
20110819,0,104.21,107.33,104,105,652974
20110822,0,107.1,108.49,105.77,106.21,473904
20110823,0,106.27,111.35,105.31,111.35,618101
20110824,0,110.9,112.7,110.1,112.53,371090
20110825,0,113.92,113.92,109.26,110.21,435919
20110826,0,109.36,112.3,107.15,112.04,388322
20110829,0,114.61,116.44,113.64,116.42,412948
20110830,0,115.99,116.96,113.68,116.29,401502
20110831,0,117.32,118.44,116.51,117.6,486655
20110901,0,117.72,117.98,114.82,115.2,393237
20110902,0,113.41,114.12,111.65,112.54,302013
20110906,0,108.99,113.5,108.82,113.38,554944
20110907,0,114.61,117.25,113.73,117.05,572699
20110908,0,116.11,118,115.19,116.77,531517
20110909,0,115.52,117.02,113.85,114.7,589581
20110912,0,112.67,117.74,112.08,117.57,584206
20110913,0,117.56,119.34,116.2,119.15,541524
20110914,0,119.75,121.99,116.36,120.53,612488
20110915,0,121.3,123.79,118.84,123.47,892021
20110916,0,123.71,125.28,122.92,124.95,792184
20110919,0,122.62,123.97,121.06,122.9,446664
20110920,0,123.72,125.5,121.89,122.59,366978
20110921,0,122.5,126.46,122.46,123.13,765164
20110922,0,120.11,123.58,118.81,123.29,1082996
20110923,0,122.53,123.47,119.82,122.02,1090536
20110926,0,123.63,124.22,119.42,124.19,695508
20110927,0,125.07,125.68,123.31,123.96,918413
20110928,0,123.07,124.01,120.64,121.49,822186
20110929,0,123,123.87,119.18,121.98,606644
20110930,0,120.88,121.38,118.15,118.38,498409
20111003,0,117.87,121.21,117.56,117.77,766851
20111004,0,116.44,121.45,115.23,121.28,754065
20111005,0,121.43,123.8,119.38,123.07,524397
20111006,0,122.97,125.68,121.5,125.68,393058
20111007,0,124.73,124.73,121.05,121.48,641773
20111010,0,123.9,126.38,123.49,125.85,380714
20111011,0,125,125.49,121.58,122.97,661183
20111012,0,124.13,127.44,123.46,125.67,486658
20111013,0,124.78,124.86,122.34,124.32,351594
20111014,0,125.45,125.51,123,124.33,418428
20111017,0,123.41,124.96,122,122,560688
20111018,0,122.5,125.28,119.7,124.58,752955
20111019,0,124.7,125.17,122.58,122.73,716652
20111020,0,123.42,123.43,120.89,122.84,461794
20111021,0,123.61,128,123.61,126.44,762555
20111024,0,126.87,130,126.63,128.25,763946
20111025,0,126.41,127.3,123.72,123.82,422466
20111026,0,126.13,126.91,124.44,125.8,730028
20111027,0,130.7,132.67,128.37,131.9,1269406
20111028,0,131.68,132.89,129.68,132.4,569707
20111031,0,128.91,132.32,128.91,130.04,631515
20111101,0,126.79,128.65,123.09,123.17,1318902
20111102,0,124.98,129.77,119.87,122.75,1514217
20111103,0,125,128.76,122.82,127.76,760958
20111104,0,126.98,129.35,126.47,127.37,749617
20111107,0,127.04,127.95,123.85,124.65,738563
20111108,0,125.42,127.31,124.71,127.09,601616
20111109,0,123.76,125.81,123.02,124.25,804211
20111110,0,125.98,126.28,123.35,125.24,721594
20111111,0,126.98,128,125.75,127.86,416190
20111114,0,127.06,127.31,125.75,126.59,378291
20111115,0,126.25,127.68,125.78,127.06,488313
20111116,0,125.6,126.19,122.43,122.66,734181
20111117,0,122.01,122.5,117.67,117.85,846895
20111118,0,117.99,119.14,116.51,117.28,891592
20111121,0,114.02,116.2,113.45,114.3,760340
20111122,0,114.47,117.5,113.89,116,726496
20111123,0,114.95,115.58,113.31,113.34,554113
20111125,0,113.03,114.59,113,113.78,170782
20111128,0,113.92,118.12,113.91,117.4,513211
20111129,0,117.34,120.19,116.39,117.32,734880
20111130,0,120.92,121.86,119.3,121.84,599598
20111201,0,121.43,125.64,119.68,124.68,815106
20111202,0,125.88,127.54,123.14,123.59,461520
20111205,0,125.17,125.79,121.42,122.16,684371
20111206,0,122.02,124.04,121.96,123.3,535667
20111207,0,122.12,123.74,119.75,123.1,734378
20111208,0,122.15,124.02,120.28,120.39,465844
20111209,0,121.31,123.43,120.68,123.15,357281
20111212,0,121.3,121.93,118.51,119.45,369441
20111213,0,119.91,120.58,115.91,117.33,676162
20111214,0,117.04,118.18,116.12,117.29,529981
20111215,0,118.43,118.5,116.04,117.13,641585
20111216,0,118.26,118.88,116.82,117.79,649351
20111219,0,118.31,118.33,115.8,116.22,531469
20111220,0,118.1,120.24,117.99,119.9,297496
20111221,0,119.89,119.98,117.2,118.5,232436
20111222,0,118.75,119.9,118.38,119.45,279965
20111223,0,119.45,120.14,117.83,120.07,179683
20111227,0,119.84,121.18,119.03,120.66,191346
20111228,0,120.51,120.78,118.79,119.38,243211
20111229,0,119.76,121.85,119.23,121.33,234111
20111230,0,121.27,121.75,120.12,120.6,182769
20120103,0,122.4,123.12,118.47,118.57,667173
20120104,0,118.57,119.21,115.82,117.04,532462
20120105,0,115.93,117.23,114.69,117.05,651009
20120106,0,115.88,116.56,113.73,115.06,793994
20120109,0,115.65,115.69,111.68,112.67,972952
20120110,0,113.62,114.07,112.74,113.82,973463
20120111,0,113.13,113.45,111.82,112.64,785100
20120112,0,113.02,115.14,112.58,114.93,790779
20120113,0,113.86,117.2,113.86,116.36,1054966
20120117,0,115.73,116.99,111.78,112.17,1307974
20120118,0,112.09,114.76,110.67,114.74,1076084
20120119,0,115.17,118.85,113.95,117.95,901232
20120120,0,118.09,118.34,116.26,117.32,609661
20120123,0,117.5,118.91,117,118.54,686771
20120124,0,117.18,119.29,116.31,118.93,530817
20120125,0,118.32,118.87,117,117.59,824541
20120126,0,118,119.02,117.07,117.43,586693
20120127,0,117.03,117.82,115.71,116.53,622781
20120130,0,115.48,116.48,114.53,115.38,507464
20120131,0,115.85,116.07,114.2,114.54,541897
20120201,0,115.56,115.81,114.6,114.69,758086
20120202,0,115.07,119.68,114.6,119.65,816259
20120203,0,120.23,122.63,120.23,122.3,667651
20120206,0,120.2,122.99,120.2,122.98,498327
20120207,0,122.26,124.41,121.85,122.84,921450
20120208,0,125.98,131.46,125.98,130.01,1584244
20120209,0,130.86,132.83,130.4,132,927932
20120210,0,129.48,134.99,128.89,134.6,986314
20120213,0,135,135,131.52,133.68,676639
20120214,0,134.24,134.24,132.58,133.81,501347
20120215,0,133.85,134.28,132.6,132.72,536481
20120216,0,132.82,133.79,131.95,133.71,982874
20120217,0,134.28,135,133.29,134.5,657512
20120221,0,132.32,134.39,132.31,133.23,468439
20120222,0,132.25,134.13,132.25,133.11,423725
20120223,0,133.1,140.46,132.51,139.2,1430177
20120224,0,140.1,140.1,137.55,139.68,939648
20120227,0,138.82,139.98,136.65,139.69,685308
20120228,0,139.8,140.11,137.34,139.9,549805
20120229,0,139.53,140.5,137.49,138.03,602517
20120301,0,138.06,140.11,137.03,139.81,897030
20120302,0,139.96,141.9,139.05,139.37,525208
20120305,0,138.77,139.77,137.34,138.19,551346
20120306,0,136.26,138.85,136.21,137.67,639276
20120307,0,137.37,140.84,137.37,139.34,582650
20120308,0,140.34,140.34,138.97,139.73,383636
20120309,0,140.02,142.4,139.57,141.77,520105
20120312,0,141.82,142.5,138.33,138.74,332201
20120313,0,139.32,142.27,138.88,142.25,420947
20120314,0,139.28,142.49,139.28,140.56,333247
20120315,0,140.77,142.75,140.1,141.79,404018
20120316,0,141.75,141.75,139.07,139.44,560732
20120319,0,139.42,141,137.83,140.26,356551
20120320,0,139.98,140.82,138.66,139.82,364518
20120321,0,139.31,140.26,136.61,139.37,474251
20120322,0,138.6,140.26,137.32,139.64,400969
20120323,0,140,140.9,138.23,139.5,514302
20120326,0,140.22,141.24,138.59,138.99,761851
20120327,0,139.02,139.21,136.99,137.08,495991
20120328,0,137.46,137.71,135.27,135.98,550405
20120329,0,135.28,136.1,134.64,135.23,494962
20120330,0,136.17,138.57,135.23,137.39,525457
20120402,0,137.09,139.56,136.49,138.52,373985
20120403,0,138.27,138.62,136.63,137.71,488768
20120404,0,136.71,138.15,134.41,134.54,523656
20120405,0,134.21,138.78,134.21,138.68,557428
20120409,0,136.81,138.03,135.02,135.86,334975
20120410,0,135.03,135.43,131.74,132.41,540447
20120411,0,134.07,134.68,132.94,133.35,348720
20120412,0,133.45,134.39,132.46,134.01,246643
20120413,0,133.67,135.53,133.04,133.04,331835
20120416,0,133.94,134.19,130.88,131.46,486837
20120417,0,131.67,132.71,130,132.43,506840
20120418,0,131.92,131.92,130.15,130.5,489378
20120419,0,130.69,131.67,128.94,129.6,450624
20120420,0,129.82,130.24,128.32,128.4,393637
20120423,0,127.5,128.2,126.73,128.11,453843
20120424,0,127.99,130.36,127.68,130.36,606868
20120425,0,130.99,133.1,130.64,132.58,422831
20120426,0,132.69,132.69,130.44,131.03,518209
20120427,0,132,132.89,130.57,132.77,257348
20120430,0,132.22,133.95,131.77,132.89,398016
20120501,0,132.22,132.86,130.02,131.35,500897
20120502,0,125.75,129.04,124.59,127.99,1362150
20120503,0,129.66,130.21,127.04,129.25,1040287
20120504,0,127.88,128.86,126.85,127.3,486293
20120507,0,126.82,127.9,125.16,125.69,439260
20120508,0,124.76,125.7,122.83,125.42,622544
20120509,0,123.8,125.85,123.59,124.96,294640
20120510,0,126.01,126.39,124.44,125,325521
20120511,0,124.04,126.03,123.28,124,561032
20120514,0,122.88,124.18,122.12,123.11,321479
20120515,0,123.51,124.98,121.67,122.07,636251
20120516,0,122.51,125.12,121.83,121.84,494117
20120517,0,124.36,126.29,121.25,121.4,530082
20120518,0,122.07,125.04,121.98,123.47,971049
20120521,0,123.56,125.16,123.03,125.05,529381
20120522,0,128.01,129.88,124.06,124.56,869724
20120523,0,124.68,124.74,122.07,124.39,430898
20120524,0,125.26,126.17,122.62,123.99,381836
20120525,0,124.19,126.59,123.39,125.48,475621
20120529,0,126.57,126.83,123.64,124.95,494747
20120530,0,123.89,123.89,120.87,122.38,651744
20120531,0,122.45,123.35,120.38,122.43,446195
20120601,0,120.87,121.3,118.42,118.58,441316
20120604,0,119.39,119.91,117.82,119.4,628198
20120605,0,118.62,125.86,118.62,125.57,1303730
20120606,0,125.91,128.25,124.73,128.13,857091
20120607,0,129.54,129.81,127.47,127.79,599928
20120608,0,126.98,127.85,125.78,127.85,462104
20120611,0,128.6,129.38,126.71,126.76,419321
20120612,0,127.09,128.36,125.95,127.91,279460
20120613,0,129.64,129.64,125.65,126,355555
20120614,0,126.92,128.97,126.25,128.74,664565
20120615,0,131.16,135.91,131.16,134.85,1205917
20120618,0,134.19,137.23,133.52,136.08,608887
20120619,0,137.29,137.29,134.65,135.62,482872
20120620,0,135.83,136,133.8,134.73,315862
20120621,0,135.11,136.49,130.86,131.21,367908
20120622,0,131.34,133.6,131.19,133.29,327973
20120625,0,133,133,130.47,131.35,296970
20120626,0,131.23,134.36,131.23,133.37,332844
20120627,0,130.69,134.15,130.69,132.74,336857
20120628,0,131.91,134.14,131.1,134.09,310830
20120629,0,136.21,137.59,134.51,135.95,497082
20120702,0,141.77,141.77,131.87,135.84,599883
20120703,0,135.41,136.14,129.37,134.9,308959
20120705,0,135.71,136.18,134.07,134.74,291960
20120706,0,133.65,134.56,132.4,133.42,199052
20120709,0,133.39,134.05,131.82,132.87,214663
20120710,0,133.7,134.39,130.86,131.58,325018
20120711,0,131.34,134.49,130.99,133.79,419863
20120712,0,132.37,134.99,132.12,134.17,532600
20120713,0,134.21,137.44,134.08,137.06,393530
20120716,0,136.1,136.1,133.54,134.08,464026
20120717,0,134.95,136.24,134.43,136.05,325822
20120718,0,135.79,136.76,135.23,135.65,228788
20120719,0,135.73,136.01,133.14,133.9,276773
20120720,0,132.8,133.33,129.45,131.23,691203
20120723,0,129.01,131.78,128.86,131.25,469190
20120724,0,130.95,132.63,130.67,132.59,477162
20120725,0,132.51,133.6,129.88,130.45,776734
20120726,0,133.97,133.97,130.82,132.79,490585
20120727,0,133.96,135.56,132.46,134.11,261772
20120730,0,133.89,134.91,132,132.34,538704
20120731,0,132.83,133.48,130.58,131.39,495538
20120801,0,134.08,135.96,128.12,129.5,756862
20120802,0,128.81,129.41,126.22,128.7,878927
20120803,0,130.76,132.82,128.72,132.11,390262
20120806,0,132.69,133.88,131.78,132,247791
20120807,0,132.74,133.74,132.01,132.12,271356
20120808,0,131.3,133.29,130.34,132.15,243510
20120809,0,132,133.52,131.75,132.83,180669
20120810,0,131.37,133.69,131.37,133.21,225214
20120813,0,132.31,133.92,131.91,133.64,227590
20120814,0,134,134,131.88,132.52,188447
20120815,0,132.61,133.56,132.36,132.84,226576
20120816,0,132.35,135.91,132.35,135.44,241704
20120817,0,136.04,136.37,134.36,135.54,270689
20120820,0,134.71,136.14,134.53,135.59,177523
20120821,0,135.5,136.62,133.6,134.46,263628
20120822,0,134.56,136.26,133.26,136.25,309554
20120823,0,135.2,136.12,135.2,135.61,297302
20120824,0,134.63,137.25,134.47,137.11,357014
20120827,0,137.21,138.3,136.16,137.66,432311
20120828,0,137.5,139.5,137.5,138.3,381096
20120829,0,138.53,138.86,136.82,137.2,308813
20120830,0,135.15,136.56,134.82,136.36,643456
20120831,0,136.6,137.49,135.84,136.97,165476
20120904,0,136.73,137.01,134.56,136.46,482838
20120905,0,136.64,137,134.61,135.51,599635
20120906,0,136.3,137.43,135.89,136.88,741821
20120907,0,137.35,138.62,136.55,136.96,714434
20120910,0,137.46,138.18,135.68,135.73,610065
20120911,0,136.28,136.57,135.45,135.74,546326
20120912,0,136.1,136.31,135.56,135.95,551278
20120913,0,136,137.23,135.32,136.59,691686
20120914,0,138.2,140.59,136.55,139.87,966108
20120917,0,140.15,140.89,138.74,140.34,528734
20120918,0,139.78,141.15,139.18,140.21,494501
20120919,0,140.17,140.5,137.96,138.24,500316
20120920,0,137.19,137.8,135.27,137.66,358038
20120921,0,138.27,138.84,137.6,137.6,420516
20120924,0,137.25,138.02,136.39,137.18,210579
20120925,0,137.42,138.18,135.22,135.22,254185
20120926,0,134.98,135.53,134.46,134.63,360269
20120927,0,135.85,136.88,134.93,135.14,206136
20120928,0,134.98,136.23,133.18,133.37,640229
20121001,0,133.86,134.75,131.69,131.93,672113
20121002,0,132.68,132.99,129.72,130.32,841290
20121003,0,130.48,132.08,130.07,131.45,494479
20121004,0,131.88,132.92,130.93,131.98,398451
20121005,0,132.69,133.09,130.67,130.91,306254
20121008,0,130.63,131.22,130.22,130.43,197449
20121009,0,130.43,130.9,128.34,129.74,440971
20121010,0,130.07,130.56,128.19,128.63,317889
20121011,0,129.54,129.91,128.71,129.29,359238
20121012,0,128.93,130.51,128.38,129.81,704893
20121015,0,130.84,130.86,128.02,129.02,515927
20121016,0,129.99,131.7,129.36,131.36,295783
20121017,0,131.1,131.66,130.24,130.75,1299316
20121018,0,130.73,131.24,130.15,130.31,463440
20121019,0,130.45,132.17,130.31,130.37,457719
20121022,0,130.52,131.89,129.06,131.58,371609
20121023,0,130.06,130.81,129.2,130.57,248029
20121024,0,130.46,131.25,130.16,130.48,191408
20121025,0,131.41,131.41,128.64,130.54,323419
20121026,0,130.7,131.55,130.15,131.08,218538
20121031,0,131.19,132.25,130.06,131,305523
20121101,0,129.56,131.28,129.56,131.26,512623
20121102,0,131.86,132.46,129.6,129.84,382122
20121105,0,129.15,133.91,128.64,133.28,366194
20121106,0,133.03,133.82,131.79,133.36,597375
20121107,0,132.88,133.25,130.51,131.76,308597
20121108,0,131.47,132.86,129.89,130.5,311125
20121109,0,130.38,131.68,130.14,130.28,202844
20121112,0,130.73,131.25,129.31,130.53,260267
20121113,0,130.09,131.34,128.17,128.48,693725
20121114,0,128.32,129.43,127.63,127.89,559500
20121115,0,127.98,129.88,126.07,126.89,593187
20121116,0,126.85,128.08,126.22,127.7,521679
20121119,0,128.94,130.34,128.93,129.96,416369
20121120,0,129.62,130.65,128.75,129.81,284367
20121121,0,129.8,131.11,128.75,130.5,267087
20121123,0,131.03,131.23,130.03,130.52,124369
20121126,0,130.58,131.54,130.26,130.81,214766
20121127,0,130.96,131.43,129.85,129.96,243284
20121128,0,129.83,131.13,129.45,130.96,185850
20121129,0,131.65,132.43,130.39,132.2,242269
20121130,0,131.97,132.51,131.13,132.26,262226
20121203,0,132.5,133.43,131.85,131.93,346531
20121204,0,132.65,132.67,130.25,131,346503
20121205,0,130.85,131.11,129.29,130.02,343553
20121206,0,130.16,131.65,129.02,131.14,376871
20121207,0,131.6,132.22,130.44,130.64,238867
20121210,0,130.3,131.77,130.18,131.01,237893
20121211,0,131.2,131.7,128.87,129.05,596333
20121212,0,129.74,130.57,128.85,129.64,376857
20121213,0,129.8,130.28,128.47,129.2,382161
20121214,0,129.15,129.66,127.71,127.73,317974
20121217,0,128.23,128.63,125.21,127.76,636435
20121218,0,128.42,129.17,127.11,128.13,797184
20121219,0,127.9,128.68,127.08,128.25,1585211
20121220,0,135.25,135.4,123.46,129.86,12683954
20121221,0,127.53,129.68,125.98,126.23,4441885
20121224,0,126.17,126.96,124.71,124.97,749653
20121226,0,125.07,125.52,124.12,125,700801
20121227,0,125.27,125.79,122.72,124.26,1134727
20121228,0,123.18,124.35,122.82,123.75,706717
20121231,0,123.57,123.84,122.83,123.72,1035872
20130102,0,125.335,126.42,124.03,124.81,1162864
20130103,0,125.18,126.93,124.27,126.86,1473012
20130104,0,126.72,130.1,126.18,129.61,1516277
20130107,0,128.45,128.99,126.88,126.9,1143015
20130108,0,126.68,127.28,125.51,127.17,1669242
20130109,0,126.92,128.03,126.65,127.55,1974957
20130110,0,127.77,128.49,126.96,128,1370201
20130111,0,127.72,129.42,127.29,129.3,783839
20130114,0,129.02,129.97,128.47,129.36,787248
20130115,0,129.17,129.17,127.3,128.62,753431
20130116,0,127.96,128.67,127.67,128.12,692900
20130117,0,128.57,131.62,128.34,131.27,1043546
20130118,0,131.15,133.36,130.57,133.27,1263188
20130122,0,132.57,134.12,130.78,134.05,1381224
20130123,0,133.85,134.51,132.51,133.5,1145790
20130124,0,133.73,135.56,133.53,134.36,991504
20130125,0,134.28,135,133.44,134.85,978594
20130128,0,134.9,135.85,133.3,135.29,2076940
20130129,0,135.48,136.93,134.872,136.64,1333777
20130130,0,136.97,139.72,136.89,138.83,2146996
20130131,0,137.96,139.44,137.57,138.801,1423804
20130201,0,139.85,142.44,139.15,140.895,1737227
20130204,0,139.6,141.4,138.56,141.3,1467156
20130205,0,141.33,143.6,140.57,143.51,2027210
20130206,0,142.37,145.59,141.06,145.19,2683155
20130207,0,145.01,149.16,143.66,148.86,1620182
20130208,0,149.17,149.66,147.92,149.1,1089559
20130211,0,149.05,149.93,148.08,149.86,733411
20130212,0,150,151.88,149.8,150.67,1500600
20130213,0,150.5,151.87,149.13,151.79,888915
20130214,0,151.45,156.13,150.87,155.57,1629827
20130215,0,155.22,158.47,154.85,156.315,1671706
20130219,0,156.66,157.49,155.16,155.76,1336436
20130220,0,155.39,156.61,154.54,154.7,960410
20130221,0,154.68,154.89,152.77,152.93,764198
20130222,0,153.82,156.13,153.74,155.81,737326
20130225,0,156.19,156.59,150.42,150.51,1088325
20130226,0,151.44,153.08,150.61,152.85,713130
20130227,0,152.63,155.3,151.3,155.07,544504
20130228,0,155.15,156.23,153.85,154.79,589675
20130301,0,154.27,154.33,152.31,153.99,619169
20130304,0,153.81,156.73,152.92,156.62,509427
20130305,0,157.08,159.77,157.08,158.47,753554
20130306,0,160.15,162.27,159.77,160.25,596154
20130307,0,160.35,160.49,157.79,158.71,673320
20130308,0,159.65,159.9,157.92,158.67,538927
20130311,0,158.19,159.26,156.67,159.15,517213
20130312,0,158.68,159.17,158.16,158.48,535478
20130313,0,158.09,159.86,157.74,159.42,431846
20130314,0,158.95,162.62,158.69,162.17,789954
20130315,0,162.41,162.79,159.75,160.97,571734
20130318,0,158.66,160.98,158.43,159.57,347780
20130319,0,160.25,160.96,156.13,159.64,633011
20130320,0,159.81,162.38,159.41,161.64,499847
20130321,0,161.98,162.93,160.29,161.46,558689
20130322,0,161.63,162.86,161.14,162.09,483322
20130325,0,163.49,163.81,161.21,162.09,425797
20130326,0,162.61,163.19,159.39,161.41,480006
20130327,0,160.5,160.99,158.58,159.86,617424
20130328,0,159.6,163.15,158.65,163.04,563319
20130401,0,162.47,163.21,159.63,160.11,463516
20130402,0,161.41,163.3,160.3,161.43,808956
20130403,0,161.88,162.07,156.66,156.96,634749
20130404,0,157.33,159.1,156.09,157.18,529641
20130405,0,155.33,155.48,150.15,155.29,1341791
20130408,0,154.9,156.12,153.96,156.03,371286
20130409,0,155.93,156.42,154.17,155.16,271590
20130410,0,155.49,158.23,155.49,157.62,359053
20130411,0,158.09,159.26,156.97,158.33,365062
20130412,0,158.1,158.43,156.83,158.03,246441
20130415,0,158.02,159.54,154.24,154.25,407775
20130416,0,155.06,155.69,153.32,155.49,460300
20130417,0,153.85,154.7,153.02,154.12,535695
20130418,0,154.9,155.64,152.1,152.54,364524
20130419,0,152.85,154.52,152.56,154.41,365931
20130422,0,154.44,156.15,152.86,154.98,314109
20130423,0,155.64,157.9,155.64,157.37,402127
20130424,0,157.84,159,156.84,158.39,575709
20130425,0,158.59,160.13,157.83,159.56,544164
20130426,0,159.32,160.38,158,159.52,337646
20130429,0,159.51,162.13,159.34,161.8,646934
20130430,0,161.14,163.5,160.99,162.63,1927299
20130501,0,159.5,170.73,158.45,166.64,2223161
20130502,0,166.67,171.72,166.1,171.43,1111995
20130503,0,172.63,174.26,172.05,172.16,802324
20130506,0,171.31,172.54,171.27,171.6,803619
20130507,0,171.94,172.61,170.01,171.07,989263
20130508,0,170.85,172.04,169.66,171.65,774945
20130509,0,171.82,172.34,170.53,171.08,297091
20130510,0,171.23,172.33,170.76,171.92,295884
20130513,0,171.59,173.7,170.84,172.33,305098
20130514,0,172.48,176.15,172.18,175.75,374949
20130515,0,174.47,177.7,173.73,174.84,570389
20130516,0,174.375,175.96,173.97,174.15,470454
20130517,0,174.89,178.18,174.26,177.39,648489
20130520,0,176.55,178.79,175.33,176.15,486029
20130521,0,178.4,179.1,173.4,173.51,961775
20130522,0,173.27,174.38,168.01,169.55,1412834
20130523,0,168.09,169.44,166.35,168.2,619424
20130524,0,167.71,168.5,166.18,167.55,682662
20130528,0,169.53,171.56,168.85,169.65,625430
20130529,0,168.33,171.92,168.33,171.32,554715
20130530,0,171.3,177.87,170.75,177.47,716783
20130531,0,176.72,176.96,171.41,171.45,797619
20130603,0,171.42,171.55,166.7,169.13,559501
20130604,0,168.99,169.11,163.25,164.91,746514
20130605,0,163.51,166.18,162.96,164.85,647140
20130606,0,163.93,169.28,163.93,169.28,560778
20130607,0,169.86,174.86,166.87,174.83,621039
20130610,0,175,175.86,173.01,174.92,496297
20130611,0,172.17,173.09,170.48,171.09,489008
20130612,0,171.3,173.03,171.02,172.06,489588
20130613,0,171.6,175.46,170.55,175.37,478136
20130614,0,175,175.22,173.04,173.36,389385
20130617,0,174.37,179.58,173.62,178.87,868785
20130618,0,180,184.12,179.76,182.915,1002702
20130619,0,183,183,178.46,179.34,553110
20130620,0,176.87,178.18,172.36,173.87,805526
20130621,0,174.06,175.32,170.35,172.61,723940
20130624,0,170.41,173.96,168.73,172.07,741730
20130625,0,173.28,177.14,172.68,175.19,741434
20130626,0,176.96,180.72,174.45,179.93,895637
20130627,0,179.81,181.43,178.22,179.5,645293
20130628,0,179.1,180.13,177.94,178.3,513389
20130701,0,179.6,181.25,177.93,178.02,660844
20130702,0,177.52,178.85,173.63,174.53,849384
20130703,0,174.37,175.97,173.62,174.9,790393
20130705,0,176.35,177.35,174.87,176.89,612221
20130708,0,177.44,179.58,177.02,177.31,414027
20130709,0,179,179.72,173.54,175.31,895335
20130710,0,175.56,179.45,175.19,179.38,718198
20130711,0,180.74,181.45,177.01,179.71,826865
20130712,0,179.35,181.09,178.66,180.73,482255
20130715,0,180.84,182.4,179.79,181.88,478198
20130716,0,181.62,183.44,181.24,181.62,626690
20130717,0,181.88,182.76,180.55,181.02,460647
20130718,0,181.49,182.26,180.18,181.45,381633
20130719,0,180.62,180.62,177.46,178.9,541288
20130722,0,178.11,178.69,176.37,177.2,531744
20130723,0,177.25,178.85,176.49,178.5,471723
20130724,0,178.65,179.45,176.1,176.79,520178
20130725,0,176.18,178.64,175.76,178.49,326405
20130726,0,177.82,177.9,174.9,177.36,418056
20130729,0,177.1,179.16,176.4,178.13,383131
20130730,0,178.1,180.13,178.1,179.64,362033
20130731,0,180.07,183.89,179.66,182.42,895561
20130801,0,184.01,185.95,183.03,185.81,608400
20130802,0,187.22,188.78,183.94,188.38,878377
20130805,0,187.43,187.88,184.74,185.39,783989
20130806,0,184.73,187.44,183.95,186.45,572625
20130807,0,186.24,186.32,180.14,185.07,569967
20130808,0,185.665,187.82,184.5,187.21,466635
20130809,0,187.05,187.98,184.63,185,175816
