20040503,0,28.5,28.7,26.8,27,3889500
20040504,0,26.9,26.99,26,26.01,3868200
20040505,0,26.05,26.69,26,26.39,4793900
20040506,0,26.31,26.35,26,26.2,1755400
20040507,0,26.1,26.79,26.07,26.68,2516100
20040510,0,26.4,26.95,26.25,26.92,3023900
20040511,0,26.9,27.4,26.79,26.9,1962000
20040512,0,26.6,26.76,26.25,26.59,1500800
20040513,0,26.48,26.55,26.25,26.4,1534900
20040514,0,26.25,26.48,25.93,26.32,1681100
20040517,0,26.1,26.85,26.05,26.59,2026900
20040518,0,26.65,26.73,26.36,26.5,1395400
20040519,0,26.45,26.7,26.36,26.47,1126400
20040520,0,26.45,26.45,26.11,26.2,889700
20040521,0,26.2,26.33,25.68,25.69,1303400
20040524,0,25.65,25.9,24.88,25.4,1284300
20040525,0,25.15,25.75,25.06,25.54,1019300
20040526,0,25.31,26.15,25.26,25.88,824100
20040527,0,25.85,26.19,25.62,25.97,1375000
20040528,0,25.85,25.95,25.3,25.64,1096400
20040601,0,25.54,25.69,25.33,25.58,666700
20040602,0,25.55,25.79,25.27,25.61,759600
20040603,0,25.52,25.78,25.44,25.7,934500
20040604,0,25.65,26.45,25.5,26.45,944200
20040607,0,26.63,27.23,26.42,27.15,1079500
20040608,0,27.01,28.9,26.68,28.64,1424100
20040609,0,28.5,29.28,28.01,28.06,1069300
20040610,0,27.5,27.82,27.15,27.3,681100
20040614,0,26.6,26.91,26.5,26.75,1132800
20040615,0,26.65,27.25,26.65,27.17,762100
20040616,0,27.25,27.75,27,27.74,1053600
20040617,0,27.55,28.14,26.93,28,1014500
20040618,0,27.85,28.15,27.68,28.06,657100
20040621,0,28,28.09,26.95,27.14,815700
20040622,0,27.1,27.28,26.92,27.1,1118500
20040623,0,26.97,27.37,26.88,27.36,668400
20040624,0,27.32,28,27.25,27.99,691300
20040625,0,28,28.37,27.15,28,760200
20040628,0,28.02,28.37,27.75,28.19,438300
20040629,0,28,28.62,28,28.56,450300
20040630,0,28.35,28.35,27.51,27.6,666000
20040701,0,27.5,27.75,26.82,27.06,708700
20040702,0,26.93,27.3,26.75,27,456100
20040706,0,26.4,27.89,26.38,27.89,589200
20040707,0,27.74,27.99,27.39,27.6,516000
20040708,0,27.5,27.5,27,27.05,693500
20040709,0,27.1,27.1,26.72,26.81,545400
20040712,0,26.75,27.2,26.7,26.95,448400
20040713,0,26.8,26.8,26.55,26.55,435900
20040714,0,26.45,26.85,26.39,26.4,474000
20040715,0,26.33,26.61,26.17,26.35,321400
20040716,0,26.35,26.38,25.67,25.91,722900
20040719,0,25.88,26.14,25.85,25.97,711000
20040720,0,25.9,26.12,25.86,26.03,347900
20040721,0,26.2,26.45,25.2,25.37,967800
20040722,0,25.35,25.61,25.31,25.49,719500
20040723,0,25.45,25.57,25.23,25.35,539300
20040726,0,25.34,25.35,25.01,25.08,459700
20040727,0,25.15,25.83,25.15,25.75,314500
20040728,0,25.75,26.5,25.41,26.44,519100
20040729,0,26.3,26.33,25.79,26,556500
20040730,0,26.2,26.31,25.95,25.97,304500
20040802,0,25.61,25.75,25.25,25.41,323800
20040803,0,25.35,25.5,25.08,25.15,343200
20040804,0,25,25.4,25,25.2,227000
20040805,0,25.04,25.14,24.65,24.78,576000
20040806,0,24.5,24.7,24.35,24.42,662800
20040809,0,24.3,24.85,24.02,24.78,506600
20040810,0,26.1,27.5,26.1,27.05,1522700
20040811,0,27.1,28.1,27.1,27.63,953000
20040812,0,27.57,28.07,27.5,27.5,727200
20040813,0,27.51,28.03,27.5,27.87,445000
20040816,0,27.85,28.58,27.85,28.31,481900
20040817,0,28.33,28.81,28.03,28.13,721700
20040818,0,28,28.04,27.82,27.94,671800
20040819,0,27.92,28.07,27.75,27.79,400500
20040820,0,27.8,27.99,27.33,27.84,363000
20040823,0,27.83,28.14,27.55,27.55,417500
20040824,0,27.65,27.86,27.2,27.35,375800
20040825,0,27.31,27.68,27.3,27.55,756200
20040826,0,27.07,28.2,27.07,28.2,1074500
20040827,0,28.2,28.54,28.05,28.24,360200
20040830,0,28.23,28.23,27.47,27.5,224900
20040831,0,27.3,27.8,27.26,27.7,374800
20040901,0,27.65,27.96,27.42,27.59,314800
20040902,0,27.55,27.7,27.35,27.6,359900
20040903,0,27.6,28.33,27.56,28.09,419900
20040907,0,28.1,29.14,28.1,28.91,549600
20040908,0,28.96,28.96,28.38,28.39,383700
20040909,0,28.4,29.1,28.18,28.88,583800
20040910,0,28.81,29.23,28.58,29.12,396900
20040913,0,29.06,29.72,28.79,28.87,793400
20040914,0,28.84,29.2,28.73,29.06,708400
20040915,0,28.95,29.49,28.85,29.24,402200
20040916,0,29.14,29.43,28.53,28.54,680200
20040917,0,29,29.45,28.79,29.4,576400
20040920,0,29.21,29.81,29.18,29.78,414200
20040921,0,29.75,30.3,29.67,30.14,720500
20040922,0,30.04,30.26,29.72,30.26,1086500
20040923,0,29.9,30.48,29.87,30.46,666600
20040924,0,30.1,31.09,30.02,31.06,684000
20040927,0,31.1,31.15,30.24,30.33,649600
20040928,0,30.34,30.74,30.3,30.62,407800
20040929,0,30.62,30.91,30.58,30.84,655600
20040930,0,30.75,30.91,30.45,30.45,419100
20041001,0,30.44,30.78,30.28,30.56,1239500
20041004,0,30.26,30.63,29.4,29.6,2051900
20041005,0,29.5,30.05,29.43,30.05,1144600
20041006,0,29.99,30.19,29.8,30,388100
20041007,0,29.71,29.89,29.52,29.78,355600
20041008,0,29.6,29.66,28.9,29.38,766900
20041011,0,29.34,30.07,29.34,29.98,674500
20041012,0,29.7,30.12,29.65,30.05,500000
20041013,0,30.01,30.07,29.64,29.86,520900
20041014,0,29.76,30.06,29.74,29.97,366900
20041015,0,30.02,30.09,29.65,30.04,442800
20041018,0,29.6,30.48,29.5,30.36,421400
20041019,0,30.39,30.62,29.55,29.64,587900
20041020,0,29.4,30.27,29.3,30.22,871100
20041021,0,30.35,30.58,30.15,30.18,641200
20041022,0,29.9,30.43,29.7,29.8,863300
20041025,0,29.75,30.59,29.43,30.56,530400
20041026,0,30.5,31.69,30.5,31.69,788100
20041027,0,31.75,32.09,31.53,31.8,929200
20041028,0,31.7,31.97,31.3,31.87,553800
20041029,0,31.85,31.86,31.41,31.83,333300
20041101,0,32.04,32.05,31.65,31.66,396500
20041102,0,31.64,31.64,31.18,31.19,446400
20041103,0,31.6,32.41,31.59,32.32,1081100
20041104,0,32.45,32.8,31.92,32.72,611800
20041105,0,32.25,32.64,31.66,32.01,831100
20041108,0,32.11,33.03,31.8,32.8,714100
20041109,0,33,34.32,30.43,30.98,3658700
20041110,0,30.7,31.65,30.57,31.16,2294500
20041111,0,31.35,31.76,31.29,31.63,992500
20041112,0,31.45,32.35,31.45,32.11,587900
20041115,0,31.85,32.25,31.65,31.82,513400
20041116,0,31.68,32.57,31.62,32.22,729800
20041117,0,32.1,32.63,31.95,31.95,442600
20041118,0,31.9,32.62,31.87,32.49,735700
20041119,0,32.38,32.38,32.06,32.19,566500
20041122,0,31.9,32.25,31.75,32.02,327700
20041123,0,32.09,32.23,31.48,31.78,379900
20041124,0,31.78,32.24,31.78,32.05,512000
20041126,0,31.7,32.35,31.65,32.25,127600
20041129,0,32.25,32.45,31.85,31.95,344800
20041130,0,31.75,32.44,31.68,32.23,636500
20041201,0,32.3,32.4,32.02,32.2,446400
20041202,0,32.24,32.35,31.59,31.72,873200
20041203,0,31.66,32.56,31.66,32.47,722800
20041206,0,32.3,33.07,32.18,32.94,577800
20041207,0,32.91,33.2,32.32,32.48,637600
20041208,0,32.47,33.86,32.47,33.2,1047000
20041209,0,32.65,34.05,32.42,33.93,589500
20041210,0,34.86,34.86,33.39,33.81,337900
20041213,0,33.65,33.93,33.34,33.45,330600
20041214,0,33.3,33.53,32.64,33.18,341600
20041215,0,33.2,33.56,32.82,33.56,248500
20041216,0,33.5,33.74,33.32,33.39,236400
20041217,0,33,33.36,32.93,32.97,426600
20041220,0,32.95,33.4,32.79,32.98,289100
20041221,0,32.8,32.9,32.75,32.87,346000
20041222,0,32.95,33.31,32.76,33.05,359600
20041223,0,33.12,33.35,33,33.17,274200
20041227,0,33.11,33.52,33.05,33.46,697900
20041228,0,33.3,33.45,33.1,33.38,156100
20041229,0,33.36,33.55,33.25,33.47,195200
20041230,0,33.39,33.66,33.35,33.5,165300
20041231,0,33.55,33.67,33.29,33.51,132100
20050103,0,33.3,33.31,32.91,33,546600
20050104,0,33.08,33.18,32.43,32.45,291900
20050105,0,32.2,32.24,31.49,31.51,482400
20050106,0,31.4,32,31.27,31.89,321700
20050107,0,32.2,32.63,32.06,32.57,463700
20050110,0,32.4,32.58,31.93,32.2,557200
20050111,0,32,32.49,31.81,31.9,635500
20050112,0,31.95,32.41,31.84,32.39,403200
20050113,0,32.2,32.5,32.05,32.25,328800
20050114,0,32.2,32.61,32.2,32.57,751900
20050118,0,32.2,32.2,31.81,32.05,356900
20050119,0,31.9,32.3,31.6,31.63,318300
20050120,0,31.4,31.65,31.35,31.64,335000
20050121,0,31.57,31.57,30.62,31.26,779200
20050124,0,31.1,31.1,30.67,30.78,461100
20050125,0,31,31.24,30.5,30.85,593100
20050126,0,30.85,31.17,30.8,31.13,469900
20050127,0,31.12,31.51,31.1,31.43,387900
20050128,0,31.3,31.41,31.02,31.4,473200
20050131,0,29.75,29.75,28.6,28.82,3190200
20050201,0,28.88,29.82,28.88,29.55,1106900
20050202,0,29.7,29.85,29.38,29.61,1125500
20050203,0,29.57,29.93,28.92,29.01,1174600
20050204,0,29.07,29.38,28.64,28.69,861700
20050207,0,28.63,29,28.43,28.49,745500
20050208,0,29.02,29.02,28.47,28.54,600700
20050209,0,28.51,29.03,28.35,28.96,1002200
20050210,0,29.15,29.2,28.55,28.65,741800
20050211,0,28.72,29.67,28.66,29.38,877400
20050214,0,29.35,29.43,29.11,29.3,421600
20050215,0,29.35,30.12,29.2,29.86,928600
20050216,0,29.83,30.04,29.36,29.86,642600
20050217,0,29.9,30,29.51,29.89,470400
20050218,0,29.84,29.9,29.4,29.74,968400
20050222,0,29.62,29.84,29.45,29.49,493900
20050223,0,29.57,30,29.49,29.83,590700
20050224,0,29.83,29.98,29.43,29.9,295300
20050225,0,29.75,30.2,29.66,30.1,381500
20050228,0,30,30.1,29.2,29.54,600800
20050301,0,29.45,30.3,29.2,29.83,942000
20050302,0,29.9,32.37,29.71,31.81,2931900
20050303,0,31.55,31.73,31.02,31.17,932300
20050304,0,31.5,31.81,31.25,31.69,553900
20050307,0,31.67,31.86,31.5,31.7,514500
20050308,0,31.45,32.16,31.35,32.01,907900
20050309,0,31.9,32.2,31.49,32.14,842400
20050310,0,31.9,32.03,31.67,31.99,586200
20050311,0,31.99,32.12,31.85,31.97,610700
20050314,0,31.76,32.19,31.62,32.15,531800
20050315,0,32.25,32.25,31.79,31.94,501500
20050316,0,31.55,31.99,30.94,31.21,879900
20050317,0,31.15,31.25,30.82,31.16,488700
20050318,0,30.93,31.1,30.64,30.96,644100
20050321,0,31.06,31.35,30.6,31.21,324600
20050322,0,30.86,31.17,30.63,30.79,420000
20050323,0,30.9,31.74,30.82,31.31,656100
20050324,0,31.26,31.52,31.05,31.28,723200
20050328,0,31.22,31.92,30.88,31.91,382400
20050329,0,31.75,32.65,31.31,32.36,831800
20050330,0,32.3,32.34,31.89,32.23,392900
20050331,0,32.1,32.3,31.95,32.2,700000
20050401,0,32.25,32.52,31.9,32.1,624400
20050404,0,32.07,32.17,31.67,31.93,382300
20050405,0,31.85,32.26,31.75,32.22,615600
20050406,0,32.2,32.68,32.1,32.44,629000
20050407,0,32.39,32.59,32.18,32.42,567500
20050408,0,32.4,32.6,32.22,32.45,264800
20050411,0,32.36,33.16,32.36,33.12,417400
20050412,0,33,33.4,32.79,33.4,632800
20050413,0,33.21,33.6,33.04,33.04,286800
20050414,0,33,33.3,32.68,33.05,319800
20050415,0,32.86,33.27,32.75,33.07,437700
20050418,0,33.42,33.5,32.64,33,1357600
20050419,0,32.94,33.9,32.72,33.35,907700
20050420,0,33.35,33.91,33.18,33.31,726900
20050421,0,33.55,34.36,33.45,34.3,747100
20050422,0,34.05,34.15,33.44,33.71,459300
20050425,0,33.75,34.14,33.69,33.81,436900
20050426,0,33.75,34.5,33.75,33.87,647000
20050427,0,33.65,34.36,33.54,34.29,576300
20050428,0,34.05,34.05,32.97,32.98,625900
20050429,0,33.25,33.66,32.96,33.54,629800
20050502,0,33.15,33.15,32.35,32.71,816000
20050503,0,32.65,32.91,32.39,32.55,604100
20050504,0,32.4,33.3,32.4,33.29,727100
20050505,0,33.22,33.5,32.89,33.02,484500
20050506,0,33.2,33.39,32.64,32.71,340900
20050509,0,32.57,32.68,32.26,32.67,361100
20050510,0,32.6,32.97,32.54,32.66,489900
20050511,0,32.59,33.35,32.4,33.2,1110500
20050512,0,34.45,36.25,34.25,35.53,4518100
20050513,0,35.3,35.84,34.32,34.93,1684900
20050516,0,34.77,36.1,34.74,35.89,974100
20050517,0,35.7,36.12,35.65,35.74,871100
20050518,0,35.82,36,35.35,35.5,748600
20050519,0,35.4,35.8,35.29,35.74,489500
20050520,0,35.94,37.5,35.26,36.86,1730400
20050523,0,36.58,37.25,36.45,37.03,609200
20050524,0,37.05,37.47,36.79,37.22,678500
20050525,0,37.21,37.45,36.92,37.23,524400
20050526,0,37.32,37.9,37.29,37.7,511500
20050527,0,37.73,37.95,37.6,37.71,473400
20050531,0,37.77,38.22,37.6,38,1216800
20050601,0,37.9,38.8,37.9,38.49,1080600
20050602,0,38.49,39.39,38.35,39.13,956900
20050603,0,39.1,39.5,38.93,39.09,2163700
20050606,0,38.9,39.25,38.69,39.11,975200
20050607,0,39,39.66,38.95,39.07,837500
20050608,0,38.6,39.12,37.3,37.9,1685000
20050609,0,37.81,38.61,37.75,38.49,730400
20050610,0,38.55,39,38.32,38.87,411200
20050613,0,38.72,39.64,38.56,39.28,484900
20050614,0,39.14,39.21,38.78,38.97,608100
20050615,0,39.09,39.09,38.4,38.55,354900
20050616,0,38.92,39,38.55,38.91,528700
20050617,0,39.05,39.65,38.68,38.8,839300
20050620,0,38.7,38.98,38.1,38.23,684100
20050621,0,38.25,38.25,37.9,38.05,629200
20050622,0,38.31,38.8,38.1,38.78,363200
20050623,0,38.6,38.81,38.11,38.37,611100
20050624,0,38.3,38.88,38.26,38.66,285200
20050627,0,38.77,39.36,38.55,38.82,351800
20050628,0,38.73,39.83,38.6,39.66,704100
20050629,0,39.5,39.7,39.11,39.15,409900
20050630,0,39.25,39.48,38.85,38.93,489600
20050701,0,39.09,39.21,38.62,38.7,346900
20050705,0,38.7,39.05,38.45,38.85,454500
20050706,0,38.78,38.78,38.08,38.29,429300
20050707,0,38.09,38.42,37.85,38.33,404300
20050708,0,38.49,39.06,38.03,38.99,464700
20050711,0,39,39.04,38.61,38.97,303200
20050712,0,38.9,38.93,38.57,38.7,427000
20050713,0,38.5,38.84,38.41,38.8,770600
20050714,0,38.98,39.3,38.82,38.97,420100
20050715,0,38.99,39,38.43,38.93,357000
20050718,0,38.7,38.8,38.35,38.43,382800
20050719,0,38.47,39.25,38.16,39.16,581100
20050720,0,39,39.14,38.72,39.1,426100
20050721,0,38.97,39.65,38.77,39.34,541700
20050722,0,39.35,39.39,38.57,39.05,515500
20050725,0,39,39,37.4,38.41,1527400
20050726,0,38.34,38.41,37.95,37.99,582900
20050727,0,37.97,38.11,37.76,38,557400
20050728,0,37.88,38.06,37.49,37.67,785000
20050729,0,37.73,38.39,37.4,38.24,654700
20050801,0,38.25,39.22,38.18,38.91,840000
20050802,0,38.92,39.4,38.6,38.76,675000
20050803,0,38.8,38.95,38.52,38.64,366600
20050804,0,38.5,38.5,38.05,38.18,435700
20050805,0,38.15,38.44,38.13,38.26,315200
20050808,0,38.35,38.44,37.46,37.49,486800
20050809,0,37.52,37.8,37.22,37.37,703300
20050810,0,37.5,37.86,36.95,37.71,1986500
20050811,0,39.1,39.9,38.2,38.54,3977900
20050812,0,38.45,38.8,38.09,38.48,783600
20050815,0,38.56,39.02,38.35,38.95,1099700
20050816,0,39,39.05,38.5,38.5,777500
20050817,0,38.63,38.82,38.15,38.33,673100
20050818,0,38.01,38.41,38.01,38.25,532700
20050819,0,38.31,38.31,37.58,37.78,811900
20050822,0,37.8,37.93,37.37,37.81,494700
20050823,0,37.77,38.16,37.56,37.98,497600
20050824,0,37.75,38,37.62,37.84,456000
20050825,0,37.84,37.84,37.39,37.6,442800
20050826,0,37.53,37.73,36.85,37.48,651000
20050829,0,37.17,38.35,37,38.32,693500
20050830,0,38.2,39.1,37.87,39.01,1979700
20050831,0,39.05,39.86,38.9,39.78,840900
20050901,0,39.89,40.5,39.72,40.27,972600
20050902,0,40.35,40.71,40.03,40.13,519900
20050906,0,40.21,41.33,40.18,41.22,826100
20050907,0,41.25,41.65,41.18,41.49,774200
20050908,0,41.35,41.47,40.99,41.31,477400
20050909,0,41.22,41.59,41.15,41.3,535700
20050912,0,40.6,41.49,40.6,41.31,558900
20050913,0,41.38,41.38,40.82,40.9,487100
20050914,0,40.79,40.89,40.27,40.3,392400
20050915,0,40.3,41.13,40.25,40.75,483200
20050916,0,40.62,41.06,40.22,40.95,671900
20050919,0,40.95,40.95,40.46,40.66,396400
20050920,0,40.66,41.05,40.59,40.77,312100
20050921,0,40.48,40.52,40,40.18,350100
20050922,0,40.15,40.2,39.75,40.06,514000
20050923,0,40,40.74,39.94,40.56,277700
20050926,0,40.75,40.95,40.29,40.38,436000
20050927,0,40.2,40.55,40.06,40.32,260400
20050928,0,40.41,40.58,40.28,40.35,304300
20050929,0,40.4,40.8,40.02,40.75,296300
20050930,0,40.75,41.12,40.69,40.9,348700
20051003,0,40.4,41.03,40.4,40.96,369500
20051004,0,40.91,41.4,40.6,41.15,412400
20051005,0,41.09,41.13,40.32,40.34,313400
20051006,0,40.32,40.51,39.57,39.75,523800
20051007,0,39.94,39.97,39.56,39.83,271500
20051010,0,40.04,40.14,39.17,39.3,296800
20051011,0,39.3,39.53,38.57,38.57,406900
20051012,0,38.45,38.87,38.23,38.35,404600
20051013,0,38.3,38.79,37.9,38,567400
20051014,0,38.2,38.72,37.55,38.5,436000
20051017,0,38.58,38.66,37.95,38.47,397300
20051018,0,38.46,38.48,38.12,38.4,270100
20051019,0,38.2,38.6,38.12,38.57,267900
20051020,0,38.59,38.73,37.88,38.07,282500
20051021,0,38.24,38.8,37.66,38.26,349000
20051024,0,38.44,39.51,38.15,39.32,444200
20051025,0,39.19,39.5,38.87,39.29,442100
20051026,0,39.1,40.34,39.07,39.98,731000
20051027,0,39.8,39.94,39.07,39.31,345700
20051028,0,39.5,39.94,39.27,39.61,384300
20051031,0,39.7,40.32,39.6,39.89,317400
20051101,0,39.86,41,39.73,40.47,678400
20051102,0,40.34,40.86,40.27,40.77,605800
20051103,0,40.95,41.16,40.66,41.08,622000
20051104,0,41.06,41.17,40.65,41.1,293200
20051107,0,41.11,41.84,41,41.29,612500
20051108,0,41.25,41.3,40.41,41.06,483700
20051109,0,41.22,41.41,40.8,41.06,591900
20051110,0,42.4,45.1,42.38,44.83,3321900
20051111,0,43,44.13,43,43.74,1206400
20051114,0,43.74,44.49,43.49,44.21,606100
20051115,0,44.26,44.67,43.99,44.09,555800
20051116,0,44.26,44.26,43.63,43.93,292300
20051117,0,43.96,44.11,43.55,44,498000
20051118,0,44,44.59,43.49,44.53,572100
20051121,0,44.1,44.72,44.1,44.6,577200
20051122,0,44.35,44.93,44.25,44.89,522900
20051123,0,44.51,44.85,44.31,44.54,264900
20051125,0,44.2,44.53,43.87,44.2,207400
20051128,0,44.35,44.46,44.06,44.28,388100
20051129,0,44.4,44.45,44.04,44.11,297600
20051130,0,44,44.4,43.84,44.13,488500
20051201,0,44.15,44.39,43.87,44.32,384400
20051202,0,43.9,44.28,43.76,44.12,499000
20051205,0,44.3,44.81,44.08,44.7,500900
20051206,0,44.79,44.99,44.44,44.45,461700
20051207,0,44.35,44.94,44.32,44.5,480800
20051208,0,44.95,44.95,44,44.22,525100
20051209,0,44,44.3,42.9,44.19,331100
20051212,0,44.1,44.37,43.44,43.82,342900
20051213,0,43.73,43.86,43.38,43.7,485600
20051214,0,43.4,44.14,43.4,43.77,314700
20051215,0,43.72,44.27,43.43,43.97,424000
20051216,0,44.09,44.49,43.66,44.05,560100
20051219,0,43.84,44,43.54,43.85,391700
20051220,0,43.7,44.04,43.68,43.94,301700
20051221,0,44.18,44.37,43.81,44.06,369400
20051222,0,44.15,44.2,43.85,44.04,263700
20051223,0,43.89,44.28,43.87,43.89,166900
20051227,0,43.87,44.01,43.63,43.85,404500
20051228,0,43.94,43.94,43.57,43.7,471800
20051229,0,43.4,43.7,43.07,43.07,386700
20051230,0,43.02,43.02,41.95,42.78,869500
20060103,0,43.46,43.46,42.53,43.13,840600
20060104,0,43.32,44.49,43.32,44,806200
20060105,0,43.75,44.73,43.61,44.69,731900
20060106,0,44.6,44.82,44.36,44.74,473300
20060109,0,44.8,45,44.69,44.96,632300
20060110,0,44.7,44.88,44.38,44.85,435000
20060111,0,44.9,45,44.26,44.62,663900
20060112,0,44.64,44.96,44.48,44.8,385000
20060113,0,44.99,45.5,44.87,45.22,714800
20060117,0,45.25,45.43,44.83,45.3,428400
20060118,0,45.05,45.44,44.48,45.24,558200
20060119,0,45.16,45.56,45.08,45.38,585800
20060120,0,45.4,45.57,44.67,44.72,565300
20060123,0,44.54,45.57,44.54,45.48,762400
20060124,0,45.5,45.63,44.75,44.82,521800
20060125,0,44.9,44.92,43.39,43.79,853400
20060126,0,44.05,44.62,43.95,44.36,806500
20060127,0,44.34,45.42,44.34,45.04,556500
20060130,0,45.2,45.21,44.93,45.03,316800
20060131,0,44.65,45.14,44.47,44.71,540100
20060201,0,44.9,46.13,44.44,45.88,1217400
20060202,0,45.93,46.25,45.55,45.74,901200
20060203,0,45.3,46.02,45.04,45.62,619800
20060206,0,45.1,45.72,45.09,45.64,301000
20060207,0,45.5,45.68,45.24,45.64,370900
20060208,0,45.58,46.1,45,46.01,541700
20060209,0,45.92,46.19,45.5,45.79,514400
20060210,0,45.63,45.82,45.15,45.55,349800
20060213,0,45.15,45.4,45.06,45.29,346800
20060214,0,45.25,46.06,45.05,45.95,605400
20060215,0,45.75,46.72,45.3,46.65,889500
20060216,0,46.45,46.87,46.22,46.43,893000
20060217,0,46.2,47.18,46.19,46.97,1087700
20060221,0,46.79,47.34,46.63,47.15,902300
20060222,0,47.1,47.5,47.01,47.21,479500
20060223,0,47.05,47.99,47,47.59,625200
20060224,0,47.63,47.67,47,47.02,585300
20060227,0,47.2,47.42,46.7,47.04,803000
20060228,0,41.01,41.99,38.5,39.47,12288200
20060301,0,38.82,40.09,38.4,39.17,4509400
20060302,0,38.95,40.31,38.62,40.18,2149000
20060303,0,40.23,41.06,40,40.49,1423800
20060306,0,40.38,40.96,39.87,39.99,1434300
20060307,0,39.97,40.44,39.41,39.76,1356800
20060308,0,39.72,41.11,39.68,41.09,1987500
20060309,0,40.88,41.12,40.45,40.46,1684700
20060310,0,40.32,41.16,40.2,40.82,1157700
20060313,0,40.88,41.4,40.88,40.99,1430200
20060314,0,40.93,41.6,40.7,41.3,1715300
20060315,0,41.45,41.8,41.27,41.79,1272400
20060316,0,41.95,42.08,41.15,41.39,1561500
20060317,0,41.19,41.65,41.19,41.62,1468200
20060320,0,41.67,41.7,40.6,40.74,866800
20060321,0,40.95,41.05,39.78,39.85,900700
20060322,0,39.87,41.21,39.7,41.21,1095300
20060323,0,40.72,41.17,40.35,40.52,1043600
20060324,0,39.5,40.48,39.24,40.07,965200
20060327,0,40,40,39.32,39.37,1501700
20060328,0,39.3,39.61,38.74,39.14,1981600
20060329,0,39.2,39.95,39.1,39.56,660500
20060330,0,39.6,39.98,39.36,39.39,898600
20060331,0,39.45,39.62,39.33,39.41,1225700
20060403,0,39.21,39.42,38.34,38.4,1775000
20060404,0,38.34,38.54,37.54,38.32,1947200
20060405,0,38.39,38.4,37.84,37.89,1123700
20060406,0,37.82,37.88,37.21,37.49,1029600
20060407,0,37.53,37.76,36.92,36.99,862400
20060410,0,37.05,37.41,36.69,37.3,1259300
20060411,0,37.3,37.5,36.77,37.1,883600
20060412,0,37.1,37.21,36.9,37,659400
20060413,0,36.9,37.21,36.33,36.95,1065100
20060417,0,36.96,37.05,36.75,36.89,539600
20060418,0,36.97,37.78,36.8,37.56,990900
20060419,0,37.9,38.62,37.65,38.56,1097700
20060420,0,38.56,39.06,38.24,39.03,790000
20060421,0,39.2,39.4,38.69,38.79,837500
20060424,0,38.73,39.27,38.51,39.19,976000
20060425,0,39.04,39.07,38.38,38.7,1621300
20060426,0,38.6,38.93,38.11,38.35,733900
20060427,0,38.36,39.13,38.15,38.67,574400
20060428,0,38.6,38.96,38.36,38.54,416400
20060501,0,38.7,39.13,38.2,38.58,549900
20060502,0,38.8,39.01,38.44,38.58,449400
20060503,0,38.42,38.56,37.92,38.31,689300
20060504,0,38.2,38.4,37.71,37.98,836900
20060505,0,38.2,38.34,38.01,38.28,796900
20060508,0,38.1,38.88,38.06,38.69,870000
20060509,0,41.1,43.8,41.1,42.06,3762400
20060510,0,41.6,42.2,41.18,41.79,1606300
20060511,0,41.37,41.82,40.5,41.04,1274400
20060512,0,40.8,41.4,40.7,40.94,1038100
20060515,0,40.58,41.91,40.5,41.43,1397800
20060516,0,41.28,42.35,41.17,42.13,1110200
20060517,0,41.75,42.18,41.61,41.88,894700
20060518,0,41.71,42.1,41.3,41.58,629400
20060519,0,41.71,42.3,41.6,42.19,982000
20060522,0,41.85,42.55,41.65,41.96,798300
20060523,0,42.08,42.35,41.73,41.91,933200
20060524,0,41.98,43.5,41.98,43.01,1693500
20060525,0,43.1,43.25,42.75,43.23,1147500
20060526,0,43.49,43.74,43.24,43.67,864300
20060530,0,43.35,43.47,42.6,43.28,1214700
20060531,0,43.45,44.96,43.27,44.9,1739600
20060601,0,44.99,45.25,44.74,45.17,1063600
20060602,0,44.9,45.04,44.33,44.83,1220600
20060605,0,44.71,45.13,44.06,44.06,850900
20060606,0,44.27,44.53,43.54,43.84,587400
20060607,0,44.01,44.06,43.63,43.66,804300
20060608,0,43.7,43.9,43,43.14,991500
20060609,0,43.3,43.85,43.01,43.16,513200
20060612,0,43.2,43.22,42.44,42.52,448700
20060613,0,42.15,42.96,41.7,41.76,736500
20060614,0,41.64,42.62,41.63,42.6,738200
20060615,0,42.62,43.73,42.44,43.54,513800
20060616,0,43.44,43.92,42.95,43.03,672000
20060619,0,43.2,43.2,42.17,42.64,521600
20060620,0,42.78,43,42.4,42.43,408700
20060621,0,42.5,43.02,42.35,42.43,461200
20060622,0,42.48,42.54,41.91,42.43,479900
20060623,0,41.5,43.06,41.45,42.84,793200
20060626,0,42.86,43.19,42.22,42.36,381800
20060627,0,42.3,42.35,41.64,41.73,637900
20060628,0,41.77,41.97,41.01,41.22,481900
20060629,0,41.75,42.99,41.67,42.93,716100
20060630,0,42.78,43.17,42.55,42.86,694300
20060703,0,43.15,43.65,42.85,43.61,426500
20060705,0,43.62,43.95,43.14,43.24,669500
20060706,0,43.18,43.19,42.53,43,666300
20060707,0,43.05,43.1,42.26,42.28,328100
20060710,0,42.56,42.62,42.05,42.1,354000
20060711,0,42.2,42.52,41.68,42.5,860300
20060712,0,42.45,43.03,42.42,42.65,434200
20060713,0,42.55,42.8,42.23,42.36,366100
20060714,0,42.16,42.54,41.75,41.89,402000
20060717,0,41.86,42.13,41.51,41.95,318900
20060718,0,41.93,42.4,41.57,42.36,589000
20060719,0,42.6,43.64,42.41,42.99,462200
20060720,0,42.99,43.18,42.53,42.84,256300
20060721,0,42.99,42.99,41.97,41.97,437000
20060724,0,42.1,42.96,42.1,42.71,391200
20060725,0,42.7,43.96,42.7,43.83,690200
20060726,0,43.75,44,43.34,43.83,507000
20060727,0,43.84,43.9,42.98,43.12,410500
20060728,0,43.25,43.87,43.25,43.85,499600
20060731,0,43.84,43.88,43.26,43.74,530500
20060801,0,43.65,43.65,42.87,43.07,530900
20060802,0,43,43.57,43,43.26,356100
20060803,0,43.25,43.9,43.11,43.53,470100
20060804,0,43.8,44.3,43.62,43.7,761400
20060807,0,43.43,43.43,42.4,42.6,511600
20060808,0,42.71,43.1,42.1,42.76,634300
20060809,0,37.11,37.24,33.98,35.22,14464700
20060810,0,35.56,35.59,34,34.5,5037700
20060811,0,34.51,34.68,33.98,34.36,2125600
20060814,0,33.75,35.66,33.75,35.45,2468900
20060815,0,35.5,35.62,34.81,34.81,2260200
20060816,0,35.15,35.93,35,35.67,1782900
20060817,0,35.37,37.19,35.37,37.16,2301400
20060818,0,37.05,37.05,36.23,36.65,1385700
20060821,0,36.65,36.7,36.26,36.66,1066300
20060822,0,36.45,36.45,35.83,36.02,1266100
20060823,0,35.9,36.17,35.67,35.81,1073300
20060824,0,35.85,35.95,35.56,35.8,1062200
20060825,0,35.74,36.4,35.67,36.29,1119600
20060828,0,36.5,37.55,36.3,37.5,2456000
20060829,0,37.5,37.87,36.98,37.87,1931200
20060830,0,37.8,37.8,36.97,36.99,1638800
20060831,0,36.92,37.1,36.64,36.71,1100900
20060901,0,36.92,37.05,36.79,36.88,996200
20060905,0,36.81,36.93,36.15,36.72,1715200
20060906,0,36.5,36.61,35.82,35.99,1526900
20060907,0,35.75,36,35.39,35.49,1601800
20060908,0,35.6,36.06,35.24,36.03,1672200
20060911,0,36.05,36.32,35.66,35.98,1168300
20060912,0,35.96,36.3,35.64,36.29,1393000
20060913,0,36.24,36.24,35.8,35.94,853200
20060914,0,35.89,36.57,35.81,36.57,1245200
20060915,0,36.71,37.15,36.68,37.05,1567700
20060918,0,37.06,37.25,36.87,37.17,1266300
20060919,0,37.12,37.18,36.51,36.84,1185300
20060920,0,37.2,37.88,37.1,37.54,1248800
20060921,0,38.5,39.45,38.21,39.18,5199500
20060922,0,39.05,39.05,38.39,38.72,1357600
20060925,0,38.65,38.67,37.5,37.99,1345500
20060926,0,38,38.05,37.38,37.55,1257200
20060927,0,37.5,37.68,37.2,37.34,869800
20060928,0,37.26,37.85,37.25,37.85,913200
20060929,0,37.8,38.6,37.66,38.31,1319000
20061002,0,38.2,38.3,37.51,37.91,936800
20061003,0,37.75,37.8,37.26,37.37,785000
20061004,0,37.38,37.9,37.08,37.73,637900
20061005,0,37.57,38.24,37.36,38.21,1082100
20061006,0,37.85,38.12,37.78,37.94,759200
20061009,0,37.7,38.19,37.7,38.17,566300
20061010,0,38.25,38.3,37.26,37.44,1153400
20061011,0,37.38,37.62,37,37.28,472000
20061012,0,37.35,37.35,36.95,37.31,1008600
20061013,0,37.25,37.75,37.06,37.73,907600
20061016,0,37.74,37.74,37.14,37.62,525000
20061017,0,37.37,37.61,37.24,37.45,606800
20061018,0,37.65,38.04,37.53,37.75,923600
20061019,0,37.73,38.19,37.44,38.09,1031400
20061020,0,38.28,38.85,37.93,38.63,988000
20061023,0,38.51,38.7,38.36,38.4,613800
20061024,0,38.03,38.3,37.68,38.11,804200
20061025,0,38.16,38.25,37.38,37.76,676500
20061026,0,37.74,37.81,37.42,37.75,424500
20061027,0,37.65,37.86,36.83,36.96,754100
20061030,0,37,37.05,36.58,36.78,725600
20061031,0,36.95,37.34,36.25,36.31,760500
20061101,0,36.55,36.89,36.13,36.16,555000
20061102,0,36.2,36.54,36.17,36.48,449300
20061103,0,36.42,36.68,35.8,36.59,946000
20061106,0,36.6,36.75,36.4,36.71,931700
20061107,0,36.61,38.08,36.6,37.77,2084700
20061108,0,34.8,35,32.55,33.33,11007700
20061109,0,33.3,33.47,31.48,32.02,3888900
20061110,0,32.4,32.7,32.1,32.2,3034400
20061113,0,32.01,32.48,31.48,31.94,1885500
20061114,0,31.8,32.05,31.5,31.63,1773700
20061115,0,31.65,32.4,31.51,32.36,1973200
20061116,0,32.4,32.8,32.26,32.5,1709300
20061117,0,32.5,32.86,32.5,32.75,2133400
20061120,0,32.66,33,32.04,32.22,1692400
20061121,0,31.96,32,31.15,31.21,2762100
20061122,0,31.2,32.85,31.2,32.61,2540500
20061124,0,32.61,32.61,32.02,32.48,487600
20061127,0,32.29,32.54,32.14,32.38,1924300
20061128,0,32.46,32.54,32.15,32.39,1361000
20061129,0,32.45,33.05,32.45,32.95,1390100
20061130,0,33.19,33.19,32.54,32.84,1017800
20061201,0,32.95,33,32.58,32.9,625400
20061204,0,33.07,33.85,33,33.8,2132600
20061205,0,33.95,34.47,33.85,34.4,1698300
20061206,0,34.35,34.65,34.08,34.24,1132000
20061207,0,34.23,34.5,34.16,34.19,969800
20061208,0,34.11,34.76,34.1,34.48,1004500
20061211,0,34.45,34.51,34.2,34.28,1489500
20061212,0,34.3,34.33,33.84,34.08,2021100
20061213,0,34.06,34.14,33.75,33.84,1214600
20061214,0,33.75,34.29,33.75,34.19,850900
20061215,0,34.2,34.25,33.93,34.18,979800
20061218,0,34.2,34.25,33.85,33.86,929300
20061219,0,33.76,33.94,33.43,33.53,1441200
20061220,0,33.54,33.84,33.54,33.8,1157800
20061221,0,33.69,34.03,33.68,33.81,981300
20061222,0,33.65,33.8,33.53,33.61,653700
20061226,0,33.69,33.9,33.56,33.73,631600
20061227,0,33.85,34,33.47,33.5,806000
20061228,0,33.5,33.72,33.38,33.58,690900
20061229,0,33.53,33.75,33.5,33.53,519300
20070103,0,33.75,34.1,33.66,33.85,2084000
20070104,0,33.88,34,33.68,33.86,2076700
20070105,0,33.8,34,33.7,33.86,1148000
20070108,0,33.79,34.07,33.6,33.97,894800
20070109,0,34.7,34.99,34.41,34.73,1851200
20070110,0,34.5,34.8,34.48,34.59,821000
20070111,0,34.75,34.84,34.58,34.76,420700
20070112,0,34.64,34.96,34.58,34.64,558600
20070116,0,34.65,34.86,34.4,34.53,667900
20070117,0,34.6,34.95,34.43,34.86,618300
20070118,0,34.99,35.2,34.7,34.93,701800
20070119,0,35.1,35.3,35,35.03,1180400
20070122,0,35.6,35.92,35.5,35.74,1436900
20070123,0,35.76,35.9,35.65,35.76,994600
20070124,0,35.76,35.98,35.67,35.91,904800
20070125,0,35.89,36.4,35.85,36.33,1289600
20070126,0,36.31,37.13,36.1,36.75,1551600
20070129,0,36.74,36.93,36.49,36.55,1249500
20070130,0,36.62,36.75,36.5,36.65,1245900
20070131,0,36.65,36.89,36.51,36.81,1634900
20070201,0,36.75,37,36.69,36.88,1681700
20070202,0,36.9,37.33,36.87,37.12,1387000
20070205,0,36.93,37.35,36.83,37.26,612600
20070206,0,37.25,37.27,37.09,37.24,847900
20070207,0,37.27,37.33,37.09,37.14,1105900
20070208,0,37.12,37.27,36.8,36.95,1229700
20070209,0,37.05,37.2,36.74,36.78,881200
20070212,0,36.7,36.87,36.25,36.46,895885
20070213,0,36.47,36.93,36.3,36.92,798238
20070214,0,36.94,37.09,36.9,36.99,383691
20070215,0,37,37.09,36.9,37.03,648100
20070216,0,36.85,37.03,36.72,37,364500
20070220,0,36.85,37.35,36.7,37.31,1113000
20070221,0,37.34,37.48,37.07,37.4,803700
20070222,0,37.55,37.65,37.28,37.55,699900
20070223,0,37.56,37.59,37.13,37.22,610500
20070226,0,37.24,37.34,36.98,37.01,1010891
20070227,0,36.78,36.95,35.3,36.09,1754300
20070228,0,38.5,40.66,38.22,38.27,4931000
20070301,0,38.28,39.27,37.8,39.22,2625695
20070302,0,39.01,39.78,38.9,39.13,1508000
20070305,0,38.7,39.49,38.6,38.78,1128500
20070306,0,38.96,39.45,38.8,38.95,1592800
20070307,0,38.95,39.92,38.75,39.91,1169400
20070308,0,39.99,40.25,39.84,40.2,1221000
20070309,0,40.5,40.55,39.9,40.01,634700
20070312,0,40.02,40.49,39.81,39.91,785600
20070313,0,39.8,39.81,39.3,39.34,914400
20070314,0,39.28,39.5,39,39.39,775323
20070315,0,39.48,39.79,39.41,39.57,559133
20070316,0,39.25,39.49,39.05,39.13,862900
20070319,0,39.25,39.59,38.97,39.45,902400
20070320,0,39.4,39.5,39.17,39.3,623100
20070321,0,39.4,40.24,39.21,40.03,1134300
20070322,0,40.03,40.2,39.6,39.75,890800
20070323,0,39.64,39.93,39.6,39.74,1011408
20070326,0,39.56,39.86,39.23,39.58,598786
20070327,0,39.5,39.6,39.24,39.44,571400
20070328,0,39.43,40.7,39.3,40.54,1238520
20070329,0,40.74,40.96,40.4,40.63,1084500
20070330,0,40.61,40.96,40.6,40.85,793300
20070402,0,40.89,40.98,40.51,40.94,478543
20070403,0,40.99,41.12,40.85,41.06,390200
20070404,0,40.97,41.24,40.81,40.84,703800
20070405,0,40.86,40.99,40.6,40.9,1073000
20070409,0,40.83,41,40.61,40.69,845811
20070410,0,40.65,40.9,40.55,40.71,780518
20070411,0,40.5,40.7,40.24,40.55,773601
20070412,0,40.3,40.99,40.25,40.81,793646
20070413,0,40.75,41.33,40.56,41.24,640000
20070416,0,41.29,41.82,41.25,41.56,424100
20070417,0,41.56,41.88,41.41,41.76,503372
20070418,0,41.6,41.6,41.15,41.4,453000
20070419,0,41.25,41.49,41.1,41.44,565800
20070420,0,41.8,41.93,41.32,41.54,633084
20070423,0,41.58,42,41.58,41.89,372300
20070424,0,41.89,41.89,41.13,41.21,595700
20070425,0,41.3,41.5,40.95,41.14,625700
20070426,0,41.18,41.5,40.88,41.03,691687
20070427,0,40.4,41.2,40.4,41.06,416800
20070430,0,41.07,41.18,40.58,40.58,458100
20070501,0,40.4,40.88,40.36,40.74,503719
20070502,0,40.89,41.5,40.71,41.44,700550
20070503,0,41.47,41.67,41.15,41.17,428796
20070504,0,41.35,41.38,40.88,40.95,558201
20070507,0,40.99,41.63,40.99,41.16,504100
20070508,0,41.19,41.2,40.55,40.88,860847
20070509,0,41,43,40.8,41.85,1555710
20070510,0,41.84,41.84,41.17,41.2,739000
20070511,0,41.16,41.19,40.03,40.42,1152164
20070514,0,40.4,40.8,39.86,39.96,656720
20070515,0,39.93,40.2,39.73,39.98,960800
20070516,0,39.99,40.02,39.58,39.79,705800
20070517,0,39.65,39.85,39.44,39.63,710500
20070518,0,39.6,39.83,39.21,39.7,823700
20070521,0,39.65,39.73,39.19,39.41,823204
20070522,0,39.42,39.48,39.1,39.2,544900
20070523,0,39.17,39.45,39,39.09,469071
20070524,0,38.84,38.99,38.45,38.6,822723
20070525,0,38.76,39.07,38.6,38.87,632800
20070529,0,38.87,39.1,38.65,38.96,960100
20070530,0,38.76,39.1,38.66,39.03,934005
20070531,0,39.1,39.9,39.03,39.86,2022000
20070601,0,40.2,40.96,40,40.71,2239663
20070604,0,40.51,40.69,40.26,40.51,844700
20070605,0,40.47,40.47,39.71,39.77,835300
20070606,0,39.6,39.61,39.34,39.41,495200
20070607,0,39.37,39.57,38.86,38.89,660800
20070608,0,38.82,39.47,38.64,39.43,1135706
20070611,0,39.54,39.58,38.96,39,818400
20070612,0,38.95,38.96,38.66,38.83,857000
20070613,0,38.8,39.31,38.7,39.27,778340
20070614,0,39.32,39.54,39.12,39.31,826110
20070615,0,39.57,39.63,39.22,39.31,605000
20070618,0,39.48,39.48,39.2,39.26,590800
20070619,0,39.2,39.3,39.01,39.17,996300
20070620,0,39.09,39.28,38.82,38.84,639500
20070621,0,38.8,39.14,38.61,39,593400
20070622,0,38.9,39,38.6,38.71,919500
20070625,0,38.67,38.8,38.31,38.33,887800
20070626,0,38.37,38.71,38.35,38.56,1068900
20070627,0,38.35,38.59,38.3,38.53,1028700
20070628,0,38.5,38.97,38.42,38.86,680887
20070629,0,39.1,39.34,38.64,39.02,775200
20070702,0,39.2,39.28,38.91,38.95,655152
20070703,0,38.99,39.5,38.99,39.5,552700
20070705,0,39.57,40.32,39.4,40.05,1001784
20070706,0,40.02,40.69,39.96,40.61,1330700
20070709,0,40.65,40.7,40.3,40.35,584800
20070710,0,40.32,40.34,39.72,39.86,917400
20070711,0,40,40.19,39.9,40.1,1112000
20070712,0,40.15,40.71,40.1,40.71,736100
20070713,0,40.78,40.78,40.41,40.72,684000
20070716,0,40.76,41.23,40.65,40.82,1111300
20070717,0,40.75,40.75,40.4,40.5,1355200
20070718,0,40.5,40.54,40.32,40.51,1620600
20070719,0,40.6,40.72,40.45,40.52,1435400
20070720,0,40.55,40.67,40.32,40.36,1199400
20070723,0,40.6,40.6,40.27,40.28,928100
20070724,0,40.18,40.34,40.09,40.17,1272003
20070725,0,40.25,40.43,39.98,40.35,1269573
20070726,0,40.06,40.17,39.34,39.51,2330826
20070727,0,39.3,39.58,38.59,38.59,2816489
20070730,0,38.5,38.86,38.42,38.86,2492548
20070731,0,38.96,39,38.64,38.64,1778585
20070801,0,38.65,39.47,38.64,39.46,1044104
20070802,0,37.94,39.54,37.93,39.39,1402697
20070803,0,39.5,39.62,39.03,39.03,1272400
20070806,0,39.2,39.3,38.87,39.19,3475732
20070807,0,39.09,39.19,38.61,39,2978280
20070808,0,41.15,41.15,38.85,39,4571050
20070809,0,38.79,39.28,38.05,38.07,3994982
20070810,0,38,38.67,37.81,38.58,1958689
20070813,0,38.55,39.07,38.4,38.64,1710100
20070814,0,38.56,38.8,38.43,38.58,1021473
20070815,0,38.5,38.65,38.31,38.44,1820300
20070816,0,38.15,38.38,36.88,37.54,2619406
20070817,0,38.34,38.37,37.31,37.78,972600
20070820,0,37.76,37.86,37.59,37.63,1280100
20070821,0,37.65,38.09,37.57,37.91,660500
20070822,0,38.03,38.1,37.67,37.97,625700
20070823,0,38.12,38.43,37.94,38.17,520200
20070824,0,38.23,38.66,38.16,38.61,427100
20070827,0,38.57,38.65,38.25,38.26,346900
20070828,0,38.05,38.32,38,38.03,594500
20070829,0,38.03,38.44,37.89,38.38,339200
20070830,0,38.15,38.49,38.15,38.3,358800
20070831,0,38.58,38.72,38.19,38.65,435900
20070904,0,38.8,38.92,38.5,38.89,481000
20070905,0,38.7,38.77,38.6,38.65,618900
20070906,0,38.69,39,38.69,39,539500
20070907,0,38.7,39,38.64,38.78,432400
20070910,0,38.75,39.25,38.7,39.07,673900
20070911,0,39.2,39.2,38.89,39.04,633500
20070912,0,38.9,39.27,38.8,39.05,482100
20070913,0,39.25,39.41,39.14,39.3,456500
20070914,0,39.15,39.38,38.95,39.24,777800
20070917,0,39.25,39.3,38.99,39.04,614500
20070918,0,39.1,39.71,39.01,39.57,598573
20070919,0,39.68,40.45,39.55,40.44,1019100
20070920,0,40.47,40.73,40.27,40.28,710000
20070921,0,40.67,41.07,40.28,40.83,905100
20070924,0,40.88,40.88,40.47,40.67,708000
20070925,0,40.59,40.88,40.52,40.88,620000
20070926,0,40.95,41.38,40.89,41.25,527100
20070927,0,41.28,41.45,41.1,41.4,476300
20070928,0,41.43,41.5,41.27,41.4,688400
20071001,0,41.6,41.8,41.5,41.68,588300
20071002,0,41.71,41.79,41.18,41.56,434700
20071003,0,41.3,41.5,41.16,41.32,504800
20071004,0,41.39,41.61,41.3,41.43,420600
20071005,0,41.6,41.6,41.3,41.53,463800
20071008,0,41.58,41.64,41.16,41.3,261400
20071009,0,41.35,41.65,41.16,41.6,439700
20071010,0,41.62,41.71,41.42,41.63,345800
20071011,0,41.75,41.8,41.41,41.46,653250
20071012,0,41.38,41.59,41.11,41.19,416000
20071015,0,41,41.2,40.79,41.04,598900
20071016,0,41.04,41.1,40.7,41.1,617200
20071017,0,41.26,41.32,40.66,40.83,400600
20071018,0,40.74,41.36,40.68,40.91,554600
20071019,0,40.7,41.1,40.34,40.35,720300
20071022,0,40.29,40.38,39.93,40.3,487300
20071023,0,40.4,40.76,40.17,40.61,520500
20071024,0,40.54,40.54,39.69,40.42,743700
20071025,0,40.41,40.79,40.29,40.65,452700
20071026,0,40.97,40.97,40.62,40.88,414100
20071029,0,41.05,41.23,40.71,41.14,597900
20071030,0,41.13,41.26,40.84,40.9,510800
20071031,0,40.98,41.4,40.6,41.33,531900
20071101,0,41.23,41.68,40.95,41.3,962400
20071102,0,41.31,41.61,41.13,41.45,612500
20071105,0,41.07,41.33,40.83,41.13,696245
20071106,0,41.27,41.84,41.18,41.83,668000
20071107,0,41.65,41.9,40.98,41.02,707200
20071108,0,39.23,40.13,38.9,39.65,1850624
20071109,0,39.21,40.08,38.8,39.49,1083700
20071112,0,39.3,39.92,39.3,39.46,904420
20071113,0,39.67,40.76,39.45,40.72,906020
20071114,0,40.96,41.21,40.5,41.08,796700
20071115,0,41,41.26,40.33,40.44,685808
20071116,0,41.13,41.41,40.34,41.36,1098000
20071119,0,41.03,41.84,41.01,41.72,1031056
20071120,0,41.65,42.24,41.65,42.08,1130904
20071121,0,41.92,42.86,41.75,42.4,1168400
20071123,0,42.59,42.6,42.25,42.38,363800
20071126,0,42.3,42.68,41.96,41.96,1071169
20071127,0,42.08,42.77,41.91,42.68,990501
20071128,0,42.88,42.99,42.45,42.99,652000
20071129,0,42.78,43,42.65,42.94,663108
20071130,0,43.32,43.53,42.93,43.25,924236
20071203,0,43.55,43.55,42.33,42.53,981880
20071204,0,42.4,43.29,42.4,43.09,656600
20071205,0,43.32,43.4,42.86,43.09,580400
20071206,0,43.14,43.42,42.95,43.3,791182
20071207,0,43.37,44.14,43.37,43.9,1072225
20071210,0,43.96,44.1,43.31,43.54,665130
20071211,0,43.49,43.57,42.64,42.83,1088740
20071212,0,43.29,44.15,43.05,44.09,1070400
20071213,0,43.96,44.47,43.84,44.44,992740
20071214,0,44.12,44.64,44.06,44.09,1027680
20071217,0,43.82,44.13,42.73,42.75,716608
20071218,0,42.95,43.33,42.71,43.17,604504
20071219,0,43.37,43.37,42.76,42.77,481000
20071220,0,43.04,43.17,42.78,43.06,562720
20071221,0,43.39,43.6,42.87,42.97,769200
20071224,0,43.27,43.39,42.97,43.21,246726
20071226,0,42.81,43.5,42.81,43.48,286710
20071227,0,43.43,43.5,43.11,43.17,367600
20071228,0,43.17,43.6,43.08,43.25,350173
20071231,0,43.06,43.29,42.61,42.66,335128
20080102,0,42.38,42.92,41.86,42.01,822400
20080103,0,42,42.14,41.65,41.69,688000
20080104,0,41.45,41.58,40.74,40.75,1038646
20080107,0,40.9,40.9,40.36,40.69,1626883
20080108,0,40.88,41.1,40.57,40.67,1046548
20080109,0,40.45,42.72,40.41,42.42,1539500
20080110,0,42.15,42.26,41.84,42.02,840705
20080111,0,41.68,42.98,41.67,42.88,762802
20080114,0,43.06,43.06,42.39,42.51,440656
20080115,0,42.05,42.45,41.67,41.95,776500
20080116,0,41.65,42.43,41.65,42.19,687325
20080117,0,42.2,42.93,42.18,42.53,860900
20080118,0,42.75,42.75,41.39,41.53,808800
20080122,0,39.78,41.14,39.78,40.81,951166
20080123,0,39.99,40.83,39.51,40.81,1296970
20080124,0,40.74,40.92,40.25,40.72,624791
20080125,0,40.81,40.81,39.78,39.96,1221367
20080128,0,39.88,40.6,39.77,40.57,537040
20080129,0,40.76,41,40.5,40.78,678170
20080130,0,40.7,41.23,40.5,40.58,664915
20080131,0,40.25,41.27,40.17,41.03,648300
20080201,0,41.16,41.88,41.13,41.7,740200
20080204,0,41.74,41.94,41.64,41.72,363814
20080205,0,41.3,41.49,40.9,41.03,632602
20080206,0,41.21,41.32,40.98,41.06,398400
20080207,0,41.03,41.42,40.82,41.39,757479
20080208,0,41.26,41.44,41,41.09,828589
20080211,0,41,41.3,40.8,41.27,399600
20080212,0,41.42,41.69,41.25,41.53,553542
20080213,0,41.83,41.95,41.5,41.5,582123
20080214,0,41.61,41.75,40.95,41.04,760425
20080215,0,40.96,41.35,40.79,41.31,598850
20080219,0,41.68,41.68,40.8,41.02,1152851
20080220,0,40.8,41.27,40.51,41.21,1014312
20080221,0,41.17,41.39,39.97,40.42,793186
20080222,0,40.52,40.57,39.96,40.52,699600
20080225,0,40.77,41.01,40.38,40.59,1300500
20080226,0,40.45,40.45,39.96,40.19,1494300
20080227,0,39.98,40.26,39.24,39.7,1327972
20080228,0,41.09,43.45,39.9,42.98,4639493
20080229,0,42.71,43,42.28,42.55,1389650
20080303,0,42.67,42.99,42.35,42.93,1156910
20080304,0,42.59,44,42.59,43.8,1701600
20080305,0,43.76,43.95,43.26,43.41,1379020
20080306,0,43.4,43.62,42.75,42.75,1440919
20080307,0,42.45,42.72,41.83,42.05,1345400
20080310,0,42.04,42.48,41.95,42.03,956466
20080311,0,42.85,42.95,41.83,42.19,1256000
20080312,0,42.48,42.81,42.27,42.31,960423
20080313,0,41.96,42.73,41.77,42.38,1081513
20080314,0,42.86,42.86,41.75,42.05,1180682
20080317,0,41.4,42.34,41.4,42.08,960711
20080318,0,42.37,43,42.23,42.98,786186
20080319,0,43.15,43.69,42.66,42.68,1268698
20080320,0,42.71,43.21,42.65,43,1680320
20080324,0,43.32,43.54,42.85,43.39,825426
20080325,0,43.36,43.56,43.17,43.3,1040915
20080326,0,43.17,43.39,42.69,42.73,811081
20080327,0,42.81,42.93,42.53,42.57,1060785
20080328,0,42.82,43,42.27,42.29,545784
20080331,0,42.4,42.88,42.26,42.71,828660
20080401,0,42.79,43.59,42.75,43.52,1975430
20080402,0,43.65,43.93,43.38,43.47,992080
20080403,0,43.09,43.43,42.7,42.83,869202
20080404,0,42.79,43.12,42.73,42.98,612770
20080407,0,43.31,43.31,42.65,42.78,552000
20080408,0,42.45,42.79,42.31,42.63,456338
20080409,0,42.59,42.74,42.38,42.65,682300
20080410,0,42.2,42.4,41.81,42.01,1806304
20080411,0,42.02,42.02,40.74,40.9,990359
20080414,0,40.77,40.77,40.36,40.61,946610
20080415,0,40.74,40.74,40.08,40.21,696703
20080416,0,40.5,40.85,40.17,40.73,665846
20080417,0,40.75,40.79,40.46,40.65,394526
20080418,0,41.18,41.69,40.71,41.33,714249
20080421,0,41.16,41.36,41.05,41.24,449573
20080422,0,41.1,41.1,40.43,40.92,689887
20080423,0,40.95,41.5,40.84,41.47,779786
20080424,0,41.59,42.02,41.3,41.88,790797
20080425,0,42.06,42.13,41.47,41.64,1510140
20080428,0,41.67,41.96,41.6,41.81,649676
20080429,0,41.76,42.01,41.75,41.88,461315
20080430,0,41.76,41.88,41.15,41.18,881508
20080501,0,41.02,42.3,41.02,42.24,661081
20080502,0,42.55,42.55,41.88,41.95,577211
20080505,0,41.71,42.16,41.43,42.07,638707
20080506,0,41.74,42.16,41.55,41.69,1000222
20080507,0,42.22,42.27,40.31,40.42,1393639
20080508,0,40.5,41.12,40.1,40.7,1526858
20080509,0,40.75,41.2,40.66,40.96,1024061
20080512,0,41.01,41.01,40.67,40.91,681638
20080513,0,40.85,41.25,40.77,40.92,595658
20080514,0,41.07,41.15,40.33,40.44,792504
20080515,0,40.34,40.5,39.89,40.14,778980
20080516,0,40,40.32,39.34,39.9,1146214
20080519,0,39.93,40.05,39.64,39.75,704617
20080520,0,39.75,40.11,39.56,39.93,905742
20080521,0,39.85,40.16,39.36,39.4,569090
20080522,0,39.42,40.03,39.3,39.95,1010424
20080523,0,39.81,39.99,39.47,39.79,765739
20080527,0,39.85,40.24,39.73,40.23,1158274
20080528,0,40.26,40.7,40.15,40.59,1059172
20080529,0,40.61,41.57,40.61,41.42,1003061
20080530,0,41.41,42.01,41.23,41.89,1132586
20080602,0,41.8,41.94,41.3,41.49,772325
20080603,0,41.5,41.93,41.47,41.9,1068646
20080604,0,41.75,42.33,41.64,42.22,650349
20080605,0,42.36,42.7,42.09,42.62,947175
20080606,0,42.49,42.49,41.79,41.8,1595095
20080609,0,42.01,42.01,41.43,41.8,1253213
20080610,0,41.65,41.84,41.41,41.72,1039373
20080611,0,41.58,41.79,41.14,41.29,970748
20080612,0,41.47,41.53,41.03,41.23,694025
20080613,0,41.27,41.55,41.07,41.3,872543
20080616,0,41.02,41.11,40.54,40.79,1660413
20080617,0,40.95,41,40.68,40.71,985427
20080618,0,40.58,40.62,39.79,39.92,1877443
20080619,0,39.86,40.33,39.76,39.93,1820298
20080620,0,39.77,40.02,39.6,40,1817210
20080623,0,40.05,40.2,39.76,39.94,881319
20080624,0,40.1,40.1,39.65,39.7,803762
20080625,0,39.84,39.96,39.61,39.83,1155824
20080626,0,39.47,40,39.28,39.69,1124523
20080627,0,39.51,39.94,39.2,39.26,958578
20080630,0,39.45,40.32,39.13,40.13,1309529
20080701,0,39.72,40.17,39.55,40.16,888015
20080702,0,40.12,40.48,40.11,40.34,1120609
20080703,0,40.5,40.5,38.25,38.62,1947671
20080707,0,38.82,39.37,38.55,39.05,2035120
20080708,0,38.93,39.64,38.93,39.3,1226715
20080709,0,39.49,39.7,38.94,38.96,1002024
20080710,0,39.03,39.37,38.6,38.95,1104172
20080711,0,39.49,39.49,38.69,38.8,1312606
20080714,0,39.33,39.35,38.67,38.78,824527
20080715,0,38.61,39.18,38.58,38.95,1093633
20080716,0,38.96,39.45,38.41,38.57,1717752
20080717,0,38.74,38.79,37.93,38.65,929896
20080718,0,38.61,38.85,37.99,38.25,1775442
20080721,0,38.32,38.32,37.42,37.46,2249196
20080722,0,37.35,38.25,37.27,38.25,1236676
20080723,0,38.17,38.22,37.72,38,642410
20080724,0,37.99,38.29,37.84,38,597603
20080725,0,38.07,38.48,37.97,38.32,756819
20080728,0,38.3,38.3,37.76,37.9,489464
20080729,0,37.91,38.21,37.75,37.87,1014985
20080730,0,37.83,38.45,37.5,37.77,895311
20080731,0,37.68,38.25,37.5,38.15,1047151
20080801,0,38.11,38.24,36.99,36.99,1155122
20080804,0,37.01,38.01,36.99,37.75,1837911
20080805,0,38.02,38.21,37.46,38.2,1163133
20080806,0,37.17,38.95,37.13,38.35,3455554
20080807,0,38.16,38.61,37.7,38.04,1369127
20080808,0,37.96,38.84,37.96,38.82,904668
20080811,0,38.67,39.02,37.8,39.02,1259839
20080812,0,38.8,39.81,38.62,39.7,1236618
20080813,0,39.77,40.05,39.32,40,1193826
20080814,0,39.87,39.95,39.3,39.37,977384
20080815,0,39.57,39.85,39.05,39.66,900101
20080818,0,39.65,39.97,39.04,39.22,553780
20080819,0,39.13,39.36,38.74,38.84,640279
20080820,0,39.01,39.01,38.01,38.32,1130340
20080821,0,38.08,38.89,38.06,38.77,1011255
20080822,0,38.71,39.11,38.56,39,451544
20080825,0,38.99,38.99,38.66,38.74,835994
20080826,0,38.68,39.22,38.55,39.12,513679
20080827,0,39.11,39.51,39.11,39.31,428393
20080828,0,39.39,40.3,39.39,40.25,1049136
20080829,0,40.12,40.54,40.05,40.31,825516
20080902,0,40.61,41.22,39.87,39.9,1276746
20080903,0,39.91,40.29,39.8,40.22,886225
20080904,0,40.01,40.18,39.29,39.41,1065275
20080905,0,39.33,39.33,38.6,39.02,1189217
20080908,0,39.55,39.9,39.28,39.76,920237
20080909,0,39.69,40.1,39.32,39.52,1065546
20080910,0,39.64,39.74,39.36,39.37,993590
20080911,0,39.14,39.4,39.03,39.29,557080
20080912,0,39.11,39.56,38.89,39.49,688128
20080915,0,38.9,39.84,38.65,39.45,1433303
20080916,0,39.53,39.77,37.5,39.55,1574161
20080917,0,39.14,39.68,38.78,38.79,1149950
20080918,0,38.84,40.46,38.1,39.42,1329259
20080919,0,40.59,40.59,38.12,38.59,1618235
20080922,0,38.29,38.38,37.47,37.49,904683
20080923,0,37.38,38.47,37.33,37.7,983967
20080924,0,37.69,38.75,37.45,38.63,1064736
20080925,0,38.78,39.45,38.51,39.25,1021752
20080926,0,39.06,39.68,39.02,39.26,803591
20080929,0,38.96,39.43,37.6,38.68,1243045
20080930,0,39.25,39.49,37.7,38.17,1204037
20081001,0,38.08,38.45,37.75,38.39,1041303
20081002,0,38.34,38.85,37.48,37.59,1008789
20081003,0,38,38,37.26,37.35,984867
20081006,0,36.85,37.28,34.7,35.81,1318539
20081007,0,35.8,36.15,34.61,34.63,1376252
20081008,0,33.83,34.37,32.61,32.63,2328175
20081009,0,32.58,32.77,29.85,30.08,1892230
20081010,0,28.75,30.96,25.55,29.5,2208937
20081013,0,29.98,31.96,29.28,31.91,1409581
20081014,0,32.68,33.97,31.07,31.63,1483943
20081015,0,31.27,31.36,30.12,30.15,1043482
20081016,0,29.99,30.26,28.47,30.21,1523960
20081017,0,27.02,30.62,27.02,29.62,1061145
20081020,0,29.77,30.13,28.73,30.1,2429164
20081021,0,29.78,30.45,29.67,29.79,1381168
20081022,0,29.16,29.57,27.4,27.84,2072459
20081023,0,27.94,29.1,26.99,28.02,1652953
20081024,0,26.8,27.84,26.23,27.31,1456509
20081027,0,26.9,27.5,26.08,26.08,2144149
20081028,0,26.35,26.94,25.42,26.72,2558862
20081029,0,26.75,27.01,25.48,25.49,2012698
20081030,0,25.55,27.38,25.55,27.32,2032291
20081031,0,26.88,27.9,23.39,27.67,1467702
20081103,0,27.64,28.68,27.43,28.59,1441344
20081104,0,29.02,29.16,28.16,28.73,1034671
20081105,0,28.77,32.63,26,30.56,2686872
20081106,0,30.28,31.05,29.81,29.98,1406682
20081107,0,30.14,31.34,30.14,30.85,1184958
20081110,0,31.28,31.92,30.37,30.63,818435
20081111,0,30.45,31.08,29.99,30.23,1103376
20081112,0,29.94,30.27,29.1,29.3,910294
20081113,0,29.16,31.05,28.69,31.01,1480798
20081114,0,30.65,31.48,29.98,30.17,1085986
20081117,0,29.69,30.43,29.15,29.46,819758
20081118,0,28.82,30.13,28.4,28.99,919941
20081119,0,29.16,29.76,27.2,27.2,1028687
20081120,0,27.07,28.36,26.12,26.28,1364717
20081121,0,26.67,27.22,25.24,27.11,1347806
20081124,0,27.51,29.33,26.78,28.91,1429796
20081125,0,29.05,29.48,28.36,28.82,816995
20081126,0,28.54,29.19,27.99,29.1,636613
20081128,0,29.06,30.12,28.96,30.03,400929
20081201,0,29.34,29.9,28.13,28.13,650723
20081202,0,28.78,28.78,27.78,28.54,627863
20081203,0,28.03,29.09,27.83,29.01,799258
20081204,0,28.59,28.91,26.97,27.32,930378
20081205,0,26.97,27.68,26.22,27.57,1110902
20081208,0,28.1,28.84,27.88,28.61,930668
20081209,0,28.46,28.67,27.81,27.96,640318
20081210,0,28.18,28.58,27.73,28.05,650653
20081211,0,27.87,28.24,27.38,27.69,1183476
20081212,0,26.97,27.14,26.5,26.82,1465550
20081215,0,26.91,27.12,26.27,26.55,887551
20081216,0,26.65,27.86,26.42,27.83,783764
20081217,0,27.57,28.28,27.33,27.86,640546
20081218,0,27.97,28.56,26.42,26.62,1300727
20081219,0,26.91,27.65,25.82,26.11,1992600
20081222,0,26.2,26.35,25.7,26.15,948848
20081223,0,26.2,26.38,25.58,25.65,896897
20081224,0,25.7,26.02,25.5,25.82,294735
20081226,0,25.94,26.06,25.73,25.88,391312
20081229,0,25.84,25.94,25.69,25.8,675800
20081230,0,25.97,26.31,25.68,26.27,701409
20081231,0,26.36,26.93,26.17,26.85,505327
20090102,0,26.79,27.56,26.58,27.45,431574
20090105,0,27.31,27.34,26.72,26.93,751351
20090106,0,27.15,27.36,26.83,26.98,518163
20090107,0,26.75,27.19,26.44,26.86,588465
20090108,0,26.68,26.83,25.73,26.02,1053293
20090109,0,26.06,26.25,25.3,25.98,1162824
20090112,0,26.02,26.1,25.66,25.79,914726
20090113,0,25.82,26.04,25.34,25.5,1063811
20090114,0,25.12,25.23,24.4,24.64,1591797
20090115,0,24.59,25.09,24.01,24.99,1681167
20090116,0,25.38,27.14,25.38,27.03,2404230
20090120,0,25.97,26.18,24.69,24.77,2689276
20090121,0,24.94,25.13,23.89,24.63,2386537
20090122,0,24.31,24.73,23.86,24.41,1754135
20090123,0,24.08,24.38,23.54,24.1,1734095
20090126,0,24.31,24.6,23.5,23.7,2305413
20090127,0,24.03,24.69,23.93,24.56,1269302
20090128,0,24.77,25.83,24.68,25.46,1278719
20090129,0,25.28,25.71,25.24,25.34,763514
20090130,0,25.11,25.37,24.71,24.93,1499228
20090202,0,24.62,25.36,24.45,25.17,948474
20090203,0,25.02,25.7,24.87,25.57,700893
20090204,0,25.65,26.54,25.39,25.82,886471
20090205,0,25.63,25.97,25.37,25.86,874783
20090206,0,25.75,26.45,25.61,26.38,1524008
20090209,0,26.26,26.4,25.71,25.96,500995
20090210,0,25.81,26.18,25.08,25.18,710846
20090211,0,25.53,25.57,25.19,25.44,587557
20090212,0,25.16,26.35,24.88,26.28,1260508
20090213,0,26.23,26.82,25.84,26.51,1431159
20090217,0,25.95,26.36,24.62,25.3,1607285
20090218,0,25.35,25.63,25.02,25.54,1403156
20090219,0,25.49,26.05,25.46,25.79,915502
20090220,0,25.39,25.83,25.21,25.53,950011
20090223,0,25.74,25.86,24.84,24.94,951069
20090224,0,25,25.49,24.78,25.32,1007668
20090225,0,25.25,25.29,24.46,24.85,991725
20090226,0,24.76,25.09,24,24.02,905854
20090227,0,23.58,23.84,23.18,23.22,1117841
20090302,0,22.81,22.83,21.83,21.9,1238111
20090303,0,22.09,22.67,21.89,22.35,1240086
20090304,0,21.86,23.32,21.86,23.03,1039435
20090305,0,22.64,22.69,21.61,21.83,1339055
20090306,0,22.17,22.38,21.69,22.21,1235421
20090309,0,21.97,22.21,21.21,21.39,1227376
20090310,0,21.51,22.37,21.48,22.33,938274
20090311,0,22.43,23.44,22.36,22.94,1306378
20090312,0,22.99,23.86,22.68,23.83,898287
20090313,0,24.08,24.71,23.74,24.55,817740
20090316,0,24.8,25.47,24.72,24.8,866518
20090317,0,24.78,25.27,24.59,25.27,501008
20090318,0,25.18,26.06,25.09,25.64,874332
20090319,0,25.83,25.89,24.86,25.25,720415
20090320,0,25.29,25.94,24.89,25.1,956448
20090323,0,25.49,26.33,25.11,26.3,750925
20090324,0,26.01,28.86,25.99,28.25,2809112
20090325,0,28.88,30.46,28.68,29.8,3505952
20090326,0,29.95,30.66,29.6,30.62,2494119
20090327,0,30.27,31.11,30,30.78,1821592
20090330,0,30.24,30.55,29.73,30.52,1546669
20090331,0,30.66,31.4,30.43,30.89,1621689
20090401,0,30.35,30.7,29.96,30.59,1470881
20090402,0,31.19,32,31.02,31.47,1349265
20090403,0,31.61,31.78,30.22,30.34,1757926
20090406,0,30.14,30.87,30.14,30.69,1695968
20090407,0,30.28,31.35,29.86,30.94,1322713
20090408,0,30.94,31.5,30.82,31.36,936753
20090409,0,31.98,32.39,31.76,32.06,880113
20090413,0,31.87,32.58,31.75,32.45,1257239
20090414,0,32.2,32.63,31.99,32.37,1085298
20090415,0,32.32,32.32,31.03,31.4,1783049
20090416,0,31.46,31.9,31.23,31.63,1131779
20090417,0,31.64,33.02,31.64,32.89,1282804
20090420,0,32.56,32.86,31.8,31.92,594166
20090421,0,31.64,32,31.3,31.8,648780
20090422,0,31.53,32.23,31.36,31.75,991164
20090423,0,31.65,31.7,30.52,30.88,1445674
20090424,0,31.16,31.91,31.1,31.48,1031095
20090427,0,31.42,31.7,30.97,31.37,1123778
20090428,0,31.51,33.88,31.51,33.01,2939854
20090429,0,33,33.08,32.42,32.73,2343982
20090430,0,32.97,33.06,32.61,32.88,1614249
20090501,0,32.82,32.82,31.61,32.21,1112064
20090504,0,32.6,32.6,31.78,32.28,924315
20090505,0,32.21,32.59,31.9,32.59,722752
20090506,0,32.78,33.13,32.32,32.59,717694
20090507,0,32.94,33.48,32.55,33.35,1187041
20090508,0,33.65,34.09,33.54,33.86,1113244
20090511,0,33.62,33.86,33.23,33.75,791105
20090512,0,33.78,34.11,33.55,33.93,1017030
20090513,0,33.5,33.75,33.28,33.32,1139959
20090514,0,33.35,33.5,32.79,32.82,1112427
20090515,0,32.83,33.09,32.36,33.02,1053384
20090518,0,33.3,33.74,33.06,33.68,778226
20090519,0,33.62,33.99,33.51,33.51,689630
20090520,0,33.7,33.97,33.48,33.5,724755
20090521,0,33.04,33.25,32.59,32.83,621052
20090522,0,32.93,33.21,32.63,32.76,338037
20090526,0,32.7,34.24,32.16,34.14,1278214
20090527,0,34.2,34.39,33.93,33.93,846145
20090528,0,34.1,34.24,33.35,33.68,709267
20090529,0,33.84,34.47,33.6,34.45,839516
20090601,0,34.94,35.14,34.66,34.99,812203
20090602,0,34.98,36.52,34.9,36.37,992581
20090603,0,36.03,36.43,35.75,35.95,954413
20090604,0,36.23,36.23,35.22,35.51,886283
20090605,0,35.83,35.94,34.79,35.12,785503
20090608,0,35.15,35.17,34.17,34.5,780741
20090609,0,34.71,34.82,34.21,34.32,491794
20090610,0,34.54,34.85,34.02,34.28,571958
20090611,0,34.25,35.33,34.25,34.92,531126
20090612,0,34.83,35.31,34.45,34.99,576549
20090615,0,34.73,34.83,34,34.16,497939
20090616,0,34.3,34.45,33.58,33.63,582296
20090617,0,33.66,33.88,33.4,33.67,1105123
20090618,0,33.69,34.59,33.69,34.55,540651
20090619,0,35.68,36.85,34.9,36.62,2122020
20090622,0,36.45,36.47,35.4,36.09,999197
20090623,0,36.15,36.2,35.57,35.68,788934
20090624,0,35.83,36.73,35.64,36.6,1156089
20090625,0,36.41,38.64,36.32,38.33,1861277
20090626,0,38.15,38.94,37.72,38.67,1080165
20090629,0,38.87,38.87,38.26,38.84,1019614
20090630,0,38.7,38.85,38.33,38.54,991961
20090701,0,38.55,38.71,38,38.01,1196568
20090702,0,37.85,38.06,37.33,37.42,865222
20090706,0,37.04,37.79,37.04,37.76,648746
20090707,0,37.65,38.05,37.35,37.44,736477
20090708,0,37.66,37.66,36.58,36.66,1014715
20090709,0,36.87,36.87,35.98,36.11,941639
20090710,0,36.1,37.15,35.58,37.1,1130925
20090713,0,37.22,37.42,36.45,37,1190354
20090714,0,37.1,37.48,36.88,37.11,990870
20090715,0,37.58,37.83,37.01,37.8,726234
20090716,0,37.84,38.13,37.6,37.88,637327
20090717,0,37.79,37.81,36.89,37.15,1468118
20090720,0,37.37,37.37,36.83,37.09,1778756
20090721,0,37.46,37.73,36.93,37.21,906271
20090722,0,37.01,37.33,36.69,36.82,580701
20090723,0,36.8,37.85,36.71,37.22,783860
20090724,0,37.13,37.65,37.12,37.63,741336
20090727,0,37.75,38,37.13,37.4,974471
20090728,0,37.24,37.58,36.98,37.31,1891104
20090729,0,37.53,39.03,36.58,39.03,1766157
20090730,0,38.9,39.55,38.67,38.73,1147381
20090731,0,38.56,39.27,38.38,38.47,844306
20090803,0,38.86,39.4,38.56,39.4,800875
20090804,0,39.34,39.65,39.05,39.62,773895
20090805,0,39.78,39.87,38.76,38.86,593265
20090806,0,38.73,38.88,37.86,38.1,605198
20090807,0,38.38,39,38.15,38.63,665622
20090810,0,38.53,39.28,38.35,39.28,895599
20090811,0,39.31,39.75,38.97,39.61,1281852
20090812,0,39.39,40.46,39.18,40.14,1037752
20090813,0,40.36,40.51,39.54,40.48,691391
20090814,0,40.58,40.98,39.94,39.99,804905
20090817,0,39.22,39.52,38.96,39.16,739586
20090818,0,39.2,39.28,38.47,38.83,883884
20090819,0,38.61,39.83,38.61,39.76,580850
20090820,0,39.97,40.17,39.48,39.95,520853
20090821,0,40.29,40.49,39.9,40.32,578708
20090824,0,40.5,40.55,40,40.12,388323
20090825,0,40.09,40.5,40.05,40.2,538859
20090826,0,39.96,40.27,39.72,39.97,623213
20090827,0,40,40.21,39.7,40.15,574627
20090828,0,40.27,40.27,39.38,39.57,448565
20090831,0,39.4,39.66,38.94,39.1,714003
20090901,0,39.36,39.57,38.76,39.2,955143
20090902,0,39.26,39.33,38.82,39.08,639703
20090903,0,39.15,39.43,38.74,39.25,653416
20090904,0,39.39,39.64,39.13,39.64,324047
20090908,0,39.63,39.8,38.91,39.24,440829
20090909,0,39.34,39.84,39.27,39.64,932608
20090910,0,39.68,40.63,39.55,40.63,924350
20090911,0,40.94,40.97,40.4,40.83,650511
20090914,0,40.82,41.14,40.57,41.07,469217
20090915,0,40.95,41.65,40.6,41.63,745217
20090916,0,41.52,42.18,41,42.16,671808
20090917,0,42.24,44.72,42.1,43.57,2202260
20090918,0,43.52,43.83,42.74,43.08,1269324
20090921,0,42.94,43.98,42.91,43.66,560449
20090922,0,44.5,44.69,43.63,43.7,1040424
20090923,0,43.9,44.49,43.6,44.02,1104333
20090924,0,44,44.97,44,44.39,1665189
20090925,0,44.37,44.75,44.05,44.34,1195174
20090928,0,44.44,45,44.14,44.84,766600
20090929,0,44.72,45.08,44.18,44.8,965790
20090930,0,44.66,44.73,43.62,44.57,1104417
20091001,0,44.31,44.53,43.33,43.33,524781
20091002,0,43.12,43.45,42.95,43.21,563800
20091005,0,43.12,43.79,42.81,43.73,458048
20091006,0,42.93,44,42.84,43.95,500833
20091007,0,43.91,44.18,43.77,44.17,403669
20091008,0,44.49,44.56,44.15,44.26,512523
20091009,0,44.37,44.94,44.37,44.84,470883
20091012,0,44.75,45.46,44.73,45.24,440661
20091013,0,45.12,45.44,44.62,44.93,467231
20091014,0,45.07,45.42,44.98,45.28,491865
20091015,0,45.35,45.82,45.03,45.79,679036
20091016,0,45.61,46.5,45.07,46.19,1169872
20091019,0,46.35,47.05,46.19,46.94,595375
20091020,0,46.93,47.54,46.15,46.45,681630
20091021,0,46.47,46.99,45.89,45.89,814503
20091022,0,45.89,46.27,45.76,46.13,826362
20091023,0,46.24,46.59,45.92,46.02,1258955
20091026,0,46.07,46.95,45.61,46.34,987276
20091027,0,48,48.23,45.81,47.09,2490911
20091028,0,47.06,47.36,45.69,45.71,1237832
20091029,0,45.88,46.06,45.06,45.44,1565133
20091030,0,45.19,45.6,44.51,44.71,1364281
20091102,0,44.51,45.5,44.48,44.87,1382182
20091103,0,44.93,45.42,44.44,45.19,1080674
20091104,0,45.22,46.31,45.18,45.66,1198161
20091105,0,45.89,47.19,45.42,47.16,991242
20091106,0,47.17,47.23,46.48,46.54,829385
20091109,0,46.96,47.45,46.63,47.44,743619
20091110,0,47.31,48,47.31,47.97,818320
20091111,0,47.77,48.25,47.53,48.04,807980
20091112,0,48.02,48.22,47.11,47.15,589734
20091113,0,47.34,48.1,47.12,47.74,550335
20091116,0,47.71,48.12,47.69,48.08,730227
20091117,0,48.24,48.24,47.77,48.16,414454
20091118,0,48.09,48.09,47.63,47.65,558983
20091119,0,47.54,47.78,46.86,47.07,579285
20091120,0,46.86,47.12,46.65,46.89,570915
20091123,0,47.06,47.89,46.85,47.48,521888
20091124,0,47.55,47.83,47.19,47.44,664881
20091125,0,47.45,47.79,47.1,47.74,468142
20091127,0,46.43,47.41,46.01,47.05,307391
20091130,0,46.96,47.09,46.57,46.95,527913
20091201,0,47.06,48.05,47.06,47.87,658110
20091202,0,47.8,48.65,47.8,48.57,658829
20091203,0,48.61,48.84,47.76,47.79,800643
20091204,0,48.33,48.61,47.62,48.13,719168
20091207,0,47.99,48.44,47.84,47.87,384144
20091208,0,47.75,48,47.26,47.84,647352
20091209,0,47.72,47.88,47.08,47.56,489908
20091210,0,47.83,48.31,47.83,48.07,499513
20091211,0,48.11,48.12,47.36,47.51,965862
20091214,0,47.79,49,47.77,48.94,797578
20091215,0,48.94,49.88,48.8,49.43,770065
20091216,0,49.59,49.9,48.61,48.85,982384
20091217,0,48.82,48.82,47.61,47.81,815747
20091218,0,48.03,48.28,47.41,47.59,966718
20091221,0,47.9,48.65,47.59,48.28,567561
20091222,0,48.31,49.42,48.13,49.41,925905
20091223,0,49.37,50.24,49.14,50.1,800170
20091224,0,50.17,50.25,50.05,50.19,196863
20091228,0,50.06,50.68,50.06,50.57,355198
20091229,0,50.62,51.32,50.46,51.08,623125
20091230,0,51,51.22,50.9,51.09,484343
20091231,0,51.1,51.4,50.89,51.04,575404
20100104,0,51.47,51.47,50.57,50.92,688828
20100105,0,50.92,51.06,50.48,50.92,590615
20100106,0,51.03,51.03,50.36,50.38,1043906
20100107,0,50.51,51.33,50.43,51.1,711655
20100108,0,51.14,51.45,50.85,51.43,639522
20100111,0,51.28,52.44,51.17,52.22,738376
20100112,0,52.18,52.45,51.88,52.1,588169
20100113,0,52.11,52.44,51.76,51.92,741408
20100114,0,52.07,52.3,51.92,52.21,425656
20100115,0,52.1,52.2,51.24,51.29,808531
20100119,0,51.49,51.93,51.24,51.48,1319167
20100120,0,51.52,51.54,50.76,51.49,779087
20100121,0,51.41,51.88,50.81,51.2,1018797
20100122,0,51.1,51.53,50.45,50.46,628211
20100125,0,50.95,51.61,50.49,51.23,787848
20100126,0,51.27,51.38,50.81,51.15,657816
20100127,0,50.99,51.33,50.62,51.33,886314
20100128,0,51.25,51.52,50.71,50.99,939773
20100129,0,51.01,51.21,50.69,50.7,729237
20100201,0,50.87,50.98,50.24,50.65,939829
20100202,0,50.6,51.5,50.47,51.48,547283
20100203,0,51.4,52.79,51.27,51.79,1464118
20100204,0,51.04,51.89,49.08,49.08,1879888
20100205,0,48.94,49.13,47.48,48.48,1514587
20100208,0,48.48,49.18,47.9,48.83,842464
20100209,0,49.17,50.13,48.99,49.34,734169
20100210,0,49.27,50.31,49.08,49.45,1140190
20100211,0,49.46,50.15,49.12,50.04,873643
20100212,0,49.64,50.07,49.29,49.87,395661
20100216,0,50.16,50.87,49.84,50.87,474370
20100217,0,50.94,51.71,50.9,51.65,657468
20100218,0,51.67,51.85,51.36,51.79,500635
20100219,0,51.58,52.07,51.31,51.82,629811
20100222,0,51.67,51.99,51.13,51.64,551637
20100223,0,51.48,51.7,50.71,50.84,921597
20100224,0,51.22,51.68,50.91,51.68,542442
20100225,0,51.28,52.13,51,52.11,847188
20100226,0,52.08,52.68,51.99,52.39,561443
20100301,0,52.41,53.49,52.23,53.38,749050
20100302,0,53.53,54.21,53.52,53.81,634984
20100303,0,53.89,54.25,53.68,53.68,627684
20100304,0,53.8,53.98,53.6,53.83,320965
20100305,0,53.43,53.95,52.79,53.89,722382
20100308,0,53.58,53.7,53,53.18,883781
20100309,0,53,53.61,52.74,53.58,759759
20100310,0,53.49,54.44,53.24,54.2,879249
20100311,0,54,54.29,53.76,54.22,527995
20100312,0,54.28,54.29,53.62,54,625020
20100315,0,54.01,54.86,53.91,54.78,840452
20100316,0,55,56.07,54.95,55.88,1438355
20100317,0,56.2,56.62,55.91,56,1154501
20100318,0,56.31,56.99,55.88,56.11,1079068
20100319,0,56.48,57.13,56.27,56.62,1246917
20100322,0,56.75,57.5,56.5,57.37,861411
20100323,0,57.45,57.67,57.02,57.21,896216
20100324,0,57,57.3,56.89,57.04,664097
20100325,0,56.94,57.49,56.81,56.82,695491
20100326,0,57.01,57.2,56.4,56.51,638680
20100329,0,56.65,57.01,56.47,56.81,687480
20100330,0,57,57.01,56.68,56.88,696242
20100331,0,56.83,57.02,56.47,56.67,564760
20100401,0,57.01,57.09,56.09,56.48,1137333
20100405,0,56.78,56.96,56.13,56.96,1000361
20100406,0,56.83,56.99,56.48,56.64,445509
20100407,0,56.76,56.76,55.92,56.04,571914
20100408,0,55.97,56.29,55.37,56.19,588676
20100409,0,56.18,56.76,56.12,56.26,631153
20100412,0,56.25,56.38,55.86,56.1,840000
20100413,0,56.32,57.69,56.15,57.51,1152286
20100414,0,57.66,58.04,57.3,57.98,691617
20100415,0,57.89,57.91,57.49,57.74,501846
20100416,0,57.74,58.13,56.99,57.06,696558
20100419,0,56.02,56.36,54.19,55.55,1617901
20100420,0,55.81,57.35,55.64,57.22,730952
20100421,0,57.27,57.38,56.28,57.03,797365
20100422,0,56.83,56.96,56.21,56.9,750445
20100423,0,56.98,57.24,56.57,57.01,694733
20100426,0,57.19,57.41,56,56.01,990779
20100427,0,55.66,56.28,54.38,54.53,1382776
20100428,0,54.34,54.46,53.39,53.95,1278655
20100429,0,54.36,55.07,54.08,54.87,1169806
20100430,0,55.03,55.03,53.66,53.84,1144300
20100503,0,53.99,53.99,53.08,53.59,870711
20100504,0,54.6,55.91,54.02,55.62,2239490
20100505,0,55.61,55.75,54.86,54.99,1040181
20100506,0,54.91,55.21,50.64,53.43,1329692
20100507,0,53.52,53.52,51.43,52.18,1561214
20100510,0,54.01,54.48,53.24,53.86,1223826
20100511,0,53.43,54.06,53.15,53.5,971991
20100512,0,53.53,53.53,53.14,53.35,1393243
20100513,0,53.15,53.44,52.98,53.06,874363
20100514,0,52.67,52.84,51.65,52.08,1309995
20100517,0,52,52.95,51.89,52.92,1415108
20100518,0,53.06,53.55,52.64,52.74,1261468
20100519,0,52.66,53.08,51.82,52.16,885964
20100520,0,51.33,51.74,50.17,50.19,1386681
20100521,0,49.71,50.65,49.13,50.65,1508294
20100524,0,50.44,51.39,50.21,50.8,1395991
20100525,0,49.22,50.27,48.69,50.26,1279279
20100526,0,50.54,51.66,50.28,50.48,1111242
20100527,0,51.18,52.07,51.06,52.07,871996
20100528,0,52.16,52.63,51.91,52.04,1334971
20100601,0,51.45,51.74,50.65,50.65,1489711
20100602,0,50.93,51.81,50.63,51.81,950061
20100603,0,52.17,52.45,51.9,52.39,639816
20100604,0,51.56,51.82,50.66,50.78,1060788
20100607,0,51.15,51.17,50.07,50.09,706951
20100608,0,50.26,50.42,49.71,50.36,878480
20100609,0,50.67,51.7,50.67,51.33,1538744
20100610,0,51.76,52.9,51.76,52.89,1637013
20100611,0,52.41,53.81,52.41,53.81,1414214
20100614,0,54,54.53,53.79,53.94,1511689
20100615,0,53.97,55.67,53.97,55.67,1946163
20100616,0,55.46,55.89,54.89,55.8,1109999
20100617,0,56.23,56.25,55.34,56.22,901607
20100618,0,55.99,56.5,55.96,56.41,1268501
20100621,0,56.74,57,56.37,56.62,1346346
20100622,0,56.58,57.08,55.26,55.37,2535059
20100623,0,55.55,56.68,55.23,56.52,1622366
20100624,0,55.93,57.72,55.93,57.11,1651587
20100625,0,57.25,57.62,56.9,57.61,1361281
20100628,0,57.45,57.98,57.23,57.78,990953
20100629,0,57.19,57.98,56.79,57.22,1693260
20100630,0,57.08,57.98,57.04,57.46,1319697
20100701,0,57.15,57.89,56.48,57.11,2026853
20100702,0,57.25,58,56.75,57.18,974247
20100706,0,57.63,58.35,57.4,58.01,1479725
20100707,0,58.05,58.9,57.6,58.83,1268604
20100708,0,59,59.39,57.85,58.64,1597620
20100709,0,58.74,58.92,57.84,58.18,923530
20100712,0,58.04,58.54,57.86,58.24,1277564
20100713,0,58.69,59.19,58.69,58.97,1273041
20100714,0,58.67,59.74,58.6,59.69,859544
20100715,0,59.09,59.28,58.15,58.7,1416173
20100716,0,58.49,58.83,57.3,57.32,1014953
20100719,0,57.31,57.99,56.91,57.81,784728
20100720,0,57.42,57.54,56.83,57.52,774385
20100721,0,57.81,57.89,56.21,56.45,809139
20100722,0,56.9,58.29,56.9,57.56,809938
20100723,0,57.62,57.87,57.08,57.19,1568365
20100726,0,57.57,58.49,57.08,58,1269551
20100727,0,58.33,58.45,56.7,56.77,2123105
20100728,0,55.39,55.39,51.3,52.61,4882813
20100729,0,52.8,52.8,50.52,51.6,3580414
20100730,0,51.24,52.2,51,52.15,2012514
20100802,0,52.58,53.23,52.58,52.93,1451888
20100803,0,52.99,53.24,52.12,52.44,1607612
20100804,0,52.49,52.72,51.28,51.49,2200455
20100805,0,51.12,52.03,50.95,51.99,1344729
20100806,0,51.64,51.93,50.62,51.85,1633595
20100809,0,51.9,51.93,51.43,51.83,584731
20100810,0,51.35,51.98,50.95,51.58,608602
20100811,0,50.9,50.9,50.21,50.26,815998
20100812,0,50.03,52.46,50,51.74,1814174
20100813,0,51.52,53.11,51.41,52.53,1676827
20100816,0,52.17,52.44,51.5,52.42,1157047
20100817,0,52.91,53.61,52.25,53.5,1483838
20100818,0,53.52,53.6,53,53.16,1177990
20100819,0,52.8,52.89,51.44,52.14,1254343
20100820,0,51.66,52.18,50.54,51.39,1350368
20100823,0,51.71,52.21,51.28,51.74,915859
20100824,0,51.22,51.38,50.46,51.16,1019719
20100825,0,50.76,51.9,50.76,51.75,790913
20100826,0,51.93,52.25,50.93,51.03,756213
20100827,0,51.13,51.81,50.75,51.78,766515
20100830,0,51.58,51.91,51.22,51.33,658090
20100831,0,50.9,51.97,50.87,51.37,1174811
20100901,0,52.38,53.02,52.12,52.81,1124266
20100902,0,52.79,54.05,52.79,54.01,843784
20100903,0,54.31,54.78,53.91,54.32,752587
20100907,0,53.98,54.59,53.41,53.95,545768
20100908,0,54.02,54.4,53.83,53.98,878481
20100909,0,54.4,54.91,54.19,54.47,827987
20100910,0,54.39,55,54.32,54.67,642735
20100913,0,55.02,55.02,54.56,54.66,728578
20100914,0,54.42,55.1,54.4,54.61,668153
20100915,0,54.62,55.58,54.53,55.39,670047
20100916,0,55.44,55.91,54.73,55.66,814245
20100917,0,56,56,55.5,55.67,886692
20100920,0,55.61,56.37,55.51,56.27,645763
20100921,0,56.21,56.27,55.01,55.7,1071672
20100922,0,55.61,55.82,55.13,55.33,842376
20100923,0,54.58,55.89,54.58,55.03,877466
20100924,0,55.58,55.62,54.98,55.24,1233576
20100927,0,55.37,58.25,54.8,57.01,6186137
20100928,0,56.9,58.15,56.25,57.82,2717325
20100929,0,57.88,58.25,57.24,57.54,1213106
20100930,0,57.69,57.97,56.53,56.98,1355034
20101001,0,57.16,57.19,55.68,56.47,1178465
20101004,0,56.21,56.5,55.74,56.21,1004231
20101005,0,56.79,56.98,56.29,56.85,1321021
20101006,0,56.7,56.9,56.17,56.39,603924
20101007,0,56.52,56.82,56.17,56.43,599811
20101008,0,56.61,56.74,56.3,56.45,576091
20101011,0,56.39,56.72,56.31,56.62,486568
20101012,0,56.48,57.08,56.15,57.03,1060340
20101013,0,57.08,57.52,57,57.38,738599
20101014,0,57.4,58.18,57.25,57.87,1289402
20101015,0,58.12,58.56,57.87,58.3,1310397
20101018,0,58.38,58.4,58,58.34,668320
20101019,0,57.98,58.2,57.3,57.75,1139684
20101020,0,57.91,58.6,57.7,58.01,922719
20101021,0,58.1,59.63,57.87,59.44,2558056
20101022,0,59.45,59.6,58.85,59.34,1265944
20101025,0,59.51,59.89,58.45,58.58,1118728
20101026,0,58.17,59.5,56.29,58.64,1886372
20101027,0,58.45,59.22,58,59.18,1228724
20101028,0,59.78,59.78,58.87,58.9,1426069
20101029,0,58.66,59.61,58.55,59.54,996382
20101101,0,59.46,60.15,59.18,59.51,911506
20101102,0,59.66,60.4,59.42,59.6,1343408
20101103,0,59.68,59.7,59.02,59.42,1305323
20101104,0,59.9,60.49,59.44,59.54,903653
20101105,0,59.79,59.81,59.29,59.52,485974
20101108,0,59.01,59.5,58.97,59.05,418020
20101109,0,59.04,59.57,58.9,59.23,521637
20101110,0,59.17,59.52,58.38,59.37,629700
20101111,0,59.15,59.3,58.96,59.12,472939
20101112,0,58.79,58.88,57.99,58.15,774067
20101115,0,58.05,58.59,57.96,58.07,1058244
20101116,0,57.79,58.13,57.18,57.33,842758
20101117,0,57.23,57.69,56.8,56.93,759352
20101118,0,57.36,57.77,57.03,57.29,807495
20101119,0,57.38,57.95,57.17,57.71,737748
20101122,0,57.55,57.69,56.99,57.45,534443
20101123,0,56.95,57.17,56.5,56.54,520086
20101124,0,56.8,57.45,56.8,57.23,528546
20101126,0,56.91,57.05,56.5,56.79,190533
20101129,0,56.45,56.51,55.51,56.3,581802
20101130,0,55.83,56.45,55.59,56.21,676540
20101201,0,56.84,56.91,56.05,56.18,915336
20101202,0,56.08,56.85,55.98,56.53,851597
20101203,0,56.39,56.94,56.12,56.84,880703
20101206,0,56.74,56.77,55.52,55.64,1409588
20101207,0,55.84,55.9,54.23,55.07,2257151
20101208,0,55.11,55.33,54.58,54.84,822927
20101209,0,55.35,56.16,55.27,56.1,875400
20101210,0,56.12,56.57,55.91,56.32,591600
20101213,0,56.3,56.3,55.15,55.98,1370043
20101214,0,56.01,56.85,55.83,56.58,591727
20101215,0,56.64,57.22,56.35,56.4,1184402
20101216,0,56.13,57.26,56.01,57.26,1152217
20101217,0,57.2,57.49,56.53,57.47,1090618
20101220,0,57.21,57.49,56.86,57.3,745507
20101221,0,57.32,57.32,56.83,56.85,813944
20101222,0,56.7,57.2,56.43,56.74,845109
20101223,0,56.44,56.77,56.06,56.64,475597
20101227,0,56.5,56.78,56.21,56.57,417202
20101228,0,56.6,56.69,55.92,56,500530
20101229,0,55.98,56.1,55.3,55.51,800401
20101230,0,55.45,55.91,55.38,55.82,537516
20101231,0,55.59,55.76,55.14,55.65,514179
20110103,0,55.75,56,54.81,55,2025087
20110104,0,55.52,55.77,54.72,54.87,1384250
20110105,0,54.64,54.91,54.44,54.6,1235420
20110106,0,54.36,54.87,54.35,54.73,954484
20110107,0,54.66,55.36,54.66,55.17,1215365
20110110,0,54.89,55.61,54.54,55.55,1137663
20110111,0,55.68,55.72,55.14,55.4,1469704
20110112,0,55.65,56.29,55.17,56.26,1323982
20110113,0,56.13,56.35,55.81,56.22,1124562
20110114,0,56.16,56.3,55.99,56.29,702891
20110118,0,56.24,57,56.2,56.82,641957
20110119,0,56.58,56.66,55.98,56.29,856114
20110120,0,56.16,56.33,55.43,55.65,1097699
20110121,0,56.05,56.05,55.16,55.25,1307332
20110124,0,55.16,55.44,54.94,55.24,814247
20110125,0,55.06,55.64,54.89,55.59,734232
20110126,0,55.72,56.31,55.24,56.25,1090199
20110127,0,55.89,56.1,55.47,55.73,810633
20110128,0,55.57,55.77,54.23,54.6,1081173
20110131,0,54.73,55.5,54.73,55.26,1098018
20110201,0,55.14,55.68,54.63,55.05,1343618
20110202,0,50.05,51.63,49.51,51.07,10510232
20110203,0,51.11,52.32,50.68,51.99,4180054
20110204,0,51.89,52.38,51.15,52.37,2189930
20110207,0,52.31,53.73,52.2,52.66,2945652
20110208,0,52.55,52.74,52.18,52.45,794301
20110209,0,52.27,53.6,52.2,53.39,2401449
20110210,0,53.22,53.81,53.09,53.18,1387370
20110211,0,53.04,54.45,52.93,54.25,1378212
20110214,0,54.36,54.82,53.95,54.05,1486242
20110215,0,54.03,55.19,53.88,55,2320660
20110216,0,54.94,55.08,54.64,54.98,1367385
20110217,0,54.94,55.34,54.19,54.59,1872111
20110218,0,54.49,55.11,54.26,54.6,876392
20110222,0,54.28,54.34,52.89,53.17,1378684
20110223,0,53.08,53.37,52.31,52.81,1154003
20110224,0,52.81,53.07,52.15,52.45,1531445
20110225,0,52.71,53.34,52.39,53.31,1066378
20110228,0,53.4,53.48,52.62,52.84,1162800
20110301,0,53.05,53.31,51.88,52.01,1073838
20110302,0,52,53.15,51.99,52.99,1170942
20110303,0,53.33,54.07,53.16,54.02,1140067
20110304,0,53.96,54.24,53.63,54.13,1172475
20110307,0,53.94,54.14,53.06,53.31,1328133
20110308,0,53.5,54.79,53.37,53.61,2671691
20110309,0,53.66,56,53.55,54.56,4924166
20110310,0,54.26,55.51,53.92,54.91,2538182
20110311,0,54.47,55.15,54.43,55.01,1607109
20110314,0,54.71,55.09,54.17,54.25,1087949
20110315,0,53.47,53.48,52.71,53.01,1246174
20110316,0,52.79,52.87,51.75,51.84,962858
20110317,0,52.46,53.31,51.85,52.06,1345370
20110318,0,52.64,52.83,51.42,51.81,1623552
20110321,0,52.25,52.79,51.94,52.14,1315828
20110322,0,52.26,52.62,51.56,51.91,782019
20110323,0,51.77,52.97,51.4,52.91,1838785
20110324,0,52.96,54.51,52.7,54.01,2438007
20110325,0,54.05,54.49,53.72,54.02,962656
20110328,0,54.14,54.72,53.89,53.98,1006589
20110329,0,54.02,54.59,53.94,54.55,792983
20110330,0,54.82,55.37,54.45,55.05,1238612
20110331,0,55.06,55.89,54.69,55.21,2010080
20110401,0,55.5,56.14,55.05,56.14,1310037
20110404,0,56.16,56.78,56.16,56.3,1447171
20110405,0,56.17,57.02,56.03,56.54,1017234
20110406,0,56.68,56.75,55.95,56.05,843334
20110407,0,55.87,56.57,55.75,56.3,728580
20110408,0,56.45,56.6,55.65,55.74,617502
20110411,0,55.9,56.23,55.71,55.83,534903
20110412,0,55.73,56.36,55.69,56.1,803902
20110413,0,56.19,56.72,56.1,56.52,1118160
20110414,0,56.32,56.34,55.62,55.7,1164126
20110415,0,55.71,56.18,55.7,56.02,1616166
20110418,0,55.44,56.16,54.66,55.97,1279318
20110419,0,55.96,56.67,55.96,56.46,771525
20110420,0,57.07,57.8,56.87,57.32,769389
20110421,0,57.38,57.8,57.13,57.78,1071623
20110425,0,57.62,58.16,57.22,58.15,915637
20110426,0,58.88,59.2,56.28,57.39,3462324
20110427,0,56.51,57.12,56.01,57.05,1791772
20110428,0,56.99,57.2,56.82,57.07,1252445
20110429,0,56.97,57.02,56.5,56.73,1589659
20110502,0,57,57.25,56.79,56.99,1102667
20110503,0,56.85,57.19,56.61,56.91,714354
20110504,0,56.45,56.62,55.41,55.85,1550455
20110505,0,55.51,56.43,55.51,55.91,939113
20110506,0,56.53,56.74,56.24,56.5,1028398
20110509,0,56.46,56.88,56.13,56.77,714425
20110510,0,56.9,57.13,56.29,56.93,534370
20110511,0,56.38,56.54,55.74,55.93,1196187
20110512,0,55.94,56.43,55.74,56.18,1113936
20110513,0,56.23,56.57,55.42,55.48,1460494
20110516,0,55.37,55.61,54.9,54.95,1287618
20110517,0,54.96,54.96,54.26,54.56,1210395
20110518,0,54.5,55.42,54.33,55.07,924878
20110519,0,55.17,55.32,54.44,54.56,900466
20110520,0,54.59,55.25,54.33,55.05,1753162
20110523,0,54.54,54.67,53.9,53.99,1830167
20110524,0,54.07,54.49,53.74,54.06,1985214
20110525,0,53.86,54.43,53.86,54.21,865722
20110526,0,54.17,54.74,54.04,54.62,824986
20110527,0,54.81,55.09,54.73,55.01,719619
20110531,0,55.53,55.61,55,55.25,681927
20110601,0,55.26,55.75,54.83,54.91,904158
20110602,0,54.89,54.89,54.13,54.3,1659355
20110603,0,53.75,54.02,53.66,53.91,979231
20110606,0,53.76,53.91,53.62,53.87,1248518
20110607,0,54.05,54.44,53.8,54.32,2453923
20110608,0,54.07,54.07,53.53,53.68,1367891
20110609,0,53.83,54.77,53.7,54.75,1085747
20110610,0,54.44,54.61,53.99,54.03,1115638
20110613,0,54.13,54.44,53.98,54.13,576993
20110614,0,54.42,54.63,54.07,54.12,866831
20110615,0,53.56,54.13,53.42,53.83,844381
20110616,0,53.72,54.21,53.7,54.17,753875
20110617,0,54.44,54.84,53.86,54.12,1082714
20110620,0,54.04,54.97,54.04,54.85,834311
20110621,0,54.98,55.61,54.84,55.49,1040690
20110622,0,55.25,55.5,55.01,55.21,1054041
20110623,0,54.83,55.34,54.34,55.17,1566015
20110624,0,55.19,55.19,54.46,54.75,1036220
20110627,0,54.88,56.03,54.72,55.45,1452617
20110628,0,55.48,56.32,55.46,56.25,999830
20110629,0,56.39,56.43,55.92,56.24,943149
20110630,0,56.43,57,56.31,56.69,731748
20110701,0,56.86,57.12,54.75,55.67,3558376
20110705,0,55.45,55.45,53.52,54.13,3067629
20110706,0,54.14,54.25,53.84,53.9,1177354
20110707,0,54.21,54.38,54.06,54.17,999121
20110708,0,53.85,53.91,53.3,53.71,1586432
20110711,0,53.24,53.91,52.94,53.07,1034449
20110712,0,52.92,53.7,52.92,53.11,1164241
20110713,0,53.26,53.85,52.98,52.98,1240999
20110714,0,53.29,53.3,52.58,52.72,992070
20110715,0,52.98,53.43,52.12,53.4,1628420
20110718,0,53.14,53.15,52.36,52.7,816793
20110719,0,52.94,53.34,52.83,53.23,489427
20110720,0,53.26,53.27,52.38,52.56,937347
20110721,0,52.93,53.92,52.75,53.6,777528
20110722,0,53.57,53.78,52.82,52.82,973615
20110725,0,52.56,52.73,52.16,52.58,1054308
20110726,0,52.68,52.77,52.04,52.08,1058521
20110727,0,51.9,53.33,50.53,52.51,3655824
20110728,0,52.29,52.56,51.5,51.61,1143732
20110729,0,51.36,51.53,50.91,51.18,1111809
20110801,0,51.43,51.43,49.37,49.7,1420046
20110802,0,49.51,49.67,47.77,47.78,2241588
20110803,0,47.68,49.09,47.39,48.7,2228280
20110804,0,48.14,48.64,47.06,47.14,2039248
20110805,0,47.53,48.7,46.4,47.57,2190434
20110808,0,46.66,47.27,44.4,44.44,1680365
20110809,0,44.77,45.34,43.19,45.28,1747331
20110810,0,44.74,44.78,42.67,42.75,1743535
20110811,0,42.95,45.06,42.83,44.64,1014537
20110812,0,44.8,45.09,44.23,44.63,937149
20110815,0,45.11,45.41,44.73,45.39,685444
20110816,0,44.96,45.02,44.25,44.53,898233
20110817,0,45.86,46.53,44.68,44.79,989829
20110818,0,43.7,43.98,42.52,42.9,1012049
20110819,0,42.38,43.52,42.34,42.61,805003
20110822,0,43.48,43.77,42.76,42.82,767838
20110823,0,43.03,44.53,42.83,44.51,875175
20110824,0,44.41,44.86,43.77,44.7,880255
20110825,0,44.88,45.18,43.33,43.76,700924
20110826,0,43.62,44.8,42.68,44.47,588474
20110829,0,44.87,45.78,44.74,45.77,641980
20110830,0,45.7,46.15,45.24,46.02,566532
20110831,0,46.07,46.54,45.77,46.1,632457
20110901,0,46.15,47.12,46.15,46.27,867394
20110902,0,45.32,45.73,44.46,44.59,934847
20110906,0,43.26,44.29,43.2,44.28,1095410
20110907,0,44.52,46.29,44.31,45.55,2183417
20110908,0,44.69,44.91,42.97,43.32,2617676
20110909,0,42.79,42.9,41.05,41.27,1929197
20110912,0,40.9,40.93,40.08,40.58,1422569
20110913,0,40.16,40.56,39.37,39.52,2230722
20110914,0,39.76,40.07,39.1,39.68,1977744
20110915,0,40.02,40.1,39.23,39.51,1608219
20110916,0,39.87,40.17,39.22,39.44,2344673
20110919,0,38.93,39.47,38.27,38.5,1409980
20110920,0,38.56,38.91,37.81,37.86,2119225
20110921,0,37.87,38.04,36.17,36.19,1635792
20110922,0,35.32,35.86,34.45,34.47,2366269
20110923,0,34.48,37.45,34.18,37.38,2904254
20110926,0,37.56,37.74,36.5,37.27,1439894
20110927,0,38.04,39.3,37.83,38.4,1854613
20110928,0,38.3,38.44,37.58,37.66,1992595
20110929,0,38.2,38.2,36.99,37.62,1339846
20110930,0,37.33,37.63,37,37.02,1113981
20111003,0,36.7,37,35.74,35.77,1679139
20111004,0,35.23,36.71,34.85,36.7,1717151
20111005,0,36.54,37.21,36.23,37.18,1455975
20111006,0,37.07,38,36.83,37.74,1034973
20111007,0,37.92,38.24,37.19,37.23,1005625
20111010,0,38.13,38.8,37.95,38.56,1030364
20111011,0,38.3,38.94,38.22,38.33,859010
20111012,0,38.71,39.3,38.54,38.76,937334
20111013,0,38.51,38.51,37.87,38.04,864507
20111014,0,38.54,38.59,37.71,38.05,1193594
20111017,0,37.81,38,37.27,37.28,757352
20111018,0,30.52,30.74,29.03,29.39,20973876
20111019,0,29.4,30.38,28.91,29.64,7255406
20111020,0,29.6,29.71,28.04,28.68,5588524
20111021,0,28.95,29.5,28.77,29.35,2636227
20111024,0,29.4,30.64,29.4,30.63,2394152
20111025,0,30.33,30.89,30.05,30.26,2920030
20111026,0,30.71,30.72,29.01,30.01,5044931
20111027,0,31.29,32.23,30.27,31.08,2852720
20111028,0,31.05,31.85,30.84,31.74,1821625
20111031,0,31.36,31.84,31.2,31.47,1946922
20111101,0,30.58,31.56,30.4,30.95,2258056
20111102,0,31.5,31.92,31.05,31.43,1645281
20111103,0,31.56,32.2,31.4,31.95,1728632
20111104,0,31.74,31.9,31.03,31.27,1215197
20111107,0,31.17,32.17,30.9,31.98,1718685
20111108,0,32.22,33.05,32.06,32.98,1733516
20111109,0,32.16,32.42,31.28,31.4,2089559
20111110,0,31.77,32.29,31.38,31.62,1505414
20111111,0,31.96,32.49,31.96,32.38,1118384
20111114,0,32.21,32.42,31.16,31.19,1347189
20111115,0,31.21,31.66,30.64,31.29,2053786
20111116,0,31,31.72,30.88,30.98,1493405
20111117,0,31.1,31.22,30.46,30.76,1519844
20111118,0,31.1,31.2,30.78,30.89,1121481
20111121,0,30.39,30.96,29.88,30.84,1631845
20111122,0,30.79,31,30.51,30.57,1789242
20111123,0,30.32,30.61,30.14,30.21,1181195
20111125,0,29.99,30.51,29.99,30.18,445984
20111128,0,30.85,31.52,30.7,30.96,1441629
20111129,0,30.65,30.74,26.92,28.15,6601833
20111130,0,28.06,29.16,27.57,28.17,6054841
20111201,0,28.11,28.63,28.11,28.28,1886723
20111202,0,28.92,29.22,27.31,27.72,4103631
20111205,0,28.11,28.26,27.68,27.89,2002735
20111206,0,27.99,28.41,27.92,28.17,1416799
20111207,0,27.92,28.15,27.57,27.89,1712317
20111208,0,27.77,28.05,27.24,27.26,1634595
20111209,0,27.42,28.31,27.4,28.11,1181415
20111212,0,27.91,28.09,27.62,27.91,1059838
20111213,0,28.1,28.27,27.93,28.07,2783182
20111214,0,27.95,28.21,27.81,28.21,1974192
20111215,0,28.21,28.99,28.1,28.83,2523975
20111216,0,29.09,29.36,28.71,28.96,2091755
20111219,0,28.61,29.2,28.28,28.65,2730437
20111220,0,29.06,29.52,28.94,29.16,2421000
20111221,0,29.12,29.35,28.85,29.26,2123015
20111222,0,29.37,30.52,29.3,30.44,3210215
20111223,0,30.54,31.17,30.48,30.93,2198113
20111227,0,30.88,30.99,30.5,30.55,978106
20111228,0,30.55,30.68,30.01,30.13,1420730
20111229,0,30.13,30.66,29.92,30.62,1214725
20111230,0,30.51,30.63,30.25,30.39,954808
20120103,0,30.89,31.52,30.86,31.36,1576308
20120104,0,31.07,31.5,31,31.35,1834453
20120105,0,31.07,31.19,30.66,30.89,1441012
20120106,0,30.83,30.98,30.04,30.3,2279243
20120109,0,30.36,30.48,29.8,30.11,1629157
20120110,0,30.21,30.72,29.51,30.31,4068965
20120111,0,30.35,31.98,30.04,31.78,2172644
20120112,0,31.89,32.38,31.31,32.24,1739650
20120113,0,32.08,32.14,30.79,31.54,2027675
20120117,0,31.99,32.66,31.98,32.15,1722429
20120118,0,32.12,33,32.03,32.98,1075336
20120119,0,32.99,34.99,32.97,33.95,3139447
20120120,0,33.99,34.24,33.63,34.19,2066151
20120123,0,34.18,34.41,33.87,34.08,1228109
20120124,0,33.95,34.25,33.76,34,1003758
20120125,0,33.95,35.68,33.95,35.44,2075434
20120126,0,35.59,35.85,34.93,35.02,1600967
20120127,0,34.82,35.54,34.78,35.32,1837675
20120130,0,34.82,35.12,34.27,34.72,1983138
20120131,0,34.95,35.14,34.28,34.49,1344574
20120201,0,34.63,34.84,34.3,34.48,1571988
20120202,0,34.33,34.76,34.23,34.68,1321094
20120203,0,34.9,35.28,34.74,35.19,1532990
20120206,0,35.14,35.47,35.07,35.43,1157701
20120207,0,35.33,35.49,34.9,35.28,978389
20120208,0,35.27,35.55,34.42,34.75,1869575
20120209,0,34.7,34.76,33.71,34.08,2193861
20120210,0,33.81,34.08,33.65,33.73,1345557
20120213,0,34.01,34.53,33.76,34.15,1793165
20120214,0,34.39,37.7,34.31,36.29,7001720
20120215,0,36.39,36.82,36.2,36.4,2331110
20120216,0,36.44,37.99,36.28,37.98,2990900
20120217,0,37.64,37.87,36.93,37.14,1820592
20120221,0,37.14,37.44,36.69,36.88,1571215
20120222,0,36.81,36.98,36.18,36.28,1208481
20120223,0,36.33,36.5,35.95,36.36,1059069
20120224,0,36.36,36.46,35.88,36.15,1745445
20120227,0,35.99,36.46,35.6,36.41,868748
20120228,0,36.42,36.67,35.96,36.45,884171
20120229,0,36.39,36.57,35.58,35.61,1451940
20120301,0,35.66,35.92,34.8,35.46,2434063
20120302,0,35.51,35.67,34.99,35.01,992029
20120305,0,34.87,35.24,34.32,34.51,970297
20120306,0,34.16,34.32,33.78,33.94,1153806
20120307,0,33.93,34.53,33.86,34.44,1106978
20120308,0,34.67,35.46,34.56,35.25,834316
20120309,0,35.62,36,35.18,35.89,1258705
20120312,0,35.96,35.96,35.47,35.6,1004408
20120313,0,35.74,36.7,35.62,36.68,1315083
20120314,0,36.64,36.96,36.5,36.81,1222403
20120315,0,36.84,36.94,36.61,36.82,1224655
20120316,0,36.76,37.36,36.75,37.14,1375053
20120319,0,37.01,37.59,37,37.34,1085981
20120320,0,37.16,37.65,37.09,37.36,1618120
20120321,0,37.32,37.44,36.37,37.04,1305867
20120322,0,36.79,37.54,36.45,37.02,1009742
20120323,0,37,37.21,36.6,36.71,1179213
20120326,0,37,38.07,37,38.01,1245490
20120327,0,38.13,38.49,37.94,38.13,822948
20120328,0,38.07,38.36,37.53,37.81,838022
20120329,0,37.5,37.71,36.82,37.7,629955
20120330,0,37.82,38,37.24,37.37,1452618
20120402,0,37.27,37.76,37.1,37.59,1136732
20120403,0,37.6,37.7,36.6,36.85,1450833
20120404,0,36.48,36.57,35.93,36.11,1160347
20120405,0,35.8,36.55,35.8,36.16,734263
20120409,0,35.4,35.51,34.81,35.14,1591603
20120410,0,35.05,35.05,34.45,34.77,1333383
20120411,0,35.07,35.31,34.91,35.13,904282
20120412,0,35.06,35.36,34.97,35.2,861130
20120413,0,35.05,35.07,34.41,34.41,914998
20120416,0,34.58,34.64,34.1,34.47,862757
20120417,0,34.55,35.21,34.52,35,1105953
20120418,0,34.79,35.15,34.49,34.92,992615
20120419,0,34.82,34.91,34.13,34.38,1166610
20120420,0,34.45,34.54,34.25,34.44,1385009
20120423,0,34.06,34.19,33.83,34.13,887253
20120424,0,34.12,34.53,34.11,34.5,776581
20120425,0,34.77,35.09,34.69,35,1607763
20120426,0,34.95,35.19,34.86,35.1,892616
20120427,0,35.16,35.76,35.16,35.42,873983
20120430,0,35.3,35.45,35.1,35.23,1314608
20120501,0,35.03,35.68,34.35,35.45,1703680
20120502,0,35.4,35.8,35.2,35.59,922492
20120503,0,35.53,35.57,34.36,34.44,1276536
20120504,0,34.22,34.3,33.55,33.91,1247726
20120507,0,33.89,34.19,33.62,34.13,649585
20120508,0,33.82,34.11,33.53,34.1,632531
20120509,0,33.62,34.11,33.26,33.95,685268
20120510,0,34.17,34.28,33.7,33.76,575133
20120511,0,33.57,33.66,33.33,33.33,1274791
20120514,0,32.95,33.12,32.54,32.73,1027480
20120515,0,32.69,33,32.34,32.7,1127518
20120516,0,32.94,33.26,32.79,32.88,740161
20120517,0,32.88,33.11,32.58,32.58,1165520
20120518,0,32.65,32.71,31.73,31.83,1219952
20120521,0,32.04,32.73,31.91,32.63,1382082
20120522,0,32.73,33.12,32.56,32.75,1353576
20120523,0,32.44,32.5,31.45,31.95,1159609
20120524,0,31.81,32,31.4,31.95,1098188
20120525,0,32.23,32.56,31.94,32.36,654749
20120529,0,32.63,33.13,32.36,32.59,983374
20120530,0,32.23,32.26,31.76,31.91,643618
20120531,0,31.92,31.94,31.17,31.28,685182
20120601,0,30.81,31.56,30.81,31.36,1321709
20120604,0,31.43,32.03,31.4,32,1762332
20120605,0,31.96,32.34,31.82,32.12,902212
20120606,0,32.35,32.58,32.18,32.42,1104798
20120607,0,32.81,32.98,32.28,32.39,873808
20120608,0,32.27,32.82,32.06,32.74,970036
20120611,0,33.03,33.19,32.39,32.4,727139
20120612,0,32.45,32.45,31.85,32.29,928927
20120613,0,32.2,32.61,32.07,32.18,750913
20120614,0,32.24,32.52,32.09,32.32,1295347
20120615,0,32.59,33.69,32.47,33.65,1308484
20120618,0,33.43,33.88,33.43,33.72,1052258
20120619,0,33.84,34.5,33.71,34.4,932662
20120620,0,34.34,34.5,34.06,34.48,642181
20120621,0,34.48,34.52,33.33,33.55,1210304
20120622,0,33.68,34.2,33.24,34.11,655210
20120625,0,33.59,33.66,33.11,33.14,841311
20120626,0,33.22,33.32,32.88,33.22,1022785
20120627,0,33.15,33.95,33.15,33.82,619751
20120628,0,33.63,34.26,33.59,34.13,981314
20120629,0,34.93,35.25,34.72,34.92,1114629
20120702,0,35.02,35.11,34.45,34.95,942758
20120703,0,34.84,34.93,34.65,34.78,679567
20120705,0,34.63,34.83,34.39,34.49,778653
20120706,0,34.14,34.53,33.79,33.99,738195
20120709,0,34.28,34.28,33.83,34.04,900400
20120710,0,34.25,34.67,33.92,34.13,641258
20120711,0,34.11,34.74,34.11,34.63,741962
20120712,0,34.36,34.48,34.03,34.3,566258
20120713,0,34.36,35,34.02,34.08,897078
20120716,0,33.98,34.07,33.68,33.79,699049
20120717,0,33.86,34.52,33.68,34.5,550005
20120718,0,34.35,36.28,34.26,36.16,2308298
20120719,0,36.15,36.7,36.06,36.65,1039000
20120720,0,36.39,36.4,35.36,35.46,739900
20120723,0,35.01,35.01,34.12,34.36,767665
20120724,0,34.31,34.48,33.36,33.63,732887
20120725,0,33.78,34.17,33.63,34.03,771815
20120726,0,34.57,34.78,34.28,34.5,734170
20120727,0,34.8,35.2,34.56,35.03,988438
20120730,0,35.08,35.17,34.39,34.88,765013
20120731,0,34.84,35.03,34.56,34.82,690414
20120801,0,34.81,37.78,33.83,36.41,3644373
20120802,0,35.93,36.03,34.67,35.28,1374748
20120803,0,35.69,35.75,34.45,34.58,948319
20120806,0,34.62,34.76,34.2,34.58,1073581
20120807,0,34.65,34.98,34.62,34.79,444568
20120808,0,34.71,34.77,34.49,34.58,518725
20120809,0,34.39,34.79,33.99,34.34,1002312
20120810,0,34.15,34.58,33.96,34.15,930169
20120813,0,34.02,34.16,33.5,33.7,1092248
20120814,0,33.86,34.07,33.74,33.83,653662
20120815,0,33.84,34.01,33.69,33.9,719037
20120816,0,33.91,34.21,33.71,33.85,1374564
20120817,0,33.95,34.24,33.89,33.97,1558387
20120820,0,33.94,34.21,33.81,34.12,1047678
20120821,0,34.19,34.55,33.95,34.02,1006073
20120822,0,33.86,34.03,33.67,33.84,348107
20120823,0,33.74,33.89,33.3,33.35,561252
20120824,0,33.27,33.95,33.27,33.72,449534
20120827,0,33.76,34.09,33.55,33.8,420025
20120828,0,33.64,34.02,33.23,33.35,1270119
20120829,0,33.34,33.85,33.01,33.62,765010
20120830,0,33.36,33.66,33.1,33.48,635415
20120831,0,33.73,34,33.46,33.67,587304
20120904,0,33.56,34.06,33.35,33.98,988096
20120905,0,33.95,34.47,33.31,34.02,1031924
20120906,0,34.11,34.87,34.09,34.37,655869
20120907,0,34.44,35,34.35,34.93,615299
20120910,0,34.79,35,33.92,34.15,1597686
20120911,0,34.19,34.37,33.84,34.3,493051
20120912,0,34.24,34.7,34.24,34.39,419306
20120913,0,34.42,35.21,34.25,34.91,648434
20120914,0,34.78,35.18,34.41,34.6,598170
20120917,0,34.32,34.8,34.32,34.7,1022314
20120918,0,34.76,35.3,34.69,35.26,556038
20120919,0,35.37,35.43,35.05,35.11,864298
20120920,0,35.05,35.41,34.99,35.01,990587
20120921,0,35.15,35.18,34.63,34.65,836398
20120924,0,34.54,34.65,34.1,34.26,636276
20120925,0,34.34,34.36,34.01,34.17,1048939
20120926,0,34.05,34.25,33.38,33.41,852996
20120927,0,33.29,33.48,33.09,33.19,1005588
20120928,0,32.94,33.11,32.27,32.81,1155853
20121001,0,32.99,33.18,32.43,32.8,798531
20121002,0,32.87,33.64,32.85,33.64,957059
20121003,0,33.74,34.1,33.44,33.83,526374
20121004,0,33.88,34.01,33.37,33.58,522103
20121005,0,33.63,33.66,33.3,33.41,1030760
20121008,0,33.16,33.56,33.16,33.47,704694
20121009,0,33.2,33.43,32.73,32.77,764341
20121010,0,32.75,32.82,32.45,32.64,648248
20121011,0,32.82,32.93,32.63,32.72,1088152
20121012,0,32.68,32.93,32.23,32.38,683982
20121015,0,32.31,32.49,32.1,32.24,980738
20121016,0,32.45,32.62,32.24,32.5,871600
20121017,0,32.32,32.78,32.31,32.72,1370109
20121018,0,32.62,32.62,32.07,32.09,856319
20121019,0,32,32.14,31.29,31.42,1254386
20121022,0,31.27,31.63,31.07,31.49,1086906
20121023,0,30.96,31.06,30.56,30.67,885602
20121024,0,30.61,31,30.42,30.9,1607469
20121025,0,30.96,31.38,30.95,31.26,1569886
20121026,0,31.18,31.39,30.76,30.96,995756
20121031,0,30.93,30.93,30.52,30.86,1449239
20121101,0,30.91,31.22,30.82,31.08,1416070
20121102,0,31.23,31.24,30.45,30.55,1126922
20121105,0,30.27,30.83,30.2,30.58,1227886
20121106,0,30.41,30.82,30.41,30.54,3614160
20121107,0,30.29,32.55,30.03,31.4,4269826
20121108,0,31.24,31.37,29.58,29.94,2432137
20121109,0,29.86,30.14,29.62,29.96,1666131
20121112,0,30,30.13,29.88,29.95,1113523
20121113,0,29.7,29.89,29.5,29.58,1259973
20121114,0,29.09,29.87,29.09,29.27,1204184
20121115,0,29.26,29.34,28.8,28.94,1337269
20121116,0,28.82,29,28.62,28.99,2020672
20121119,0,29.18,29.6,29.18,29.54,1357727
20121120,0,29.43,29.83,29.27,29.33,1079697
20121121,0,29.32,29.42,29.19,29.25,1076387
20121123,0,29.36,29.44,29.24,29.24,592649
20121126,0,29.3,29.36,28.99,29.09,1698550
20121127,0,29.04,29.39,28.91,29.2,1376166
20121128,0,29.09,29.67,28.88,29.66,1584450
20121129,0,29.69,29.91,29.54,29.91,1060897
20121130,0,29.82,29.94,29.74,29.8,1279511
20121203,0,29.96,30.23,29.71,30.19,1590901
20121204,0,30.24,30.94,30.15,30.92,1877763
20121205,0,30.91,31.22,30.74,30.98,1380355
20121206,0,31.03,31.31,30.96,31.28,975775
20121207,0,31.32,31.6,31.1,31.56,1087181
20121210,0,31.51,32.09,31.45,32.04,1062456
20121211,0,31.54,32.06,31.38,32.05,1168056
20121212,0,32.12,32.29,31.7,31.78,778197
20121213,0,31.79,32.02,31.69,31.73,939500
20121214,0,31.67,32.02,31.66,31.84,699273
20121217,0,31.84,32.08,31.77,31.94,976774
20121218,0,31.98,32.16,31.8,32.13,832428
20121219,0,32.19,32.19,31.89,32.09,655895
20121220,0,32.06,32.37,31.97,32.31,583546
20121221,0,32.22,32.46,31.74,32.11,1109799
20121224,0,32.08,32.28,31.8,31.96,284700
20121226,0,31.96,31.99,31.27,31.34,957850
20121227,0,31.34,31.34,30.77,31.14,725678
20121228,0,31.05,31.13,30.66,30.71,497486
20121231,0,30.62,31.24,30.3,31.2,1005255
20130102,0,31.73,31.75,31.42,31.74,997354
20130103,0,31.75,32.41,31.73,32.2,688521
20130104,0,32.35,32.54,32.06,32.37,889551
20130107,0,32.27,32.61,32.16,32.53,661047
20130108,0,32.48,32.56,32.15,32.33,829802
20130109,0,32.425,34.35,32.34,34.07,2956157
20130110,0,34.16,34.3,33.84,34.01,2118343
20130111,0,34.15,34.19,33.95,34.1,1375934
20130114,0,34.07,34.41,33.86,34.36,1151181
20130115,0,34.24,34.87,34.22,34.74,1212634
20130116,0,34.63,35.4,34.55,34.92,1935309
20130117,0,35.04,35.18,34.83,34.9,1557782
20130118,0,34.97,34.97,34.51,34.87,1276910
20130122,0,34.75,36.01,34.75,35.99,1157884
20130123,0,35.88,36,35.21,35.21,1582881
20130124,0,35.38,35.55,34.9,35,2686010
20130125,0,35.15,35.19,34.98,35.07,2073607
20130128,0,35.01,35.1,34.03,34.4,1849518
20130129,0,34.37,34.51,34.21,34.38,2623496
20130130,0,34.44,34.77,34.29,34.315,1024611
20130131,0,34.22,34.34,34.02,34.12,758299
20130201,0,34.39,34.755,34.19,34.53,1012536
20130204,0,34.45,34.7,34.09,34.13,1126312
20130205,0,34.35,34.55,34.18,34.18,575701
20130206,0,34.16,34.52,34.08,34.33,1166350
20130207,0,34.38,34.544,33.96,34.215,691531
20130208,0,34.22,34.65,34.12,34.455,615766
20130211,0,35.5,35.6495,34.93,35.3,2538890
20130212,0,35.41,35.77,34.43,34.93,3317840
20130213,0,34.9,36.86,31.93,32.585,11745441
20130214,0,29.74,31.116,29.51,29.9,10681169
20130215,0,29.94,29.98,28.71,29.15,8146526
20130219,0,29.26,30.18,29.14,30.05,4882866
20130220,0,30.05,30.14,29.79,29.92,3241111
20130221,0,29.67,29.9,29.5,29.7,2541589
20130222,0,29.78,29.95,29.41,29.69,1378646
20130225,0,29.79,30.01,29.11,29.17,1264075
20130226,0,29.17,29.38,28.85,28.975,1300859
20130227,0,28.89,29.1,28.79,28.9675,2775802
20130228,0,29.11,29.89,29.11,29.44,1968659
20130301,0,29.23,29.72,29.19,29.421,1503086
20130304,0,29.38,29.86,29.37,29.73,1662203
20130305,0,29.21,29.72,29.07,29.19,1856476
20130306,0,29.25,29.75,29.15,29.74,2273709
20130307,0,29.79,30,29.44,29.67,1389655
20130308,0,30.02,30.48,29.63,30.11,2555371
20130311,0,30.05,30.62,29.79,30.6,1194546
20130312,0,30.7,31.02,30.54,31,1465301
20130313,0,30.96,30.96,30.59,30.76,1376415
20130314,0,30.83,31.93,30.81,31.72,1897567
20130315,0,31.86,32.52,31.68,32.23,2449305
20130318,0,32,32.04,31.39,31.55,1784266
20130319,0,31.66,31.88,31.48,31.8,808849
20130320,0,31.95,32.69,31.95,32.68,1585651
20130321,0,32.45,32.88,32.42,32.67,1338003
20130322,0,32.69,32.8,32.43,32.6,753131
20130325,0,32.66,32.79,32.31,32.61,864369
20130326,0,32.71,32.95,32.49,32.64,740967
20130327,0,32.44,32.66,31.99,32.61,1018181
20130328,0,32.58,32.88,32.3,32.81,960096
20130401,0,32.75,32.8,31.91,32,1651620
20130402,0,32.25,32.36,31.49,31.66,1544043
20130403,0,31.6,31.62,30.82,30.97,2328102
20130404,0,30.97,31.2,30.58,30.64,1658885
20130405,0,30.36,30.88,30.19,30.66,1808563
20130408,0,30.66,30.82,30.44,30.56,926458
20130409,0,30.67,30.91,30.6,30.67,720855
20130410,0,30.54,30.86,30.47,30.79,1086720
20130411,0,30.82,31.75,30.8,31.66,1194847
20130412,0,31.51,31.65,31.34,31.58,944779
20130415,0,31.55,31.82,31.23,31.35,1018901
20130416,0,31.46,31.62,31.13,31.6,793546
20130417,0,31.43,31.46,30.98,31.32,826938
20130418,0,31.23,31.45,31.02,31.18,1062195
20130419,0,31.265,31.45,30.86,31.18,1145741
20130422,0,31.27,31.36,30.95,30.98,725997
20130423,0,31,31.8,31,31.6,780492
20130424,0,31.65,31.84,31.45,31.72,736936
20130425,0,31.78,33.9,31.7,32.86,3719676
20130426,0,32.83,32.92,32.26,32.66,1164289
20130429,0,32.6,33.5,32.4,33.41,1387854
20130430,0,33.44,33.44,32.88,33.15,1722195
20130501,0,33,33.12,32,32.08,2956312
20130502,0,31.02,32.05,30.96,31.97,3051313
20130503,0,32.18,33.38,32.18,33,1713042
20130506,0,32.94,33.01,32.46,32.66,994949
20130507,0,32.76,32.87,32.42,32.77,1682174
20130508,0,32.77,33.61,32.73,33.6,1554622
20130509,0,33.52,34.82,33.52,34.52,1510400
20130510,0,34.52,34.75,34.42,34.61,841140
20130513,0,34.67,34.7,34.19,34.29,1135880
20130514,0,34.19,34.46,34.02,34.28,1579011
20130515,0,34.25,34.51,34,34.43,1002616
20130516,0,34.29,36.02,34.29,35.69,1845538
20130517,0,35.92,36.2,35.45,35.74,1294565
20130520,0,35.73,36.22,35.54,36.06,1984978
20130521,0,36.01,36.23,35.86,35.93,848996
20130522,0,36,36.4,35.14,35.42,837776
20130523,0,35.12,35.32,34.93,35.17,650732
20130524,0,34.97,35.32,34.72,35.08,498745
20130528,0,35.35,35.83,35.23,35.35,769450
20130529,0,35.08,35.09,34.2,34.71,800939
20130530,0,34.64,35.24,34.33,35.05,1215041
20130531,0,34.92,35.34,34.7,34.72,984486
20130603,0,34.79,35.3,34.46,35.28,837100
20130604,0,35.23,35.54,34.17,34.45,698475
20130605,0,34.36,35.19,34.16,34.5,596858
20130606,0,34.55,35.01,34.29,35,455635
20130607,0,35.17,36.17,35.17,35.85,843894
20130610,0,35.91,36.41,35.57,36.39,741060
20130611,0,36.02,36.31,35.68,36.08,445396
20130612,0,36.23,36.35,34.62,35.24,1706773
20130613,0,35.15,36.56,34.84,36.46,858610
20130614,0,36.49,36.7,36.17,36.23,389645
20130617,0,36.55,36.73,36.07,36.39,482016
20130618,0,36.46,36.6,36.15,36.54,316644
20130619,0,36.62,36.62,35.83,35.88,478070
20130620,0,35.56,35.6,34.31,34.54,836056
20130621,0,34.76,35.25,34.52,34.78,934359
20130624,0,34.53,34.93,34.09,34.6,464568
20130625,0,34.92,35.05,34.46,34.68,428511
20130626,0,34.99,35.67,34.87,35.27,1173269
20130627,0,35.54,36.49,35.49,36.15,1497527
20130628,0,36.19,38.7,36.1,38.31,2443795
20130701,0,38.27,39.38,38.06,39.08,1382586
20130702,0,38.98,39.23,38.33,38.58,923344
20130703,0,38.4,38.81,38.13,38.58,612909
20130705,0,38.85,39,38.24,38.94,636589
20130708,0,39.02,39.09,38.44,38.47,1121074
20130709,0,38.79,39.46,38.5,39.45,1222813
20130710,0,39.41,39.53,38.95,39.41,2253642
20130711,0,39.89,39.95,39.36,39.62,1225092
20130712,0,39.64,39.83,39.39,39.65,1841923
20130715,0,39.66,39.8,39.45,39.57,566219
20130716,0,39.62,39.72,39.1,39.19,600514
20130717,0,39.28,39.71,39.16,39.45,528775
20130718,0,39.52,39.75,39.36,39.42,601151
20130719,0,39.39,39.82,39.31,39.79,1059814
20130722,0,39.79,40,39.71,39.77,685775
20130723,0,39.85,39.93,39.4,39.49,590774
20130724,0,39.72,39.93,39.41,39.53,444547
20130725,0,39.35,39.92,39.24,39.81,513306
20130726,0,39.59,39.93,39.33,39.89,487694
20130729,0,39.7,39.9,39.25,39.28,509409
20130730,0,39.48,39.87,39.3,39.74,730967
20130731,0,39.9,41.35,39.31,40.68,1907759
20130801,0,41.05,42.6,41.01,42.04,1378957
20130802,0,41.71,42.11,41.58,41.62,624541
20130805,0,41.39,41.77,41.39,41.51,755937
20130806,0,41.4,41.64,40.98,41.16,685845
20130807,0,41.07,41.43,40.74,40.86,841933
20130808,0,41.04,41.3,40.8,41.24,986455
20130809,0,41.25,41.37,41.12,41.21,848885
