20080616,0,41.1449,41.1544,40.9055,41.1449,56748.386
20080701,0,36.6477,39.4513,36.4467,37.8246,1205541.976
20080702,0,38.1308,40.9248,37.327,39.9584,1069719.219
20080703,0,40.2837,40.3316,39.2408,39.7096,768585.878
20080707,0,39.3556,40.3699,38.4179,38.4561,1476846.303
20080708,0,37.6907,39.4513,37.6907,38.8485,717931.397
20080709,0,38.1787,39.2982,38.1787,38.3413,559028.353
20080710,0,38.2648,39.2312,38.1787,38.9633,1080558.631
20080711,0,38.1787,38.9537,37.662,38.4179,731873.122999999
20080714,0,38.3987,39.7479,38.303,39.2503,837972.172
20080715,0,38.8485,39.1834,38.2743,38.6284,800795.715999999
20080716,0,39.8149,40.0254,37.882,38.3126,725334.989999999
20080717,0,38.5136,40.1211,38.3987,39.8819,1051775.057
20080718,0,40.1115,40.1115,38.2456,38.2935,831614.841999998
20080721,0,37.9203,38.3892,36.4563,36.6477,836396.374
20080722,0,37.3175,37.9681,37.0974,37.4132,685325.966
20080723,0,38.1787,38.7528,36.8391,38.3987,575042
20080724,0,38.4657,39.2982,37.3079,39.1546,1125647
20080725,0,38.6571,39.5183,38.6571,38.8963,771066.038999999
20080728,0,40.5134,40.5134,37.8342,38.37,686428.659999999
20080729,0,38.5327,39.2695,38.3126,38.9059,236369.397
20080730,0,39.3269,39.9967,38.3126,38.8197,708501.863
20080731,0,38.2648,39.6905,38.2648,38.7432,572338.442
20080801,0,38.5327,38.7049,38.2648,38.37,422037.230000001
20080804,0,38.2456,39.3365,38.0351,39.0781,539734.937
20080805,0,39.5183,41.0492,39.1355,40.7048,598573.261
20080806,0,40.7143,41.2884,40.1306,40.6186,259870.244
20080807,0,41.0971,41.0971,39.0781,39.1642,484485.984
20080808,0,38.9154,39.4417,38.0351,39.3939,598604.775
20080811,0,39.346,40.5325,39.346,39.7096,288360.357
20080812,0,39.7096,40.5325,39.7096,40.2933,329030.957
20080813,0,40.6186,40.7048,40.2072,40.4655,591734.378
20080814,0,39.6618,41.4224,39.6618,41.0205,424287.483
20080815,0,41.0397,41.3267,40.6856,40.9057,324182.749
20080818,0,41.0971,41.1353,39.1929,40.0158,514753.263
20080819,0,39.9488,40.4273,39.0781,39.6044,464696.83
20080820,0,39.1068,40.5708,39.0398,39.9967,314636.9
20080821,0,39.279,40.5325,39.0685,39.9393,381050.088
20080822,0,40.2837,41.1353,39.3843,40.1689,525424.629
20080825,0,39.3843,39.7001,39.1164,39.279,341594.909
20080826,0,39.2982,40.0637,38.9537,39.9106,311000.047
20080827,0,39.8482,40.0207,39.3305,39.5127,196471.872
20080828,0,39.4935,40.3658,39.3018,39.8002,370357.130999999
20080829,0,39.1292,39.7811,39.1292,39.551,224474.725
20080902,0,41.2189,41.2189,39.4839,39.7236,409253.236999999
20080903,0,39.4935,40.2316,38.8896,39.7523,360378.824999999
20080904,0,39.0334,39.6948,38.6691,38.6691,532338.522999999
20080905,0,38.5924,39.2922,37.8064,38.5637,542957.117999999
20080908,0,37.931,39.0813,37.931,38.8225,532722.324999999
20080909,0,42.4076,42.4076,37.8927,37.9694,955249.396999999
20080910,0,37.9023,38.6883,36.426,37.8735,1104974.853
20080911,0,39.1101,39.7811,37.8543,39.273,1229062.536
20080912,0,38.2473,39.6181,38.0077,39.1292,657314.841999999
20080915,0,38.5349,38.7746,37.6818,38.3528,800606.936999999
20080916,0,37.097,39.9632,36.7232,39.3401,724374.546999999
20080917,0,38.7746,39.3401,38.0269,38.094,659294.755
20080918,0,37.8639,41.2477,36.6082,39.6565,1539084.773
20080919,0,43.1169,43.1169,39.2059,40.0686,770353.144999999
20080922,0,40.2604,40.941,37.653,38.5253,586022.955
20080923,0,38.3911,39.158,37.7968,38.2282,671795.677
20080924,0,38.324,38.4486,37.2313,37.8735,793672.808
20080925,0,37.8639,39.6852,36.6944,38.6212,1075229.795
20080926,0,38.6212,38.6212,37.2121,37.2792,668494.975
20080929,0,37.5572,37.5955,33.4353,34.7102,1003977.52
20080930,0,33.9433,35.5154,33.5982,34.6239,670657.56
20081001,0,35.0553,35.5633,34.1255,35.3141,665182.708999999
20081002,0,33.5791,35.5058,33.5791,34.854,549909.151999999
20081003,0,34.1255,35.5537,33.7324,34.2692,968109.033999999
20081006,0,34.1255,34.4034,31.173,33.186,1047938.348
20081007,0,32.9272,34.1063,31.4989,32.3425,606180.898
20081008,0,31.2785,35.6017,30.4924,31.1634,939963.952999999
20081009,0,31.7002,32.8889,27.2237,27.6646,1092108.083
20081010,0,26.6006,28.767,23.3894,26.4281,1807328.409
20081013,0,25.1244,29.1888,24.741,28.7382,771105.110999999
20081014,0,28.7957,31.3552,28.2398,28.7478,1113767.267
20081015,0,28.3836,29.9652,27.1757,27.5784,783457.701999999
20081016,0,27.5208,27.6454,25.7666,26.869,830281.095999999
20081017,0,25.8433,27.6742,25.8433,27.5112,876929.353
20081020,0,27.1662,28.5369,27.1662,28.1727,577666.825
20081021,0,27.9139,28.9683,27.5688,28.2494,642132.083
20081022,0,26.4376,26.8882,24.4438,25.5078,1266863.237
20081023,0,25.6516,25.9392,22.5841,23.4852,990769.507
20081024,0,22.0473,22.795,21.1463,22.4116,1413305.197
20081027,0,21.9611,22.0378,20.3698,20.6286,1201674.562
20081028,0,21.5872,24.9998,20.0343,24.8943,1239194.5
20081029,0,24.8272,27.6838,24.1083,25.7379,1685579.229
20081030,0,26.361,27.1566,25.1436,25.8912,757674.855999999
20081031,0,25.6516,27.7988,25.6228,27.3004,1067547.798
20081103,0,27.2237,27.6646,26.8882,27.3291,687982.087
20081104,0,27.9618,27.9618,26.8594,27.4537,757292.815
20081105,0,26.7923,27.3195,25.757,25.9008,474043.841999999
20081106,0,25.6516,26.1405,23.4085,23.7057,761397.04
20081107,0,23.9453,24.3192,23.121,24.0124,678528.486
20081110,0,24.4917,24.5876,22.9292,23.7536,697137.290999999
20081111,0,23.4277,23.7728,22.8046,23.3989,554418.98
20081112,0,22.8909,23.9645,22.4883,22.5458,973816.353999999
20081113,0,22.2007,24.3192,21.3668,24.3192,745845.985000001
20081114,0,23.9645,25.8817,23.9645,24.8656,753013.836999999
20081117,0,24.5013,24.7122,22.5554,22.8621,711866.519
20081118,0,22.7471,24.415,22.009,22.6704,621683.034
20081119,0,23.1018,24.3959,23.1018,23.3894,1098304.658
20081120,0,23.1305,23.5523,20.9929,21.501,1116045.514
20081121,0,21.2613,23.6673,21.2613,23.629,1081478.657
20081124,0,23.9645,24.7218,23.2839,24.2617,905456.164
20081125,0,25.0544,25.737,23.5642,24.2372,701526.069000001
20081126,0,23.9584,25.4774,23.9488,24.939,458983.087
20081128,0,25.3044,26.7177,25.2371,26.7177,458778.211
20081201,0,26.0062,26.0062,23.5546,23.9488,672276.444
20081202,0,23.8046,24.6122,23.2854,23.8623,530012.989000001
20081203,0,23.17,23.8142,22.0933,23.0739,875878.947000001
20081204,0,23.2085,24.0257,22.4105,23.122,607168.074000001
20081205,0,22.8239,22.9681,21.6029,22.6989,600963.729000001
20081208,0,23.6892,24.4006,22.7182,23.9488,1164157.066
20081209,0,22.9778,23.9584,22.5932,23.1412,829201.420000001
20081210,0,23.5834,24.1122,22.6413,22.8432,689151.836000001
20081211,0,22.574,22.574,21.1511,21.5164,1023197.695
20081212,0,21.2184,22.0933,20.0647,20.5742,1325441.527
20081215,0,20.6704,21.1415,19.5647,19.9493,883116.456
20081216,0,20.6704,21.0742,19.9493,20.2281,1611262.883
20081217,0,20.2473,20.555,19.7666,19.8147,724636.919000001
20081218,0,20.0262,20.3435,19.4974,19.6897,2086519.536
20081219,0,20.3339,20.7184,19.8916,20.305,985225.456000001
20081222,0,20.6608,20.853,19.3436,19.8051,659521.270000001
20081223,0,19.5167,20.0647,19.2283,19.9493,1174973.527
20081224,0,20.4012,20.4012,19.5936,20.0647,265841.161
20081226,0,20.2762,20.5742,19.6801,20.4396,369096.564000001
20081229,0,20.3627,20.4204,19.4974,20.0839,485394.158
20081230,0,19.9974,21.228,19.9974,21.2184,515093.154
20081231,0,21.0934,21.7375,20.8723,21.2857,762903.504000001
20090102,0,21.1511,23.1316,20.853,22.7278,481769.331
20090105,0,22.5932,23.0162,22.0452,23.0066,764820.484000001
20090106,0,23.6796,23.7469,22.574,23.4008,1129279.392
20090107,0,22.9681,23.3623,22.3432,22.7855,866901.616000001
20090108,0,22.6028,23.5546,20.0166,22.4394,2879347.842
20090109,0,22.6028,22.8335,21.4395,22.2471,632688.996
20090112,0,22.4009,22.8143,21.6222,22.7566,1000166.944
20090113,0,22.9681,23.5065,22.4874,22.6028,1454534.771
20090114,0,22.0452,22.4778,20.9492,21.6126,864058.102000001
20090115,0,21.4972,21.8337,20.305,21.4395,907345.128000001
20090116,0,21.7375,22.0933,20.5935,21.6414,691878.862000001
20090120,0,21.6126,22.6701,20.4877,20.6127,1070382.515
20090121,0,21.0453,21.7183,20.5646,21.5741,836564.846000001
20090122,0,21.4491,21.8721,20.5358,20.6511,1121603.084
20090123,0,20.1224,21.6029,20.1224,21.4683,1169602.118
20090126,0,21.478,22.2279,21.3818,21.6029,1475724.575
20090127,0,21.6414,22.3144,21.5356,21.9202,994772.971000001
20090128,0,22.4586,23.1989,22.2279,22.9201,788248.702000001
20090129,0,22.5932,22.7374,21.9394,22.2663,501532.937
20090130,0,22.4298,22.4298,20.2954,20.5454,1017671.318
20090202,0,20.2954,21.1318,19.8916,20.4781,1051566.1474
20090203,0,20.8434,21.3241,20.0551,21.1799,626722.661000001
20090204,0,21.0934,21.1511,19.8147,19.9397,1144434
20090205,0,19.6609,21.4876,19.0456,20.68,1821636
20090206,0,20.5742,21.8529,20.0935,21.3722,1168398.603
20090209,0,21.353,21.401,20.805,21.1607,740285.755000001
20090210,0,20.9011,21.6318,20.5358,20.7857,1145066.264
20090211,0,20.8723,21.0165,20.2858,20.6608,509474.355000001
20090212,0,20.2185,20.93,20.0455,20.8627,760078.625000002
20090213,0,20.6415,21.1415,20.3916,20.6992,697430.191000001
20090217,0,19.7763,20.1993,19.4974,19.8243,1046376.138
20090218,0,19.9974,20.4012,19.4301,20.3146,1142365.95
20090219,0,20.3339,20.6511,19.459,19.6801,909491.090000001
20090220,0,19.2763,20.132,18.9494,19.6897,1039345.819
20090223,0,19.8532,20.0935,19.209,19.3052,596026.209
20090224,0,19.3148,20.43,19.161,20.18,941751.797000001
20090225,0,20.0591,20.638,19.3451,20.1459,831781.504
20090226,0,20.1652,20.638,19.6152,19.8275,899440.141999999
20090227,0,19.2679,19.8468,18.9302,19.3161,984995.939999998
20090302,0,18.8337,19.0942,18.3513,18.5346,795675.044999999
20090303,0,18.7372,18.9592,18.1873,18.2741,1242062.992
20090304,0,18.5346,19.1328,18.2838,18.7758,755661.254999999
20090305,0,18.3706,18.6986,17.5408,17.8303,1061733.74
20090306,0,17.9943,18.4864,17.4636,18.3706,1267593.465
20090309,0,18.0136,18.7758,17.8399,18.004,1055119.337
20090310,0,18.1583,19.2004,18.0329,19.1714,1109397.593
20090311,0,19.374,19.4995,18.9399,19.239,782333.911999999
20090312,0,19.1232,19.8275,18.6408,19.7696,743936.997
20090313,0,19.9143,20.4643,19.731,20.0687,1037626.351
20090316,0,20.3003,20.7345,19.8951,20.0012,480763.348
20090317,0,19.8082,20.6959,19.7793,20.6573,557280.579999999
20090318,0,20.5704,21.2072,20.0205,20.8888,648498.703
20090319,0,21.159,21.2072,20.1652,20.6187,480590.436000001
20090320,0,20.7827,21.0432,20.0301,20.2906,548245.819999999
20090323,0,20.6766,21.5835,20.5126,21.5063,505797.612000001
20090324,0,21.1397,21.6511,20.8599,21.1301,658144.718
20090325,0,21.352,21.873,20.6573,21.4002,599714.408
20090326,0,21.516,22.8957,21.4195,22.3554,915648.937
20090327,0,22.1142,22.6834,21.4292,22.2782,638671.026
20090330,0,22.0467,22.0467,20.9274,21.1301,628952.341
20090331,0,21.4195,22.037,20.995,21.6511,506180.066
20090401,0,21.3906,23.0115,21.2265,22.7703,673219.816000001
20090402,0,23.3395,25.3947,23.0018,25.1631,1331889.056
20090403,0,25.0666,25.1824,24.0246,24.3912,853919.766999999
20090406,0,24.3044,24.5456,23.5904,24.2465,1040267.368
20090407,0,23.6676,23.8316,22.8282,23.1755,764325.773999998
20090408,0,23.4264,24.1211,23.4264,24.0149,713718.542999999
20090409,0,24.9315,25.4525,24.5745,24.9219,948014.953999998
20090413,0,24.6517,26.0507,24.3237,25.7323,633103.346
20090414,0,25.5587,25.935,25.0377,25.3464,671026.768
20090415,0,25.2499,25.4429,24.5842,24.7965,1146863.07
20090416,0,24.8929,26.4753,24.671,26.2341,849435.064999999
20090417,0,26.07,26.5911,25.4815,26.3016,715606.037999999
20090420,0,25.8578,26.4656,24.7675,25.1534,342912.978
20090421,0,24.9412,25.6069,24.9026,25.5587,682619.116
20090422,0,25.2306,25.5683,24.9701,25.2982,745426.326999999
20090423,0,25.3947,25.5201,24.5938,25.0377,633453.644
20090424,0,25.385,25.5683,24.9894,25.3368,568868.045
20090427,0,24.9894,25.4911,24.7386,24.9701,556273.179
20090428,0,24.7868,25.6069,24.7386,25.1149,925184.966999999
20090429,0,25.3754,26.1569,25.3754,26.0604,948612.905999998
20090430,0,26.6875,27.2472,26.2823,26.5139,873866.99
20090501,0,26.5428,26.8805,25.906,26.427,540010.481
20090504,0,26.7647,28.569,26.2823,28.4822,1591331.189
20090505,0,28.3278,29.0032,27.9611,28.8874,1249407.17688
20090506,0,28.6848,29.3891,28.2023,29.1961,1121982.212
20090507,0,29.6014,30.2671,28.183,28.7523,668220
20090508,0,29.9101,32.3222,27.8743,29.1865,1111786
20090511,0,27.6813,29.283,27.6813,28.7909,610182.433999999
20090512,0,29.2347,29.3023,27.2664,27.9804,1078618.69
20090513,0,27.2472,27.5655,26.3595,27.0252,820083.154
20090514,0,27.1217,27.691,26.5621,27.1989,965537.132699999
20090515,0,27.2568,27.6717,26.2823,26.5139,1183055.437
20090518,0,26.9288,27.4594,26.1665,27.4305,977289.999999999
20090519,0,27.6234,28.0673,27.3726,27.7392,629049.846999999
20090520,0,28.0576,28.3664,27.4498,27.7489,1151648.604
20090521,0,27.3243,27.3243,26.3884,26.7551,918633.708999999
20090522,0,26.8323,27.2182,26.427,26.4849,494909.91
20090526,0,26.3113,27.1989,26.0025,27.0156,659844.557999999
20090527,0,27.2621,27.2621,26.3914,26.5268,538569.053000001
20090528,0,26.5172,26.788,26.0915,26.4494,841661.766000001
20090529,0,26.7784,27.146,26.3527,26.7977,1090323.896
20090601,0,27.1944,28.2392,27.1944,28.0554,1285100.29
20090602,0,27.8909,28.6842,27.6104,28.5875,913155.907000001
20090603,0,28.1424,28.4617,27.6877,28.007,469751.48
20090604,0,28.065,28.0941,27.6104,27.7361,529429.29
20090605,0,28.0457,28.0747,27.1073,27.6297,631177.710000001
20090608,0,27.5233,27.9296,26.9235,27.6781,665906.833
20090609,0,27.8135,28.0844,27.533,27.8135,729719.488000001
20090610,0,28.1811,28.6455,27.8619,28.0941,1092727.863
20090611,0,28.1908,28.6648,28.0844,28.4423,1717653.802
20090612,0,28.3746,28.6552,28.007,28.4327,464280.17
20090615,0,28.1134,28.3069,27.8329,28.0167,650418.321000001
20090616,0,28.0844,28.2682,27.0396,27.0783,832943.419000002
20090617,0,27.0009,27.3491,26.5075,26.9041,1125392.686
20090618,0,26.8461,27.3008,26.6139,27.0879,442345.649000001
20090619,0,27.4265,27.62,26.9332,26.9622,749760.628000002
20090622,0,26.8848,27.2234,26.5075,26.7106,895468.514000002
20090623,0,26.6913,26.8848,26.3817,26.6042,842054.643000003
20090624,0,26.701,27.0396,26.4398,26.6429,584555.028
20090625,0,26.5462,27.1653,26.4301,26.7977,924881.461000001
20090626,0,26.8848,27.0396,26.4011,26.8751,476307.991999999
20090629,0,26.9235,27.2137,26.7397,26.9332,594738.500000001
20090630,0,26.8074,27.2234,26.6429,26.9718,589107.324
20090701,0,26.9622,27.4072,26.9138,26.9235,611239.124000001
20090702,0,26.5559,26.6042,26.1689,26.4881,659382.288000001
20090706,0,25.6175,26.7397,25.6175,26.5462,757558.143000002
20090707,0,26.5752,26.8171,26.1205,26.2463,739703.710000001
20090708,0,26.2269,26.5849,26.0334,26.3817,579063.039
20090709,0,26.5462,26.7106,26.2269,26.2656,580312.837000001
20090710,0,26.1205,26.3624,25.9174,26.1205,747282.576
20090713,0,26.1399,26.285,25.7722,26.1108,825382.669000001
20090714,0,26.2366,27.2137,26.2269,27.1266,620476.043000001
20090715,0,27.3975,28.2875,27.204,28.2682,648253.821
20090716,0,28.2198,28.9454,28.1521,28.8487,455920.945
20090717,0,28.8293,28.9938,28.6068,28.8874,457700.03
20090720,0,30.0483,30.0579,29.0131,29.9515,854384.210000001
20090721,0,30.0289,30.2418,29.5162,30.0289,378700.585
20090722,0,29.7774,30.2998,29.7774,30.0966,463290.056000001
20090723,0,30.2708,30.6577,29.8741,30.4256,347350.448
20090724,0,30.4062,30.6674,29.9515,30.5126,375237.745
20090727,0,30.4062,30.5513,29.8451,30.4449,352740.971999999
20090728,0,30.4256,30.9576,30.3869,30.6771,542822.660000001
20090729,0,30.619,30.9576,30.4836,30.8319,337557.384999999
20090730,0,30.9093,31.7896,30.8996,31.5188,537346.299
20090731,0,31.6348,31.7606,31.0834,31.2866,658009.62
20090803,0,31.3446,31.8187,31.2672,31.5188,543475.934
20090804,0,31.6348,31.9831,31.3833,31.9734,693603.137000001
20090805,0,31.9154,32.196,30.9963,31.6832,686437
20090806,0,31.6348,32.1476,31.2382,31.9734,707565
20090807,0,32.3991,33.0473,32.225,32.9022,670539.830000001
20090810,0,32.7764,33.2021,32.699,32.9409,684143.878000001
20090811,0,33.0473,33.3569,32.7667,33.1053,492558.323
20090812,0,32.9989,33.2021,32.7474,32.9312,981243.476
20090813,0,32.9215,33.1053,32.4765,32.9118,343939.290999999
20090814,0,33.0086,33.0763,32.0025,32.3411,332249.522
20090817,0,32.0702,32.0702,31.3349,31.422,408900.34
20090818,0,31.4897,31.7703,31.3253,31.6735,390451.335
20090819,0,31.4994,32.1186,31.4317,31.9154,481989.1
20090820,0,31.9638,32.1476,31.5865,31.9734,380089.828
20090821,0,32.0218,32.6506,31.5478,32.5249,562499.581000002
20090824,0,32.6313,32.9602,32.3217,32.3894,364789.414
20090825,0,32.67,32.9118,32.1476,32.3314,529565.859000001
20090826,0,32.1476,32.7764,31.9831,32.3604,502142.514000001
20090827,0,32.3651,32.3845,31.4537,31.987,555910.755000001
20090828,0,32.1421,32.2682,31.6088,31.7252,469516.045000001
20090831,0,31.5895,31.8028,31.2404,31.4925,1206309.15
20090901,0,31.1434,31.8997,30.9204,31.4731,1309492.134
20090902,0,31.2598,32.0452,31.0562,31.7252,1104896.985
20090903,0,31.8028,32.113,31.2598,31.7543,745344.096000001
20090904,0,31.5604,32.5009,31.541,32.4233,1300866.114
20090908,0,32.5494,33.0729,32.2003,32.8693,1286046.54
20090909,0,33.1505,33.7129,32.6754,33.3347,1059507.013
20090910,0,33.6644,33.742,33.199,33.6353,706274.285
20090911,0,33.5286,34.4885,33.4996,34.4498,1854717.491
20090914,0,34.2849,34.7794,34.1783,34.7406,796270.622000001
20090915,0,34.9055,35.0606,34.2365,34.4498,1477845.345
20090916,0,34.3819,35.5842,34.314,35.2545,738171.172
20090917,0,35.4291,36.2435,35.303,35.4291,671440.165000001
20090918,0,35.5842,36.3017,35.4775,36.1466,860179.722
20090921,0,35.9235,36.0593,35.303,35.8751,810984.885000001
20090922,0,35.8751,36.3987,35.8751,36.2144,635575.812000001
20090923,0,36.069,36.612,35.9914,36.0496,909142.242000001
20090924,0,36.1659,36.2435,35.3709,35.5842,771722.245
20090925,0,35.6133,35.6908,35.08,35.1285,576874.203000001
20090928,0,35.3321,35.7393,35.177,35.5066,393631.831000001
20090929,0,35.749,36.1078,35.5551,36.1078,416764.129000001
20090930,0,36.069,36.2144,35.4775,35.8751,678124.501000001
20091001,0,35.749,36.515,35.749,35.8751,1244324.089
20091002,0,35.6424,36.0205,35.08,35.2836,818517.02
20091005,0,35.2739,35.7393,34.9055,35.6036,685853.437000001
20091006,0,35.7102,36.4762,35.6133,36.2338,504509.898000001
20091007,0,36.1175,36.9028,36.0496,36.6023,648844.205000001
20091008,0,36.8156,37.0774,36.5053,36.5538,628590.324000001
20091009,0,36.6701,37.0095,36.0981,36.2144,744732.430000001
20091012,0,36.4083,36.835,36.1853,36.4471,521359.277000001
20091013,0,36.4471,36.8447,36.0884,36.6023,829074.045000001
20091014,0,36.9028,37.3489,36.5344,37.3101,1059115.0978
20091015,0,37.1937,37.4458,36.7962,37.1355,728848.741000001
20091016,0,37.1355,38.4833,37.0095,38.4348,1086064.368
20091019,0,38.6578,39.065,38.5318,38.7742,806975.804999999
20091020,0,38.6966,38.9196,38.3475,38.4348,801654.099000001
20091021,0,38.3281,38.8614,37.6009,37.7076,919771.264000001
20091022,0,37.7949,38.493,37.3585,38.3088,798882.926
20091023,0,38.619,38.7645,37.7367,38.0857,666933.205710001
20091026,0,38.1536,39.0263,37.6106,37.6979,601907.067000001
20091027,0,37.824,38.2894,37.5137,37.7173,515711.509000001
20091028,0,37.7658,37.8724,36.9901,37.281,1127187.588
20091029,0,37.5622,37.6106,36.7962,36.835,1067720.548
20091030,0,37.0677,37.3295,36.418,36.5926,980809.272
20091102,0,36.8447,37.1452,36.5053,36.9028,2019119.763
20091103,0,36.612,36.9901,36.4083,36.9804,1084375.872
20091104,0,37.2325,37.7367,36.9222,37.3489,1556590.902
20091105,0,37.8821,38.3185,37.5816,38.0082,1965247
20091106,0,37.9306,38.6287,37.0192,38.2797,1445859
20091109,0,38.1633,38.5415,37.9015,38.396,1153725.414
20091110,0,38.3185,39.0166,38.1924,38.8517,790509.325000001
20091111,0,39.0359,39.3947,38.8226,38.9002,531694.495000001
20091112,0,38.9778,39.2493,38.7839,38.9196,294076.042
20091113,0,39.0553,39.4723,38.7548,39.3753,375534.628000001
20091116,0,39.6759,39.8019,39.3365,39.7825,446792.079000001
20091117,0,39.705,39.705,39.0747,39.5111,321831.870000001
20091118,0,39.6274,39.6274,38.9972,39.3074,257785.581000001
20091119,0,39.1717,39.1717,38.3475,38.8517,367538.436000001
20091120,0,38.8226,39.1717,38.6772,39.0553,547181.270000001
20091123,0,39.4141,40.151,39.0166,39.162,508820.996000001
20091124,0,39.2105,39.2105,38.716,38.9293,292809.480000001
20091125,0,38.9439,39.4684,38.6039,39.381,580898.28986
20091127,0,38.7399,39.0022,38.5553,38.7982,259417.427
20091130,0,38.7107,38.7204,38.1765,38.4193,346897.439
20091201,0,38.4582,38.9439,38.1279,38.3319,512778.870000001
20091202,0,38.1959,38.565,38.1765,38.3902,882922.000000003
20091203,0,38.429,38.6039,37.7976,37.9045,722589.086000002
20091204,0,38.2153,38.6622,38.1279,38.5067,708869.877000001
20091207,0,38.5553,38.837,38.1862,38.5359,667687.418000001
20091208,0,38.2056,38.7884,37.7879,38.7593,625185.353
20091209,0,38.8467,39.2839,38.2736,39.2839,944615.632000001
20091210,0,39.1867,40.0416,39.109,39.8958,626797.586000001
20091211,0,40.0901,40.2164,39.8473,40.0901,415090.955
20091214,0,40.1776,40.1776,39.2061,39.2061,478347.48
20091215,0,39.177,39.3907,38.9633,39.2936,749053.577
20091216,0,39.313,39.8279,39.313,39.8279,601238.769000001
20091217,0,39.6919,39.8279,38.9536,39.585,729178.585000003
20091218,0,39.6141,40.3621,39.1479,40.3427,1022752.532
20091221,0,40.401,40.877,40.401,40.605,395987.85
20091222,0,40.6924,40.8575,40.3718,40.7701,474766.047
20091223,0,40.7021,40.9547,40.401,40.7701,373567.865
20091224,0,40.3427,40.673,39.0313,40.5758,148518.944
20091228,0,40.5661,40.877,40.1776,40.3621,150754.922
20091229,0,40.5661,41.0713,40.4884,41.0713,245583.938
20091230,0,40.9935,41.0518,40.6924,40.8187,245646.748
20091231,0,40.8964,41.149,40.3233,40.3233,202656.748
20100104,0,40.5078,40.7118,39.449,40.6827,1285088.411
20100105,0,40.5758,42.7032,40.5758,42.4604,1408924.681
20100106,0,42.4992,43.3346,42.4992,42.9946,1318278.542
20100107,0,42.8975,42.9655,42.3924,42.6935,614928.073000001
20100108,0,42.6935,42.7032,41.9747,42.5478,523744.2422
20100111,0,44.1603,44.6946,43.2569,44.3255,1367632.087
20100112,0,43.9078,44.5586,43.8009,44.2089,694348.707000001
20100113,0,44.4421,44.85,43.9369,44.6655,359830.135
20100114,0,44.5198,44.6655,43.8689,44.3158,451234.312000001
20100115,0,44.8792,45.598,43.5775,43.9272,669028.755000002
20100119,0,43.9369,44.9763,43.7621,44.8695,383186.818
20100120,0,44.5683,44.8889,43.9175,44.3741,726998.119000001
20100121,0,44.6072,44.6363,43.0432,43.0918,634465.764
20100122,0,42.8975,43.0432,42.4992,42.7324,1099826.93
20100125,0,43.1695,43.2666,42.5381,42.8684,372430.383000001
20100126,0,42.8295,43.1015,42.3632,42.7324,693320.236000002
20100127,0,42.6449,42.7421,41.3433,42.0912,705742.520000001
20100128,0,42.1884,42.4992,41.5181,41.8192,296395.631
20100129,0,42.0232,42.2952,41.489,41.5278,505503.892000001
20100201,0,41.5375,42.3729,41.4501,42.3244,464765.126000001
20100202,0,42.5964,42.9849,42.1301,42.9849,425430.642
20100203,0,42.6449,43.4415,42.6449,43.2861,529885.9513
20100204,0,42.9752,43.0335,41.3821,41.4501,545084.422000001
20100205,0,41.3335,41.557,40.0513,40.8964,569048.372
20100208,0,40.7604,41.7221,40.7021,40.9158,470923.201000001
20100209,0,41.1004,43.0141,41.1004,42.6352,717355
20100210,0,42.3632,42.3632,39.2547,39.4393,3351276
20100211,0,38.225,39.4199,36.9719,37.7879,1926915.515
20100212,0,37.3313,37.8365,36.8553,37.4868,1055957.827
20100216,0,37.9919,38.4679,37.6033,38.0987,599426.930000001
20100217,0,37.4673,38.5067,37.205,38.2444,1063742.132
20100218,0,38.3124,38.5747,37.9239,38.3124,600519.201000001
20100219,0,38.3027,38.8176,37.9822,38.565,505851.686
20100222,0,38.565,38.5844,38.1182,38.3804,570348.693000001
20100223,0,39.381,39.381,38.6233,39.0119,1619116.812
20100224,0,39.0751,39.4936,38.3744,38.5885,864589.996000002
20100225,0,37.9267,38.5496,37.4888,38.4523,1109401.741
20100226,0,38.608,38.861,37.9949,38.5788,581008.286000001
20100301,0,38.8221,39.445,38.7053,39.0946,583911.932
20100302,0,39.406,39.6493,38.462,38.6372,868479.061000001
20100303,0,38.7929,39.0459,38.1116,38.3063,534247.458000001
20100304,0,38.355,38.5496,38.1895,38.4328,516808.551
20100305,0,38.6372,39.8051,38.4912,39.7175,710511.191000002
20100308,0,39.844,40.4377,39.4644,39.8732,1003759.693
20100309,0,39.7175,39.7175,39.3282,39.445,628802.624000001
20100310,0,39.3185,40.1165,38.9584,40.0873,820895.992000002
20100311,0,39.9024,40.3014,39.5131,40.2722,635550.304000002
20100312,0,40.5155,40.9437,40.389,40.9243,1117116.521
20100315,0,40.8659,40.9535,40.097,40.5058,655722.337000001
20100316,0,40.5642,40.7199,40.3306,40.681,624199.382
20100317,0,40.6518,40.681,40.2041,40.3501,448374.384
20100318,0,40.3014,40.4474,39.9802,40.1652,454153.117
20100319,0,40.2528,40.6712,39.7856,40.1262,689254.389000001
20100322,0,40.1846,40.8367,39.9705,40.5836,564450.961
20100323,0,40.7588,41.3428,40.3987,41.3428,558716.492
20100324,0,41.2162,42.17,41.1189,42.1116,899576.559000002
20100325,0,42.2089,42.5301,42.0338,42.3647,710202.825000001
20100326,0,42.5593,42.9097,42.0727,42.6274,1017561.9968
20100329,0,42.9875,43.2406,42.4717,42.8902,660691.401000001
20100330,0,43.0848,43.6104,42.8026,43.4157,833372.236000001
20100331,0,43.3476,43.406,42.7929,43.1238,491928.394
20100401,0,43.3573,43.3768,42.6566,43.0167,381122.065
20100405,0,43.1822,43.5715,42.8318,43.3573,345034.938999999
20100406,0,43.3087,43.4936,43.007,43.3282,483443.337
20100407,0,43.3087,43.3476,42.1116,42.2284,756959.679000002
20100408,0,42.0727,42.4133,41.8586,42.1797,432159.389
20100409,0,42.3841,42.9097,42.0046,42.8415,404360.107
20100412,0,42.9389,42.9389,42.3647,42.5982,388177.892
20100413,0,42.569,42.6274,41.8586,42.4912,492699.026
20100414,0,42.4522,42.9389,41.771,42.9194,947540.588000002
20100415,0,42.8026,42.9389,42.2771,42.6956,461334.377
20100416,0,42.5009,42.7831,41.8975,42.2771,587291.308000001
20100419,0,42.1116,42.6274,41.8099,42.4328,551135.428
20100420,0,42.6761,43.0946,42.569,42.9778,400076.436799999
20100421,0,42.9875,43.3282,42.9097,43.1822,396393.855
20100422,0,42.9389,43.8732,42.3063,43.7272,631998.281
20100423,0,43.6493,44.0581,43.2016,44.0581,469966.389
20100426,0,44.1846,44.2041,43.4352,43.7758,448461.747
20100427,0,43.7077,43.8829,42.5496,43.0848,525866.019
20100428,0,43.1627,43.1627,42.2381,42.9389,617756.989000001
20100429,0,43.2211,43.4936,42.9486,43.4547,550009.312
20100430,0,43.5715,45.2551,43.4547,44.1651,1094370.2472
20100503,0,44.3209,45.2454,44.1943,45.226,416060.247
20100504,0,44.7977,45.2065,44.3403,44.8561,1058561.867
20100505,0,44.3598,44.8561,43.5715,44.4279,1334452
20100506,0,44.1359,45.7418,41.6834,43.5325,1609052
20100507,0,43.7077,44.2722,42.5009,42.8999,1775214.332
20100510,0,44.8269,45.4498,43.8148,44.8853,1123987.224
20100511,0,44.4279,46.024,44.389,45.732,1250077.785
20100512,0,45.8877,46.7831,45.4109,46.7247,621443.709000001
20100513,0,46.6858,46.7929,45.4985,45.6736,714103.337000001
20100514,0,45.4109,45.6834,44.4766,45.1676,546958.538000001
20100517,0,45.2746,45.5569,44.1943,45.041,605295.370000001
20100518,0,45.4401,45.878,44.8269,45.0508,791143.790000003
20100519,0,45.0605,45.0702,43.844,44.097,1023615.193
20100520,0,43.2892,43.5033,41.9267,42.1116,923242.025000002
20100521,0,41.2746,42.7539,41.2162,42.3355,1020636.028
20100524,0,42.3452,43.1724,42.0435,42.5593,861916.377000002
20100525,0,41.5958,42.9681,41.1287,42.9291,887083.019000002
20100526,0,43.3825,44.8644,43.1388,43.9187,1289056.437
20100527,0,44.6499,44.9034,44.026,44.7181,813964.894
20100528,0,44.6109,44.8644,43.7725,44.1527,449102.732
20100601,0,43.8115,44.2209,43.1778,43.1778,675242.566
20100602,0,43.5288,45.1373,43.2071,45.1081,1072569.087
20100603,0,45.4688,45.9855,45.1763,45.42,703011.727
20100604,0,44.6694,44.8449,43.4313,43.5775,804812.340000001
20100607,0,43.7627,43.9187,42.0469,42.0469,963826.44
20100608,0,42.2517,42.2809,41.1208,41.7155,1251249.776
20100609,0,41.9787,43.2071,41.9787,42.5929,1185461.027
20100610,0,43.1583,43.9285,43.1583,43.8797,646971.652000001
20100611,0,43.4215,44.1332,43.1193,44.0942,832746.712999998
20100614,0,44.2404,44.5426,43.831,43.8895,693764.483000001
20100615,0,44.1137,44.9521,44.0162,44.6206,750009.004
20100616,0,44.3672,44.5621,43.9675,44.0455,776330.838000001
20100617,0,44.2307,44.4549,43.7432,44.3867,413426.857000001
20100618,0,44.5134,44.5719,44.0552,44.1819,495830.037000001
20100621,0,44.6791,45.0398,43.558,43.792,549154.249
20100622,0,43.8407,44.1527,42.7586,42.7976,633010.936000001
20100623,0,42.8951,43.0218,42.2712,42.6221,410033.609
20100624,0,42.5734,42.6124,41.1208,41.2378,657346.066000001
20100625,0,41.3743,42.2614,40.8673,42.2127,786009.040000001
20100628,0,42.1347,42.5539,41.9884,42.0567,511377.5484
20100629,0,41.54,41.657,40.0094,40.2531,527054.171
20100630,0,40.0972,40.2531,39.249,39.3757,614406.863300001
20100701,0,39.2783,39.5122,38.3814,39.405,599701.603000001
20100702,0,39.6877,40.2531,39.3367,39.9899,732523.987000001
20100706,0,40.3994,40.5846,39.3855,39.7754,654651.4
20100707,0,39.9997,40.8673,39.6877,40.7991,435732.028000001
20100708,0,41.1793,41.501,40.5456,40.9648,365129.022
20100709,0,40.9941,41.0428,40.2921,40.5554,526349.511000001
20100712,0,40.4579,40.7893,40.1849,40.3311,316198.241
20100713,0,40.7113,41.2378,40.3994,41.0331,380764.594000001
20100714,0,40.8868,41.1793,40.5456,40.7308,321017.258
20100715,0,40.7698,40.7698,39.9704,40.4579,362857.994
20100716,0,40.2141,40.2531,39.1613,39.444,498391.5026
20100719,0,39.4927,39.9217,39.2685,39.7462,384483.991
20100720,0,39.405,40.2921,38.9955,40.2921,328776.11
20100721,0,40.3409,40.3896,39.2003,39.327,399269.363
20100722,0,39.6877,40.3604,39.678,40.0484,751718.786000001
20100723,0,39.9022,40.2336,39.5415,39.9119,1543193.321
20100726,0,40.8478,42.3394,40.7406,41.9494,917899.846
20100727,0,42.1054,42.1054,40.8478,41.189,594373.702100001
20100728,0,41.0038,41.189,40.5749,40.9941,430986.839
20100729,0,41.306,41.696,40.9648,41.384,666153.170000001
20100730,0,41.072,41.7447,40.8186,41.618,333261.644
20100802,0,42.1152,42.7683,41.5595,42.6319,368280.225
20100803,0,42.6124,43.3825,42.5246,42.7878,899822.952
20100804,0,43.0706,43.3923,42.9243,43.285,534186.327000001
20100805,0,43.0998,43.7432,42.9926,43.6263,645296.635000001
20100806,0,43.2655,43.7237,42.9243,43.7237,951682
20100809,0,42.4661,44.4354,41.6375,43.3045,1118733
20100810,0,42.8853,43.2265,42.6514,42.9731,772918.327000001
20100811,0,42.4954,42.5246,42.0079,42.2712,776574.142000001
20100812,0,41.5107,41.7642,41.0331,41.2768,608543.466000001
20100813,0,41.1988,41.1988,40.4091,40.9063,952792.284999999
20100816,0,40.6333,41.2573,40.3214,40.9551,584740.789000001
20100817,0,41.3158,41.9494,41.1793,41.4425,506859.087
20100818,0,41.501,42.0762,41.1305,41.5205,422308.949
20100819,0,41.189,41.2573,40.2824,40.5456,713610.076000001
20100820,0,40.2336,40.5651,39.405,40.3116,896913.921999997
20100823,0,40.5066,40.6431,39.5805,39.7072,320950.612
20100824,0,39.1613,39.3075,38.3716,39.0443,816644.096
20100825,0,38.8493,39.1223,38.3911,39.0735,1137379.422
20100826,0,39.1808,39.639,39.0053,39.0443,1126137.227
20100827,0,39.2934,39.8794,38.7366,39.8305,908827.562
20100830,0,39.6254,40.2408,39.4789,39.4985,906195.208
20100831,0,39.3031,39.6059,39.0199,39.1859,799716.204
20100901,0,39.6743,40.9342,39.6743,40.8659,620382.921
20100902,0,40.9928,41.3249,40.8366,41.3152,361028.49
20100903,0,41.6082,42.2235,41.4421,42.1942,408064.649
20100907,0,41.9305,42.1844,41.2859,41.4031,334543.99
20100908,0,41.6179,41.8231,41.4617,41.5593,584112.573000001
20100909,0,42.0575,42.1551,41.7254,42.0965,409800.217
20100910,0,42.0868,42.8095,41.9207,42.7119,405287.018
20100913,0,43.0537,43.5714,42.9756,43.2198,558611.813
20100914,0,43.1905,44.4211,43.1709,43.9621,879573.398
20100915,0,43.8058,44.6751,43.7863,44.4504,764170.614
20100916,0,44.2551,44.5188,43.923,44.4016,393285.659999999
20100917,0,44.6848,44.9974,44.3039,44.5774,562197.926000001
20100920,0,44.6848,45.7202,44.4504,45.3881,480188.972
20100921,0,45.5932,45.6909,44.5383,44.7141,679556.777999999
20100922,0,44.5481,44.802,44.1672,44.7337,659437.164
20100923,0,44.2941,44.929,44.1672,44.2844,505578.982
20100924,0,45.3392,45.6811,44.9388,45.4857,698035.839999999
20100927,0,45.6127,46.0913,45.1927,45.8764,651786.138
20100928,0,45.7788,46.0132,45.2123,45.9546,438241.226
20100929,0,45.8276,46.5992,45.7592,46.482,705780.07
20100930,0,46.6773,46.9801,45.8276,46.5113,936694.355
20101001,0,46.4332,46.6871,45.642,46.0327,520056.089000001
20101004,0,45.9741,46.2085,45.0853,45.476,416405.835
20101005,0,45.9057,46.6383,45.7983,46.4918,628643.1788
20101006,0,46.4625,46.6773,45.515,45.8862,666908.243
20101007,0,46.2183,46.3843,45.7397,45.7788,657836.965999999
20101008,0,45.9448,46.316,45.5346,46.1694,657908.557
20101011,0,46.1304,46.5308,46.0522,46.3843,392026.217
20101012,0,46.3746,46.7848,45.9546,46.5699,414009.99
20101013,0,46.8629,47.8592,46.7262,47.4392,673945.931
20101014,0,47.4294,47.4294,46.8434,47.1462,357515.766
20101015,0,47.5759,47.615,46.7945,47.0876,547164.196
20101018,0,47.1755,47.361,46.8141,47.2341,416740.703
20101019,0,46.6383,46.7262,46.0425,46.3355,510109.489
20101020,0,46.4918,47.5368,46.4918,47.2048,358604.039
20101021,0,47.4587,47.7615,46.8043,47.1657,525348.258
20101022,0,47.2243,47.3024,46.9997,47.1364,254903.711
20101025,0,47.4782,47.7029,47.0387,47.4978,664095.612999999
20101026,0,47.3024,48.3182,47.2438,48.0936,528075.822
20101027,0,47.7615,48.5429,47.1462,48.4843,645224.305
20101028,0,48.7382,49.2656,48.5429,48.9629,1721673.666
20101029,0,48.9043,49.7345,48.8359,49.7052,501161.18
20101101,0,49.8126,49.9786,49.1973,49.7442,1129307.664
20101102,0,50.0372,50.3889,49.4024,49.4219,438140.811
20101103,0,49.5782,50.0275,48.8945,49.3145,664451
20101104,0,50.7893,52.0981,50.7893,51.2386,1275738
20101105,0,50.8382,51.5707,50.7698,51.473,659449.484000001
20101108,0,51.3558,51.4242,50.8577,51.1409,414240.485
20101109,0,51.2386,51.3363,50.5061,50.6917,430865.555
20101110,0,50.5842,51.0237,50.3498,51.0237,382539.413
20101111,0,50.6917,51.3461,50.6428,51.1702,511138.338
20101112,0,50.8772,51.2581,50.1154,50.5744,483324.844
20101115,0,50.7405,50.9163,50.34,50.4279,568678.103
20101116,0,50.1056,50.5354,49.4805,49.8028,475693.115
20101117,0,49.8614,50.5744,49.7442,50.4963,390842.657
20101118,0,51.1702,51.727,51.0823,51.3363,418864.096
20101119,0,51.307,52.0884,51.1214,52.0884,444696.513
20101122,0,51.7758,52.0688,51.0042,51.6977,725807.566
20101123,0,51.1214,51.307,50.0665,50.5842,681134.393
20101124,0,50.8675,51.5902,50.8675,51.5414,275786.922
20101126,0,51.0768,51.3995,50.7638,51.2431,197350.451
20101129,0,50.979,51.1061,49.8933,50.4214,466858.717
20101130,0,50.0106,50.3236,49.6585,49.8933,669214.775
20101201,0,50.5682,50.666,49.9422,50.1965,1335011.577
20101202,0,50.1574,50.7247,50.1182,50.6171,892809.903
20101203,0,50.4117,51.0181,50.2649,50.979,1270012.731
20101206,0,50.8812,51.0866,50.5486,50.9594,473570.66
20101207,0,51.2137,51.8984,51.2137,51.4191,596400.678
20101208,0,51.4876,51.6832,51.1746,51.4093,429105.207
20101209,0,51.7125,51.7712,51.067,51.1941,348657.034
20101210,0,51.3115,51.4387,50.529,51.0768,262308.650000001
20101213,0,51.38,51.4387,50.3725,50.529,422614.098000001
20101214,0,50.5975,51.0768,50.5486,50.7736,210916.5
20101215,0,50.7736,51.0279,50.2063,50.2845,231964.291
20101216,0,50.353,50.4997,49.6683,50.1378,867261.684
20101217,0,50.128,50.9007,50.1084,50.9007,544148.824
20101220,0,51.1159,51.1452,50.6562,50.9692,417958.218000001
20101221,0,51.1941,51.4387,50.8616,51.38,216161.342
20101222,0,51.3311,51.8495,51.3311,51.6343,292225.539
20101223,0,51.5463,51.8201,51.3898,51.5267,443671.006
20101227,0,51.7125,51.7125,51.1746,51.3604,391960.011000001
20101228,0,51.468,51.5854,50.5388,50.8616,338173.562
20101229,0,50.9887,51.2333,50.9007,51.0181,274926.926
20101230,0,50.979,51.1061,50.6268,50.842,337621.351
20101231,0,50.7247,50.9398,50.4312,50.6562,256447.316
20110103,0,50.8616,51.0181,50.4214,50.6562,1188151.741
20110104,0,50.9007,51.0377,50.2649,50.6073,1433179.801
20110105,0,50.4997,50.7051,48.8369,49.0032,2754506.643
20110106,0,49.1988,49.3064,46.6459,47.448,2034278.227
20110107,0,47.5751,47.7316,47.0665,47.3208,558744.292
20110110,0,47.1741,47.6827,46.2254,46.509,1541421.817
20110111,0,46.7731,46.8709,46.108,46.6166,771553.199
20110112,0,47.0176,47.2132,46.5579,46.7535,774822.082999999
20110113,0,46.8611,47.3893,46.3819,46.597,1196886.93
20110114,0,46.6362,47.0274,46.4992,46.6753,1176725.131
20110118,0,46.7438,47.2328,46.6166,47.0372,726079.715999999
20110119,0,46.9589,47.3111,46.421,46.509,929467.207999998
20110120,0,46.5384,47.0763,46.2938,46.7242,847596.927999999
20110121,0,46.9492,46.9687,46.02,46.0786,757122.437
20110124,0,45.9221,46.333,45.6189,46.0297,753193.181
20110125,0,46.0297,46.0297,45.0516,45.3255,914595.708999999
20110126,0,45.4527,45.57,45.0321,45.4331,592219.148
20110127,0,45.4233,45.5407,44.8364,45.3353,1034490.555
20110128,0,45.2864,45.6287,44.856,44.9929,834253.934999999
20110131,0,45.1201,45.482,44.9734,45.4331,1392884.754
20110201,0,43.5258,46.1275,43.4378,45.8146,2200163.345
20110202,0,45.5602,46.0395,45.394,46.0102,1907676.037
20110203,0,45.883,47.5067,45.8732,47.4382,1437974.044
20110204,0,47.5458,47.6338,46.8122,47.4578,641778.15
20110207,0,48.1327,48.4848,47.7806,47.9175,1102826.568
20110208,0,48.074,48.5239,47.849,48.3674,1013923.084
20110209,0,48.3479,49.6292,48.2403,49.2477,1494794
20110210,0,48.7,49.2477,45.6092,48.7489,5610220
20110211,0,48.7098,50.8225,48.563,50.6562,1561798.962
20110214,0,50.7149,51.3898,50.6366,51.3115,941023.395999999
20110215,0,51.0572,51.7614,50.8518,51.3702,662776.778
20110216,0,51.5854,52.3972,51.2333,52.2114,715109.556
20110217,0,51.869,52.4852,51.693,52.0255,761029.848
20110218,0,51.9473,52.2309,51.5658,52.1625,607532.279
20110222,0,51.693,52.0647,51.2235,51.7419,1021489.709
20110223,0,51.7614,52.0255,49.727,50.4606,967633.961
20110224,0,50.6124,50.7789,50.1128,50.3675,824053.79
20110225,0,50.6124,50.9357,50.3871,50.8769,536732.96
20110228,0,50.9357,51.1903,50.7104,50.8769,433449.991
20110301,0,50.9846,50.9846,49.5741,49.8778,807379.636999999
20110302,0,49.8484,50.6516,49.7308,50.6418,975677.226999999
20110303,0,50.9944,52.258,50.9944,51.827,942885.264999999
20110304,0,51.6899,51.8662,50.1716,50.534,695217.953
20110307,0,50.7006,51.0042,49.3292,49.7112,709246.886
20110308,0,49.8484,50.1716,49.2998,50.0835,447464.811
20110309,0,50.0149,50.1128,49.5153,49.7602,554854.957
20110310,0,49.3292,49.5251,48.8003,49.006,580112.855
20110311,0,48.8688,49.437,48.193,48.9472,620111.583
20110314,0,48.7513,48.7513,47.4681,47.8403,922491.57
20110315,0,46.6649,47.8697,45.8617,47.811,1502970.203
20110316,0,47.6248,48.3791,47.3702,47.7326,1297466.696
20110317,0,48.2909,48.8982,48.1832,48.3693,763168.555999999
20110318,0,48.5554,48.8493,47.6444,47.7816,1650842.058
20110321,0,48.2224,49.2998,47.8599,49.2313,968066.615699998
20110322,0,49.1627,49.9169,49.0648,49.6623,950229.475999999
20110323,0,49.4664,49.7896,48.6631,49.5153,732517.215999999
20110324,0,49.6819,49.9659,49.4566,49.6133,672232.397
20110325,0,49.6525,49.721,49.2117,49.4859,495484.609999999
20110328,0,49.4174,49.5349,47.6542,47.9775,1387992.545
20110329,0,47.8795,47.9579,47.2526,47.8697,1050438.508
20110330,0,48.0558,48.8688,47.9873,48.859,734832.576
20110331,0,48.7317,49.0941,48.3399,49.0648,651602.035
20110401,0,49.388,49.9659,49.1529,49.4566,1113655.832
20110404,0,49.5055,50.0443,49.3586,49.8484,641600.041
20110405,0,49.6721,50.3088,49.3194,49.9071,1213011.091
20110406,0,50.1422,50.201,49.3978,49.9561,968260.692999997
20110407,0,49.7504,49.868,49.1921,49.4468,765967.958
20110408,0,49.7798,49.7798,48.9374,49.5055,794711.314
20110411,0,49.4859,49.4859,49.0256,49.1235,661370.003
20110412,0,48.908,49.0354,48.2615,48.3889,577200.238
20110413,0,48.8297,49.1235,48.4966,48.7807,516722.51
20110414,0,48.5554,48.7709,48.1538,48.7023,373681.534
20110415,0,48.7905,49.1627,48.5162,48.9276,780417.646999999
20110418,0,48.3007,48.5064,47.9775,48.4085,353718.008
20110419,0,48.3595,48.477,47.9579,48.1244,543918.904999999
20110420,0,48.6925,48.957,48.4574,48.5162,535004.61
20110421,0,48.7415,48.7905,48.4476,48.477,634351.074
20110425,0,48.3693,48.477,48.1342,48.2615,518848.885
20110426,0,48.4574,48.7807,48.2909,48.6729,557739.94
20110427,0,48.7611,48.9472,48.5162,48.8003,567689.619
20110428,0,48.6631,49.5349,48.6631,49.0256,1296090.601
20110429,0,49.055,50.6908,48.7317,50.3283,1302362.138
20110502,0,50.4851,51.2981,50.4655,50.8965,772957.085999999
20110503,0,50.8671,50.9944,50.0835,50.2892,559179.391
20110504,0,50.2892,50.6614,49.3684,49.9561,886305
20110505,0,48.9864,49.4664,46.038,49.0354,2665186
20110506,0,49.3978,49.9953,49.2411,49.6329,986021.006
20110509,0,49.6035,50.1422,49.2802,50.0149,565529.382
20110510,0,49.9659,50.8671,49.9659,50.7006,565210.993
20110511,0,50.6712,50.7006,49.868,50.1422,394359.9
20110512,0,50.0149,50.5732,49.6427,50.3871,642395.534
20110513,0,50.3381,50.4361,49.4076,49.77,662566.526
20110516,0,49.6231,49.7994,49.1725,49.2802,505019.935
20110517,0,49.1823,49.3194,48.7807,49.2802,431440.693
20110518,0,49.2411,50.7104,49.2411,50.6908,470352.206
20110519,0,50.9846,51.1805,50.5928,50.8573,462244.284
20110520,0,50.8867,51.2981,48.9472,48.9766,1204236.581
20110523,0,48.1832,48.477,47.5759,47.7326,1007940.809
20110524,0,48.4966,48.9178,48.2028,48.7611,893747.179999999
20110525,0,48.6436,48.7807,48.3399,48.5946,635324.897
20110526,0,48.4866,49.3798,48.3296,49.1344,571622.114
20110527,0,49.2915,49.4485,48.889,49.2326,379933.917
20110531,0,49.7233,49.7331,48.8596,49.4387,475401.038
20110601,0,49.3405,49.3405,47.564,47.5738,654008.347
20110602,0,47.7309,47.8486,47.0144,47.1125,1023687.356
20110603,0,46.4353,46.661,46.0623,46.1899,878136.468999999
20110606,0,46.2291,46.2782,45.4538,45.4734,943963.363999999
20110607,0,45.6402,45.7286,45.1004,45.2182,880696.706
20110608,0,45.1495,45.3654,44.6784,44.8452,591351.809
20110609,0,45.0611,45.6991,44.59,45.5912,767572.037
20110610,0,45.336,45.5028,45.0415,45.1495,943346.061
20110613,0,45.1887,45.4734,44.8648,44.9139,562789.629
20110614,0,45.3065,45.5715,45.1986,45.4734,451204.603
20110615,0,45.1495,45.4243,44.8158,44.9826,623978.173
20110616,0,44.9336,45.071,42.9803,43.687,1445610.697
20110617,0,44.0895,47.2008,43.9815,46.2684,3765880.15
20110620,0,46.0427,46.1114,45.3163,45.6991,980137.183999999
20110621,0,45.9445,46.9064,45.8758,46.8082,716374.382
20110622,0,46.6414,47.3383,46.4549,47.2401,922964.248
20110623,0,46.396,46.7493,46.0132,46.6512,1308839.762
20110624,0,46.6316,46.769,46.3469,46.4843,615250.702
20110627,0,46.5825,46.9456,46.2586,46.769,470275.179
20110628,0,46.8769,47.6622,46.769,47.6425,722168.522
20110629,0,47.7014,48.5553,47.6425,48.1627,813887.356999999
20110630,0,48.6633,50.0374,46.661,47.9959,4335200.889
20110701,0,48.0155,48.6633,47.9075,48.4866,1193020.227
20110705,0,48.4572,48.9676,48.3198,48.7418,943667.019999999
20110706,0,48.6633,48.7124,48.1627,48.1922,812366.277
20110707,0,48.6829,48.7811,48.1038,48.1235,902809.487
20110708,0,47.6229,47.6327,46.4942,46.5138,2085745.141
20110711,0,45.9641,46.8868,45.9445,46.3175,1299313.64
20110712,0,46.1801,46.7788,45.8954,45.9641,688690.491
20110713,0,46.3567,46.6021,46.0132,46.1801,966659.011999999
20110714,0,46.3175,46.9751,46.1114,46.8082,1371637.75
20110715,0,46.9555,47.1419,46.5825,46.8377,1056484.948
20110718,0,46.2782,46.2782,44.7078,44.7961,1862437.324
20110719,0,44.9237,45.758,44.9237,45.5323,671883.767
20110720,0,45.6304,45.9445,45.2771,45.5715,633951.531
20110721,0,45.7776,47.0536,45.7776,46.9947,714936.96
20110722,0,47.0536,47.4266,46.5923,47.3775,563482.532
20110725,0,46.8573,47.3186,46.7493,47.1125,703239.559
20110726,0,46.9751,47.3481,46.6806,47.1812,587906.184
20110727,0,46.9947,47.0144,46.1506,46.4843,788122.86
20110728,0,46.4942,46.7886,46.0525,46.1801,758579.819
20110729,0,45.5715,46.1899,45.1691,45.5617,877006.508
20110801,0,45.8856,45.9052,44.5508,45.3949,1053828.92
20110802,0,45.0219,45.1691,42.7939,42.8135,1267127.382
20110803,0,42.8822,42.9509,41.5964,42.0283,2927127.463
20110804,0,41.5375,41.5375,39.5843,39.653,2170208.107
20110805,0,39.8984,40.3303,38.6519,39.8395,1907209.088
20110808,0,38.7991,39.015,36.5515,37.0128,1890466
20110809,0,36.7478,40.9192,33.1947,40.9094,3995632
20110810,0,39.5843,40.3303,39.1623,39.2801,2180991.575
20110811,0,39.4764,42.3914,39.4175,41.4197,2431280.61
20110812,0,41.8418,42.2737,41.567,41.8909,847087.219
20110815,0,42.2638,42.627,41.616,42.205,1289004.592
20110816,0,41.724,42.0086,41.1547,41.8712,1421698.364
20110817,0,42.2148,42.5583,41.3314,41.616,1004699.606
20110818,0,40.3499,40.3597,38.5439,39.1132,3311476.794
20110819,0,38.4458,39.6138,38.0728,38.0728,1340897.429
20110822,0,39.0249,39.1623,38.0139,38.1219,688915.699
20110823,0,38.2887,39.2899,38.2887,39.2604,1290510.912
20110824,0,39.1034,39.7414,38.9365,39.4764,1544537.443
20110825,0,39.6923,39.869,38.3182,38.3967,1826020.817
20110826,0,38.1317,39.3684,37.582,38.8384,1338604.126
20110829,0,39.5271,40.9539,39.2122,40.9244,1110333.917
20110830,0,40.6587,41.7607,40.4225,41.436,868236.130000002
20110831,0,41.7509,42.4397,41.5738,42.1052,942954.031
20110901,0,42.0067,42.5971,41.6328,41.6427,755524.980000002
20110902,0,40.8063,41.131,39.8912,40.0683,777299.559000002
20110906,0,38.7202,39.5468,38.6021,39.35,1174656.339
20110907,0,39.5763,40.4422,39.3598,40.3832,1231808.857
20110908,0,40.0486,40.8456,39.8321,40.3733,1281952.488
20110909,0,39.8223,40.2848,39.5763,39.9108,2494645.426
20110912,0,39.3795,39.5468,38.0905,38.9564,1993784.269
20110913,0,39.0744,39.7534,38.5726,39.6255,1026975.519
20110914,0,39.7829,41.436,39.6353,40.9047,1070234.967
20110915,0,41.318,42.5184,41.1802,42.1839,1246347.804
20110916,0,42.4495,42.9809,41.7214,42.056,1543712.6
20110919,0,41.2491,41.9576,40.6193,41.7804,780623.766000001
20110920,0,41.8296,43.4139,41.7903,42.7251,1234520.249
20110921,0,42.6955,43.345,41.131,41.3475,1517510.361
20110922,0,39.7337,39.8321,38.6808,39.714,1796177.022
20110923,0,39.4188,40.1962,39.1236,40.0781,1200667.666
20110926,0,40.6193,40.8063,39.6255,40.6587,813631.001
20110927,0,41.4459,41.5836,39.4582,39.7042,1736120.642
20110928,0,39.6845,40.0584,38.238,38.3856,1222736.797
20110929,0,39.1138,39.5074,37.2934,37.687,1407272.186
20110930,0,37.4213,37.4705,36.5062,36.644,1465639.737
20111003,0,36.5062,36.8605,35.5616,35.6206,1952738.273
20111004,0,35.0893,36.2897,34.8728,35.8174,2443680.008
20111005,0,36.0437,37.136,35.9847,37.0573,1050011.453
20111006,0,36.9589,38.2479,36.457,38.2282,924075.555
20111007,0,38.0216,38.2577,37.0277,37.3131,2135110.23
20111010,0,37.8543,38.3955,37.3918,37.874,1338989.394
20111011,0,38.0806,39.1925,37.5984,38.3955,2525211.661
20111012,0,38.7399,38.9662,38.1889,38.2479,1918145.933
20111013,0,38.0806,40.1568,37.9429,39.8518,1296274.726
20111014,0,40.4422,41.2097,40.2356,41.1605,1039922.754
20111017,0,41.0424,41.1015,39.9797,39.9994,551474.273
20111018,0,40.0289,41.1704,39.655,40.7964,483149.737
20111019,0,40.7571,40.8161,39.714,39.8912,697348.962000001
20111020,0,40.0486,40.3832,39.4976,40.1076,636834.531000001
20111021,0,40.7866,42.2035,40.7079,42.174,1097066.622
20111024,0,42.3315,42.6857,42.0067,42.5676,842864.033000001
20111025,0,42.3019,42.3512,41.3672,41.3868,407491.955
20111026,0,41.7607,42.3019,41.0621,41.4852,744330.989000001
20111027,0,43.0104,44.1322,42.9317,43.345,1079469.847
20111028,0,43.2367,43.4827,42.7251,42.9415,713239.491
20111031,0,42.4495,42.5676,41.7706,41.8001,874471.889000001
20111101,0,40.7374,41.19,39.9305,40.334,1418464.587
20111102,0,41.0916,42.0166,40.698,41.1408,1293247
20111103,0,41.81,41.9084,37.5394,40.9736,3035467
20111104,0,40.5504,41.19,40.4028,41.0916,760893.022000001
20111107,0,41.19,41.5738,40.8948,41.4656,858646.662000002
20111108,0,41.7312,42.2626,41.1802,42.2429,789062.680000002
20111109,0,41.1704,41.2097,39.6156,39.7436,1196308.867
20111110,0,40.2749,40.3143,38.7989,38.8678,1977387.03
20111111,0,39.3992,40.5209,39.3204,40.3832,1113775.913
20111114,0,40.1372,40.2552,39.5664,39.6156,669751.466
20111115,0,39.6353,39.9994,39.1728,39.7239,1024724.516
20111116,0,39.2811,39.9207,39.0744,39.1138,787604.532
20111117,0,39.2122,39.7239,38.7596,38.8383,1801399.217
20111118,0,39.222,39.5172,38.8678,39.1827,916033.189000002
20111121,0,38.3856,38.5332,37.874,38.3856,1224867.986
20111122,0,38.1495,38.1987,37.195,38.0019,965754.592000001
20111123,0,37.4804,37.5001,36.6932,36.7817,843295.043
20111125,0,36.5456,37.5197,36.4275,36.7424,472084.611
20111128,0,38.4281,38.7536,38.1321,38.3491,935964.116000001
20111129,0,38.5366,39.1483,38.1814,38.2406,982566.64
20111130,0,39.3949,39.6021,38.9214,39.2469,1289808.794
20111201,0,39.2667,39.4739,38.8326,39.2568,781028.026
20111202,0,39.6909,40.2237,39.5626,39.8192,868484.020999999
20111205,0,40.3717,41.0031,40.1645,40.2829,729677.832
20111206,0,40.4605,40.9439,40.3914,40.865,701417.238
20111207,0,40.569,41.595,39.8784,41.3583,1309168.208
20111208,0,41.0327,41.2497,40.6183,40.786,1112781.685
20111209,0,40.9735,41.822,40.9735,41.6937,786324.969
20111212,0,41.1609,41.9798,40.7762,41.822,1299946.675
20111213,0,42.1475,42.7395,41.3484,41.595,1614649.253
20111214,0,41.3385,41.526,40.6183,40.7466,1356940.371
20111215,0,41.0425,41.595,40.7959,40.8255,646510.494
20111216,0,41.2596,41.7233,40.7663,41.23,730785.739
20111219,0,41.2793,41.6838,40.5098,40.638,775576.894
20111220,0,41.4076,42.3646,41.3484,42.0193,905755.518000001
20111221,0,42.0785,42.4139,41.8812,42.3449,459582.447
20111222,0,42.4534,42.9664,42.2067,42.483,635447.147
20111223,0,42.6704,43.0256,42.5027,42.7987,274464.883
20111227,0,42.7691,42.8086,42.2363,42.3251,463100.645
20111228,0,42.4139,42.4139,41.8614,41.9305,671579.362
20111229,0,42.1179,42.3449,41.9502,42.2659,321736.335
20111230,0,42.3449,42.3449,41.8614,41.8614,428523.384
20120103,0,42.6211,43.1341,42.5718,42.6211,779209.602
20120104,0,42.4731,42.5816,42.1278,42.4435,891095.103
20120105,0,42.2166,42.9467,41.9108,42.7592,871516.582
20120106,0,42.7691,43.3413,42.6803,43.0059,491105.986
20120109,0,43.0749,43.3512,42.9467,43.1736,327637.472
20120110,0,43.6373,44.4266,43.5189,44.2589,657178.404
20120111,0,44.0319,44.2293,43.6866,43.6965,453449.424
20120112,0,43.8149,44.0418,43.3709,43.953,261255.908
20120113,0,43.5189,43.7064,42.779,42.8776,599802.576
20120117,0,43.3512,43.588,43.1144,43.2427,616891.494
20120118,0,43.1736,44.6436,42.8086,44.4858,1120877.096
20120119,0,44.5844,45.2652,44.4858,44.5943,1123171.604
20120120,0,44.6338,45.0185,44.2391,44.4562,757229.096
20120123,0,44.3773,45.0481,44.3181,44.4858,462817.003
20120124,0,44.0418,44.8212,44.0418,44.5943,573674.402
20120125,0,44.5351,45.4526,44.5154,45.0777,370656.045
20120126,0,45.2849,45.5908,44.5943,44.6239,290317.339
20120127,0,44.5154,44.6634,43.7853,44.0319,769815.827999999
20120130,0,43.6274,43.6274,43.0355,43.3709,940890.376
20120131,0,43.6866,43.7261,42.7099,42.8086,826625.864
20120201,0,43.2427,43.4597,42.7,42.7395,1359115.545
20120202,0,42.7395,42.7395,41.8022,41.9601,1883531.028
20120203,0,42.2561,42.8678,42.0291,42.779,1444232.468
20120206,0,42.5816,43.6077,42.4139,43.144,976463.071
20120207,0,43.0453,43.884,42.9664,43.6077,689660.634
20120208,0,43.5682,44.1701,43.4992,43.7952,645492
20120209,0,42.3251,44.0714,41.3484,43.2032,5044773
20120210,0,42.7,43.1539,42.2166,42.335,1320667.149
20120213,0,42.7296,42.8974,42.2067,42.6408,870782.792
20120214,0,42.7592,42.8382,42.2955,42.5915,712955.772000001
20120215,0,42.779,42.8579,42.2955,42.5915,993858.063
20120216,0,42.6704,43.1341,42.4041,42.996,1015725.366
20120217,0,43.3216,43.6274,42.996,43.3907,1075731.217
20120221,0,43.4202,44.2194,43.292,43.6768,745200.017999999
20120222,0,43.4893,43.8642,43.3611,43.4301,728788.013
20120223,0,43.44,43.8346,43.2032,43.7557,478302.37
20120224,0,43.7458,44.6436,43.6965,44.3378,838816.377
20120227,0,43.9222,44.5355,43.8035,44.2486,607010.653
20120228,0,44.2981,44.2981,43.9914,44.2288,591260.08
20120229,0,44.3475,45.1884,44.308,44.7333,813847.501999998
20120301,0,44.8026,45.4159,44.6245,45.3665,1140524.403
20120302,0,45.2774,45.7028,45.1983,45.406,703003.658999999
20120305,0,45.2181,45.2576,44.6245,45.0103,608686.677999999
20120306,0,44.5157,44.5157,43.3979,43.566,1234556.207
20120307,0,43.6155,43.8035,43.3484,43.3979,817518.103999999
20120308,0,43.7441,44.3871,43.7243,44.2288,540184.462
20120309,0,44.3376,44.8323,44.3376,44.7531,608431.84
20120312,0,44.5256,45.0202,44.4069,44.4761,543322.146
20120313,0,45.0103,47.2955,45.0103,47.1372,2364350.912
20120314,0,47.0877,47.5725,46.2469,46.5931,1067164.664
20120315,0,46.5436,46.8206,46.2667,46.6426,590741.508
20120316,0,46.5931,47.1174,46.4348,47.0284,723231.936
20120319,0,46.9492,47.5428,46.9196,47.4241,760414.475
20120320,0,47.1273,47.3944,46.9492,47.157,820810.460999999
20120321,0,47.0976,47.9682,47.0976,47.7703,919425.751999999
20120322,0,47.3944,48.2056,47.3647,47.8692,860318.667999999
20120323,0,47.9187,48.4628,47.8198,48.3441,634657.123
20120326,0,48.6211,48.898,48.4034,48.6705,527251.349
20120327,0,48.7299,49.0167,48.5617,48.7002,626976.628
20120328,0,48.6309,48.6903,48.1462,48.3342,539089.691
20120329,0,47.9879,48.2254,47.4043,48.1462,506496.958
20120330,0,48.3144,48.8189,48.1066,48.1462,604097.284
20120402,0,47.978,49.2146,47.9187,48.898,739411.477
20120403,0,48.7892,49.0563,48.3243,48.5617,592514.566
20120404,0,48.0869,48.2451,47.4735,47.8989,712969.954
20120405,0,47.7703,48.6309,47.6813,48.4331,705273.159999999
20120409,0,47.4735,47.4735,46.9987,47.157,762189.576999999
20120410,0,47.0383,47.1075,45.1785,45.6138,1927945.981
20120411,0,46.2172,46.4447,45.9996,46.326,597954.164
20120412,0,46.4744,47.0581,46.4249,46.9789,805854.594999999
20120413,0,46.8404,47.246,46.8404,47.0482,703057.199999999
20120416,0,47.4735,47.4834,46.9295,47.4241,990422.953999999
20120417,0,47.6318,48.9574,47.3746,48.3144,1790489.138
20120418,0,48.0077,48.3441,47.8198,48.1363,596456.002
20120419,0,47.9484,48.4133,47.9088,48.1462,836340.611
20120420,0,48.3045,48.6804,48.0968,48.4133,763980.045999999
20120423,0,47.8791,48.4034,47.6615,47.9385,949068.771999999
20120424,0,47.8198,48.2649,47.4834,47.5725,653757.668999999
20120425,0,48.1957,49.0464,48.1561,48.898,543488.037999999
20120426,0,48.8585,51.1733,48.7496,50.7182,1727213.379
20120427,0,50.8073,50.9359,50.0653,50.2038,845157.445999999
20120430,0,49.9664,50.184,49.4322,49.6499,722021.48
20120501,0,49.8081,51.1931,49.8081,50.4511,1083459.057
20120502,0,50.1544,50.7182,50.1544,50.1939,1025483
20120503,0,50.5006,54.4081,50.3324,53.9234,4224053
20120504,0,53.587,54.6455,53.587,53.6464,2506540.366
20120507,0,52.5879,53.9728,51.9647,53.3991,1138049.099
20120508,0,53.0232,54.1608,52.8253,54.1113,1899673.35
20120509,0,53.5573,54.4674,52.8847,54.1707,1178595.062
20120510,0,54.4872,54.7543,53.3298,53.6068,1207786.899
20120511,0,53.4189,54.2102,53.3397,53.6167,822171.109
20120514,0,53.2606,53.5475,52.8055,52.8748,814911.074999999
20120515,0,52.9242,53.409,52.6868,52.8451,1078530.276
20120516,0,53.1814,53.4782,52.3802,52.4395,804649.56
20120517,0,52.578,52.7857,50.4314,50.6787,1401911.316
20120518,0,50.8666,51.6778,49.9763,50.2137,983030.328
20120521,0,50.4808,51.9746,50.3918,51.9152,835363.062999999
20120522,0,52.1032,53.3595,51.935,52.1328,1140118.743
20120523,0,51.4602,52.0933,50.8864,52.0042,1500202.412
20120524,0,52.4692,53.6958,52.4692,53.0825,1545700.556
20120525,0,53.1023,54.0124,53.0232,53.8343,1269779.592
20120529,0,54.221,54.8456,54.0723,54.3598,1080065.771
20120530,0,53.8145,54.2408,53.2196,54.1417,1111829.287
20120531,0,54.0029,54.7266,53.3684,54.3102,929546.102
20120601,0,53.3287,53.6559,52.942,52.9916,1069544.77
20120604,0,53.0709,53.4972,52.5157,53.4576,990971.089
20120605,0,53.1602,53.8839,52.8925,53.3485,1498895.887
20120606,0,53.7649,54.4788,53.5369,54.33,1292192.825
20120607,0,54.677,55.4305,54.5878,54.7564,1076497.313
20120608,0,54.568,56.1344,54.568,55.9361,1162142.96
20120611,0,56.5409,57.2547,55.8271,55.8568,1036080.755
20120612,0,56.0551,56.3724,55.4008,56.3327,1313366.681
20120613,0,56.1741,56.5905,55.1926,55.3512,899583.145
20120614,0,55.6387,56.0353,55.371,55.6784,1149574.916
20120615,0,55.8271,56.1245,55.5197,56.1047,951014.994999999
20120618,0,55.9659,57.0267,55.8469,56.5211,951418.755999999
20120619,0,56.7689,56.8978,55.956,56.1939,1016463.54
20120620,0,56.3129,56.878,56.1642,56.2931,807699.164
20120621,0,56.5409,56.5905,54.8951,54.9646,565162.991
20120622,0,55.381,55.8965,55.2124,55.7081,602927.827
20120625,0,55.1034,55.1628,54.6374,54.8059,385498.187
20120626,0,55.1133,55.6883,54.9249,55.2124,501621.131
20120627,0,55.4305,55.9064,55.3016,55.4999,524308.725
20120628,0,55.2223,55.6982,54.3796,55.5891,587571.965999999
20120629,0,56.6896,56.759,56.2137,56.303,825253.562
20120702,0,56.6103,57.1754,56.0551,57.0267,959846.704999998
20120703,0,56.9177,57.2052,56.4418,56.6797,512037.308
20120705,0,56.2633,56.5211,55.8568,56.1939,715588.081
20120706,0,55.6486,56.1344,55.1034,55.49,598972.014
20120709,0,55.2421,55.5693,54.4094,54.6076,745612.495
20120710,0,55.262,55.5098,53.4873,53.6757,651570.974
20120711,0,53.7352,53.9136,52.6644,52.9222,852835.103999999
20120712,0,52.6248,52.6942,51.1872,52.4166,1013771.382
20120713,0,53.1106,54.7762,52.8726,54.4688,1351125.33
20120716,0,54.3003,54.4391,52.942,53.1007,932157.472
20120717,0,53.3684,54.2805,53.0808,54.102,448839.384
20120718,0,53.8542,54.1615,53.5171,53.8244,373331.839
20120719,0,53.8542,54.4887,53.8442,53.9136,614755.238
20120720,0,52.8032,53.8145,52.5356,53.3089,444320.578
20120723,0,52.4265,53.1403,52.2877,52.9222,571001.98
20120724,0,52.8429,53.1205,52.0597,52.4761,494740.962
20120725,0,52.4959,52.9123,52.1192,52.5455,493586.207
20120726,0,53.3584,53.8641,52.6644,53.1602,575850.692
20120727,0,53.5666,54.6969,53.2692,54.33,415190.79
20120730,0,54.33,54.9249,54.1218,54.4589,408650.797
20120731,0,54.2706,54.4887,53.2196,53.4378,841496.985
20120801,0,54.2012,54.2012,52.4067,53.2196,1304669
20120802,0,53.6856,56.5013,53.6856,55.6982,2723014
20120803,0,56.2732,57.0664,55.6982,56.9871,1160238.787
20120806,0,57.0565,58.1371,56.7293,57.6216,1106821.325
20120807,0,57.9785,58.3354,57.7207,58.1272,938175.028
20120808,0,57.7802,58.3949,57.6711,58.2263,835100.003999999
20120809,0,58.1867,58.9203,58.0975,58.8807,741943.301999999
20120810,0,58.7419,59.7135,58.4841,59.3863,1543399.484
20120813,0,59.416,60.6454,59.307,60.4273,1737181.279
20120814,0,60.3678,60.4769,58.5832,58.7617,1883266.677
20120815,0,58.8014,58.9501,58.4246,58.6031,546663.347
20120816,0,58.4048,58.732,57.7604,58.0875,532587.529999999
20120817,0,58.0975,58.3057,57.8099,58.1669,560771.281
20120820,0,58.1272,58.3156,57.5819,57.8199,404995.406
20120821,0,57.9289,58.3354,57.4927,57.8595,611620.423
20120822,0,57.8298,58.3651,57.7604,58.1669,536950.171
20120823,0,57.9091,58.4147,57.8099,58.2957,854014.149
20120824,0,58.2957,59.2574,58.1173,59.1285,743065.645
20120827,0,58.9302,59.0393,58.1272,58.3949,629563.44
20120828,0,58.385,59.1781,58.3453,58.9897,555654.422999999
20120829,0,59.099,59.4269,58.8507,58.8805,438419.46
20120830,0,58.6321,58.9103,58.1453,58.2248,648342.024
20120831,0,58.4533,59.6057,58.4136,58.8308,952747.556
20120904,0,58.9103,60.2812,58.9003,59.9136,739945.068
20120905,0,59.9434,60.0328,59.3374,59.7448,850624.354
20120906,0,60.1024,60.7282,60.1024,60.2713,686994.032999999
20120907,0,60.2713,60.6388,59.5858,59.6255,900162.087
20120910,0,59.7348,60.0428,59.5361,59.5957,755123.712
20120911,0,59.6852,61.0263,59.5858,60.9667,1072027.461
20120912,0,61.2746,61.4236,60.6289,61.066,632463.667
20120913,0,61.5528,61.5925,60.9269,61.0859,1113803.179
20120914,0,60.4501,62.0396,60.4501,61.7912,1247724.024
20120917,0,61.8409,62.129,60.9865,61.5826,538076.35
20120918,0,61.374,61.523,60.3805,60.6885,467308.201
20120919,0,60.8574,61.7217,60.4898,61.3144,711519.281
20120920,0,61.0859,61.5031,60.8475,61.4336,484523.373
20120921,0,61.5826,61.5826,61.0263,61.1455,591982.1
20120924,0,61.1952,61.5329,60.7382,61.0958,513789.72
20120925,0,61.3938,61.5925,60.6686,60.8475,601855.444
20120926,0,60.6885,60.8276,59.7249,59.8143,464517.963
20120927,0,59.9931,61.1852,59.9633,60.8872,503512.202
20120928,0,60.7978,61.066,60.3408,60.8574,462281.203
20121001,0,62.1588,62.7648,61.0958,62.2879,885594.289
20121002,0,62.5263,62.7648,61.7316,61.9402,556703.732
20121003,0,62.0992,62.4469,61.7415,62.427,389472.729
20121004,0,62.6257,63.5893,62.6257,62.9933,369603.272
20121005,0,63.2615,63.9569,62.9734,63.0727,378041.464
20121008,0,62.9039,63.2317,62.6654,62.9535,327491.452
20121009,0,62.8244,62.9535,61.8111,62.8542,551812.742
20121010,0,62.6952,62.8939,62.5661,62.6654,480149.609
20121011,0,63.0727,63.7383,62.4071,62.7449,475750.845
20121012,0,62.8442,63.6688,61.8011,62.1488,652055.56
20121015,0,62.3475,62.7449,61.8011,62.6853,352514.773
20121016,0,63.0429,63.4105,62.5661,62.586,514123.006
20121017,0,62.7648,63.49,62.0197,62.0992,613869.391
20121018,0,62.3277,63.0628,61.672,62.3376,1017777.946
20121019,0,63.3509,65.8941,62.2681,62.725,2157028.149
20121022,0,62.576,63.4204,62.0495,63.341,745396.842
20121023,0,62.3177,62.4767,61.5826,61.9601,852665.687
20121024,0,62.2681,62.6058,61.7117,62.278,1088190.491
20121025,0,62.3674,62.5164,61.5727,61.7912,624350.266
20121026,0,61.9104,61.9303,60.5395,60.6984,635252.133
20121031,0,61.1455,61.3144,59.7249,60.3905,1240753
20121101,0,60.8375,63.8277,60.8375,62.0892,1950033
20121102,0,62.8244,63.2019,59.9832,60.1123,945171.795
20121105,0,60.0825,60.7282,59.2083,59.9136,1119660.402
20121106,0,60.0527,60.1719,58.9202,59.6355,737206.058
20121107,0,59.3374,59.9931,58.8507,59.4269,643990.395
20121108,0,59.2182,60.0626,59.1586,59.5063,878090.862
20121109,0,59.1984,60.0229,58.9897,59.6653,684223.906
20121112,0,59.705,59.9931,59.248,59.5957,439710.896
20121113,0,59.2282,60.6289,59.1884,59.556,913612.522
20121114,0,59.6553,59.9136,58.6321,58.8904,959158.58
20121115,0,58.8805,59.2282,58.493,58.6122,1001793.411
20121116,0,58.5725,59.2083,58.3142,58.7215,821665.045
20121119,0,59.1884,59.9335,58.9798,59.7348,633734.074
20121120,0,59.7547,60.1024,59.3871,59.5163,539945.628
20121121,0,59.6454,59.7944,58.8308,59.1189,377328.921
20121123,0,59.5063,60.013,59.4666,60.003,256740.323
20121126,0,59.8739,60.2117,59.0792,59.3772,381391.551
20121127,0,59.3573,59.9633,58.8407,59.1487,613075.232
20121128,0,59.1982,59.5167,58.4914,59.4769,444251.382
20121129,0,59.457,59.6163,58.7403,58.9095,776007.722
20121130,0,59.0788,59.4869,58.4914,58.8299,704536.034
20121203,0,59.1882,59.2082,58.2824,58.8,653859.407999999
20121204,0,58.7503,59.0588,58.3521,58.9792,919485.894
20121205,0,59.0788,59.0788,57.3268,57.4363,883234.586999999
20121206,0,56.7395,56.7395,55.6246,56.2318,2575368.636
20121207,0,56.1323,56.9386,55.6943,56.5802,1012125.534
20121210,0,56.4508,57.6852,56.2418,57.506,1225006.564
20121211,0,57.715,58.9195,57.715,58.7204,1142130.065
20121212,0,58.8299,59.0788,57.9241,57.934,844971.822999999
20121213,0,58.0435,58.591,57.4462,57.6055,641344.154
20121214,0,57.2571,58.1132,57.2571,57.7648,593713.483999999
20121217,0,57.8245,58.4815,57.7747,58.3023,753990.044
20121218,0,58.2625,59.2977,58.2625,58.8896,661385.765999999
20121219,0,59.0588,59.1186,58.6507,58.7503,1071375.499
20121220,0,58.6009,59.0887,58.382,58.5213,983859.623
20121221,0,57.8046,58.2625,57.277,57.4462,973911.874
20121224,0,57.5259,58.1231,56.6599,57.2571,316896.353
20121226,0,57.3368,57.6354,55.9232,56.3413,454078.308999999
20121227,0,56.411,57.0182,55.6246,56.8092,582285.192
20121228,0,56.4807,56.8191,56.3214,56.4409,289211.832
20121231,0,56.1621,57.6354,56.1522,57.5856,362566.022
20130102,0,58.6407,59.0787,58.5511,59.0687,735721.07
20130103,0,59.0887,60.0144,58.78,59.447,776551.892
20130104,0,59.3972,59.6162,58.0236,58.0334,1236219.128
20130107,0,57.8344,58.1828,57.257,57.496,510954.657
20130108,0,57.2969,59.8153,57.1575,58.8099,1562968.817
20130109,0,59.0389,59.6561,58.4217,58.4815,905756.506
20130110,0,58.8,59.3474,58.2923,59.3176,843707.855
20130111,0,59.5863,59.6859,59.0887,59.5366,590136.9
20130114,0,58.9593,59.0587,57.8045,58.8099,972591.911
20130115,0,58.6009,58.8995,58.0634,58.7502,653402.824
20130116,0,58.6208,58.8298,58.0036,58.0236,741983.674999999
20130117,0,58.2027,58.8597,57.7747,58.6308,963995.935
20130118,0,58.6108,58.9593,58.4018,58.7104,505074.668
20130122,0,58.7502,59.447,58.7302,59.2579,450691.216999999
20130123,0,59.1085,60.1538,58.9991,60.0044,719964.088999999
20130124,0,59.8551,60.8904,59.7157,60.1438,551347.458
20130125,0,59.6113,59.7855,58.9791,59.6162,451441.741
20130128,0,59.5765,59.9149,59.218,59.8353,374643.265
20130129,0,59.6959,59.7059,58.8199,58.83,749409.122
20130130,0,58.9493,60.0443,58.8498,59.467,760306.975999999
20130131,0,59.6461,61.9257,59.6163,61.4877,1057288.275
20130201,0,61.8859,62.4632,61.3483,61.8361,790794.307
20130204,0,61.5076,62.0551,60.9303,61.0099,795292.866999999
20130205,0,61.3085,61.8359,60.8307,61.3583,686362.898999999
20130206,0,61.418,62.2144,61.209,61.8859,1079073
20130207,0,59.7059,60.4226,57.058,59.6461,3766276
20130208,0,59.6063,60.5022,59.2579,59.8253,973946.378
20130211,0,59.9746,60.8506,59.7258,60.7411,721807.846
20130212,0,60.7212,61.0995,60.3529,60.7361,807154.015
20130213,0,60.9103,61.846,60.9103,61.7664,1000872.29
20130214,0,61.5176,62.1845,61.0099,62.0949,646785.032999998
20130215,0,62.1944,63.0107,61.6071,61.8958,1146084.931
20130219,0,62.0252,62.2939,61.8261,62.1048,697516.446
20130220,0,62.0948,62.6224,61.5872,61.6171,575723.677
20130221,0,61.2985,61.4677,60.6017,60.8008,593371.413
20130222,0,61.0795,62.2641,60.9999,62.2242,615023.537
20130225,0,62.5827,62.6623,61.3085,61.3682,574036.674
20130226,0,61.7774,61.8273,60.7596,61.0589,631367.463
20130227,0,61.0988,62.5757,60.7895,62.406,838961.08
20130228,0,62.5757,63.2742,62.5757,63.0147,557736.753999999
20130301,0,62.7653,64.1722,62.5857,64.1323,603934.662
20130304,0,64.0126,64.7011,63.9827,64.6113,590815.221
20130305,0,64.8608,65.5693,64.2222,64.302,1017515.955
20130306,0,64.4916,65.21,63.7132,63.7532,831765.453999999
20130307,0,63.9328,64.2421,63.5137,63.7432,867999.024
20130308,0,64.1224,64.3619,63.4438,64.2122,947927.208999998
20130311,0,64.1224,64.5115,64.1024,64.1822,379481.765
20130312,0,64.1323,64.4816,63.853,64.0924,415033.946999999
20130313,0,64.1124,64.5914,64.0425,64.1423,729680.942999999
20130314,0,64.4217,64.741,64.2521,64.3419,620992.980999999
20130315,0,64.1024,64.6912,63.823,64.1623,558592.409999999
20130318,0,63.3241,64.8608,63.3241,64.8109,610937.482999999
20130319,0,64.8907,65.1801,64.4716,64.8708,717062.880999999
20130320,0,65.0504,65.6691,64.8309,65.24,535308.530999999
20130321,0,64.8508,65.4296,64.1523,64.4018,495613.740999999
20130322,0,64.5415,64.8708,64.3818,64.5914,382888.035
20130325,0,64.9506,64.9606,63.5935,63.8729,510607.588
20130326,0,64.1323,64.5415,63.7931,63.9128,511108.739
20130327,0,63.7731,64.0525,63.364,63.7731,621689.36
20130328,0,63.8629,64.2621,63.6933,64.2122,472291.564
20130401,0,64.282,64.6213,63.4039,63.6833,447851.275
20130402,0,63.9627,64.292,63.7831,63.7931,500343.542
20130403,0,64.0226,64.741,63.6634,64.0525,485985.896999999
20130404,0,64.1224,65.0903,64.0226,65.0803,570163.255
20130405,0,64.6712,66.2678,64.0425,65.8487,755993.091999999
20130408,0,66.1281,67.116,65.9185,66.7667,815907.497
20130409,0,66.8565,66.9064,66.0183,66.0782,580662.692
20130410,0,66.158,67.2357,66.0682,67.0561,521621.102
20130411,0,67.2357,68.3832,67.1459,68.1338,790083.090999999
20130412,0,68.1038,68.8422,67.7346,67.9442,834400.121999999
20130415,0,67.8544,67.9641,66.2179,66.2279,476979.634
20130416,0,66.637,67.6648,66.637,67.4253,461145.721999999
20130417,0,66.6869,67.535,66.3775,67.3055,634614.065
20130418,0,67.2656,67.3155,66.0782,66.3676,385577.813
20130419,0,66.5073,67.2856,66.5073,66.8864,505329.321
20130422,0,67.0062,67.6847,66.5472,67.3554,442881.544
20130423,0,67.6348,67.6348,66.5571,67.2357,755068.254999999
20130424,0,67.3554,67.8344,66.3576,66.4075,642901.061999999
20130425,0,66.7068,66.9663,65.9484,66.148,1041781.273
20130426,0,66.3077,67.1459,65.8786,66.5172,581326.052999999
20130429,0,66.7168,67.1958,66.1979,66.2179,503575.55
20130430,0,66.2478,66.7368,66.0582,66.4474,818656.404999999
20130501,0,66.2279,67.8643,65.9983,66.6769,1474292
20130502,0,67.106,70.8978,66.8665,68.6227,2146519
20130503,0,69.1416,69.8401,68.8323,69.1316,1808181.406
20130506,0,69.1017,69.3512,68.3633,68.6028,1604641.668
20130507,0,68.6227,69.0019,68.4631,68.7624,1838610.852
20130508,0,68.6826,69.0019,68.5329,68.952,963158.85
20130509,0,68.9021,69.0917,68.503,68.7225,441956.638
20130510,0,68.7924,69.0917,68.4231,68.8323,458317.651
20130513,0,68.7524,68.7724,68.004,68.3433,491979.724
20130514,0,68.473,68.6127,67.9741,67.9941,672956.253
20130515,0,67.9941,68.5928,67.9242,68.4331,737927.585
20130516,0,68.3034,68.8822,68.014,68.1537,513612.048999999
20130517,0,68.3732,68.952,67.8843,68.8822,826437.815999999
20130520,0,68.7025,68.972,68.0739,68.1437,583592.873999999
20130521,0,68.044,69.0019,67.9442,68.7524,617719.880999999
20130522,0,68.6527,69.2314,67.4253,67.7346,398469.431
20130523,0,67.2856,68.6127,67.0162,68.3034,530150.333
20130524,0,67.8743,68.8822,67.575,68.6127,532895.202999999
20130528,0,69.441,70.4388,69.0318,69.9,1189641.023
20130529,0,69.54,69.63,68.22,68.78,852052
20130530,0,68.71,69.07,68.21,68.25,613171
20130531,0,67.87,68.87,67.42,67.44,505950
20130603,0,67.38,68.21,65.7,66.74,630679
20130604,0,66.64,67.68,66.58,67.1,742259
20130605,0,66.89,66.92,65.01,65.65,671810
20130606,0,65.62,65.75,64.85,65.54,548705
20130607,0,65.85,66.85,65.43,66.84,406128
20130610,0,67,67.19,65.94,66.09,1213134
20130611,0,65.62,66.27,65.05,65.85,695729
20130612,0,66.09,66.29,64.22,64.43,637381
20130613,0,64.4,66.98,64.02,66.82,1056194
20130614,0,66.09,66.69,65.63,66.64,636104
20130617,0,66.88,67.91,66.83,67.41,1009455
20130618,0,67.56,68.22,67.33,67.93,589875
20130619,0,68.01,69.22,67.8,67.84,776583
20130620,0,67.24,67.61,66.22,66.28,957772
20130621,0,66.52,66.94,65.38,66.03,899950
20130624,0,65.56,65.56,64.66,65.09,460424
20130625,0,65.54,65.77,64.83,65.06,717939
20130626,0,65.78,65.94,64.88,65.4,578740
20130627,0,65.76,66.63,65.64,66.61,676092
20130628,0,66.53,67.27,66.31,66.85,429585
20130701,0,67.2,67.73,66.83,67.64,552370
20130702,0,67.5,68.25,67.3,68.21,756109
20130703,0,67.79,68.9,67.79,68.67,413840
20130705,0,69.12,69.81,68.97,69.8,446731
20130708,0,70.25,70.69,70.09,70.51,440845
20130709,0,70.87,71.57,70.32,70.84,682105
20130710,0,70.87,71.08,70.2,70.98,471536
20130711,0,71.79,72.22,71.47,72.06,336685
20130712,0,72.35,72.75,71.96,72.66,314004
20130715,0,72.61,73.13,72.42,73.04,401296
20130716,0,73.03,73.45,72.24,72.47,643347
20130717,0,72.18,72.41,71.28,71.5,666972
20130718,0,71.79,72.97,71.57,72.85,718168
20130719,0,72.75,72.96,72.02,72.2,609067
20130722,0,72.52,72.62,71.65,71.81,460994
20130723,0,71.93,72.19,71.62,72,315591
20130724,0,72.08,72.47,71.29,71.66,351469
20130725,0,71.61,72.34,71.55,72.05,499709
20130726,0,71.85,72.03,71.2,71.48,424989
20130729,0,71.47,72.06,71.09,71.28,340488
20130730,0,71.78,72.35,70.66,70.95,536822
20130731,0,71.03,71.46,70.58,70.76,383265
20130801,0,71.44,72.47,71.44,72.34,583021
20130802,0,72.11,73.08,72.03,72.98,489509
20130805,0,72.75,73.43,72.55,72.87,454257
20130806,0,72.73,73.41,72.61,73.14,427314
20130807,0,73,74.15,71.86,74.05,854783
20130808,0,73.82,75.24,73.44,74.29,850139
20130809,0,74.1,76.06,74.1,75.4,622267
