20080429,0,24.1887,24.7302,24.1887,24.4594,1027852.562
20080430,0,24.8204,26.3547,24.3691,24.8204,1024973.547
20080507,0,22.572,23.1095,22.2138,22.8587,17338340.956
20080508,0,22.9124,23.1363,22.16,22.4019,11969367.434
20080509,0,22.4825,22.7422,22.3392,22.6437,9695302.928
20080512,0,22.4914,24.05,22.4825,22.9303,8590562.644
20080513,0,22.7333,23.217,22.572,23.1722,4685935.002
20080514,0,22.8408,23.5663,22.0346,23.5125,4547782.537
20080515,0,23.0647,23.6559,22.9124,23.3603,4271803.748
20080516,0,23.1632,23.7813,22.993,23.6827,5826911.105
20080519,0,23.423,23.6917,23.2617,23.3155,6124326.396
20080520,0,23.0199,23.2349,22.3929,22.9214,7940608.314
20080521,0,22.7243,22.8676,22.6258,22.8139,1823558.006
20080522,0,22.5183,23.4051,22.5004,23.0289,3626785.782
20080523,0,22.8587,23.0378,22.6258,22.7781,2484145.691
20080527,0,22.7154,22.8676,22.5004,22.7422,2069023.74
20080528,0,22.59,22.8139,22.4377,22.5989,5805632.686
20080529,0,22.4019,22.5183,22.2585,22.3929,7565599.735
20080530,0,22.2317,22.8139,22.1869,22.572,4501927.127
20080602,0,22.366,22.4556,21.6047,21.6047,2882983.971
20080603,0,21.318,21.7211,21.1299,21.7032,5073830.601
20080604,0,21.4524,21.6674,21.3897,21.4076,3127980
20080605,0,22.2138,23.629,22.1242,23.0109,11490125
20080606,0,22.5004,22.7243,22.3302,22.4377,4404342.076
20080609,0,22.2138,22.6616,22.1152,22.366,2129574.576
20080610,0,22.2854,22.4825,22.2585,22.2854,3445866.675
20080611,0,22.375,22.375,21.5509,21.7569,2415533.161
20080612,0,22.1869,22.2585,21.4972,21.6405,1759198.159
20080613,0,21.6315,22.1511,21.5241,22.1152,2946078.938
20080616,0,22.1511,22.1869,21.0493,21.2464,2961261.241
20080617,0,21.2464,21.2643,20.7985,21.0583,4198537.02
20080618,0,20.691,21.4972,20.6552,21.2912,2055643.845
20080619,0,21.3628,21.5061,20.9598,21.4166,2305759.599
20080620,0,20.915,21.4972,20.8881,21.4882,2154224.075
20080623,0,21.4972,21.4972,21.1031,21.1568,1653098.609
20080624,0,20.8254,20.8254,19.8849,20.2253,5156784.267
20080625,0,20.0013,20.494,19.9655,20.2432,2441960.149
20080626,0,19.8401,20.2074,19.7685,19.9118,3170418.578
20080627,0,19.7237,19.7774,19.2758,19.2937,2678169.015
20080630,0,19.3296,19.3296,18.4697,18.7742,3248322.884
20080701,0,18.6309,18.6667,17.9412,18.4697,3765999.308
20080702,0,18.7294,19.2489,18.6219,19.1683,1540535.055
20080703,0,18.9981,19.1146,18.398,18.7563,1702532.004
20080707,0,18.8548,19.3206,18.7563,19.1235,1563269.011
20080708,0,18.9444,19.6251,18.9265,19.1594,2426112.62
20080709,0,19.3385,19.5087,19.2669,19.3743,1253700.891
20080710,0,19.6789,19.7237,19.2221,19.5624,1352200.943
20080711,0,19.1862,19.6789,19.0161,19.3654,1369604.629
20080714,0,19.6162,19.8312,19.1683,19.5177,1269314.207
20080715,0,19.3475,19.4639,18.3263,18.8011,1618587.726
20080716,0,18.6846,18.8817,18.5861,18.81,1138243.916
20080717,0,18.6936,18.7294,17.35,18.2637,3779852.502
20080718,0,18.3084,18.3443,17.8427,18.1114,1675087.368
20080721,0,18.4518,18.7026,18.1024,18.398,1923391.223
20080722,0,18.1562,18.6667,18.0487,18.6219,1682921.934
20080723,0,18.5413,18.5413,17.986,18.1114,1836088.807
20080724,0,18.0039,18.4607,18.0039,18.4518,942476.248000001
20080725,0,18.3174,18.5772,18.1024,18.183,943418.483
20080728,0,17.9949,18.183,17.977,18.0666,1391277.431
20080729,0,18.2726,18.4338,18.0666,18.1651,3036381.017
20080730,0,18.1472,18.5503,18.1472,18.4786,3857510.849
20080731,0,18.2278,18.6846,18.2278,18.5592,1176657.659
20080801,0,18.6219,18.828,18.4518,18.7026,1972948.287
20080804,0,18.6488,18.6846,18.3532,18.5592,2576116.48
20080805,0,18.6757,18.9086,18.5413,18.7742,1027327.821
20080806,0,18.7921,19.0608,18.7473,18.8727,1384613.04
20080807,0,19.0698,19.24,18.8548,18.8727,1348764.489
20080808,0,18.8727,19.7505,18.8548,19.6431,2397770.813
20080811,0,19.6072,20.1984,19.5535,19.6878,3530596.812
20080812,0,19.6699,19.8043,19.2489,19.3743,3483034.871
20080813,0,19.8939,21.2912,19.8132,20.4402,7190647.948
20080814,0,20.3775,21.0852,20.3775,20.7985,3674313.334
20080815,0,21.0493,21.5241,21.0493,21.3001,2716762.792
20080818,0,21.2016,21.5868,21.0762,21.3449,2310761.714
20080819,0,21.4882,21.542,20.9866,21.4972,2427170.695
20080820,0,21.0762,21.7838,20.8254,21.4972,4017788.046
20080821,0,21.4166,21.5151,20.6552,21.4972,1511890.278
20080822,0,21.7749,21.8644,21.5688,21.748,1490321.653
20080825,0,22.0257,22.0794,21.4972,21.6136,1489699.706
20080826,0,21.7659,21.7659,21.4434,21.5957,1961444.94
20080827,0,21.8017,22.3392,21.5868,22.2854,1785591.656
20080828,0,22.2675,22.2854,21.963,22.1958,1500481.314
20080829,0,21.9092,22.1511,21.9092,22.1421,1267479.496
20080902,0,22.4646,22.8228,22.0257,22.6258,1919655.33
20080903,0,22.3929,22.6437,22.3123,22.6347,1752127.773
20080904,0,22.7243,22.7333,22.3212,22.4825,2696155.371
20080905,0,22.2854,22.6079,22.1779,22.5273,2539053.226
20080908,0,22.8855,23.2886,22.7422,22.9124,1551716.195
20080909,0,23.0199,23.2349,22.8408,22.8587,1649172.373
20080910,0,22.8855,23.1722,22.6437,22.7243,1505166.622
20080911,0,22.4556,23.2528,22.2138,23.002,1532943.394
20080912,0,22.6437,23.8171,22.6437,23.6648,2797720.906
20080915,0,23.4409,23.4409,22.4377,22.7512,1586422.294
20080916,0,22.4019,22.5631,21.9719,22.4019,1675070.032
20080917,0,21.8465,22.4108,21.8465,22.2317,3901081.111
20080918,0,22.1779,22.4825,21.8196,22.0077,3715173.39
20080919,0,21.945,22.7422,21.8555,22.5093,1708356.067
20080922,0,22.4825,22.8228,22.2496,22.5093,957602.684
20080923,0,22.1242,22.3929,21.4345,21.9988,2213256.018
20080924,0,21.945,22.0794,21.7301,21.7569,1324158.276
20080925,0,21.8376,22.0704,21.7301,21.9182,744238.170000001
20080926,0,21.0672,22.8318,21.0672,22.7512,1079327.572
20080929,0,22.7601,22.7601,21.4882,21.7211,2095308.877
20080930,0,22.6616,24.0231,22.6616,23.6559,6891274.39
20081001,0,23.7365,23.9156,23.2707,23.3603,4948984.486
20081002,0,23.3692,23.3692,22.572,22.7333,4882907.299
20081003,0,22.7333,23.2438,22.3392,22.3481,6051777.44
20081006,0,22.2585,22.4019,21.748,22.2048,15196245.58
20081007,0,22.6168,22.7691,21.4524,21.5151,6447121.153
20081008,0,21.3807,22.0615,20.906,21.2822,6343860.24899999
20081009,0,21.2195,21.4972,20.3328,20.6104,5115008.505
20081010,0,20.0461,21.2733,18.8369,20.4492,4782806.188
20081013,0,20.3865,21.2643,19.8759,21.2374,3322354.991
20081014,0,21.6495,21.7122,20.1626,20.6015,3142099.799
20081015,0,20.279,20.5298,18.819,18.8459,2120137.544
20081016,0,18.9444,19.0608,18.0039,18.7384,3432854.413
20081017,0,18.2368,19.0608,18.0039,18.7921,3310028.412
20081020,0,18.4607,19.24,18.2726,19.2221,1197151.708
20081021,0,19.0519,19.8849,18.8548,19.2848,1271941.223
20081022,0,18.81,19.3116,18.4786,18.6757,2262285.891
20081023,0,18.81,18.9981,17.78,18.0397,4284285.082
20081024,0,17.4127,17.9949,17.0007,17.153,3445137.871
20081027,0,17.0186,17.565,16.6782,17.2604,2426896.309
20081028,0,17.5112,19.3923,17.4665,19.3833,2209732.046
20081029,0,19.2848,20.2163,18.9892,19.7326,1798054.427
20081030,0,20.3148,20.4223,19.1594,19.5983,1940696.736
20081031,0,19.6072,20.8433,19.5087,20.5029,2182357.691
20081103,0,20.1984,20.915,20.0013,20.1715,1498415.916
20081104,0,20.5925,21.3539,20.2163,20.8612,1648312.76
20081105,0,20.9598,21.2106,20.064,20.1357,1901204.151
20081106,0,20.1447,20.4582,19.3743,19.6162,1358071.987
20081107,0,19.7505,20.494,19.7147,20.3238,1355022.087
20081110,0,20.5925,21.0493,20.1536,20.3328,1263840.501
20081111,0,19.9655,20.3328,19.0071,19.1504,1305323.38
20081112,0,18.8996,19.5087,18.6219,18.7473,1483683
20081113,0,17.0007,17.35,15.7377,16.2572,8349613
20081114,0,16.0602,16.929,15.7198,15.7736,4917002.089
20081117,0,15.5586,15.9258,15.1913,15.2988,2437932.545
20081118,0,15.3705,15.3884,14.5554,14.8062,2674103.03
20081119,0,15.0301,15.3436,14.8062,14.8241,3701324.303
20081120,0,14.6539,14.7524,13.0327,13.1939,3157481.76
20081121,0,13.4178,14.018,12.7729,13.8657,2735486.368
20081124,0,14.2061,14.5106,13.5164,14.2419,1815265.369
20081125,0,14.5912,14.9585,13.7851,14.2598,2779387.724
20081126,0,13.9732,14.6002,13.8209,14.5285,2330207.186
20081128,0,14.2598,14.5106,14.0807,14.4569,795403.145
20081201,0,14.1075,14.3942,13.2566,13.2835,2550953.117
20081202,0,13.5253,13.6328,12.961,13.2476,1873997.035
20081203,0,13.3014,13.7403,12.97,13.4895,2278342.788
20081204,0,13.3283,13.3283,12.2713,12.3967,2935397.87
20081205,0,12.3251,13.0775,12.0474,12.97,3696130.025
20081208,0,13.3999,13.4626,12.8894,12.9341,3315607.94
20081209,0,12.8894,13.3372,12.5669,13.1133,2654457.394
20081210,0,13.2835,13.9015,13.2118,13.7672,2225785.104
20081211,0,13.7134,14.2956,13.5343,13.6776,2322258.338
20081212,0,13.2118,13.9911,12.9252,13.8926,3541026.366
20081215,0,14,14.4569,13.9373,14.1613,3050497.773
20081216,0,14.2777,14.5643,14.1792,14.4121,3498303.778
20081217,0,14.0807,14.4927,14,14.3583,2891064.97
20081218,0,14.4569,15.1913,14.1254,14.9943,2843639.577
20081219,0,15.1555,15.5138,14.8868,15.2093,4518205.951
20081222,0,15.2809,15.5675,14.9585,15.2361,2473463.57
20081223,0,15.3526,15.3526,14.8241,15.0659,1813400.954
20081224,0,15.1286,15.272,15.057,15.1555,808703.831
20081226,0,15.2182,15.2272,15.048,15.0928,780457.081
20081229,0,15.1376,15.1913,14.7524,14.9047,1821958.755
20081230,0,14.9853,15.1913,14.6539,14.6897,2402252.671
20081231,0,14.7256,14.7256,14.5016,14.5643,2721000.5
20090102,0,14.636,14.8599,14.5823,14.8062,2674678.864
20090105,0,14.7793,15.1286,14.7704,15.1107,2887070.201
20090106,0,15.1376,15.7915,14.9137,15.4153,3274456.405
20090107,0,15.3167,15.3794,14.645,14.7524,2387508.767
20090108,0,14.636,14.9943,14.6091,14.8689,2431385.776
20090109,0,14.8151,14.9405,14.2956,14.5912,2294460.048
20090112,0,14.5912,14.7972,13.9284,14.1344,2159146.154
20090113,0,14.1523,14.421,14.018,14.1971,2879990.107
20090114,0,13.8567,14.1165,13.6865,14.0717,2393274.51
20090115,0,14.0538,14.1971,13.8746,14.1165,4890420.145
20090116,0,14.4569,14.8599,14.2777,14.7793,4628201.989
20090120,0,14.7435,15.048,14.2867,14.3135,2747827.816
20090121,0,14.5196,14.7256,14.3404,14.7077,3398129.818
20090122,0,14.4748,14.7704,14.1971,14.4389,3646692.425
20090123,0,14.0986,14.4031,14.0269,14.3225,2694319.411
20090126,0,14.3404,14.9405,14.3225,14.7793,1670719.383
20090127,0,15.0212,15.0659,14.7704,14.8868,1660570.871
20090128,0,15.0659,15.1645,14.8778,15.048,1552613.039
20090129,0,14.9226,15.3257,14.8599,14.9764,1554645.825
20090130,0,15.0212,15.048,14.421,14.5196,2369108.401
20090202,0,14.4121,14.5016,14.1254,14.2329,1646787.997
20090203,0,14.2508,14.5823,14.1344,14.4837,1383599.578
20090204,0,14.5733,14.7077,13.9373,14.0269,2093942.645
20090205,0,13.9194,14.4927,13.8478,14.43,1507342.846
20090206,0,14.3494,14.9764,14.3225,14.8689,1301849.318
20090209,0,14.8689,14.9047,14.4479,14.5823,954943.301
20090210,0,14.4121,14.43,13.794,13.8388,1739821.708
20090211,0,13.9642,14.3583,13.8119,14.3315,1504178.958
20090212,0,14.1344,14.7077,13.9553,14.6539,2636540.212
20090213,0,14.5375,14.9764,14.5106,14.8778,1831585.23
20090217,0,14.3494,14.43,14.0896,14.224,1685297.693
20090218,0,14.3046,14.5375,14,14.5016,1442400.336
20090219,0,14.636,14.636,14.224,14.3673,1268166.758
20090220,0,14.1344,14.2688,13.6507,13.8746,2718540.582
20090223,0,13.8926,13.9821,13.382,13.4357,1722416.387
20090224,0,13.5432,13.7403,13.2924,13.6865,1286870.083
20090225,0,13.6507,13.6507,13.167,13.2297,2186241.957
20090226,0,13.3283,13.391,12.8983,12.9252,1287349.932
20090227,0,12.6565,12.97,12.54,12.5848,1971386.975
20090302,0,12.2982,12.54,12.0563,12.0832,1705673.432
20090303,0,12.2265,12.3071,11.707,11.7876,1072343.388
20090304,0,11.8772,11.9847,11.4652,11.716,2011982.757
20090305,0,11.4473,11.4652,10.7128,10.865,3116429.866
20090306,0,10.9457,11.2412,10.5963,10.9546,1852087.148
20090309,0,10.8113,11.0173,10.6232,10.6321,1511369.612
20090310,0,11.51,12.2176,11.2054,12.0384,2957539.028
20090311,0,12.0474,12.2982,11.9936,12.1011,1421028.533
20090312,0,12.1997,12.9073,12.0832,12.8087,1948796.713
20090313,0,12.8804,13.0954,12.755,13.0058,1285379.676
20090316,0,13.1581,13.4626,12.9879,13.0954,1395312.764
20090317,0,12.9341,13.4178,12.9341,13.3999,1091501.098
20090318,0,13.4895,13.6865,12.9968,13.5164,1501588.582
20090319,0,13.597,13.597,13.0237,13.1402,1127931.25
20090320,0,13.1491,13.7313,13.1402,13.5253,2639470.437
20090323,0,13.794,13.803,13.373,13.803,1467387.11
20090324,0,13.6686,14.0269,13.5611,13.8926,1384647.896
20090325,0,14.1792,14.1792,13.588,13.8746,1646681
20090326,0,14.8599,16.0871,14.3494,16.0064,4324333
20090327,0,15.5138,15.9079,14.9853,15.2361,2122434.085
20090330,0,15.0659,15.263,14.7883,15.1376,2616969.268
20090331,0,15.263,15.4601,14.8331,15.0928,1537966.332
20090401,0,14.9674,15.7467,14.9674,15.5228,1439460.7325
20090402,0,15.9706,17.4127,15.9527,16.2304,3621795.11
20090403,0,16.2931,16.7768,16.1856,16.5707,1918566.976
20090406,0,16.4633,16.5976,16.302,16.5349,1118457.615
20090407,0,16.3199,16.5618,16.0691,16.096,1130444.357
20090408,0,16.0333,16.3916,15.9706,16.3468,805140.236
20090409,0,17.0186,17.4754,16.7141,17.3769,2430262.841
20090413,0,17.2963,17.4217,16.8126,17.0813,1941965.827
20090414,0,17.2067,17.8964,17.2067,17.3858,3738459.97
20090415,0,18.0308,18.183,17.4038,17.6994,2588212.009
20090416,0,17.762,17.8158,17.2246,17.6008,1530317.668
20090417,0,17.7173,18.0935,17.6456,17.9233,2117588.7
20090420,0,17.7889,18.3622,17.0903,17.0992,2723659.224
20090421,0,17.0813,17.35,16.9559,17.2873,1838892.1538
20090422,0,17.2604,17.3769,16.938,16.938,2176923.472
20090423,0,16.8663,17.1888,16.7409,17.0186,1614909.0265
20090424,0,17.0634,17.35,16.8753,16.9738,2598635.359
20090427,0,17.2873,17.5381,16.7947,16.8036,2094155.557
20090428,0,16.6782,17.3679,16.6782,17.1798,1975422.928
20090429,0,17.1978,18.2637,17.1171,18.201,4066178.324
20090430,0,18.3084,18.6936,18.2189,18.5503,3391107.208
20090501,0,18.5772,18.5772,17.9233,18.0935,1888787.2365
20090504,0,17.986,18.3801,17.9143,18.3801,1241209.162
20090505,0,18.604,18.81,18.2905,18.7205,1522492.783
20090506,0,18.8907,18.8907,18.1203,18.3891,1530714.975
20090507,0,18.5234,18.7832,18.0935,18.3801,1149932.739
20090508,0,18.5503,18.7921,18.3711,18.6936,1011729.2
20090511,0,18.7026,18.7026,18.3084,18.5145,1336794.187
20090512,0,18.5861,19.3564,18.3891,19.0429,2631044
20090513,0,20.8254,20.8254,19.2042,19.7864,6415470
20090514,0,19.7416,19.7416,18.9802,19.1056,2811851.962
20090515,0,19.1504,20.0103,19.034,19.7685,2238180.406
20090518,0,19.9386,20.0461,19.3833,20.0013,1321806.24
20090519,0,19.9297,20.2074,19.7864,19.8849,1644379.744
20090520,0,19.9476,19.9476,17.7441,18.6578,7061086.648
20090521,0,18.4965,19.1146,18.3891,18.5592,4352364.484
20090522,0,18.9086,19.2579,18.6846,19.0698,1580866.232
20090526,0,18.8996,19.7953,18.6757,19.7953,2742442.839
20090527,0,19.7505,19.7505,19.3027,19.3385,2201113.195
20090528,0,19.3116,19.6341,18.8459,19.3027,2503345.76
20090529,0,19.3385,19.5445,19.034,19.4639,1581937.954
20090601,0,19.6789,20.3775,19.6251,20.0999,2510573.798
20090602,0,20.0461,20.9687,19.9207,20.7896,3404684.081
20090603,0,20.4402,20.4402,19.858,20.4044,2307729.072
20090604,0,20.2342,20.7448,20.2342,20.6373,2050787.567
20090605,0,20.7806,21.0314,20.2342,20.5477,2024795.813
20090608,0,20.3507,20.6552,20.1894,20.5029,1348136.476
20090609,0,20.6104,20.7269,20.0372,20.2432,2034436.591
20090610,0,20.3238,20.5925,19.8759,20.0193,1262500.426
20090611,0,20.0193,20.4761,19.7685,19.7953,1507810.605
20090612,0,19.7416,19.7953,19.4191,19.6878,1245445.817
20090615,0,19.4012,19.4191,19.0967,19.2848,1518484.711
20090616,0,19.3833,19.6251,18.7921,19.0429,1649424.758
20090617,0,19.0429,19.3116,18.7832,19.1056,2108301.666
20090618,0,19.0788,20.1894,19.0429,20.1088,2062948.551
20090619,0,20.2521,20.5029,19.8401,19.9566,2179560.862
20090622,0,19.7685,19.9118,18.9892,19.0519,1718140.353
20090623,0,19.0429,19.0429,18.613,18.7473,2212700.134
20090624,0,18.9534,19.0608,18.5503,18.6757,2261671.637
20090625,0,18.4428,18.9175,18.2816,18.6399,3947007.561
20090626,0,18.7205,19.5445,18.5324,19.0161,3193343.06
20090629,0,19.1773,19.1773,18.81,18.9354,1168710.807
20090630,0,18.9444,19.0967,18.8011,18.9892,1648638.671
20090701,0,19.1773,20.1805,18.9981,19.7685,2371612.485
20090702,0,19.4639,19.9655,19.2042,19.9028,1941442.512
20090706,0,19.6878,20.279,19.6789,20.0103,1328796.004
20090707,0,19.7685,20.2163,19.7685,19.8043,1261054.656
20090708,0,19.8132,20.1178,19.3385,19.858,1950062.044
20090709,0,19.9476,19.9476,19.2579,19.4102,1353068.647
20090710,0,19.2937,19.4908,19.0429,19.4012,1314857.542
20090713,0,19.4012,19.9566,19.2758,19.8312,1164023.187
20090714,0,19.8043,20.2432,19.6431,20.2342,1308563.444
20090715,0,20.3417,20.8791,20.2521,20.8254,1023625.723
20090716,0,20.7448,21.2553,20.6463,20.8971,993379.894
20090717,0,20.8433,21.121,20.691,21.0045,1191942.75
20090720,0,21.1031,21.1031,20.6731,21.0314,569022.989
20090721,0,21.1837,21.1837,20.6463,20.8433,795183.866
20090722,0,20.6015,21.3539,20.6015,20.9777,901887.473000001
20090723,0,20.9508,21.542,20.8254,21.4972,1270732.132
20090724,0,21.4614,21.7211,21.1837,21.4882,1229006.87
20090727,0,21.3987,21.6405,21.1837,21.6315,704369.528000001
20090728,0,21.5599,21.7749,21.318,21.6495,1129118.239
20090729,0,21.6584,22.169,21.3628,22.0346,1633249.041
20090730,0,22.1331,22.4019,21.9898,21.9898,1186067.989
20090731,0,21.9271,22.1958,21.6584,22.0704,1399155.729
20090803,0,22.1511,22.1511,21.6674,22.0436,799197.536
20090804,0,22.0615,22.5452,21.6584,21.9271,1492182.592
20090805,0,22.0794,22.0794,21.5599,21.6584,1142960.497
20090806,0,21.6405,21.6584,21.0404,21.2733,1339540.764
20090807,0,21.3897,21.533,21.2285,21.2285,1335598.458
20090810,0,21.2643,21.3539,20.915,21.1389,1544863.612
20090811,0,20.9866,21.3987,20.8702,21.1837,2335297.133
20090812,0,21.1926,21.3807,21.0314,21.0852,2438713
20090813,0,22.169,22.8228,21.739,22.3839,6068090
20090814,0,22.4735,22.9662,22.4556,22.9035,1995363.803
20090817,0,22.572,23.3155,22.5452,23.2259,3466560.064
20090818,0,23.2976,23.9694,23.1184,23.1274,2018020.305
20090819,0,23.0647,23.4588,22.9303,23.3692,1828165.273
20090820,0,23.2976,24.4978,23.2886,24.0858,7008029.944
20090821,0,24.5337,24.6322,24.1127,24.3993,3127500.079
20090824,0,24.4978,24.9278,24.4262,24.8292,2777812.232
20090825,0,24.7665,24.9994,24.4172,24.5337,3160383.328
20090826,0,24.4978,24.668,23.9873,24.1485,2929326.546
20090827,0,23.9873,24.4083,23.9335,24.0321,2005697.856
20090828,0,24.1306,24.3008,23.5125,23.7992,2484339.592
20090831,0,23.5932,23.9514,23.4498,23.6469,909545.9905
20090901,0,23.5663,23.844,23.199,23.2259,1747494.719
20090902,0,23.2349,23.6379,23.199,23.4946,2031820.538
20090903,0,23.4409,23.844,23.414,23.7454,2340438.851
20090904,0,23.7723,24.0858,23.5305,24.0679,1985723.183
20090908,0,24.1754,25.1696,24.05,24.256,2934153.092
20090909,0,24.1216,24.6143,23.9514,24.3366,2114283.786
20090910,0,24.3008,24.677,24.0858,24.6322,1346591.894
20090911,0,24.5068,24.7218,24.1216,24.247,1866841.569
20090914,0,24.0948,24.4172,24.0948,24.2649,2110088.487
20090915,0,24.2649,24.3545,24.1127,24.3187,2356877.344
20090916,0,24.3903,24.453,24.1037,24.2739,1421699.672
20090917,0,24.2291,24.7665,24.1843,24.4172,2234532.684
20090918,0,24.5426,25.0353,24.3993,24.9547,2210011.639
20090921,0,24.9099,24.9726,24.4978,24.883,1143755.125
20090922,0,24.9009,25.0353,24.6591,24.9547,1289081.692
20090923,0,24.874,25.098,24.5874,24.5964,1422392.971
20090924,0,24.5337,24.7128,24.4083,24.471,2213840.94
20090925,0,24.3814,24.7128,24.3635,24.5247,2003038.513
20090928,0,24.4889,24.9547,24.4262,24.8382,1293905.017
20090929,0,25.3846,25.931,25.2592,25.5727,2055229.758
20090930,0,25.4563,25.8145,25.08,25.7698,1997177.947
20091001,0,25.6354,25.8145,25.2413,25.3398,2461610.618
20091002,0,25.2502,25.5816,25.1069,25.3398,2034071.126
20091005,0,25.3756,25.4294,25.0621,25.1965,1712432.216
20091006,0,25.3219,25.6981,25.2413,25.6085,1117173.402
20091007,0,25.5637,26.2893,25.5637,26.1997,2235046.287
20091008,0,26.3341,26.6744,25.5279,26.5401,2170223.479
20091009,0,26.3878,27.4537,26.3878,26.9342,5509482.191
20091012,0,26.6744,26.8625,26.1639,26.3968,6197964.278
20091013,0,26.3161,26.4684,25.8772,26.0295,3192882.573
20091014,0,26.0922,26.1907,25.8862,25.9758,1974499.416
20091015,0,25.9668,26.4863,25.922,26.0833,1382902.535
20091016,0,25.9668,26.146,25.6444,26.0653,1950052.978
20091019,0,26.0653,26.2266,25.8683,25.8772,2327239.068
20091020,0,25.8952,26.1728,25.6264,26.0295,2281759.363
20091021,0,25.9579,26.1012,25.1427,25.1427,2148472.957
20091022,0,25.2234,25.2234,24.6053,24.9636,3028312.469
20091023,0,24.9188,25.0353,24.3545,24.7934,2513769.797
20091026,0,24.7307,24.892,24.0768,24.2291,2339084.02
20091027,0,24.0768,24.892,24.0768,24.8292,2771801.517
20091028,0,24.7934,25.2413,24.6053,24.6232,2538429.287
20091029,0,24.8113,24.9726,24.4889,24.7934,2096695.962
20091030,0,24.8113,25.1786,24.4083,24.453,1583677.1463
20091102,0,24.462,24.9815,24.3545,24.7665,1377443.523
20091103,0,24.5516,24.8292,24.3635,24.7038,1888928.064
20091104,0,24.7307,25.2682,24.6322,24.9009,1344109
20091105,0,24.256,24.7038,22.9035,23.6827,8964825
20091106,0,23.7633,23.8619,23.217,23.826,2289161.808
20091109,0,23.835,23.9246,23.7186,23.8708,2502036.573
20091110,0,23.9694,24.9367,23.7813,24.668,3105941.872
20091111,0,24.7934,24.8024,23.9694,24.5157,2252121.277
20091112,0,24.462,24.5426,24.041,24.041,1488404.638
20091113,0,24.041,24.5874,23.6917,24.4978,1838737.0465
20091116,0,24.5964,25.1965,24.5247,25.0711,2367223.795
20091117,0,25.1517,25.2144,24.7038,24.883,1303565.963
20091118,0,24.7934,24.9367,24.5874,24.8472,1010569.28
20091119,0,24.7218,24.7218,23.835,23.9604,1841830.696
20091120,0,23.9067,24.7128,23.5394,24.471,2789178.308
20091123,0,24.6591,24.7128,24.453,24.4978,1199324.4045
20091124,0,24.453,24.6411,24.1933,24.4351,1221591.452
20091125,0,24.4351,24.4351,23.9604,24.1754,1921149.644
20091127,0,23.7006,23.7006,23.3155,23.5305,1171564.39
20091130,0,23.5484,23.5573,23.2976,23.4857,1141725.992
20091201,0,23.629,23.8081,23.5484,23.7275,1615538.994
20091202,0,23.6738,24.1933,23.6738,24.0589,1408992.284
20091203,0,24.0231,24.2291,23.7723,23.8887,1515703.651
20091204,0,24.0052,24.4083,23.826,23.9962,1238814.517
20091207,0,23.9604,24.2381,23.8529,24.1395,839069.61
20091208,0,24.1306,24.1306,23.5573,23.9783,1017041.018
20091209,0,24.9367,25.1517,24.0231,24.2829,6365829.298
20091210,0,24.7038,24.8472,24.3993,24.8203,3027620.425
20091211,0,24.874,25.4921,24.7397,25.304,2238627.106
20091214,0,25.501,25.51,24.6053,25.1517,1495867.131
20091215,0,25.089,25.3488,24.9457,25.295,948287.402000001
20091216,0,25.304,25.5279,24.8651,24.9278,1424083.399
20091217,0,24.8468,25.3601,24.8288,25.2971,1855790.734
20091218,0,25.3781,25.6663,24.5136,25.3781,2650998.4159
20091221,0,25.3871,25.5762,25.207,25.5582,1157396.642
20091222,0,25.2971,25.8194,24.9909,25.7564,705943.774
20091223,0,25.8914,26.1256,25.7744,26.0896,626979.309000001
20091224,0,26.2607,26.3778,26.0535,26.2066,277301.743
20091228,0,26.2787,26.3417,26.1166,26.2607,295877.653
20091229,0,26.2607,26.3958,26.0896,26.1526,917457.841999999
20091230,0,26.0355,26.2787,25.8464,25.9455,1087543.4664
20091231,0,25.9455,26.0626,25.4592,25.4952,919501.271
20100104,0,25.6933,26.2427,25.3961,26.2337,1136165.816
20100105,0,26.0806,26.2697,25.8014,25.8734,994156.177
20100106,0,26.0265,26.5038,25.9185,26.4768,2084915.165
20100107,0,26.2066,26.2607,25.9095,26.2247,2216542.699
20100108,0,26.3687,26.6119,25.6573,25.9995,888984.037
20100111,0,25.9545,26.1076,25.3961,25.8644,1314388.131
20100112,0,25.6663,25.9005,25.3781,25.4141,1305544.923
20100113,0,25.5312,25.7474,25.4772,25.6483,709251.641000001
20100114,0,25.5492,25.7924,25.4231,25.6843,1051685.0714
20100115,0,25.6843,25.7474,25.3421,25.6303,2734719.012
20100119,0,25.4412,25.6843,25.3961,25.5853,1344989.991
20100120,0,25.3511,25.6033,25.0899,25.5312,1494707.976
20100121,0,25.5943,25.6393,24.9098,24.9548,2336661.838
20100122,0,24.9188,24.9368,24.5496,24.6397,1324490.344
20100125,0,24.8468,24.8468,24.4956,24.6306,953890.488
20100126,0,24.5406,24.8198,24.3605,24.7297,863623.649
20100127,0,24.6126,24.8018,24.3064,24.7927,1105403.461
20100128,0,25.0719,25.126,24.6937,24.8648,1268082.021
20100129,0,24.8468,25.216,24.7207,24.9188,1321416.028
20100201,0,25.0719,25.135,24.8378,25.0089,841402.100999999
20100202,0,25.0179,25.3331,24.8558,25.261,1025436.373
20100203,0,25.207,25.4412,25.0539,25.2881,1115511.424
20100204,0,25.0809,25.153,24.1173,24.1804,1790900.613
20100205,0,24.0723,24.4415,23.7571,24.4235,2529837.825
20100208,0,24.4595,24.5586,24.1533,24.2164,1037176.482
20100209,0,24.3515,24.4325,23.9912,24.1443,1588243.0857
20100210,0,24.1443,24.2344,23.8471,24.2164,1742706.937
20100211,0,24.1173,24.5856,23.9192,24.4685,1489175.812
20100212,0,24.2614,24.4415,24.0543,24.3695,1369114.453
20100216,0,24.5226,24.8018,24.3244,24.6937,1670076.301
20100217,0,24.6937,25.8554,24.6667,25.7924,4041397.041
20100218,0,25.6753,26.2787,25.6753,26.2607,1417058.559
20100219,0,26.1076,26.3237,26.0175,26.0355,1883316.119
20100222,0,26.0986,26.1616,25.6483,25.7924,1308989.484
20100223,0,25.7023,25.8374,25.4051,25.6033,1218497.949
20100224,0,25.7474,25.8374,25.4952,25.8374,1534133
20100225,0,28.1069,28.8363,27.3594,28.6562,12130987
20100226,0,28.1969,28.8453,27.8727,28.6202,2876484.143
20100301,0,28.7282,28.9804,28.0528,28.1339,2590954.653
20100302,0,28.1879,28.5751,28.1789,28.359,2201031.99
20100303,0,28.4671,28.8183,28.359,28.4941,2424705.478
20100304,0,28.5751,28.9444,28.4851,28.7733,3004169.297
20100305,0,28.8904,29.2236,28.7823,29.0885,2581772.711
20100308,0,29.1785,29.7639,28.9624,29.5838,2519392.072
20100309,0,29.4577,30.5564,29.3947,30.1421,3185042.62
20100310,0,30.1782,30.4844,29.944,30.2682,3935964.44
20100311,0,31.0157,31.7362,30.8986,31.511,6507543.15599999
20100312,0,31.7091,31.8442,31.448,31.466,1769588.914
20100315,0,31.8803,32.1504,31.2859,31.421,3248461.623
20100316,0,31.9253,32.9429,31.7902,32.8979,4862118.581
20100317,0,33.141,33.141,32.7088,33.015,2521903.907
20100318,0,33.1686,33.5122,32.8702,33.1867,3447765.929
20100319,0,33.1777,33.3223,32.5989,32.7165,3642101.084
20100322,0,32.7255,33.3947,32.6622,33.2771,2494695.609
20100323,0,33.1777,33.4308,32.7888,33.0782,2111908.923
20100324,0,33.1143,33.1143,32.5627,32.8521,2358361.348
20100325,0,33.2048,33.2319,32.626,32.6803,2214930.29
20100326,0,32.834,32.9064,32.0202,32.3728,2915954.756
20100329,0,32.5266,32.5537,32.1558,32.2101,1981265.067
20100330,0,32.3367,32.5627,31.9659,32.1739,1686821.341
20100331,0,32.2643,32.2643,31.7579,31.8303,1449439.205
20100401,0,31.8665,32.1377,31.7941,32.0564,2720821.405
20100405,0,32.2734,32.4904,32.0021,32.0925,2168633.12
20100406,0,31.9117,32.183,31.8212,32.0744,1769969.962
20100407,0,32.1197,32.1197,31.6042,31.6042,2053735.569
20100408,0,31.559,32.0835,31.342,31.8665,2111420.397
20100409,0,31.8574,31.8574,31.55,31.8032,1686899.355
20100412,0,31.8665,31.9298,31.5409,31.6675,1352188.305
20100413,0,31.7308,31.7489,31.4415,31.5409,1385707.122
20100414,0,31.559,31.7579,31.3601,31.4234,2189818.433
20100415,0,31.3239,31.3691,30.7904,30.9351,3338353.032
20100416,0,30.7904,31.1069,30.6367,30.7542,2496805.339
20100419,0,30.7271,30.926,30.4196,30.8356,1626122.249
20100420,0,30.926,31.0074,30.6186,30.7271,1178160.783
20100421,0,30.7904,31.0707,30.4558,30.5553,1566135.58
20100422,0,30.4015,30.492,29.8952,30.2207,1953668.414
20100423,0,30.284,30.5372,30.0218,30.3473,1006644.421
20100426,0,30.5101,30.926,30.4287,30.8175,3103352.128
20100427,0,30.6547,30.6547,29.9585,30.0218,1828933.238
20100428,0,30.085,30.3654,29.8499,30.3021,1883325.359
20100429,0,30.3744,31.0617,30.3021,31.0345,1977334.065
20100430,0,30.9893,31.143,29.5606,29.5696,4267997.073
20100503,0,30.6638,31.2335,30.4106,30.9351,2300147.038
20100504,0,30.7994,30.8356,29.868,30.0308,3182724.994
20100505,0,29.8409,31.2425,29.5787,30.7361,3601489
20100506,0,30.7452,32.5537,30.501,31.2063,8921789
20100507,0,31.1883,32.9154,31.0255,32.3728,7935407.96
20100510,0,32.9787,33.25,32.4904,33.0782,3912328.657
20100511,0,32.6713,33.8649,32.5718,33.2409,4164620.627
20100512,0,33.8197,34.4888,33.3404,34.1543,5910651.415
20100513,0,34.8234,35.1761,34.1814,34.2718,4604197.619
20100514,0,34.1452,34.1723,33.2319,33.675,2953042.238
20100517,0,33.7112,34.5431,33.7112,34.3532,3085631.559
20100518,0,34.5702,35.2032,34.3894,34.4888,5404349.737
20100519,0,34.3713,34.5341,33.7654,34.3713,2804460.809
20100520,0,33.7564,34.0367,32.7888,32.825,3902474.598
20100521,0,32.2463,33.3947,32.0925,33.1777,3661091.427
20100524,0,33.1143,33.5936,32.834,33.3042,2488931.505
20100525,0,32.4994,33.5936,31.9117,33.5213,3221409.982
20100526,0,33.7654,34.2176,33.6569,33.684,2791802.656
20100527,0,34.0638,34.6697,33.9734,34.4888,3121020.2482
20100528,0,34.3622,34.7511,34.1633,34.2447,2353980.926
20100601,0,33.9915,34.6426,33.6479,34.0729,2895369.389
20100602,0,34.1,34.3622,33.7202,34.2718,2265427.292
20100603,0,34.3622,34.742,33.5213,33.5846,4290139.428
20100604,0,33.0149,33.6569,32.409,32.8792,4277539.668
20100607,0,32.8159,32.834,32.2101,32.409,3386402.341
20100608,0,32.4452,33.4941,32.3096,32.9968,3690374.05
20100609,0,33.1867,33.259,32.5627,32.7255,2614840.391
20100610,0,33.0239,33.5755,33.0239,33.3675,2999208.495
20100611,0,33.0872,33.7926,33.0872,33.7473,2613032.943
20100614,0,34.1633,34.2809,33.7654,33.8468,3118068.058
20100615,0,33.9101,34.2809,33.8468,34.1723,3047458.4479
20100616,0,34.0457,34.5883,34.0457,34.3803,2374311.701
20100617,0,34.5442,34.8172,34.2529,34.8081,2715212.051
20100618,0,34.7444,34.9265,34.4895,34.5624,2830572.557
20100621,0,34.8172,35.0448,34.526,34.7171,3441638.507
20100622,0,34.7353,34.9356,34.0071,34.089,5037593.482
20100623,0,33.7522,34.3075,33.4519,33.9434,2556204.093
20100624,0,33.7613,34.171,33.4792,33.7886,2447463.877
20100625,0,33.8251,33.8797,33.1242,33.2971,2020061.741
20100628,0,33.4154,34.7717,33.2425,34.6989,3469033.164
20100629,0,34.2256,34.6443,33.998,34.4258,10536191.179
20100630,0,34.3712,34.6625,33.9252,33.9707,4801202.119
20100701,0,34.1254,34.1801,33.5884,34.0435,3224420.428
20100702,0,34.2256,34.617,33.907,33.9707,1699471.252
20100706,0,34.3257,34.6716,34.1345,34.5351,2621684.345
20100707,0,34.6079,34.6443,34.1436,34.5806,3913112.613
20100708,0,34.6261,34.8172,34.4622,34.7717,2985751.455
20100709,0,34.8081,35.2633,34.6989,35.0448,4330095.3197
20100712,0,35.1358,35.2177,34.7808,35.1358,3620874.696
20100713,0,35.4635,35.7821,35.4089,35.6547,4359409.253
20100714,0,35.5181,35.9915,35.3998,35.6547,3210573.686
20100715,0,35.7184,35.9459,35.236,35.4908,4070388.726
20100716,0,35.3088,35.5272,34.6079,34.7808,2377308.181
20100719,0,34.9265,35.4817,34.9265,35.3634,3310223.382
20100720,0,34.9265,36.1007,34.9265,36.0552,3379425.251
20100721,0,36.2281,36.3101,35.2451,35.3634,3528876.668
20100722,0,35.6911,36.2281,35.591,36.0188,2087227.246
20100723,0,36.0734,36.2372,35.773,36.2372,2068099.828
20100726,0,36.2463,36.6286,36.0916,36.5103,2588196.742
20100727,0,36.4193,36.4193,35.7912,36.1371,2571404.902
20100728,0,36.1917,36.3009,34.5351,34.7626,5699982
20100729,0,34.7808,34.8445,33.1333,33.7613,6011029
20100730,0,33.6521,34.444,33.2152,34.1801,3103736.305
20100802,0,34.617,34.8627,33.9707,34.3166,2781645.445
20100803,0,34.171,34.4531,33.9343,34.2165,1620566.487
20100804,0,34.2256,34.4349,33.9616,34.3894,1875931.392
20100805,0,34.2256,34.2438,33.7158,33.9161,3044006.737
20100806,0,33.7249,33.9343,33.2971,33.5793,2682866.289
20100809,0,33.7613,34.0981,33.379,33.3972,2193098.881
20100810,0,33.2789,34.2165,33.0513,33.8706,2993445.687
20100811,0,33.5429,33.8251,33.0969,33.5429,2556059.882
20100812,0,33.0695,33.7067,32.9421,33.6885,2718871.424
20100813,0,33.6612,33.7431,33.2971,33.5884,1623337.973
20100816,0,33.3972,33.5793,33.0604,33.4883,2740322.683
20100817,0,33.6157,33.7158,33.1697,33.4792,3059329.061
20100818,0,33.4428,33.7249,33.2516,33.6703,2075771.391
20100819,0,33.4701,33.6976,33.197,33.5156,2945718.179
20100820,0,33.2152,33.5429,32.9785,33.4883,1823437.373
20100823,0,33.4792,33.6794,33.2516,33.2607,1303694.772
20100824,0,32.842,33.816,32.7783,33.6157,2547959.52
20100825,0,33.3608,34.0708,33.3608,33.8979,3290062.998
20100826,0,34.0617,34.2347,33.643,33.7522,1611312.221
20100827,0,33.8342,34.089,33.4245,34.0617,1184285.208
20100830,0,34.0162,34.171,33.7249,33.7249,1409115.915
20100831,0,33.461,33.7704,33.2607,33.4792,1866196.229
20100901,0,33.7522,34.3439,33.4883,34.3257,1996977.86159
20100902,0,34.2347,34.6352,34.0162,34.6352,1715514.488
20100903,0,34.7808,34.9356,34.4531,34.8718,1327312.091
20100907,0,34.8081,35.0266,34.4804,34.7899,1300464.752
20100908,0,34.7626,35.2906,34.6625,34.6898,2123839.105
20100909,0,34.9902,35.063,32.3595,32.396,9357441.314
20100910,0,32.0136,32.1047,31.2581,31.6131,7982278.76
20100913,0,32.0683,32.0683,31.4857,31.7315,4451583.023
20100914,0,31.6313,31.777,31.4675,31.5312,3404403
20100915,0,31.5221,32.487,31.4038,32.4233,4191626.654
20100916,0,32.2584,32.3226,31.8551,32.2492,2007994.296
20100917,0,32.2859,32.4509,32.1026,32.3592,2480866.049
20100920,0,32.3409,32.5792,32.2034,32.4417,1751576.857
20100921,0,32.3501,32.3867,31.7634,31.9101,2010315.599
20100922,0,31.7451,32.0567,31.4334,31.5434,1769566.568
20100923,0,31.3692,31.3875,30.8009,31.0667,2881917.828
20100924,0,32.3592,32.3592,31.9009,32.0109,2813562.774
20100927,0,31.9742,32.1576,31.5434,31.9559,1783850.805
20100928,0,31.9926,32.7626,31.6992,32.7534,2454223.49
20100929,0,32.6434,32.7259,32.2309,32.4326,1715627.814
20100930,0,32.4142,32.8726,32.3867,32.5884,2157486.119
20101001,0,32.5976,33.0284,31.9284,32.2126,3303215.18
20101004,0,32.0292,32.1026,31.6626,31.7542,2187441.495
20101005,0,32.0292,32.6342,32.0017,32.5151,3079137.546
20101006,0,32.4051,32.5334,32.0201,32.1209,1494680.174
20101007,0,31.7451,32.0934,31.6259,31.6992,2738359.391
20101008,0,31.7451,32.0751,31.3784,31.8642,1836437.837
20101011,0,31.8001,32.0292,31.8001,31.9742,859363.622
20101012,0,31.8917,32.0292,31.8367,31.9101,1246924.549
20101013,0,31.9467,32.5426,31.8551,32.4142,2407421.408
20101014,0,32.4326,32.5976,32.0109,32.1117,1773879.854
20101015,0,32.3317,32.4234,31.9651,32.0751,1888123.41
20101018,0,32.1209,32.1209,31.4701,31.4884,1827049.798
20101019,0,31.2317,31.3234,30.8559,31.0392,1823700.027
20101020,0,31.1217,32.1851,31.0667,32.1851,2518932.171
20101021,0,32.3042,32.8359,32.2492,32.8359,2332435.693
20101022,0,32.7993,32.9826,32.6251,32.8726,1303958.798
20101025,0,33.2026,33.2026,32.8359,32.9459,1524788.598
20101026,0,32.9093,33.0559,32.6526,32.7443,1922564
20101027,0,31.195,33.7251,31.1675,33.4409,5694390
20101028,0,33.7251,33.9268,33.3218,33.4501,2280822.878
20101029,0,33.4593,33.5509,33.2484,33.5143,1525279.276
20101101,0,33.7893,33.7893,33.4043,33.5234,1970289.221
20101102,0,33.7709,34.2018,33.6426,34.1376,1592931.368
20101103,0,34.101,34.3576,33.7068,33.936,1016807.862
20101104,0,34.2293,34.4126,33.991,34.1101,1159237.264
20101105,0,34.1651,34.3301,33.9176,34.0276,1041622.264
20101108,0,34.0276,34.1193,33.4868,33.4959,1385170.089
20101109,0,33.5876,33.7343,32.9918,33.0926,1867548.072
20101110,0,33.0743,33.6243,32.9093,33.4868,2040164.776
20101111,0,33.3676,33.4684,33.0834,33.1751,1938970.92
20101112,0,32.9918,33.3859,32.9918,33.1751,1146577.733
20101115,0,33.2209,33.7068,33.2209,33.5601,1738046.191
20101116,0,33.5326,33.991,33.3034,33.3951,1665713.939
20101117,0,33.2576,33.5051,33.2209,33.3768,1274288.922
20101118,0,33.6793,34.2201,33.6243,34.0276,1387719.627
20101119,0,34.046,34.9718,33.826,34.7885,2164475.479
20101122,0,34.651,35.0452,34.541,34.9168,989000.118999999
20101123,0,34.5776,34.5868,34.1376,34.2385,1217286.397
20101124,0,34.0551,34.6235,34.0551,34.5318,717757.687999999
20101126,0,34.321,34.3851,34.1468,34.1743,466522.927
20101129,0,33.936,33.936,33.2026,33.5509,1668980.692
20101130,0,33.3768,33.6976,33.1293,33.5784,1453146.406
20101201,0,33.8626,34.1376,33.5234,34.0001,1161543.617
20101202,0,33.9451,34.706,33.6976,34.596,1209841.01
20101203,0,34.486,34.7426,34.3851,34.5135,895065.730999999
20101206,0,34.3851,34.3851,33.7801,33.8168,1147834.037
20101207,0,33.9635,34.1926,33.5509,33.6884,1160692.506
20101208,0,33.6518,33.8168,32.9184,33.5509,2795555.277
20101209,0,33.7159,34.5043,33.5143,34.4951,2647723.812
20101210,0,34.541,34.541,34.0185,34.3485,1628314.079
20101213,0,34.3943,34.5043,33.5693,34.0093,2383831.877
20101214,0,34.0368,34.156,33.7709,34.156,1368676.143
20101215,0,34.0551,34.2476,33.8351,34.2018,1576067.378
20101216,0,34.3314,34.3314,33.953,34.2114,1242718.3
20101217,0,34.1191,35.0974,34.0176,35.0881,2469048.556
20101220,0,35.0789,35.1066,33.953,34.1929,2686338.904
20101221,0,34.3037,34.3498,33.8699,33.9807,1335045.808
20101222,0,34.036,34.0545,33.4177,33.4915,1155402.881
20101223,0,33.2885,33.6115,33.2239,33.4085,1167883.501
20101227,0,33.2977,33.5469,33.0855,33.2331,792942.114
20101228,0,33.3254,33.3439,33.0393,33.2239,897690.453000001
20101229,0,33.187,33.2885,32.9655,33.0393,1034502.059
20101230,0,32.9563,33.0762,32.7071,32.947,1039200.878
20101231,0,32.827,32.9193,32.421,32.421,1125293.979
20110103,0,32.6056,32.8086,32.3471,32.6517,1684522.465
20110104,0,32.7625,32.8178,32.3287,32.7625,2014715.206
20110105,0,32.6517,33.63,32.541,33.4638,3066293.379
20110106,0,33.307,33.8884,33.2885,33.7961,2305426.185
20110107,0,33.593,33.7961,32.5871,32.6978,3507717.688
20110110,0,32.5502,32.7994,32.301,32.3841,2676475.426
20110111,0,32.4394,32.9932,32.3195,32.9286,2482074.578
20110112,0,32.9932,33.4085,32.6978,33.0855,2379404.905
20110113,0,33.0393,33.3162,32.8086,32.9839,1446021.491
20110114,0,32.864,32.9747,32.5963,32.8178,930597.194
20110118,0,32.7809,32.9193,32.624,32.6517,1194943.245
20110119,0,32.744,32.8086,32.2641,32.6332,1614525.895
20110120,0,32.541,32.7255,32.301,32.3102,1856421.656
20110121,0,32.4948,32.6425,32.1903,32.4579,2244710.403
20110124,0,32.4025,32.5594,32.098,32.2087,1797805.459
20110125,0,32.1903,33.0024,32.1441,32.6886,3061382.118
20110126,0,32.827,32.9839,32.5225,32.6517,1571324.32
20110127,0,32.5871,33.187,32.504,32.6978,1515113.594
20110128,0,32.7163,33.0762,32.0703,32.1349,1278440.688
20110131,0,32.2272,32.744,32.1349,32.6517,1615510.572
20110201,0,32.8824,33.1224,32.5963,32.5963,1560377.967
20110202,0,32.5871,32.744,32.2272,32.6609,1332712.866
20110203,0,32.5502,32.827,32.2641,32.5594,1523629.334
20110204,0,32.504,32.8732,32.4302,32.864,998600.161
20110207,0,32.8178,33.2516,32.7625,32.9286,1306129.278
20110208,0,32.8824,32.9932,32.3748,32.5317,4025025.163
20110209,0,32.5502,32.7994,32.3195,32.4394,994211.889000001
20110210,0,32.2825,32.2918,31.1751,31.3135,3842730.254
20110211,0,31.2581,31.8026,31.092,31.3689,3027299.772
20110214,0,31.3873,31.535,31.1197,31.1197,2295762.737
20110215,0,31.1197,31.4243,31.0828,31.3689,2061679.493
20110216,0,31.452,32.0334,31.2212,31.4981,2788883
20110217,0,33.0855,33.5008,32.3102,33.4638,4611378
20110218,0,33.4731,33.7684,33.0209,33.593,2325278.08
20110222,0,33.307,33.4731,32.8917,32.9932,1938002.216
20110223,0,32.9563,33.1593,32.6332,32.827,2016937.172
20110224,0,32.9101,33.4915,32.8086,33.1131,1775997.454
20110225,0,33.1408,33.6392,33.0485,33.63,1231590.881
20110228,0,33.63,33.6853,33.2331,33.2331,1608660.387
20110301,0,33.4269,33.8145,33.307,33.6946,2402395.824
20110302,0,33.5838,33.9622,33.4546,33.63,2038731.773
20110303,0,33.8238,34.479,33.8238,34.4236,2141977.449
20110304,0,34.3406,34.5713,34.2391,34.5067,2256432.818
20110307,0,34.5252,34.8666,34.359,34.4606,2527486.172
20110308,0,34.599,34.9866,34.4513,34.6913,1695749.141
20110309,0,34.719,35.1066,34.6821,35.042,1812994.518
20110310,0,34.7282,34.7928,34.156,34.3683,2809733.747
20110311,0,34.5436,34.802,34.4236,34.5898,1369834.572
20110314,0,34.5713,34.9312,34.4421,34.7928,1758498.119
20110315,0,34.2206,34.7467,33.8976,34.5621,1696807.836
20110316,0,34.4975,34.8205,34.0637,34.156,1952021.301
20110317,0,34.4906,34.9088,34.4256,34.565,2660390.242
20110318,0,34.8344,35.2711,34.7508,35.2061,2322967.487
20110321,0,35.3826,35.4477,34.3141,34.3699,2063746.071
20110322,0,34.4163,34.7508,34.2491,34.7136,1431323.986
20110323,0,34.6021,35.2061,34.6021,35.0203,1302474.28
20110324,0,35.076,35.5406,34.9924,35.1968,1100443.562
20110325,0,35.2619,35.5034,35.1318,35.2061,861590.766999998
20110328,0,34.7508,35.1132,34.3699,34.6672,1558599.424
20110329,0,34.6207,35.0017,34.5092,34.8623,1028654.608
20110330,0,35.0481,35.1132,34.2026,34.7508,2598543.819
20110331,0,34.7044,34.8437,34.3699,34.4906,2014632.392
20110401,0,34.7044,35.0853,34.6672,34.8437,2421168.473
20110404,0,34.9181,35.2619,34.7973,35.0667,1251303.563
20110405,0,34.9274,35.1318,34.7415,34.7694,1146702.406
20110406,0,34.8902,35.0203,34.7508,34.9181,1127628.206
20110407,0,34.8716,35.2433,34.8344,34.9645,1416929.537
20110408,0,35.1782,35.4477,34.6486,34.7973,1553614.304
20110411,0,33.9889,35.4105,33.6358,35.4012,3832065.058
20110412,0,35.2711,37.0644,35.234,35.9123,4649357.1
20110413,0,35.9587,36.0424,35.4663,35.8008,2425191.988
20110414,0,35.68,36.191,35.4477,35.9123,2009593.116
20110415,0,35.7171,36.0424,35.5592,35.5964,2332099.198
20110418,0,35.2526,35.9216,35.1596,35.8008,2057579.158
20110419,0,35.7729,36.0609,35.5685,36.0516,1771922.936
20110420,0,36.2746,36.3676,36.0702,36.0981,1352773.168
20110421,0,36.1539,36.6277,35.968,36.2839,1127465.771
20110425,0,36.2282,36.2282,35.9587,36.0424,1383535.919
20110426,0,35.9959,36.1167,35.68,35.8658,2700788
20110427,0,36.9251,37.5662,36.6742,37.2689,4133833
20110428,0,37.2596,37.2596,36.5162,36.8136,2674326.21600001
20110429,0,36.8786,36.9715,36.3954,36.4233,1415921.318
20110502,0,36.6091,36.8321,36.2839,36.5627,1975034.137
20110503,0,36.5906,36.9158,36.4326,36.8786,1933495.489
20110504,0,36.8136,36.9994,36.2654,36.4419,1713165.203
20110505,0,36.3118,36.6556,36.1539,36.4976,1308633.554
20110506,0,36.5906,37.0273,36.349,36.4976,1654691.243
20110509,0,36.414,36.6928,36.3583,36.5998,1428356.861
20110510,0,36.6649,36.8321,36.4884,36.8321,888613.842999999
20110511,0,37.083,37.8821,37.0644,37.8821,3993476.837
20110512,0,37.1945,38.5697,36.7764,38.5139,3804333.503
20110513,0,38.6068,39.09,38.579,38.8113,2385367.877
20110516,0,38.6905,38.9321,38.5604,38.9042,1788014.964
20110517,0,38.8763,39.2759,38.7648,39.2015,1656929.75
20110518,0,39.1644,39.1644,38.4768,38.6719,2101807.882
20110519,0,39.3688,39.3688,38.9228,39.2759,1739157.2
20110520,0,38.9785,39.4338,38.8484,39.1179,1659216.753
20110523,0,38.8299,39.0064,38.6161,38.9228,1431955.838
20110524,0,38.9321,39.1365,38.7741,38.9506,1615699.175
20110525,0,38.8299,38.8391,38.3931,38.5139,1532609.427
20110526,0,38.4303,38.6719,38.3188,38.5883,1649947.155
20110527,0,38.5511,38.9413,38.0772,38.1423,2301814.549
20110531,0,38.3746,38.5232,37.91,38.2724,1775220.711
20110601,0,38.0401,38.2538,38.0122,38.0679,1682129.685
20110602,0,38.0772,38.2166,37.6777,37.8728,1536128.527
20110603,0,37.6126,37.687,37.3246,37.4547,1351969.166
20110606,0,37.5011,37.5476,37.1759,37.2224,955402.858999997
20110607,0,37.3525,37.529,37.241,37.3432,1441690.169
20110608,0,37.3525,37.3525,36.8786,36.9436,1690985.066
20110609,0,36.9344,37.2967,36.8972,37.0923,1477177.537
20110610,0,36.9808,37.6126,36.9715,37.4454,1814555.883
20110613,0,37.4361,38.2445,37.2596,37.9007,2221589.783
20110614,0,38.1144,38.2909,37.8821,38.2166,2187108.495
20110615,0,37.975,38.0958,37.6126,37.8356,2125024.505
20110616,0,38.023,38.2477,37.7514,38.1166,1510375.954
20110617,0,38.3414,38.5849,37.8169,37.9761,1849319.457
20110620,0,37.9761,38.3133,37.8919,38.2852,1192795.043
20110621,0,38.3227,38.5662,38.1541,38.1915,1368515.712
20110622,0,38.023,38.2103,37.8731,37.8919,1371120.029
20110623,0,37.5172,37.5828,37.0396,37.536,3015641.421
20110624,0,37.5828,37.8825,37.2831,37.358,2098048.005
20110627,0,37.4798,38.2384,37.4704,37.9855,1336434.422
20110628,0,38.023,38.2103,37.8357,38.1915,1830957.292
20110629,0,38.2946,38.8658,38.229,38.7909,1854586.724
20110630,0,38.7722,39.7274,38.7347,39.306,2492201.099
20110701,0,39.1936,39.5308,39.0438,39.4746,1490384.699
20110705,0,39.4746,40.3924,39.4746,40.0365,2516670.509
20110706,0,39.8867,40.3643,39.7555,40.0552,2079159.39
20110707,0,40.1114,40.2332,39.0063,39.0157,2987359.602
20110708,0,38.8377,39.4278,38.7816,39.2685,2089048.94
20110711,0,39.0157,39.0812,38.5006,38.6504,1184802.942
20110712,0,38.6692,38.9876,38.6411,38.8003,1369039.236
20110713,0,38.9127,39.0719,38.6692,38.8284,1385827.505
20110714,0,38.8284,38.8284,38.2571,38.2852,1439429.751
20110715,0,38.3227,38.4444,38.0417,38.2477,1341344.721
20110718,0,37.9761,38.0604,37.0958,37.255,2227115.22
20110719,0,37.4611,38.2384,37.3768,38.1728,1805820.056
20110720,0,38.2477,38.3133,37.8169,38.1634,934088.023999999
20110721,0,38.3601,38.3976,37.7982,37.9012,1860810.729
20110722,0,38.0885,38.126,37.7607,37.7701,1416280.857
20110725,0,37.4891,37.4891,37.0958,37.2269,2546454.824
20110726,0,37.3768,37.3768,37.049,37.0958,2180836
20110727,0,37.2269,37.2269,35.869,36.1967,3094991
20110728,0,36.1405,36.2061,35.5693,35.8409,2223734.721
20110729,0,35.3913,35.8128,35.1853,35.4194,1734284.332
20110801,0,35.5974,35.7659,35.0167,35.204,1924556.81
20110802,0,34.9137,35.2789,34.9043,34.998,2355799.326
20110803,0,34.8481,35.6255,34.7826,35.485,2338742.572
20110804,0,35.0916,35.2789,34.1645,34.2394,3191424.957
20110805,0,34.511,35.307,34.3705,35.0823,4124502.06
20110808,0,34.4923,34.6983,33.3122,33.3497,4260641.653
20110809,0,33.5838,33.8742,32.1884,33.8648,3836989.398
20110810,0,33.4621,34.4361,32.7035,32.7597,2717307.512
20110811,0,32.8908,34.6608,32.7035,34.3237,1990054.927
20110812,0,34.4173,35.3726,34.2394,35.0354,1917458.091
20110815,0,35.1104,35.1759,34.3424,34.6983,2741501.28
20110816,0,34.4548,34.8762,34.2488,34.5016,1902276.541
20110817,0,34.8294,35.0074,34.4735,34.792,1942514.871
20110818,0,34.1364,34.2207,33.4995,33.9678,1857896.589
20110819,0,33.743,34.1738,33.3216,33.434,1614447.09
20110822,0,33.9491,33.9772,33.434,33.5183,1085837.232
20110823,0,33.6494,34.1832,33.3872,34.0615,1812423.555
20110824,0,33.9397,34.2019,33.6588,33.7992,1401722.424
20110825,0,33.9584,33.9959,33.2935,33.331,1590165.532
20110826,0,33.228,34.2394,32.7129,34.23,1632514.873
20110829,0,34.5859,35.4194,34.5016,35.4194,1168180.76
20110830,0,35.2415,35.7659,35.0261,35.6629,1636270.243
20110831,0,35.8315,36.1405,35.7378,35.9626,1537595.829
20110901,0,35.9532,36.0282,35.588,35.7753,1818799.598
20110902,0,35.2415,35.5505,35.1385,35.2977,1659662.331
20110906,0,33.9772,35.1104,33.9772,35.1104,1940519.8
20110907,0,35.4288,35.4943,35.0916,35.1853,1264439.79
20110908,0,35.0261,35.3258,34.9324,34.9886,1329391.365
20110909,0,34.6702,34.6983,34.2769,34.5578,1845887.166
20110912,0,34.1832,34.614,34.0427,34.4923,1788786.822
20110913,0,34.5672,35.3539,34.5016,35.1947,1613547.684
20110914,0,35.2321,35.9064,34.895,35.5974,1968277.243
20110915,0,35.7202,35.9468,35.3424,35.8335,1543313.121
20110916,0,35.9657,36.4096,35.8902,36.2302,1451554.713
20110919,0,35.7768,35.9657,35.5124,35.7863,628003.056
20110920,0,35.8996,36.5135,35.8052,36.0791,1121164.402
20110921,0,36.1263,36.2396,35.3518,35.3613,2071134.765
20110922,0,34.549,35.7107,34.3507,35.5313,2321673.121
20110923,0,35.2479,35.3707,34.7285,34.8796,2808420.236
20110926,0,35.1157,35.2668,34.5112,35.1629,1927419.385
20110927,0,35.5974,35.8429,35.0212,35.1157,2130480.812
20110928,0,35.2574,35.5124,34.4451,34.4829,1467730.527
20110929,0,34.8985,35.9941,34.8512,35.9941,2440917.929
20110930,0,35.7296,36.8724,35.6352,36.6835,2661327.68
20111003,0,36.3718,36.7213,35.2007,35.2101,2329205.185
20111004,0,34.8229,35.3613,34.3223,35.3613,2005136.3
20111005,0,35.4368,35.5124,34.7096,34.974,1724502.924
20111006,0,34.8701,35.7202,34.5584,35.7202,1585754.59
20111007,0,35.9657,36.6741,35.7768,36.2868,1976892.138
20111010,0,36.9291,37.0046,36.5702,37.0046,1334739.519
20111011,0,36.8346,36.9669,36.5891,36.778,1580929.26
20111012,0,36.9291,37.5997,36.8158,37.5336,2181809.651
20111013,0,37.288,37.713,37.0896,37.5147,1131681.215
20111014,0,37.6847,37.798,37.4391,37.5808,1063509.189
20111017,0,37.5241,37.6091,36.863,36.9858,1208363.792
20111018,0,36.948,37.6091,36.3246,37.2785,1404969.138
20111019,0,37.1935,37.543,36.9763,37.0519,1151276.258
20111020,0,37.1274,37.3447,36.9574,37.2691,1012335.016
20111021,0,37.7036,37.883,37.628,37.8641,2139766.011
20111024,0,37.8074,38.0152,37.7791,37.883,1685192.561
20111025,0,37.7319,38.0058,37.1274,37.1463,1864736
20111026,0,37.543,37.8263,35.0779,35.8335,4598241
20111027,0,36.5135,36.5135,34.5584,34.7757,4804076.052
20111028,0,35.0685,35.5501,34.7946,35.3235,2619392
20111031,0,34.9362,36.0507,34.9268,35.3801,1963338.353
20111101,0,34.8512,35.0212,34.4168,34.5773,1997177.479
20111102,0,34.974,35.484,34.7096,35.0118,1454551.613
20111103,0,35.2385,35.7013,35.0212,35.654,1394505.111
20111104,0,35.3613,35.4085,34.974,34.9929,1795488.491
20111107,0,35.1629,35.3896,34.5962,35.3235,1917947.41
20111108,0,35.314,35.3707,34.7096,35.0118,1842472.99
20111109,0,34.5018,34.7568,34.1901,34.4923,1780266.95
20111110,0,34.8418,35.3424,34.5396,35.2857,2144530.028
20111111,0,35.5501,35.5879,35.1062,35.1157,1678273.286
20111114,0,35.1062,35.314,34.4357,34.5018,1493179.622
20111115,0,34.5112,34.8135,34.4357,34.6812,1116429.321
20111116,0,34.464,34.7096,34.0012,34.039,1623020.356
20111117,0,34.0012,34.4546,33.5762,33.7368,1577643.273
20111118,0,34.1712,34.9646,34.0484,34.7001,2736906.728
20111121,0,34.2845,34.5679,33.869,33.8973,1536196.884
20111122,0,33.7556,33.8595,33.5101,33.7179,1106286.208
20111123,0,33.2362,33.359,32.7923,32.8773,1415037.798
20111125,0,32.7545,33.274,32.7262,33.1134,526425.31
20111128,0,33.4629,33.8501,33.3684,33.7179,2080633.58
20111129,0,33.8784,34.0484,33.5101,33.614,2923691.67
20111130,0,34.209,34.7757,34.209,34.4829,1637286.443
20111201,0,34.5773,35.0024,34.5112,34.5868,1095568.228
20111202,0,34.7757,34.8418,34.5679,34.7285,918234.143
20111205,0,35.0307,35.6163,35.0212,35.5879,1899667.321
20111206,0,35.7107,35.7957,35.3613,35.4746,1269821.177
20111207,0,35.4746,35.739,35.3046,35.654,1136035.942
20111208,0,35.5124,36.0129,35.5124,35.7768,1515269.02
20111209,0,35.7202,35.8618,35.569,35.7485,1196010.108
20111212,0,35.6918,35.6918,35.1912,35.6824,1317775.452
20111213,0,35.824,36.353,35.5029,35.5785,1804176.747
20111214,0,35.4651,35.824,35.4085,35.6918,1411521.702
20111215,0,35.9015,36.5397,35.6919,36.3873,2002266.96
20111216,0,36.5397,37.1779,36.4349,36.9778,2870643.559
20111219,0,37.0921,37.2922,36.5492,36.6921,1717400.748
20111220,0,36.9493,37.6541,36.9493,37.3398,1831379.581
20111221,0,37.3779,37.8351,37.3017,37.4351,1755963.55
20111222,0,37.4922,37.6446,37.235,37.4065,986458.537
20111223,0,37.4827,37.9875,37.3398,37.9494,845515.281999999
20111227,0,37.959,38.159,37.8828,38.0066,1238751.74
20111228,0,38.0066,38.0447,37.4922,37.5303,937945.377
20111229,0,37.6637,38.1685,37.6446,38.0066,876001.895
20111230,0,37.9685,38.0828,37.4827,37.6541,761098.221
20120103,0,37.978,38.0828,36.0158,36.5682,3139709.078
20120104,0,36.5016,36.8159,36.492,36.6921,1425251.84
20120105,0,36.7016,37.0255,36.4825,36.9588,1844656.765
20120106,0,36.9397,36.9683,36.654,36.673,1099888.11
20120109,0,36.7778,36.9016,36.673,36.7111,664924.460000001
20120110,0,36.8635,36.9874,36.654,36.7492,1026751.66
20120111,0,36.5968,36.6921,36.2539,36.3396,1409175.979
20120112,0,36.3492,36.5206,35.9777,36.1682,1517665.537
20120113,0,35.4157,36.1491,34.7774,36.0443,2690463.933
20120117,0,36.3682,36.5682,35.7776,35.8253,1156966.881
20120118,0,35.7871,35.9872,35.6538,35.9396,1288074.331
20120119,0,35.8062,35.9396,35.4633,35.53,1900888.55
20120120,0,35.5585,35.911,35.2728,35.8729,2282875.737
20120123,0,35.8348,36.5111,35.8348,36.2825,1189746.143
20120124,0,36.0729,36.2539,35.93,35.9777,1412806.404
20120125,0,35.911,37.0159,35.8348,36.9207,1688675.422
20120126,0,37.1779,37.7875,37.0159,37.1779,2490385.382
20120127,0,37.054,37.1493,36.8635,36.8921,1353612.643
20120130,0,36.7016,36.854,36.3968,36.5206,1478865.074
20120131,0,36.7302,36.9969,36.5778,36.9683,1278821.432
20120201,0,37.0636,37.4827,37.0255,37.1969,1206976.01
20120202,0,37.054,37.4255,37.0445,37.2541,1247138.953
20120203,0,36.8826,37.4065,36.4539,36.8159,2717766.77
20120206,0,36.6159,36.9112,36.4063,36.5206,1822870.114
20120207,0,36.5301,36.9016,36.473,36.6349,1738452.766
20120208,0,36.5873,36.9016,36.292,36.3587,1847435.216
20120209,0,36.2348,36.3492,35.9586,36.3206,1772592.042
20120210,0,35.9967,36.6921,35.9396,36.6635,1865367.334
20120213,0,36.7587,36.9302,36.4539,36.7873,1417901.109
20120214,0,36.8826,37.2922,36.673,37.2636,1585796
20120215,0,38.6734,39.7878,37.6256,38.0066,4485982
20120216,0,37.9209,38.4257,37.7018,38.1304,2611299.975
20120217,0,38.2828,38.2828,37.4922,37.6541,2335905.207
20120221,0,37.5779,37.7208,37.216,37.3303,1615783.735
20120222,0,37.035,37.4065,36.654,36.9969,1594692.618
20120223,0,37.0064,37.1302,36.8349,37.0064,1198897.647
20120224,0,37.0159,37.1398,36.5016,36.7683,1987304.777
20120227,0,36.473,36.9969,36.3968,36.5968,1605776.75
20120228,0,36.6063,36.654,36.2729,36.3206,1653487.804
20120229,0,36.292,36.473,36.0824,36.2539,1426232.87
20120301,0,36.3587,36.9016,36.1396,36.311,2378575.924
20120302,0,36.3682,36.3682,35.7871,36.0062,1934510.264
20120305,0,36.0062,36.092,35.5871,36.0539,2235059.686
20120306,0,35.9205,36.1967,35.911,36.0539,2280780.194
20120307,0,36.0634,36.1491,35.6633,35.9015,1573281.423
20120308,0,36.1015,36.1967,35.8157,35.9205,1554058.544
20120309,0,35.9967,36.3396,35.8348,36.3015,1328427.128
20120312,0,36.3873,36.8254,36.1205,36.7206,1635127.947
20120313,0,36.8731,37.1493,36.7683,37.0826,1458767.227
20120314,0,37.1017,37.235,36.7492,36.8159,2326356.94
20120315,0,36.8447,37.0562,36.4699,36.9601,1502360.289
20120316,0,36.9793,37.0754,36.6141,37.0465,2442288.128
20120319,0,36.9312,37.258,36.8255,37.1234,1206316.532
20120320,0,36.9216,37.0658,36.8543,36.9024,1424759.994
20120321,0,36.8255,37.1426,36.8255,37.0946,1210996.14
20120322,0,36.8351,37.4406,36.7102,37.4021,1622075.328
20120323,0,37.4982,37.527,37.0465,37.2772,1481720.295
20120326,0,37.4213,37.8346,37.1619,37.2483,1883503.939
20120327,0,37.2195,37.3637,37.0465,37.085,1270988.725
20120328,0,37.1138,37.2964,36.9408,37.1907,1593911.057
20120329,0,37.085,38.1901,37.0177,38.1613,2134032.7
20120330,0,38.3823,38.6898,38.2094,38.6322,2960529.542
20120402,0,38.661,39.0358,38.5649,38.9878,2274555.51
20120403,0,39.0454,39.055,38.6706,38.8917,1897947.286
20120404,0,38.7763,38.8532,38.6034,38.7091,1756640.178
20120405,0,38.5841,38.9685,38.2958,38.9397,2124218.044
20120409,0,38.7187,38.7187,38.0075,38.2094,1792611.49
20120410,0,38.219,38.2382,37.7481,37.7769,2076020.137
20120411,0,37.9979,38.0844,37.7961,37.9307,1291510.082
20120412,0,37.8634,37.873,37.2483,37.5847,1276395.537
20120413,0,37.5559,38.2094,37.5367,37.7289,1876406.058
20120416,0,37.7289,37.9979,37.5463,37.8442,1506740.985
20120417,0,38.0844,38.6418,37.9114,38.5265,1607203.269
20120418,0,38.44,38.8628,38.3439,38.8244,1840532.399
20120419,0,38.8628,39.1127,38.8052,38.9205,1756505.33
20120420,0,38.9782,39.1127,38.9301,39.0166,1457290.579
20120423,0,38.6802,38.6898,38.3343,38.4208,2024366.569
20120424,0,38.44,39.007,38.4208,38.7283,2069147
20120425,0,37.9499,38.1133,36.7582,37.7961,5189345
20120426,0,38.2286,38.4208,37.9307,38.1517,2697864.351
20120427,0,38.3055,38.3823,37.8922,38.1805,1633533.905
20120430,0,38.094,39.4298,38.094,38.9589,4330426.402
20120501,0,38.882,39.0935,38.6418,38.9013,1332459.374
20120502,0,38.9205,40.41,38.7571,39.6797,3517134.487
20120503,0,39.5644,39.7854,38.4496,38.5553,4182189.458
20120504,0,38.5361,38.8148,38.3727,38.3919,1960492.635
20120507,0,38.4016,38.661,38.046,38.267,2864589.56
20120508,0,38.1805,39.18,38.1036,39.0358,3078094.256
20120509,0,38.7571,39.5932,38.7091,39.3529,2488144.106
20120510,0,39.4587,39.7373,39.1703,39.5259,1828802.854
20120511,0,39.3529,39.6989,39.3145,39.3529,1207352.931
20120514,0,39.0839,39.2376,38.7763,39.228,1571158.46
20120515,0,39.1415,39.1607,38.7571,38.882,2017515.676
20120516,0,38.9013,39.7277,38.6802,39.5163,2738763.283
20120517,0,39.5451,39.5932,39.2665,39.2665,2108959.789
20120518,0,39.3433,39.3433,38.5649,38.613,2793919.677
20120521,0,38.786,39.0262,38.6514,39.007,1737313.484
20120522,0,39.1127,39.6124,38.9205,39.2761,1893456.447
20120523,0,39.1607,39.5451,39.007,39.5067,1716154.825
20120524,0,39.5355,39.6989,38.9878,39.18,2244600.879
20120525,0,39.1223,39.6605,39.0358,39.4875,1603628.685
20120529,0,39.6028,39.6028,39.1511,39.5067,1739112.704
20120530,0,39.3722,39.622,39.2088,39.5163,2106244.82
20120531,0,40.0256,40.0256,39.5067,39.6701,2282803.308
20120601,0,39.1703,39.4298,38.9205,39.055,2029894.066
20120604,0,39.1319,39.4971,38.9878,39.228,1474020.161
20120605,0,39.0358,39.3433,38.9205,39.2568,991036.611000001
20120606,0,39.3145,39.8719,39.2665,39.747,1550641.393
20120607,0,39.9872,40.4965,39.8142,40.2563,1866873.493
20120608,0,40.2467,41.0155,40.1602,40.977,1999622.844
20120611,0,41.1212,41.2749,40.7368,40.7944,2243289.56
20120612,0,41.3134,42.0533,41.1404,41.9957,4214728.275
20120613,0,41.7362,41.8035,41.0347,41.496,3732033.786
20120614,0,41.5344,41.7766,40.5561,41.5054,3353799.587
20120615,0,41.6507,41.7185,41.3116,41.3504,2661174.423
20120618,0,41.4763,41.6894,41.331,41.5441,1180854.193
20120619,0,41.486,41.9412,41.3988,41.5054,1362574.713
20120620,0,41.4182,41.5247,41.0404,41.2632,1017458.82
20120621,0,41.3116,41.7378,40.8854,40.9048,1542206.565
20120622,0,41.0985,41.9025,41.0307,41.6022,1947039.336
20120625,0,41.2632,41.5538,41.2051,41.3116,1127196.534
20120626,0,41.3601,41.4376,40.8467,41.2051,1338043.192
20120627,0,41.2051,41.6797,41.2051,41.4569,1176495.431
20120628,0,41.2729,42.0962,40.9145,42.0962,1810354.102
20120629,0,42.2125,42.503,42.1059,42.3771,1638701.433
20120702,0,42.1446,42.474,42.0381,42.1253,1171007.35
20120703,0,42.1543,42.6871,42.1059,42.4159,647917.565
20120705,0,42.3287,42.6193,42.3093,42.5321,1030247.232
20120706,0,42.2125,42.4352,41.8928,41.98,988469.525
20120709,0,42.009,42.2803,41.7475,41.8928,1014976.085
20120710,0,42.0865,42.6096,42.0284,42.4546,1279540.432
20120711,0,42.4837,42.5127,41.9994,42.2803,907146.345
20120712,0,42.135,42.4449,41.8831,42.3093,1233210.066
20120713,0,42.4837,42.8033,42.3384,42.7161,934151.839000001
20120716,0,42.6193,42.8614,41.9994,42.0575,1204386.6
20120717,0,42.2125,42.4546,41.8734,42.2996,2388596.308
20120718,0,42.2512,42.7839,42.2028,42.6968,1153604.341
20120719,0,42.6871,43.0067,42.4934,42.5708,1069468.179
20120720,0,42.4352,42.5418,42.1059,42.3868,1032483.89
20120723,0,42.0284,42.2221,41.67,42.1737,787982.058
20120724,0,42.0865,42.2803,41.5635,41.9606,1253768.426
20120725,0,41.9897,42.6483,41.8153,42.3868,2081128
20120726,0,43.0358,43.4426,41.0114,43.2392,2982020
20120727,0,43.5395,44.2853,43.307,44.1691,2161660.08
20120730,0,44.0335,44.4015,43.8785,44.14,1008116.874
20120731,0,44.1303,44.3434,43.8494,44.1497,1344752.675
20120801,0,44.2562,44.2756,43.801,44.0335,1370961.018
20120802,0,43.9075,44.2272,43.4523,43.6848,848117.072
20120803,0,44.1303,44.3144,43.6848,44.1691,880461.329000001
20120806,0,44.295,44.4112,43.956,43.9753,947713.258
20120807,0,43.9366,44.1594,43.4523,43.8204,1710266.272
20120808,0,43.801,44.1788,43.6557,44.0238,1318583.929
20120809,0,43.8688,44.0431,43.5201,43.5685,839071.133000001
20120810,0,43.491,43.7235,43.2004,43.6073,808483.932999999
20120813,0,43.5007,43.7429,43.3167,43.3457,804911.346999999
20120814,0,43.4426,43.646,43.4135,43.5201,964281.355
20120815,0,43.5976,43.8107,43.4717,43.617,750671.170999999
20120816,0,43.491,43.7138,43.3845,43.4717,1250818.156
20120817,0,43.5588,43.7526,43.462,43.7235,1416241.755
20120820,0,43.6363,43.9947,43.4813,43.9947,649186.64
20120821,0,44.0238,44.111,43.7526,43.8979,857266.298
20120822,0,43.7719,43.9947,43.6557,43.8785,657037.985999999
20120823,0,43.7913,43.8107,43.1908,43.2682,1485018.994
20120824,0,43.1714,43.8301,43.1714,43.7332,1002102.963
20120827,0,43.8494,44.0916,43.646,43.9075,504134.853999999
20120828,0,43.8301,43.8785,43.6073,43.6363,555030.984999999
20120829,0,43.5879,43.6751,43.4717,43.6073,600736.299999999
20120830,0,43.4039,43.462,43.0648,43.2392,715407.744999999
20120831,0,43.4232,43.4813,43.0842,43.462,689455.188999999
20120904,0,43.3651,43.5104,43.2489,43.5007,720594.518999999
20120905,0,43.4717,43.5491,43.2004,43.3748,897535.817999999
20120906,0,43.5879,44.0916,43.491,44.0238,1395149.874
20120907,0,44.0141,44.0916,43.3942,43.4717,823232.14
20120910,0,43.4135,43.5104,43.1036,43.1714,1197828.493
20120911,0,43.2876,43.4717,43.1326,43.4232,1638874.726
20120912,0,43.4717,43.5685,43.2876,43.3942,1375081.405
20120913,0,43.5989,44.4187,43.4817,44.2235,1222830.495
20120914,0,44.3797,44.3797,42.9156,43.0035,2136648.465
20120917,0,42.9352,43.2573,42.5155,42.9937,3695644.779
20120918,0,43.023,43.3841,42.8766,43.267,1113458.373
20120919,0,43.4232,43.8038,43.3353,43.6184,1260570.012
20120920,0,43.5403,43.7843,43.1792,43.3549,1658706.95
20120921,0,43.5403,43.5696,42.6716,42.7107,1677021.221
20120924,0,42.4179,42.9449,42.3886,42.8473,1241104.153
20120925,0,42.9449,43.0425,42.5643,42.6326,1289074.791
20120926,0,42.6619,43.062,42.6619,42.9059,1201019.053
20120927,0,42.9254,43.3744,42.574,43.3353,1095727.283
20120928,0,43.2573,43.5501,43.1011,43.4525,2131466.251
20121001,0,43.3939,43.8136,43.1889,43.5403,1876486.106
20121002,0,43.7257,43.7257,43.3451,43.6086,1549129.404
20121003,0,43.6281,43.6477,43.1206,43.2475,1440575.371
20121004,0,43.2963,43.3549,42.6033,42.6619,1607045.304
20121005,0,42.7888,43.2573,42.7204,42.984,2996682.955
20121008,0,42.9742,43.1694,42.7302,43.0132,793132.459999999
20121009,0,43.0035,43.2377,42.7497,42.7692,1187352.784
20121010,0,42.7497,42.9352,41.9591,42.2032,1721671.965
20121011,0,42.252,42.6228,42.252,42.3886,868559.194
20121012,0,42.4764,42.6424,42.3691,42.4276,1070298.608
20121015,0,42.4569,42.7692,42.1544,42.6424,530582.746999999
20121016,0,42.6619,43.5696,42.6619,43.5208,1085307.345
20121017,0,43.3158,43.8917,43.2963,43.6379,1137157.806
20121018,0,43.5598,44.2138,43.5501,44.1747,1001897.498
20121019,0,44.0576,44.165,43.3549,43.3939,1077194.233
20121022,0,43.2182,43.2963,42.8083,43.2475,1501145.086
20121023,0,42.9254,43.1011,42.6424,42.9645,1746746
20121024,0,42.535,42.535,41.4419,41.5883,3630621
20121025,0,41.8811,41.9689,41.5297,41.8615,1402086.513
20121026,0,41.7542,41.7932,41.598,41.6859,1162717.587
20121031,0,41.9103,42.1055,41.4809,41.8323,1195083.986
20121101,0,41.8518,42.3788,41.7639,42.2129,1264384.446
20121102,0,42.4569,42.574,41.8811,41.9299,1202580.518
20121105,0,41.8713,42.4569,41.7054,42.2617,969169.349
20121106,0,42.3788,42.7204,42.0763,42.6424,837714.026
20121107,0,42.4862,42.7302,42.0177,42.535,1018615.319
20121108,0,42.3593,42.574,41.9689,42.2715,1580791.534
20121109,0,42.0568,42.6424,41.9689,42.4374,886855.887999999
20121112,0,42.3496,43.4915,42.2324,42.9156,1945537.018
20121113,0,42.779,43.0913,42.4179,42.4374,2736842.494
20121114,0,42.4374,42.7204,41.9201,41.9591,1584631.664
20121115,0,41.9201,42.2812,41.5102,41.6273,2259041.254
20121116,0,41.5687,42.0177,41.2369,41.8811,2363188.433
20121119,0,42.1836,42.4472,42.0372,42.3886,1010503.87
20121120,0,42.3496,42.8083,42.2227,42.7985,1476712.202
20121121,0,42.8766,43.023,42.6033,42.9449,637259.013999999
20121123,0,43.0132,43.7355,42.7595,43.7355,342378.879
20121126,0,43.472,43.8233,43.1401,43.1889,909771.375
20121127,0,43.2085,43.5208,43.023,43.1401,749054.471999999
20121128,0,42.9742,43.6086,42.9449,43.5989,782101.916999999
20121129,0,43.6184,43.8038,43.3549,43.7453,1123287.226
20121130,0,43.7745,43.8819,43.4817,43.8526,1162459.597
20121203,0,43.9307,44.1064,43.6672,43.7648,1070788.31
20121204,0,43.7453,44.0576,43.7257,43.9795,1149237.713
20121205,0,44.0576,44.5261,43.921,44.3114,886810.875
20121206,0,44.3504,44.6237,44.2723,44.3894,1041490.755
20121207,0,44.5358,44.6042,44.1357,44.4285,1547426.014
20121210,0,44.3602,44.9555,44.3504,44.8091,972375.526999999
20121211,0,44.6725,44.8872,44.3211,44.448,1825184.931
20121212,0,44.6139,44.6139,43.921,44.0869,1516027.545
20121213,0,44.313,44.313,43.4967,43.6442,1111202.101
20121214,0,43.5754,44.0278,43.5557,43.8409,777886.313999999
20121217,0,43.9884,44.136,43.6541,43.8704,1055114.184
20121218,0,43.8016,44.0671,43.5459,43.9589,1012550.534
20121219,0,44.0179,44.1064,43.7426,43.7524,866835.878999999
20121220,0,43.7819,44.1655,43.7819,44.0671,796705.258
20121221,0,43.8409,44.2048,43.6836,43.9098,1172353.155
20121224,0,43.8213,43.9983,43.7623,43.9589,252079.201
20121226,0,43.9491,43.9983,43.5557,43.5656,494353.706999999
20121227,0,43.5262,43.7721,43.2017,43.5164,500736.478
20121228,0,43.3,43.5066,43.123,43.2017,383651.49
20121231,0,43.0739,43.4476,42.8575,43.3787,497882.259
20130102,0,44.0574,44.8736,43.9393,44.8244,1192317.909
20130103,0,44.8048,44.8736,44.5392,44.5688,898399.941
20130104,0,44.6967,45.2178,44.6769,44.9228,592138.368
20130107,0,44.7261,44.8442,44.4606,44.4704,660485.198999999
20130108,0,44.4016,44.6475,44.2934,44.5688,587166.048
20130109,0,44.7261,45.0507,44.7261,44.913,563986.748
20130110,0,45.1391,45.2276,44.8933,44.9425,677117.886
20130111,0,44.4901,44.6376,44.0475,44.3525,1246818.509
20130114,0,44.2737,44.5098,44.2049,44.4114,907537.56
20130115,0,44.3327,44.6376,44.2541,44.5392,764260.755
20130116,0,44.4508,44.5196,44.1656,44.1754,910754.622
20130117,0,44.3525,44.4802,44.1262,44.3525,1242427.862
20130118,0,44.1558,44.6573,44.1458,44.5491,983309.609
20130122,0,44.4901,44.6475,44.136,44.4508,1232896.763
20130123,0,44.2836,44.3819,43.3886,43.5657,3012835.717
20130124,0,43.6837,43.9983,43.605,43.8016,938184.499
20130125,0,43.9492,43.9492,43.605,43.7624,800813.625
20130128,0,43.8999,44.0917,43.7917,43.9098,808600.237999999
20130129,0,43.8606,44.4211,43.8311,44.2834,1100279.349
20130130,0,44.2441,44.6572,44.1753,44.5293,1096248.555
20130131,0,44.4999,44.6375,44.254,44.3032,792525.028
20130201,0,44.608,44.6965,44.3523,44.4899,970908.353999999
20130204,0,44.4015,44.9817,44.3523,44.6768,1399183.573
20130205,0,44.9227,45.3948,44.8932,45.1194,833376.076999999
20130206,0,45.0112,45.6013,44.9718,45.2767,974566.193999998
20130207,0,45.2767,45.4931,45.0948,45.1685,534012.161
20130208,0,45.1981,45.3357,44.8243,44.9227,829917.936999999
20130211,0,44.962,45.0653,44.6326,44.6965,905283.381999999
20130212,0,44.549,44.8145,44.4113,44.549,1552598
20130213,0,42.12,42.6018,41.402,41.9823,7579138
20130214,0,42.0019,42.3265,41.9041,42.0904,4027044.033
20130215,0,42.0511,42.4051,41.8446,42.238,3902179.337
20130219,0,42.1201,42.3856,42.0905,42.2872,2741567.857
20130220,0,42.3462,42.4741,41.7365,41.7463,2421510.816
20130221,0,41.8742,41.9922,41.5693,41.8349,1934449.072
20130222,0,41.9627,42.2774,41.8545,42.1889,1768958.863
20130225,0,42.3265,42.6411,42.0315,42.0511,2425227.507
20130226,0,42.2281,42.3167,41.9036,42.0855,1567455.36
20130227,0,42.12,42.5478,42.0039,42.474,1514516.414
20130228,0,42.5428,43.0149,42.415,42.9066,1891375.54
20130301,0,42.8968,43.182,42.5723,43.0443,2027297.843
20130304,0,42.9855,43.1232,42.6806,43.0642,1271642.298
20130305,0,43.2018,43.605,43.1133,43.487,1130933.889
20130306,0,43.5559,43.5951,43.2117,43.4182,1593716.708
20130307,0,43.3788,43.6443,42.9265,43.1232,1431538.28
20130308,0,43.2018,43.5165,43.133,43.2609,1043040.721
20130311,0,43.2509,43.3985,42.8773,43.3985,1532245.841
20130312,0,43.428,43.6837,43.2509,43.6149,924198.857
20130313,0,43.5749,43.8229,43.1385,43.3864,1015860.744
20130314,0,43.4559,43.5551,43.2079,43.4261,965988.476
20130315,0,43.2277,43.7733,43.1781,43.684,1378776.225
20130318,0,43.5451,44.0709,43.4658,44.0213,1128942.653
20130319,0,44.1105,44.7354,44.0609,44.6263,1317132.59
20130320,0,44.6759,45.5389,44.4676,45.4,1694025.712
20130321,0,45.3703,45.6282,45.1917,45.2314,983669.292
20130322,0,45.5488,46.0745,45.4496,46.0249,1327140.782
20130325,0,46.0844,46.2233,45.6778,46.0448,954328.273
20130326,0,46.1241,46.5705,46.0646,46.3225,846274.755999999
20130327,0,46.0944,46.2927,45.8662,46.2828,901011.192
20130328,0,46.3919,46.6498,46.2332,46.5606,811762.676
20130401,0,46.5209,46.6201,46.2134,46.2828,765918.276
20130402,0,46.4316,46.4614,46.134,46.2927,1112685.216
20130403,0,46.4217,46.4515,45.5686,45.9158,1247939.477
20130404,0,46.0051,46.2332,45.6976,46.0944,864125.922
20130405,0,45.7571,45.8464,45.3703,45.7571,800853.540999999
20130408,0,45.7274,46.3523,45.5191,46.2927,996957.728999999
20130409,0,46.3721,46.4415,45.8464,45.9158,813231.644
20130410,0,46.134,47.1359,46.0249,46.5705,1537248.107
20130411,0,46.6994,47.3541,46.6598,47.2351,1692217.029
20130412,0,46.7589,47.3839,46.7589,47.2648,1162132.001
20130415,0,47.0069,47.2747,46.4118,46.4118,1003550.068
20130416,0,46.7986,47.2549,46.5903,47.1756,1414954.514
20130417,0,47.0069,47.1061,46.3919,46.5804,1262632.258
20130418,0,46.6498,47.1557,46.6498,46.7292,1473395.176
20130419,0,46.9177,47.8699,46.9177,47.731,1584947.994
20130422,0,47.6318,47.731,47.3045,47.4632,1145410.681
20130423,0,47.1458,47.731,47.0168,47.4037,1661242
20130424,0,48.3163,49.8835,47.6715,47.7211,3008367
20130425,0,47.8897,48.0484,47.493,47.7112,1805869.414
20130426,0,47.7112,47.8005,47.4533,47.6914,1208221.499
20130429,0,47.7707,47.9195,47.5822,47.6914,795100.994
20130430,0,47.6219,48.465,47.4136,48.4155,2242487.001
20130501,0,48.2667,48.465,47.493,47.6418,1835617.304
20130502,0,47.7013,48.2766,47.7013,48.2468,2207752.31
20130503,0,48.5444,48.8618,48.2567,48.7825,1644979.856
20130506,0,48.8023,49.0007,48.5345,48.9511,1732564.055
20130507,0,48.9015,49.0999,48.6733,49.08,1572722.936
20130508,0,49.0354,49.09,48.6535,48.9709,1109624.453
20130509,0,48.842,49.0404,48.108,48.1675,969822.565
20130510,0,48.3262,48.6238,48.1476,48.5742,825555.225
20130513,0,48.465,48.7329,48.3063,48.5345,556705.957000001
20130514,0,48.5246,48.9312,48.4452,48.8916,1017138.068
20130515,0,48.9114,49.9628,48.7329,49.9331,1338594.325
20130516,0,49.7843,49.7843,48.8816,49.1792,1859397.642
20130517,0,49.2487,49.3578,48.4254,48.842,1097200.334
20130520,0,48.8519,48.8816,48.2964,48.4055,873238.733999999
20130521,0,48.4551,48.5742,47.7509,47.8501,1553599.091
20130522,0,47.8302,48.6535,47.5128,47.8302,1222857.05
20130523,0,47.5624,47.612,47.1359,47.245,1422661.839
20130524,0,47.1359,47.7905,47.0168,47.7112,926835.023000001
20130528,0,48.1476,48.6039,47.9195,48.1972,1197921.239
20130529,0,47.979,47.9988,47.0168,47.1061,954568.096999999
20130530,0,47.2152,47.3541,46.5407,46.5506,929599.148999999
20130531,0,46.3721,46.4911,45.6282,45.6579,1176768.501
20130603,0,45.6331,46.6201,45.0132,46.6102,1573598.211
20130604,0,46.6697,47.0168,45.896,46.4713,1276565.881
20130605,0,46.382,46.4415,45.9555,46.0944,889718.727
20130606,0,46.1142,46.1241,45.1917,45.6282,992881.839
20130607,0,46.0547,46.3324,45.767,45.9952,852228.719
20130610,0,46.144,46.6399,45.7571,46.63,1198237.884
20130611,0,46.2828,46.5506,45.9555,46.3027,1185016.021
20130612,0,46.5308,46.7391,46.1936,46.63,1431923.061
20130613,0,46.78,46.92,46.14,46.85,942211
20130614,0,46.91,47.41,46.74,46.95,901197
20130617,0,47.15,47.3,46.86,47.14,733742
20130618,0,47.11,47.45,46.925,47.4,563844
20130619,0,47.29,47.65,46.63,46.64,682768
20130620,0,46.375,46.62,45.36,45.4,1221543
20130621,0,45.57,45.73,45.08,45.54,1872280
20130624,0,45.13,45.56,44.92,45.21,1115863
20130625,0,45.44,45.46,44.7,44.96,1475287
20130626,0,45.32,45.9,45.23,45.68,711061
20130627,0,45.9,46.38,45.73,45.97,747709
20130628,0,46,46.23,45.94,45.99,1088409
20130701,0,46.21,46.61,45.99,46.39,898223
20130702,0,46.39,46.72,46.25,46.6,894569
20130703,0,46.35,46.58,45.95,46.58,789537
20130705,0,46.74,46.82,45.89,46.35,771867
20130708,0,46.51,46.71,46.13,46.38,648649
20130709,0,46.82,46.94,46.38,46.6,794795
20130710,0,46.58,47.03,46.4,46.99,957475
20130711,0,47.44,47.73,47.36,47.62,833535
20130712,0,47.64,47.79,47.23,47.46,672617
20130715,0,47.39,47.73,47.33,47.47,456146
20130716,0,47.02,47.48,46.98,47.31,580708
20130717,0,47.56,47.73,47.45,47.72,555894
20130718,0,47.77,47.98,47.62,47.9,530546
20130719,0,47.95,48.28,47.77,48.27,1030766
20130722,0,48.04,48.19,47.58,47.82,874012
20130723,0,47.92,47.95,47.53,47.61,901831
20130724,0,47.64,47.64,46.04,46.32,2152189
20130725,0,46.33,46.39,45.85,46.14,1382579
20130726,0,46,46.64,45.8,46.62,967689
20130729,0,46.58,47.01,46.43,46.82,825930
20130730,0,46.88,47.17,46.41,46.48,907123
20130731,0,46.62,47.02,46.33,46.73,1204965
20130801,0,47.05,47.47,47.01,47.24,1209293
20130802,0,47.27,47.61,47.02,47.41,956960
20130805,0,47.4,47.65,47.11,47.45,538652
20130806,0,47.29,47.44,46.99,47.11,1072012
20130807,0,47.08,47.32,46.91,47.22,556456
20130808,0,47.25,47.35,46.97,47.02,887159
20130809,0,46.96,47.09,46.66,46.85,771089
