20070702,0,34.1445,35.3901,33.9529,34.8065,1834373.873
20070703,0,34.8239,35.3726,34.04,34.5452,4143385.114
20070705,0,34.4929,34.8413,34.1793,34.5365,4521413.667
20070706,0,34.3187,34.7716,33.7961,34.641,4021547.844
20070709,0,34.4493,35.1462,33.5173,35.0329,5388421.001
20070710,0,34.4058,34.4058,33.5173,33.9616,5863498.78
20070711,0,33.9703,34.188,33.709,33.979,6595392.542
20070712,0,33.9267,34.0225,33.3693,33.9529,4299607.246
20070713,0,33.3606,34.7455,33.0993,34.4842,2286136.625
20070716,0,33.0993,34.7107,32.2892,34.1706,2638936.547
20070717,0,33.9877,34.4058,33.3344,33.8745,4276188.327
20070718,0,32.1847,33.8483,31.8798,33.0993,5474421.006
20070719,0,33.1341,33.4912,32.777,33.2125,2244002.92
20070720,0,33.1864,33.256,32.986,33.1428,3702270.778
20070723,0,30.5733,33.9703,30.5733,33.8832,2379244.133
20070724,0,33.7264,34.1619,33.2125,33.439,2231832.608
20070725,0,33.317,33.5957,33.0993,33.5086,2263518.947
20070726,0,33.0993,33.3606,31.9843,32.7247,3077496.767
20070727,0,31.3572,33.2125,31.122,32.2021,2942139.822
20070730,0,31.7056,31.7491,30.9914,31.3659,3168308.081
20070731,0,31.4007,31.4269,31.0959,31.2527,2165245.525
20070801,0,30.4165,31.3572,30.2771,30.8433,4125561.944
20070802,0,30.1464,30.9217,29.6935,30.7039,2792087.325
20070803,0,30.5733,30.8607,30.4862,30.5471,2448817.081
20070806,0,30.6604,30.7649,30.4687,30.5297,4226016.286
20070807,0,30.3555,30.8171,29.6151,30.3119,2747812
20070808,0,27.9514,30.8955,27.9514,30.2684,3647859
20070809,0,29.8764,30.2858,29.2841,29.3974,2062753.208
20070810,0,29.3799,29.3799,28.204,28.535,6753950.563
20070813,0,28.7441,28.9618,28.2128,28.7354,4138535.735
20070814,0,28.8573,28.9618,27.9776,28.2737,6581693.253
20070815,0,28.3347,28.9531,28.3086,28.7267,4645343.458
20070816,0,27.9253,28.9618,27.8731,28.9618,4508761.209
20070817,0,29.528,30.6865,29.1796,30.4949,3220204.681
20070820,0,30.3729,31.3398,30.1377,30.399,2157177.244
20070821,0,29.528,30.46,29.4845,30.2161,2252134.16
20070822,0,30.2684,30.7823,29.8764,30.3903,2228160.402
20070823,0,30.7039,30.9478,30.3729,30.7997,3265434.059
20070824,0,30.73,32.2282,30.5733,31.4965,2118289.334
20070827,0,31.5314,31.845,30.8346,30.9391,1555314.729
20070828,0,30.4426,31.0349,30.399,30.521,2154454.683
20070829,0,30.7649,30.9217,30.3207,30.7823,1575600.806
20070830,0,30.5558,31.3311,30.1639,30.4774,1626230.372
20070831,0,30.0768,30.9652,29.6151,30.3729,2374307.707
20070904,0,30.3729,30.5036,29.8764,30.3555,1715937.019
20070905,0,30.0506,30.2858,29.5716,30.1987,2274425.966
20070906,0,27.8731,31.9582,27.8731,30.582,3409056.57
20070907,0,30.3119,30.3207,28.8747,29.1535,1922774.523
20070910,0,29.1012,29.5716,28.8922,28.9706,2539972.68600001
20070911,0,28.9793,29.1448,28.3957,28.7267,2023000.525
20070912,0,28.5873,28.9096,28.2215,28.326,3160270.686
20070913,0,28.7528,28.9357,28.4392,28.5786,2409208.943
20070914,0,28.4654,29.3451,28.4218,28.8312,2678428.729
20070917,0,28.5699,29.0141,28.387,28.9357,2090850.624
20070918,0,28.7702,30.4774,28.4131,29.2754,2028740.72
20070919,0,29.5716,30.129,28.3434,28.7615,15214764.42
20070920,0,28.8051,29.319,28.5699,29.2057,1982130.065
20070921,0,29.4932,29.589,28.9009,29.1361,2419426.239
20070924,0,29.2057,29.3625,28.7702,29.0228,1632429.713
20070925,0,29.0315,29.3974,28.866,29.3799,1539781.274
20070926,0,29.8329,30.791,29.8067,30.0593,3774942.942
20070927,0,30.2597,31.1394,30.0855,30.6865,2223108.123
20070928,0,30.6255,31.0715,30.4768,30.984,1574589.884
20071001,0,31.2201,32.0422,30.5468,31.6924,2949411.538
20071002,0,31.4825,31.7011,31.2376,31.4912,3289371.987
20071003,0,31.4475,31.4825,30.8266,31.1851,2601446.865
20071004,0,31.1851,31.8935,30.538,31.3513,3450946.358
20071005,0,31.3513,32.2608,31.3163,31.5087,2513626.173
20071008,0,31.6836,32.6456,31.6399,32.4532,1578249.226
20071009,0,32.4619,32.6456,31.981,32.0772,1733192.266
20071010,0,31.8235,32.4619,31.7711,32.1996,6238671.204
20071011,0,32.357,32.5669,31.7886,32.0772,2435297.178
20071012,0,31.911,32.4357,31.8061,32.3395,1151785.456
20071015,0,32.4882,32.733,32.1908,32.3483,1645029.086
20071016,0,32.357,32.5319,31.9897,32.3745,1683157.779
20071017,0,32.4444,32.7943,32.0072,32.2958,2679547.412
20071018,0,32.1559,32.2958,32.0509,32.2171,2090647.947
20071019,0,32.1996,32.287,31.5874,31.7011,2830145.719
20071022,0,31.3863,31.7448,30.8441,31.1764,2359826.585
20071023,0,31.395,31.5699,30.608,30.6604,1327366.648
20071024,0,30.6954,30.6954,29.6373,30.2931,1404666.691
20071025,0,30.2931,30.3019,29.5323,29.7684,1640112.634
20071026,0,29.9783,30.162,29.2787,29.5061,1150925.659
20071029,0,29.681,30.2582,29.6198,29.9958,1396090.683
20071030,0,29.9521,31.0802,29.8034,30.6517,1188775.306
20071031,0,30.5642,31.2726,30.3718,31.2464,1770698.633
20071101,0,31.1502,31.4825,30.6255,30.6954,1752517.396
20071102,0,30.3893,31.2551,30.3893,30.8878,1449835.087
20071105,0,30.8091,30.8091,29.3312,29.6285,1675395.79
20071106,0,29.5236,29.5236,28.5529,29.4973,1252924.975
20071107,0,29.1738,29.2787,28.4654,28.8502,3255259.29
20071108,0,28.8764,29.1913,28.7278,28.9202,3439109.9887
20071109,0,28.5441,29.0513,27.7833,28.5354,3238402.557
20071112,0,28.378,28.5179,27.416,27.416,2022079.906
20071113,0,27.4422,29.2175,27.4247,28.2905,1724911.652
20071114,0,28.5179,28.9114,28.3955,28.4304,3058055
20071115,0,28.2555,28.9901,27.9669,28.9639,2612647
20071116,0,30.4943,31.3601,28.9464,30.643,7025388.668
20071119,0,30.3718,31.2901,30.3718,30.6517,4271903.033
20071120,0,30.643,30.9228,30.3106,30.7829,2844111.7569
20071121,0,30.468,31.089,30.2144,30.643,2245345.751
20071123,0,30.7566,30.984,30.4243,30.984,755645.49
20071126,0,30.9228,31.4388,30.1532,30.2319,2433429.73
20071127,0,30.3893,30.6167,29.7859,30.0745,4730584.692
20071128,0,30.3194,31.4475,29.9783,31.2639,3448676.377
20071129,0,31.054,32.1996,30.949,32.0684,1936874.867
20071130,0,32.0684,32.7505,31.8061,32.6456,2444943.996
20071203,0,32.3657,32.8992,32.3657,32.5931,2377809.291
20071204,0,32.322,32.5844,32.0684,32.0772,1436078.731
20071205,0,32.4182,32.4182,31.8323,32.1646,2127469.115
20071206,0,32.1733,33.2053,32.0684,32.838,1986287.296
20071207,0,32.8992,33.0654,32.4182,32.6631,1572595.663
20071210,0,32.7505,32.8555,32.0072,32.7155,1487102.318
20071211,0,32.6718,33.1353,31.8585,31.946,1913379.65
20071212,0,32.5669,32.7418,31.9635,32.5494,2082729.709
20071213,0,32.2521,32.6806,31.9547,32.3045,2062274.277
20071214,0,32.392,32.4357,31.7011,31.9984,1298156.032
20071217,0,31.7536,32.357,31.5699,31.8585,3858859.457
20071218,0,32.1121,32.9517,31.8498,32.1646,2348299.008
20071219,0,32.357,32.6194,31.9547,32.1121,1475720.167
20071220,0,32.3483,32.3745,31.7448,32.0072,2140174.599
20071221,0,32.1209,33.3539,32.1209,32.5756,2935228.85
20071224,0,32.322,33.3102,32.322,32.8292,583590.878
20071226,0,32.7593,33.6338,32.7593,33.2228,1048370.493
20071227,0,33.0741,33.3364,32.357,32.7943,1651056.219
20071228,0,32.7068,33.3539,32.3745,33.0391,1468466.07747
20071231,0,32.8904,33.0129,32.1996,32.392,1089322.175
20080102,0,32.4707,32.5756,31.6836,32.2258,2671771.863
20080103,0,31.9722,33.0391,31.9722,32.0772,2040183.475
20080104,0,31.8323,32.0422,30.984,31.0365,2502219.196
20080107,0,31.1939,31.2813,29.7684,29.9258,2435234.007
20080108,0,30.057,30.057,28.7103,28.7627,2856165.7273
20080109,0,28.789,29.3224,28.308,29.235,2241760.3667
20080110,0,29.0244,29.9817,28.9366,29.6567,2959733.058
20080111,0,29.3757,29.8851,29.1122,29.3494,1615582.167
20080114,0,29.525,30.7281,29.3757,30.0783,1408100.218
20080115,0,29.7182,30.1046,29.0859,29.1035,1975446.215
20080116,0,29.0596,30.0168,28.6292,29.5162,2331359.7
20080117,0,29.6304,29.9553,28.638,28.7083,2352090.027
20080118,0,28.919,29.2879,27.7335,28.3746,3353232.774
20080122,0,26.9168,28.3746,26.9168,27.953,2694427.372
20080123,0,27.0134,27.6105,26.5128,27.5578,4599280.561
20080124,0,27.47,28.7171,27.47,28.6205,3719233.604
20080125,0,28.8576,29.3406,28.638,29.244,3341275.993
20080128,0,29.1649,29.3406,28.4624,29.2703,1582562.0435
20080129,0,29.5338,29.604,28.6995,28.761,1563172.174
20080130,0,28.6907,30.0783,27.6896,29.3318,2423527.712
20080131,0,28.8312,30.087,28.6644,29.5601,2308717.646
20080201,0,29.6392,30.1397,29.5338,29.727,1890498.5744
20080204,0,29.6479,30.0168,28.7434,29.727,1907987.55
20080205,0,28.1462,29.446,28.1462,28.7346,2047986
20080206,0,29.1562,31.8786,29.1562,30.5525,5233829
20080207,0,30.2978,30.8686,29.7972,30.8423,2415301.3946
20080208,0,30.6227,30.9213,30.0519,30.3593,1203606.13778
20080211,0,30.3944,31.0706,30.2715,30.9213,1528049.77
20080212,0,30.9828,31.2902,30.6315,30.8774,1264608.757
20080213,0,31.0882,31.9225,30.974,31.4395,1252662.299
20080214,0,31.3517,31.457,30.6754,30.9213,1959552.6
20080215,0,30.9038,30.9126,30.3066,30.7808,2187963.823
20080219,0,31.097,31.2726,30.6315,30.8599,1341952.035
20080220,0,30.4735,30.9038,30.1836,30.6315,1702366.394
20080221,0,30.7808,30.9038,29.9114,29.9904,1376227.78
20080222,0,30.1749,30.4998,30.0344,30.3417,1696692.439
20080225,0,30.4998,30.614,30.1046,30.4295,1664336.17
20080226,0,30.3681,30.9301,30.1046,30.4647,2369859.775
20080227,0,30.289,30.7018,30.0344,30.21,2411743.864
20080228,0,29.8587,30.2451,29.3757,29.3845,2187218.593
20080229,0,29.0156,29.4899,28.7258,28.9278,2473792.313
20080303,0,28.8664,29.1122,28.5941,28.8927,1435103.305
20080304,0,28.6205,28.9893,28.4097,28.8751,1822225.447
20080305,0,28.919,29.1386,28.5502,28.6731,1687866.326
20080306,0,28.6907,28.9015,28.1814,28.4624,1836987.293
20080307,0,28.2428,29.3757,28.2428,28.4975,1910706.539
20080310,0,28.4448,29.1122,27.593,27.6193,2418138.423
20080311,0,28.1638,28.3833,27.8213,28.2428,4664312.3871
20080312,0,28.2692,28.7873,28.1901,28.3307,1686339.389
20080313,0,28.3307,28.7258,27.8652,28.1901,5246429.422
20080314,0,28.436,28.6029,27.5227,27.9267,2930603.687
20080317,0,27.2593,28.4009,26.8553,27.3559,3240740.8615
20080318,0,27.8476,28.3131,27.5491,28.1462,2914624.237
20080319,0,28.3043,28.7434,27.8916,28.1462,2311026.726
20080320,0,28.4097,28.9366,28.0321,28.9015,2675832.326
20080324,0,28.9893,29.7709,28.7346,29.6479,2331090.605
20080325,0,29.6304,29.7533,29.244,29.4899,1887743.864
20080326,0,29.3142,30.0344,29.1737,29.9729,1779197.752
20080327,0,29.8675,30.1134,29.3845,29.4284,1558373.853
20080328,0,29.4811,29.9992,29.3581,29.6567,1906544.783
20080331,0,29.6392,30.2363,29.4987,30.1134,2472953.23
20080401,0,30.1573,30.4032,29.8675,30.2012,2913301.1616
20080402,0,30.2451,30.7896,30.0431,30.7193,3121930.715
20080403,0,30.491,30.8247,30.2188,30.6754,1662337.833
20080404,0,30.7018,31.94,30.3154,31.5097,2134857.443
20080407,0,31.5361,31.8434,31.299,31.4834,1408090.9438
20080408,0,31.1584,31.3341,30.6579,30.7281,1702884.872
20080409,0,30.7193,30.8511,30.4471,30.7018,1205643.489
20080410,0,30.7283,30.8342,30.3933,30.6049,1439160.035
20080411,0,30.3316,30.6314,30.1023,30.1464,1872547.3892
20080414,0,30.1023,30.6137,29.9172,30.3668,1237581.8346
20080415,0,30.4903,30.5344,29.6262,30.0318,1583360.498
20080416,0,30.2081,31.0722,30.2081,30.8165,1775054.208
20080417,0,30.8165,31.2927,30.5432,31.1868,1707655.7184
20080418,0,31.6542,32.6152,31.6542,32.4654,2464468.72
20080421,0,32.2714,32.2714,31.8834,32.0774,1662281.503
20080422,0,31.8834,31.901,31.1428,31.3191,1579512.432
20080423,0,31.3632,32.1656,31.3632,31.7512,1947126.70213
20080424,0,31.7952,33.0032,31.6542,32.818,2254460.295
20080425,0,32.8621,33.206,32.4565,33.1619,1401508.212
20080428,0,32.9591,33.2148,32.7034,32.8533,1549589.424
20080429,0,32.677,33.2854,32.677,33.2413,1595151.2408
20080430,0,33.1796,33.6821,32.9679,33.0649,1876952
20080501,0,33.7439,35.2693,33.7262,35.1635,6832589
20080502,0,34.4933,35.2693,34.4757,35.0665,2253286.465
20080505,0,34.9342,34.943,34.317,34.5022,2010124.176
20080506,0,34.5198,34.5551,33.0385,34.0084,2125467.973
20080507,0,33.9819,34.0966,32.9239,33.4176,3334455.916
20080508,0,33.4793,34.2112,33.3824,33.6733,2907810.3355
20080509,0,33.3383,33.9467,33.2413,33.6116,2493626.036
20080512,0,33.6557,33.9026,33.5146,33.788,2019401.682
20080513,0,33.8144,34.3523,33.3912,33.6381,1647845.0816
20080514,0,33.6733,33.6821,33.206,33.2236,2364498.346
20080515,0,33.2413,33.2413,32.6417,32.9062,2566569.559
20080516,0,33.9202,34.5551,33.0737,34.4845,2867972.848
20080519,0,34.5198,34.8284,34.2553,34.4228,1877301.941
20080520,0,34.2112,34.2994,33.5763,33.8585,1571576.989
20080521,0,33.8409,34.0525,33.4529,33.5411,1648151.0716
20080522,0,33.5146,33.788,33.2325,33.2942,1128368.597
20080523,0,33.2236,33.8938,33.0649,33.6821,1271676.28413
20080527,0,33.3824,34.652,33.3824,34.5551,2080648.718
20080528,0,34.6873,34.7226,34.3611,34.6697,1719345.152
20080529,0,34.5903,35.2428,34.1406,34.8372,1428204.51
20080530,0,34.9166,35.4103,34.8284,35.3927,2314038.455
20080602,0,35.3045,35.569,34.5198,35.1635,1548102.852
20080603,0,35.2693,35.4015,34.0701,34.4492,1593388.6182
20080604,0,34.2729,34.652,34.0172,34.2641,2578819.3571
20080605,0,34.3787,34.5815,33.9643,34.3699,3438531.7787
20080606,0,34.1847,34.7138,33.7527,33.7527,2204149.721
20080609,0,33.7703,34.4581,33.5852,34.2112,2136400.834
20080610,0,33.9026,34.1847,33.7086,33.832,2893469.354
20080611,0,33.9467,33.9467,32.9327,33.0561,2512321.882
20080612,0,33.4705,33.8938,33.2236,33.497,2283638.891
20080613,0,33.6733,33.9907,33.4,33.9643,2392056.5589
20080616,0,34.0613,34.705,33.4705,34.5198,2183916.57
20080617,0,34.5815,34.5815,33.7791,33.8144,1429752.6605
20080618,0,33.5234,33.7703,32.8357,32.8357,2439945.775
20080619,0,32.8445,33.5322,32.6329,33.1796,3222150.329
20080620,0,33.0032,33.206,32.3155,32.5006,2557192.726
20080623,0,32.5271,32.6858,31.7864,32.0245,5709569.8661
20080624,0,31.7864,32.6946,31.7512,32.5888,3190663.694
20080625,0,32.9415,32.9415,32.1567,32.4213,2595090.66
20080626,0,31.9716,32.3243,31.3015,31.4425,4068713.4721
20080627,0,31.3632,31.8834,31.2045,31.8217,3688282.79613
20080630,0,31.5307,31.8217,31.5043,31.6277,2141140.525
20080701,0,31.1957,31.7335,30.8253,31.2397,4205582.1395
20080702,0,31.3191,31.8393,31.2045,31.2397,2595383.335
20080703,0,31.4073,31.8481,30.8253,30.9752,1880106.2444
20080707,0,30.9664,31.5748,30.5873,30.984,2010165.92
20080708,0,30.7812,31.0722,30.2081,30.9752,3798332.924
20080709,0,31.0017,31.6277,30.8165,30.8606,2124798.9903
20080710,0,30.746,31.5043,30.746,31.178,1983689.896
20080711,0,30.8771,31.541,29.9653,30.9125,3170178.2229
20080714,0,31.2046,31.2223,30.1866,30.5672,2720819.367
20080715,0,30.2574,30.9833,30.1866,30.7531,2820449.85
20080716,0,30.7354,31.24,30.5141,31.1603,1782561.2364
20080717,0,31.2666,32.7715,30.7974,32.5413,2717459.68664
20080718,0,32.6121,32.6652,31.9394,32.2049,3273076.582
20080721,0,32.3023,32.559,31.3639,31.9748,1875316.303
20080722,0,31.6384,32.6652,31.5587,32.6652,1528252.742
20080723,0,32.6564,33.2584,32.4705,33.099,1954737.11885
20080724,0,33.0547,33.1964,32.019,32.1164,1362805.84
20080725,0,32.2492,32.4351,31.9128,32.2049,1220352.446
20080728,0,32.1961,32.2669,31.1958,31.4348,1952386.843
20080729,0,31.2754,32.1961,31.178,31.2931,4170802
20080730,0,30.8505,31.5144,27.5309,29.8236,7417045
20080731,0,29.3987,30.1069,29.0358,29.319,3748986.257
20080801,0,29.5049,29.5935,28.7348,29.0092,3311778.084
20080804,0,28.903,29.2394,28.5843,28.7791,2969397.3811
20080805,0,28.8676,29.5404,28.4427,29.3013,3790761.927
20080806,0,29.204,30.0626,29.204,29.921,3218600.444
20080807,0,29.7971,29.9122,29.4695,29.6643,4266159.508
20080808,0,29.4341,30.5938,29.4341,30.4433,2895105.578
20080811,0,30.2574,31.063,29.9476,30.7266,1598769.7494
20080812,0,30.4787,30.9744,30.4167,30.7177,1942511.573
20080813,0,30.5672,30.8948,30.0538,30.2663,1931052.275
20080814,0,30.0981,30.7885,29.7174,30.6735,1966229.5299
20080815,0,30.7885,31.2046,30.3636,30.4522,2209259.1083
20080818,0,30.4522,30.9036,30.2574,30.5584,1821698.862
20080819,0,30.3194,30.7354,30.16,30.399,1705563.821
20080820,0,30.4256,30.5053,29.5846,29.6112,1796781.2147
20080821,0,29.3368,29.62,29.1243,29.4341,2334538.848
20080822,0,29.4518,29.5935,29.0269,29.1154,4890988.404
20080825,0,28.9384,29.1863,28.363,28.4161,2928225.971
20080826,0,28.4161,28.8322,28.1594,28.3187,2545462.146
20080827,0,28.301,28.5489,28.0886,28.3276,3752896.882
20080828,0,28.6197,29.2571,28.4869,29.0889,2301599.641
20080829,0,28.9561,29.8236,28.9561,29.142,2275544.22464
20080902,0,29.08,29.5758,28.8587,29.0269,3025796.75
20080903,0,28.965,29.0712,27.8938,28.1771,4970783.06169999
20080904,0,28.0089,28.0177,26.9643,26.9732,5652985.731
20080905,0,26.982,27.3715,26.743,26.9555,5223437.995
20080908,0,27.3538,27.6371,26.5394,26.8669,5831031.114
20080909,0,26.9997,27.221,26.6987,26.6987,3755672.597
20080910,0,26.8581,27.0971,26.5748,26.6191,2974590.46228
20080911,0,26.3889,26.6545,26.026,26.6279,3317613.813
20080912,0,26.3978,26.6545,26.0791,26.4155,2527445.6674
20080915,0,25.8135,26.2473,25.0434,25.1496,5168724.1993
20080916,0,24.8486,24.9371,24.0342,24.7778,6986433.46199999
20080917,0,24.4945,24.7955,23.866,23.9457,4358551.891
20080918,0,24.1404,24.3883,22.8037,23.7509,5479002.93
20080919,0,24.1404,26.9997,23.9457,26.6456,5691672.49200001
20080922,0,26.5925,27.1414,25.663,25.7692,4513077.062
20080923,0,25.8047,26.1056,25.0257,25.0965,4356719.553
20080924,0,25.1407,25.5037,24.7512,24.9814,3404827.0382
20080925,0,25.4594,25.6011,24.9106,25.0522,2866164.66
20080926,0,24.645,25.0965,23.9545,24.2378,4033202.158
20080929,0,24.2466,24.6273,22.1486,22.1929,5706281.442
20080930,0,22.3522,24.2998,22.1486,24.2909,7731408.41199999
20081001,0,24.2909,24.707,23.5473,24.4857,4919536.575
20081002,0,24.2112,24.4237,22.8303,22.8303,5366202.4338
20081003,0,23.2817,24.0696,22.6621,22.6975,3136901.279
20081006,0,22.1221,22.6886,20.75,21.8211,5673531.08
20081007,0,22.4585,22.6355,20.3516,20.3605,3829409.473
20081008,0,20.2011,21.3962,19.5018,19.67,4474211.01000001
20081009,0,19.8844,20.0003,18.7698,18.9303,4377714.268
20081010,0,17.8336,19.3583,16.6565,18.4221,5722510.984
20081013,0,19.0552,19.8398,18.5647,19.8398,3102822.307
20081014,0,20.6513,21.1238,19.3762,19.9468,3791445.069
20081015,0,19.9201,19.9201,18.3596,18.3775,5173372.6661
20081016,0,16.7546,18.645,16.7546,18.5736,5760197.989
20081017,0,18.2794,19.0016,16.933,18.0386,4710975.712
20081020,0,18.1456,18.7876,17.7266,18.6717,4195828.817
20081021,0,18.3507,19.0462,18.2348,18.3329,3818990.321
20081022,0,18.217,18.217,17.4145,17.7266,4264932.785
20081023,0,17.7801,17.9584,16.496,17.2807,5956638.48
20081024,0,16.0591,16.9419,14.8821,15.8451,4648902.226
20081027,0,15.5419,15.9164,15.0159,15.0337,5136806.75
20081028,0,15.3458,16.612,15.1229,16.612,5199933.75
20081029,0,16.6209,16.817,15.747,16.1661,6886242.409
20081030,0,16.2196,16.9775,16.0502,16.5674,4550793.908
20081031,0,16.0056,17.6106,16.0056,17.3253,3672346.561
20081103,0,17.3253,17.9941,17.3253,17.7087,2969645.9159
20081104,0,18.3329,18.6361,17.6285,18.1546,2505241.817
20081105,0,18.0654,18.431,16.826,16.8973,2276493
20081106,0,16.6744,16.6744,14.0618,14.9445,9236242
20081107,0,14.9802,15.9075,14.7127,15.747,3730588.715
20081110,0,16.0056,16.0413,14.0261,14.3203,4584975.938
20081111,0,14.1242,14.2668,12.43,12.6351,5344654.795
20081112,0,12.4032,12.751,11.5472,11.681,6206683.567
20081113,0,11.6631,13.2682,11.6631,13.1879,7961297.71000001
20081114,0,12.858,13.4376,12.4122,12.965,6797774.845
20081117,0,12.7242,12.8402,12.4478,12.6172,7858535.807
20081118,0,12.644,12.9828,12.3587,12.9293,5280270.402
20081119,0,12.9115,13.1077,12.3854,12.4389,5964650.239
20081120,0,12.3319,12.9561,11.467,11.5829,5001810.34
20081121,0,11.7523,13.0542,11.4581,13.0274,7707078.03848
20081124,0,13.2325,13.7497,13.1166,13.3306,5175994.1095
20081125,0,13.6159,14.3114,13.179,13.6427,3566269.882
20081126,0,13.5089,14.2936,13.2414,14.1777,1984472.6883
20081128,0,14.1063,14.7751,13.9815,14.4808,1492648.72
20081201,0,14.0707,14.2668,13.4822,13.5,3658496.527
20081202,0,13.7408,13.8923,13.286,13.7408,2840746.393
20081203,0,13.4197,15.1674,13.286,15.0694,4337392.801
20081204,0,14.8553,15.1764,14.1509,14.3649,3627422.115
20081205,0,14.3203,15.4974,13.9191,15.3814,3525269.548
20081208,0,15.4974,16.1929,15.4974,15.7827,2910520.047
20081209,0,15.5865,15.7827,15.0248,15.0604,2923494.178
20081210,0,15.0694,15.319,14.7751,15.0604,3037754.615
20081211,0,14.8821,15.0248,13.9548,14.1777,3117944.195
20081212,0,13.7497,14.5611,12.9739,14.3114,4217830.434
20081215,0,13.9726,14.4452,13.5624,13.8121,3458422.523
20081216,0,13.9458,14.9088,13.8834,14.8286,3705449.039
20081217,0,14.7216,15.2388,14.5878,14.8286,3458011.049
20081218,0,14.8553,14.9356,14.3917,14.6413,3445375.2071
20081219,0,14.7662,14.9088,13.7497,14.0885,5394204.4105
20081222,0,13.9904,13.9904,13.393,13.7853,3526941.385
20081223,0,13.8388,14.2223,13.4376,13.607,2624297.108
20081224,0,13.5624,13.7318,13.3841,13.5981,1049618.375
20081226,0,13.6159,13.7229,13.4911,13.5535,1619587.748
20081229,0,13.5981,13.5981,13.1344,13.4911,2163161.399
20081230,0,13.5802,14.2758,13.5535,14.249,2324928.744
20081231,0,14.2312,14.6057,14.1242,14.5165,1649869.826
20090102,0,14.4452,15.4349,14.3025,15.3279,2304074.565
20090105,0,15.1853,15.6489,15.0872,15.1585,2970578.227
20090106,0,15.3012,15.8184,15.2566,15.6133,3703996.344
20090107,0,15.3458,15.9254,15.3279,15.6133,2426726.933
20090108,0,15.4617,15.4617,14.9445,15.2031,3191946.952
20090109,0,15.3291,15.3831,14.807,15.2211,2967014.4351
20090112,0,15.2031,15.4011,15.1311,15.3021,3747064.04
20090113,0,14.591,14.654,14.132,14.402,5281232.393
20090114,0,14.213,14.213,13.4029,13.6459,4925108.218
20090115,0,13.5919,14.42,13.1418,14.312,5916983.021
20090116,0,14.564,14.753,13.9969,14.24,4263678.13
20090120,0,14.0779,14.42,13.4299,13.5919,4401530.955
20090121,0,13.7629,14.0959,13.5109,14.0419,3953277.889
20090122,0,13.7899,14.0959,13.4569,14.0509,4103431.03
20090123,0,13.5019,14.42,13.4119,14.132,3783717.313
20090126,0,14.0419,14.411,13.8169,13.9249,4099415.793
20090127,0,13.8529,14.312,13.8439,14.141,4276890
20090128,0,12.8358,13.6729,12.4217,13.5289,10218099
20090129,0,13.3308,13.5739,13.1418,13.2948,4141574.653
20090130,0,13.0518,13.4389,12.6287,12.7368,5051204.84
20090202,0,12.5657,12.6377,12.1067,12.3497,4842547.519
20090203,0,12.3677,12.5567,11.9086,12.4127,4951626.415
20090204,0,12.4397,12.9078,12.4397,12.5837,4940920.111
20090205,0,12.4127,13.0068,12.3407,12.8988,4105723.277
20090206,0,12.7548,13.4479,12.7458,13.2768,2543690.881
20090209,0,13.2678,13.3398,13.0518,13.1868,2611912.54
20090210,0,13.0158,13.1058,12.2237,12.4127,7592886.41699999
20090211,0,12.4577,12.6287,12.2957,12.5117,3514707.538
20090212,0,12.1517,12.3407,11.9266,12.3137,4817010.04
20090213,0,12.2687,12.6017,12.2057,12.4937,3598921.9227
20090217,0,12.1787,12.1787,11.4766,11.5576,6096671.825
20090218,0,11.5936,11.6116,10.9635,11.0625,8096570.956
20090219,0,11.1435,11.3056,10.3964,10.4414,4981703.114
20090220,0,10.1804,10.3514,9.69434,9.90137,7896868.428
20090223,0,10.0364,10.0364,9.10026,9.13626,4231775.384
20090224,0,9.23528,9.64933,9.08225,9.55032,4219091.15
20090225,0,9.49631,9.57732,9.09126,9.30729,4867865.21899999
20090226,0,9.3973,9.54132,8.75821,8.78521,5563162.068
20090227,0,8.57818,8.83922,8.44317,8.56918,3585646.598
20090302,0,8.34415,8.52418,7.9931,8.06511,4839342.54
20090303,0,8.24514,8.29014,7.91209,7.9931,4860859.287
20090304,0,8.11012,8.33515,8.03811,8.18213,6940057.312
20090305,0,7.9571,8.02911,7.15599,7.21,7583379.334
20090306,0,7.219,7.47103,6.83194,7.07498,8843971.372
20090309,0,7.02097,7.228,6.66092,6.70593,5858214.095
20090310,0,6.81394,7.54304,6.75993,7.47103,6638715.6
20090311,0,7.49804,8.04711,7.46203,7.79508,6420476.12399999
20090312,0,7.79508,8.23614,7.70506,8.16413,3427140.922
20090313,0,8.19113,8.62319,7.9841,8.57818,4875444.941
20090316,0,8.65019,8.96524,8.44317,8.45217,4095035.622
20090317,0,8.43417,8.48817,8.04711,8.29915,7465860.66
20090318,0,8.20913,9.02825,8.14612,8.91123,5378267.554
20090319,0,9.01925,9.71234,8.88423,9.48731,6146197.89
20090320,0,9.50531,9.82036,9.10926,9.29828,6634099.198
20090323,0,9.51431,9.98238,9.35229,9.94637,4853047.426
20090324,0,9.80235,9.96438,9.55932,9.64033,4606077.18
20090325,0,9.64933,10.1534,9.59533,9.87436,4291647.521
20090326,0,9.97338,10.9725,9.97338,10.9095,5005467.892
20090327,0,10.7475,10.9005,10.4954,10.7925,4915549.126
20090330,0,10.5135,10.5585,9.34329,9.49631,4589187.343
20090331,0,9.63133,10.1714,9.29828,9.94637,4599971.142
20090401,0,9.78435,10.1264,9.4423,10.0814,5151214.52
20090402,0,10.3064,11.7286,10.1714,11.5756,8769842.556
20090403,0,11.5396,11.5936,11.0895,11.5396,3893262.98
20090406,0,11.4316,11.5396,11.0265,11.2966,5676989.403
20090407,0,11.1165,11.2336,10.6395,10.7475,4797747.1006
20090408,0,10.8015,11.0895,10.7745,11.0445,4522705.918
20090409,0,11.482,12.3576,11.3088,12.2299,4414471.098
20090413,0,12.0931,12.1843,11.5641,11.9016,2142893.961
20090414,0,11.8195,12.166,11.4638,12.0384,3571066.894
20090415,0,12.0657,12.1204,11.555,11.8468,3156264
20090416,0,12.0384,13.1419,11.5824,13.0142,4195159
20090417,0,14.2089,15.96,14.2089,14.82,10463490.436
20090420,0,14.4916,14.4916,13.1236,13.6344,6067587.461
20090421,0,13.5705,14.3001,13.4793,14.3001,5954437.5958
20090422,0,14.1451,15.1027,13.9809,14.6376,6442024.235
20090423,0,14.592,14.82,14.291,14.6467,5900552.244
20090424,0,14.7926,15.7411,14.747,15.5313,5568272.276
20090427,0,15.4128,15.659,14.975,15.2851,5754054.012
20090428,0,15.0571,15.5587,14.747,15.4675,4052416.092
20090429,0,15.3398,16.7352,15.048,16.2609,6910753.183
20090430,0,16.4616,16.5892,15.814,15.887,6242069.688
20090501,0,15.8779,16.188,15.7411,16.188,6351822.013
20090504,0,16.2062,16.9358,15.8688,16.872,5451469.076
20090505,0,16.8081,17.0635,16.5072,16.6804,3614762.296
20090506,0,16.9358,17.0088,16.2153,16.5254,4172373.854
20090507,0,16.6713,16.872,15.7867,16.0238,3697018.345
20090508,0,16.1971,16.571,15.887,16.3704,3829052.661
20090511,0,16.1241,16.2974,15.6681,15.9235,5431795.486
20090512,0,15.9691,16.4616,15.6681,16.2609,6256762.778
20090513,0,15.9782,15.9782,14.6467,14.8564,5510094.147
20090514,0,14.8929,15.8779,14.8473,15.5678,3910044.954
20090515,0,15.586,15.887,15.1939,15.3307,4746538.952
20090518,0,15.4219,15.9417,15.2851,15.9417,2527208.211
20090519,0,16.0603,16.3339,15.6225,16.1424,2936350.825
20090520,0,16.27,16.6987,15.9144,15.96,3815819.107
20090521,0,15.7228,15.96,15.1392,15.3307,3201832.737
20090522,0,15.3672,15.6772,15.1392,15.3763,3077375.679
20090526,0,15.276,16.1241,15.2212,15.9782,3673237.577
20090527,0,15.9964,16.5436,15.7593,15.887,3285465.568
20090528,0,15.8323,16.2153,15.3854,15.8505,3055795.216
20090529,0,15.96,16.0056,15.431,15.8049,3844201.3
20090601,0,16.0968,17.3827,16.0968,17.182,5009282.19046
20090602,0,17.1547,17.2368,16.571,16.9176,3191205.712
20090603,0,17.2185,17.3736,16.6987,17.1273,5421943.202
20090604,0,17.1912,18.6139,17.1912,18.5409,6045550.098
20090605,0,18.6504,19.0152,17.9755,18.1488,4878886.784
20090608,0,17.9208,18.24,17.5468,18.0667,2577580.234
20090609,0,18.1944,18.2673,17.9208,18.2035,2431604.674
20090610,0,18.24,18.4588,17.5924,18.094,2957324.436
20090611,0,18.1214,18.6139,18.1214,18.2491,3999757.038
20090612,0,18.2308,18.2308,17.7748,18.1488,1672484.592
20090615,0,17.5468,17.7475,17.4009,17.5651,2832822.373
20090616,0,19.307,19.8542,18.167,18.2308,8934435.472
20090617,0,18.094,18.4315,17.8569,17.939,3886568.186
20090618,0,17.9937,18.6504,17.8934,18.5044,5270548.782
20090619,0,18.696,18.7416,18.24,18.4132,5574152.439
20090622,0,17.9116,18.2764,17.3006,17.4283,6870155.848
20090623,0,17.0908,17.4192,16.6987,16.9358,19026012.4
20090624,0,17.1091,17.1456,16.4616,16.5892,14592971.17
20090625,0,16.343,16.9632,16.2609,16.6987,42292649.65
20090626,0,16.4798,16.9267,16.2974,16.7625,15706434.83
20090629,0,16.6531,17.1,16.644,16.9084,8306167.226
20090630,0,16.9723,17.1,16.5984,16.9176,8842634.132
20090701,0,16.9632,17.2824,16.8172,16.8264,8893005.56799999
20090702,0,16.7716,16.8902,16.1788,16.3977,6009545.53800001
20090706,0,16.115,16.2518,15.1483,15.504,9059330.10000001
20090707,0,15.6043,15.9326,15.1756,15.203,7374365.16
20090708,0,15.2851,15.8688,14.7014,15.2395,7179417.587
20090709,0,15.5313,15.6955,15.1574,15.276,4747009.631
20090710,0,15.1665,15.3854,14.9659,15.2212,3451503.458
20090713,0,15.2212,15.6043,15.0024,15.5222,4275498.615
20090714,0,15.504,15.8596,15.2942,15.7867,4515833.735
20090715,0,15.9052,17.1456,15.8688,17.1,9520922.922
20090716,0,17.0088,17.3371,16.8355,17.1638,4064877.429
20090717,0,17.1456,17.2732,16.9814,17.0817,2686703.148
20090720,0,17.1456,17.784,17.1456,17.6472,5652331.628
20090721,0,17.8296,18.0758,17.4283,17.6289,5255426.137
20090722,0,17.6289,17.9846,17.4648,17.7384,3143035.1634
20090723,0,17.6107,18.5318,17.6107,18.4953,3855211.48395
20090724,0,18.2764,18.696,18.1214,18.6868,4981682.845
20090727,0,18.7051,18.8875,18.24,18.8784,4597564.163
20090728,0,18.5683,18.9148,18.0302,18.8875,4469585
20090729,0,19.5715,19.6353,18.9513,19.2979,5839460
20090730,0,19.9363,20.0275,19.5897,19.7447,4793435.587
20090731,0,19.535,20.0639,19.3982,19.5532,3212799.01
20090803,0,19.69,20.602,19.5259,20.1551,5101298.571
20090804,0,19.9819,20.4014,19.8998,20.2919,3096689.91
20090805,0,20.1825,20.602,19.9636,20.0275,2460100.569
20090806,0,20.1187,20.1278,19.6079,19.763,1947588.63
20090807,0,20.1187,20.3558,19.991,20.3102,3215877.45
20090810,0,20.1551,20.5655,20.146,20.2919,2673881.9703
20090811,0,20.0822,20.4561,20.0183,20.3284,3340115.737
20090812,0,20.1551,21.0489,20.1551,20.8391,2199316.947
20090813,0,20.83,21.2951,20.6932,21.2039,3626098.098
20090814,0,21.1036,21.3772,20.5564,20.6932,3257357.087
20090817,0,20.3375,20.3649,20.0822,20.2919,1596171.989
20090818,0,20.3011,20.7115,20.2281,20.7023,1433454.481
20090819,0,20.2737,21.1675,20.2737,21.1401,2929754.668
20090820,0,21.0124,21.4228,21.0124,21.3407,2305210.752
20090821,0,21.3955,21.6508,21.2769,21.4867,3248663.707
20090824,0,21.4958,21.8423,21.3316,21.3499,3519068.199
20090825,0,21.3955,21.587,21.1948,21.3863,2078747.085
20090826,0,21.359,21.5505,21.2131,21.2131,2432978.814
20090827,0,21.1766,21.3316,20.675,21.2039,2233832.469
20090828,0,21.3043,22.1068,21.1766,21.3499,3343917.378
20090831,0,21.1036,21.2495,20.6111,20.7935,1671169.61
20090901,0,20.602,21.0215,19.9545,20.0092,2228202.22
20090902,0,19.918,20.2463,19.6444,19.7083,2157604.299
20090903,0,19.7539,20.4926,19.7539,20.4743,1822975.426
20090904,0,20.5291,20.9851,20.3558,20.9212,2127882.526
20090908,0,21.0945,21.3955,21.0124,21.1401,1890021.227
20090909,0,21.2684,22.0674,21.1307,21.847,2910119.993
20090910,0,21.8286,22.2235,21.5715,21.9664,2386017.982
20090911,0,21.8837,22.1684,21.6633,21.8562,2221850.79
20090914,0,21.6909,21.7276,21.2868,21.6541,1618855.9562
20090915,0,21.7643,22.049,21.5807,21.9204,1826070.851
20090916,0,21.9388,22.15,21.4429,21.6909,4365560.907
20090917,0,21.6266,21.8194,21.4521,21.6541,3254006.11288
20090918,0,21.6174,21.9296,21.4613,21.8194,3176450.08
20090921,0,21.7919,21.7919,21.2409,21.4154,2555293.762
20090922,0,21.4888,22.0766,21.4888,21.7,1501663.067
20090923,0,21.6909,21.8837,21.3511,21.3511,1566458.2359
20090924,0,21.3603,21.5256,20.5613,20.6715,3043795.5545
20090925,0,20.7358,20.9929,20.598,20.745,2013465.987
20090928,0,20.7542,21.3603,20.7542,21.1582,1848360.21294
20090929,0,21.1123,21.195,20.1389,20.2675,2692809.261
20090930,0,20.1848,20.5613,19.744,20.4144,2275194.2407
20091001,0,20.2766,20.396,19.7991,19.8909,3964307.1763
20091002,0,19.6522,19.7716,19.193,19.3583,3970131.709
20091005,0,19.3675,19.8083,19.3675,19.5879,2320035.907
20091006,0,19.8175,20.0654,19.7624,19.8726,1938347.665
20091007,0,19.7807,20.0287,19.6614,19.8267,3748869.568
20091008,0,19.9093,20.194,19.7624,20.093,2586037.324
20091009,0,19.9644,20.7633,19.9644,20.7358,2462431.336
20091012,0,20.7817,21.195,20.6164,20.7633,2115764.484
20091013,0,20.6531,20.9654,20.6072,20.6531,2968961.9117
20091014,0,21.8011,22.049,21.2133,21.9296,3592623.599
20091015,0,21.6633,22.0674,21.4613,21.9296,1897019.8474
20091016,0,21.7735,21.9572,21.5347,21.7092,1965866.517
20091019,0,21.6358,22.352,21.6358,22.0766,2956053.454
20091020,0,22.0398,22.297,21.7276,21.9939,2862669.354
20091021,0,21.8653,22.398,21.8194,21.9388,2228570.991
20091022,0,21.7368,22.0766,21.2409,21.9572,2580783.042
20091023,0,22.0306,22.0306,21.1674,21.3511,1688776.519
20091026,0,21.048,21.5164,20.598,20.7633,2373410.169
20091027,0,20.8919,20.8919,20.2766,20.3042,2098319.201
20091028,0,20.1848,20.1848,19.542,19.6614,2949021.31
20091029,0,19.7624,20.3776,19.7073,20.2124,2030699.72
20091030,0,20.2675,20.4327,19.3216,19.542,3396960.875
20091102,0,19.5328,19.8358,19.294,19.6522,2464970.542
20091103,0,19.6154,20.0379,19.3124,19.9001,2105876
20091104,0,21.8562,21.9939,20.6164,20.6899,3945762
20091105,0,20.9195,21.5531,20.7358,21.0939,3330030.76
20091106,0,20.9378,21.4154,20.8552,20.9195,2437195.28544
20091109,0,21.1674,21.3603,20.8735,21.0848,2816357.559
20091110,0,20.8276,21.5347,20.8276,21.0388,4221665.5
20091111,0,21.1858,21.9113,21.1858,21.6266,3010928.503
20091112,0,21.5256,22.0215,21.5256,21.746,2322934.0627
20091113,0,21.7,22.1592,21.7,22.1317,2766074.033
20091116,0,22.2327,22.9214,22.1592,22.3888,2890765.7343
20091117,0,22.2327,22.6367,21.8378,22.5633,3107949.73
20091118,0,22.499,22.6275,22.0582,22.3704,2363412.233
20091119,0,22.1317,22.251,21.7551,22.0398,1652686.194
20091120,0,21.7735,22.1317,21.7551,21.9296,1718773.6922
20091123,0,22.0398,22.5449,21.948,22.0398,2161177.014
20091124,0,22.0398,22.1868,21.5623,21.7184,1817529.583
20091125,0,21.7276,21.847,21.5898,21.8102,1782107.907
20091127,0,21.3419,21.6633,21.1215,21.5439,561046.01
20091130,0,21.5347,21.5439,20.9837,21.3603,2204937.546
20091201,0,21.5623,21.8745,21.4429,21.8011,4180563.363
20091202,0,21.8011,21.9755,21.6909,21.8378,2506338.298
20091203,0,21.8286,22.0306,21.6909,21.7184,1818478.399
20091204,0,22.0306,22.1225,21.4429,21.8653,3204730.105
20091207,0,21.7092,22.0949,21.6909,21.8929,2106714.656
20091208,0,21.5623,21.746,20.6715,21.1766,2568623.442
20091209,0,21.1766,21.8011,21.1123,21.746,3347332.387
20091210,0,21.8102,21.9939,21.5715,21.5807,2151416.435
20091211,0,21.7379,22.3297,21.7379,22.0985,3657296.356
20091214,0,22.2002,22.3666,21.9783,22.043,2267111.14
20091215,0,22.0245,22.1447,21.8581,21.9228,1911013.66
20091216,0,22.0523,22.1262,21.7287,21.7287,2265177.401
20091217,0,21.7471,21.7841,21.2848,21.3496,2086523.174
20091218,0,21.5252,21.8489,21.442,21.4975,2918746.845
20091221,0,21.5345,22.0338,21.5345,21.9321,1579602.1456
20091222,0,21.9043,22.0708,21.7934,21.9691,2011174.385
20091223,0,22.0523,22.1725,21.9136,22.154,1797839.7646
20091224,0,22.1355,22.4406,22.0523,22.3297,633604.006
20091228,0,22.3297,22.5331,22.1817,22.2372,1277050.608
20091229,0,22.2834,22.3481,22.154,22.1817,1692310.4097
20091230,0,22.154,22.8105,22.0245,22.6718,1243952.758
20091231,0,22.6718,23.0786,22.6348,22.6348,1520794.1062
20100104,0,22.9492,23.1433,22.7272,23.1341,1868786.3563
20100105,0,23.0786,23.1248,22.6533,22.7827,1847097.885
20100106,0,22.8012,23.4485,22.6625,23.245,2315972.031
20100107,0,23.1248,23.2635,22.7735,22.8012,1830082.2627
20100108,0,22.8012,23.1618,22.7827,23.1618,1152482.145
20100111,0,23.1433,23.1433,22.6718,22.9122,1200700.973
20100112,0,22.6903,23.0324,22.5608,22.8844,1552386.66
20100113,0,22.9029,23.8183,22.6995,23.5871,2691595.696
20100114,0,23.5871,23.7813,23.4669,23.6889,2124412.449
20100115,0,23.6426,23.7166,23.1341,23.3282,1689823.1479
20100119,0,23.2358,23.5317,23.1803,23.5224,1214394.867
20100120,0,23.356,23.6889,23.1896,23.6241,1905489.2612
20100121,0,23.6796,24.2621,23.5594,23.8368,2541647.523
20100122,0,23.7258,23.7813,23.0786,23.1526,2798030.7746
20100125,0,23.4022,23.5687,23.1618,23.1988,2183439.453
20100126,0,23.208,23.5594,22.6625,23.4022,3535525
20100127,0,24.1327,24.3638,23.0139,23.8645,5545698
20100128,0,24.1142,24.3731,23.0878,23.4207,2415640.447
20100129,0,23.4485,23.4669,22.8937,23.0324,4354427.383
20100201,0,23.2173,23.6796,23.1063,23.6056,2450271.865
20100202,0,23.7258,24.1697,23.6519,23.7351,4042466.236
20100203,0,23.6796,23.8275,23.3837,23.5224,2889759.167
20100204,0,23.3005,23.3837,22.8659,22.8937,4343847.297
20100205,0,22.9492,23.0694,22.3574,22.7088,3693111.0124
20100208,0,22.8012,23.0971,22.3112,22.8012,3231050.528
20100209,0,23.0601,23.2358,22.9954,23.0046,4701979.226
20100210,0,23.0971,23.208,22.7365,22.8382,3233986.555
20100211,0,22.7642,23.2913,22.4591,23.282,3665901.163
20100212,0,22.9676,23.3745,22.6718,23.3467,2236944.433
20100216,0,23.4485,23.9385,23.4485,23.883,1999946.877
20100217,0,23.9662,24.3084,23.7628,24.2436,1687094.281
20100218,0,24.1512,24.3731,24.0032,24.2251,2613266.185
20100219,0,24.0587,24.7152,24.0495,24.4101,2196111.615
20100222,0,24.3731,24.521,24.1789,24.2066,1652090.96
20100223,0,24.1789,24.2251,23.6149,23.7166,1650747.781
20100224,0,23.7998,24.3916,23.6889,24.3916,2055619.234
20100225,0,24.0772,24.0772,23.6334,23.8091,2333384.412
20100226,0,23.7166,23.8645,23.2635,23.7443,1822172.06
20100301,0,23.7536,24.5395,23.6611,24.3916,2322873.646
20100302,0,24.4933,24.595,23.8553,23.8645,2792303.096
20100303,0,23.8553,24.2529,23.7721,23.9108,2834068.42
20100304,0,23.8923,24.3084,23.6704,23.9015,2294001.08
20100305,0,24.0038,24.1247,23.8828,23.9945,2688684.7
20100308,0,24.0131,24.2457,24.0038,24.0689,2709682.921
20100309,0,23.9573,24.2364,23.8549,23.9759,2125763.143
20100310,0,23.9573,25.4645,23.948,24.9063,3530320.804
20100311,0,24.8504,24.9621,24.469,24.7016,1901284.9
20100312,0,24.683,24.8504,24.4318,24.7853,1922232.21
20100315,0,24.7202,24.99,24.4225,24.6458,1303696.553
20100316,0,24.8877,24.9528,24.5062,24.8597,1769398.873
20100317,0,24.9156,25.5947,24.9156,25.4645,2139234.707
20100318,0,25.4738,25.5389,25.0644,25.3994,2249061.995
20100319,0,25.297,25.6413,25.2691,25.5854,3618399.74
20100322,0,25.3528,25.7436,25.0644,25.7064,3151430.888
20100323,0,25.6878,26.3111,25.632,26.2739,1934027.5762
20100324,0,26.1158,26.3018,25.9948,26.2367,2575784.8121
20100325,0,26.3763,26.46,25.9483,25.9576,3191758.352
20100326,0,26.0413,26.2088,25.5296,25.7436,1515460.761
20100329,0,25.7808,26.2646,25.6878,25.818,1643490.2
20100330,0,25.9762,26.1344,25.6599,25.9297,1549875.801
20100331,0,25.8273,26.0785,25.4738,25.5947,1975247.5472
20100401,0,25.632,26.1809,25.4087,25.6506,1237526.193
20100405,0,25.6971,26.1437,25.632,26.0971,1557502.858
20100406,0,25.8553,26.3111,25.7994,26.2646,1087758.009
20100407,0,26.246,26.7205,26.1716,26.5158,2113685.407
20100408,0,26.3856,26.6647,26.0785,26.6461,1982631.348
20100409,0,26.7763,27.1113,26.6926,27.0647,2390532.719
20100412,0,27.102,27.1578,26.767,26.8321,1346388.913
20100413,0,26.7484,26.7484,26.153,26.4786,2310578.32
20100414,0,26.5809,27.1578,26.5251,27.1206,1803461.695
20100415,0,27.0182,27.1299,26.8787,27.0554,1449092.419
20100416,0,26.8415,26.9066,26.4135,26.5158,1626267.302
20100419,0,26.4321,26.4321,25.8925,26.339,2303154.944
20100420,0,26.5158,27.7253,26.5158,27.3159,3043894.906
20100421,0,27.3159,27.4555,26.7763,26.8787,1648065.879
20100422,0,26.8787,27.0647,26.3204,26.981,2124366.005
20100423,0,27.102,27.4834,27.0461,27.4648,1954296.662
20100426,0,27.623,28.1533,27.3997,27.9951,3035447.796
20100427,0,27.7997,28.0509,27.0368,27.1485,3296283
20100428,0,27.8928,29.6605,27.6602,28.6371,9114316
20100429,0,29.1302,30.0606,28.972,30.0606,6359064.57500001
20100430,0,30.1536,30.3211,29.5396,29.921,3645880.043
20100503,0,29.9675,30.6839,29.9675,30.5909,4029561.036
20100504,0,30.0606,30.0606,29.1302,29.4186,4376204.24
20100505,0,29.0371,29.0465,28.3673,28.451,4633747.224
20100506,0,28.2742,28.5254,25.0737,27.0275,4845818.303
20100507,0,27.074,27.3253,25.7715,26.0692,5617665.39
20100510,0,27.2694,28.1068,27.2694,27.5206,3555199.174
20100511,0,27.1299,28.6371,27.1299,28.1998,3103690.87
20100512,0,28.5534,29.5861,28.4417,29.5209,3305386.764
20100513,0,29.4837,29.493,28.144,28.3301,4134144.387
20100514,0,27.9486,28.1626,26.4879,26.9531,4085604.616
20100517,0,26.9159,27.409,26.3856,27.2043,3605760.587
20100518,0,27.2601,27.4741,25.8553,26.0506,4102914.202
20100519,0,25.8459,26.46,25.5575,26.2925,6315338.902
20100520,0,25.6227,25.9204,25.0365,25.5017,5773674.77
20100521,0,24.9156,26.0506,24.8411,25.9297,3458322.197
20100524,0,25.818,26.5437,25.6227,26.2274,3661730.477
20100525,0,25.1668,26.0971,24.9993,26.0785,4322851.414
20100526,0,26.1995,26.7019,25.6506,25.8459,5525037.1487
20100527,0,26.4228,27.1299,26.3484,27.1206,5393267.799
20100528,0,27.0834,27.3159,26.8228,26.8321,4363700.379
20100601,0,26.3763,26.9624,26.032,26.032,4788188.587
20100602,0,26.0692,27.0182,26.0692,26.9903,2421478.4839
20100603,0,27.1392,27.4369,26.5716,27.0927,3492191.318
20100604,0,26.6621,27.2795,26.213,26.2785,3751727.698
20100607,0,25.6236,25.8388,25.1372,25.212,6265731.886
20100608,0,25.081,25.3243,24.6881,25.1465,4602249.192
20100609,0,25.4459,26.1943,25.2401,25.5394,3112065.92
20100610,0,26.082,26.4563,25.7359,26.3814,3442716.814
20100611,0,25.9043,27.3076,25.9043,26.9334,4350564.724
20100614,0,27.2701,27.3918,26.7275,26.8398,3625956.807
20100615,0,26.7369,27.1953,26.6527,27.1111,4314055.881
20100616,0,26.924,27.2795,26.7275,27.0456,2346908.6083
20100617,0,27.1018,27.1018,26.5685,26.924,2440951.6674
20100618,0,27.0082,27.1579,26.8772,26.9895,1784289.11
20100621,0,27.4105,27.7753,27.2795,27.4572,3014206.19
20100622,0,27.3543,27.6163,26.8305,26.8585,2169134.55
20100623,0,26.8024,27.0176,26.4282,26.7369,1992509.059
20100624,0,26.5311,26.5498,25.8295,25.8388,2533153.681
20100625,0,26.1101,26.2879,25.8107,25.8575,2490934.033
20100628,0,25.8669,26.0914,25.474,25.502,2292154.749
20100629,0,24.9875,25.053,23.8462,24.0052,3896794.654
20100630,0,23.9117,24.4168,23.341,23.6778,3076413.06093
20100701,0,23.6684,23.8462,22.789,23.0323,3600084.7
20100702,0,23.2474,23.3036,22.789,23.0229,1962002.608
20100706,0,23.3223,23.6217,22.6113,22.8171,1612966.454
20100707,0,22.6019,23.7246,22.3119,23.6778,2703270.507
20100708,0,23.3971,23.6965,23.0323,23.2287,3847771.034
20100709,0,23.1726,23.5468,22.892,23.472,3884645.481
20100712,0,23.0884,23.631,22.9387,23.631,2446713.465
20100713,0,24.2578,24.9781,24.0988,24.2672,6231475.118
20100714,0,24.0239,24.3981,23.8181,23.9023,3787572.951
20100715,0,23.8836,24.0988,23.5936,23.921,2025874.613
20100716,0,23.8555,23.8742,23.3784,23.6871,3533221.404
20100719,0,23.7058,24.1081,23.5936,23.8649,1897927.657
20100720,0,23.0136,23.9584,22.4429,23.8649,4968366.099
20100721,0,23.9117,24.1362,23.3878,23.7994,3725439
20100722,0,24.2297,24.501,23.631,24.1175,3266594
20100723,0,24.0613,24.4823,23.8275,24.3139,2274892.7991
20100726,0,24.4075,25.3991,24.4075,25.1372,2381217.244
20100727,0,25.3617,25.4365,24.9033,25.3898,3021306.952
20100728,0,25.2869,25.6704,24.9407,25.0436,1786138.0577
20100729,0,25.3149,25.764,24.8378,25.3056,2311625.313
20100730,0,25.0062,25.4459,24.5572,25.2401,3204515.075
20100802,0,25.5488,25.6611,25.081,25.5394,2007560.571
20100803,0,25.3991,25.6985,25.1185,25.1185,1789917.0257
20100804,0,25.1652,26.082,25.1185,26.054,1825449.5248
20100805,0,25.792,26.0072,25.7733,25.9698,2047792.09193
20100806,0,25.5207,26.3066,25.5207,26.3066,2485571.397
20100809,0,26.2411,26.7369,26.2411,26.6059,1398213.412
20100810,0,26.4656,26.4843,26.1475,26.1943,2510111.694
20100811,0,25.6424,25.9043,25.3056,25.4085,1464581.22393
20100812,0,24.8659,25.3056,24.7536,24.9314,2485191.008
20100813,0,24.922,25.2027,24.8752,24.9875,1561723.148
20100816,0,24.7536,25.0904,24.6788,24.8846,1926017.796
20100817,0,25.184,25.2588,24.9127,25.0343,1782009.24
20100818,0,25.0436,25.212,24.8004,25.1091,1124217.617
20100819,0,24.8378,25.2494,24.7256,24.8378,2406379.109
20100820,0,24.763,24.9127,24.473,24.5572,2506095.012
20100823,0,24.632,24.7256,23.8181,23.8275,3381515.058
20100824,0,23.5094,23.8275,23.2287,23.5655,3556631.721
20100825,0,23.341,23.8462,23.0042,23.7339,2668627.358
20100826,0,23.7994,24.1455,23.4345,23.4345,1738749.098
20100827,0,23.5655,23.6871,23.3036,23.3691,7335150.087
20100830,0,23.3971,23.6965,23.2662,23.2942,3055854.286
20100831,0,23.3316,23.3316,22.7797,22.9294,3828651.423
20100901,0,23.3691,23.79,23.2942,23.4907,3212403.017
20100902,0,23.4907,24.2816,23.4437,24.2628,2703844.95
20100903,0,24.6017,24.9595,24.5264,24.8842,1828511.603
20100907,0,24.8183,24.8936,24.3758,24.3852,1979092.7696
20100908,0,24.5076,25.1384,24.5076,25.0254,2516852.395
20100909,0,25.3832,25.4679,24.404,24.4887,2717337.46
20100910,0,24.5641,24.9783,24.4417,24.8088,2288029.905
20100913,0,25.0725,25.5526,25.0631,25.1855,1992291.656
20100914,0,25.0442,25.5997,24.8842,25.289,1728929.395
20100915,0,25.2137,25.7221,25.0254,25.5903,2115095.177
20100916,0,25.4208,25.7033,25.4208,25.5244,2493366.31912
20100917,0,25.515,25.8257,25.4491,25.7504,2945281.044
20100920,0,25.7221,26.4753,25.5903,26.4188,2289038.72
20100921,0,26.3529,26.8708,25.8916,26.7295,2895650.126
20100922,0,26.5695,27.0496,26.2964,26.5224,1852809.892
20100923,0,26.2305,26.9178,26.2305,26.4,2341152.73
20100924,0,26.7578,27.5863,26.7389,27.5675,1432486.016
20100927,0,26.8613,27.5392,26.8613,27.285,1199673.983
20100928,0,27.4545,27.5298,26.8613,27.4168,1300996.407
20100929,0,27.2474,28.0759,27.2474,27.9158,1498331.101
20100930,0,27.897,28.2077,27.4922,27.5298,2138533.227
20101001,0,27.8876,28.1889,27.5204,28.0947,1863312.016
20101004,0,27.9158,28.17,27.511,27.6805,1402698.741
20101005,0,27.9629,28.236,27.6805,28.0947,1723660.023
20101006,0,27.9158,28.236,27.8688,28.1512,1350322.653
20101007,0,28.2265,28.2454,27.7652,27.8593,1597077.58
20101008,0,27.8876,28.3583,27.7275,28.1983,2056822.874
20101011,0,28.0947,28.6031,28.0947,28.5843,1686898.696
20101012,0,28.5278,28.7067,28.3301,28.3489,2946744.228
20101013,0,28.5278,29.0268,28.4243,28.8009,1965758.747
20101014,0,28.782,28.9609,28.6408,28.895,1414372.568
20101015,0,29.0457,29.1775,28.7538,28.9703,1230491.794
20101018,0,29.0268,29.1869,28.8856,29.0362,925357.9458
20101019,0,28.3395,29.0457,28.236,28.9515,2250477.34
20101020,0,28.8762,29.4411,28.8573,29.234,1663343.4395
20101021,0,29.2528,29.9118,29.2057,29.9118,2145955.199
20101022,0,29.8271,29.8271,29.4034,29.5541,1908376.646
20101025,0,29.7612,30.119,29.6482,29.8083,1641639.0551
20101026,0,29.7706,29.78,29.2151,29.4787,2156094.973
20101027,0,29.2151,29.4882,28.9609,29.1869,2685603
20101028,0,29.5729,29.9589,29.168,29.6106,2470810
20101029,0,29.5635,29.9401,29.507,29.8083,2246813.176
20101101,0,30.0625,30.1284,29.6576,29.7894,1415882.716
20101102,0,29.9213,30.1096,29.8177,29.9401,935448.277000001
20101103,0,29.9213,30.4485,29.9213,30.2414,2006580.363
20101104,0,30.5427,30.7875,30.2131,30.7498,1647650.56
20101105,0,30.6651,31.1546,30.5991,31.1546,1740256.99
20101108,0,30.9475,31.9643,30.9475,31.776,2963222.755
20101109,0,31.7572,31.8137,30.8345,30.9287,1439971.63
20101110,0,30.8816,31.0417,30.618,30.8722,1322101.831
20101111,0,30.4673,30.4673,29.8648,30.279,1975694.19
20101112,0,29.9213,30.3638,29.5447,29.9966,1751885.16
20101115,0,30.0437,30.0907,29.7706,29.8365,1178308.606
20101116,0,29.6106,29.6671,28.895,29.168,1519603.342
20101117,0,28.9986,29.4787,28.9233,29.1963,1577952.134
20101118,0,29.2999,30.0437,29.2904,29.8554,1699922.701
20101119,0,29.6859,30.1096,29.4505,30.0719,1230198.481
20101122,0,29.8554,30.0907,29.6106,29.78,1318286.539
20101123,0,29.281,29.5917,29.0645,29.1492,1391601.808
20101124,0,29.2999,29.8742,29.2999,29.8648,1670549.636
20101126,0,29.5164,29.8177,29.281,29.6482,521640.513
20101129,0,29.3187,29.4317,28.7161,29.0268,1870241.649
20101130,0,28.5184,28.7538,28.2171,28.622,2628420.47
20101201,0,29.1021,30.1284,29.0927,30.1001,2544963.333
20101202,0,29.8742,31.2017,29.8742,31.1735,3478312.884
20101203,0,31.0032,31.3438,30.8424,31.287,2171139.828
20101206,0,30.9938,31.1641,30.7667,31.0505,1217549.444
20101207,0,31.8263,31.9398,31.4006,31.5803,2092906.125
20101208,0,31.4479,31.7506,31.41,31.7506,2665150.465
20101209,0,31.9966,32.0345,31.5425,31.8831,1325824.208
20101210,0,32.1291,32.2331,31.7696,31.7885,1800212.66
20101213,0,31.8169,32.3088,31.6655,32.1196,1820131.798
20101214,0,32.1858,32.8575,31.5898,32.8575,3099827.206
20101215,0,32.5832,33.5103,32.3088,32.9711,2443616.752
20101216,0,32.6967,33.2833,32.6116,32.99,1600400.761
20101217,0,32.99,33.6333,32.8765,33.3874,1477290.372
20101220,0,33.5671,33.6239,33.0657,33.3022,1607724.661
20101221,0,33.3874,33.586,33.2265,33.2833,1430020.201
20101222,0,33.0751,33.586,33.0751,33.5293,1448656.484
20101223,0,33.3022,33.8131,33.2833,33.7185,1327293.296
20101227,0,33.3968,33.5671,33.0657,33.3874,908953.374000001
20101228,0,33.3874,33.463,33.0562,33.0846,764101.126
20101229,0,33.0941,33.4252,32.9143,33.1508,942386.292
20101230,0,33.1035,33.4536,33.0941,33.3779,697660.983000001
20101231,0,33.2833,33.5009,33.113,33.4347,729222.645
20110103,0,33.5766,34.4659,33.359,34.2578,2534885.07
20110104,0,34.2956,34.3145,33.4063,33.605,2260535.841
20110105,0,33.4347,33.6901,33.2454,33.2738,2420932.029
20110106,0,33.4536,33.5103,32.7156,33.2644,2355453.262
20110107,0,33.3779,33.9739,33.0846,33.2927,1728965.997
20110110,0,33.2833,34.0591,33.1414,33.9455,2280547.345
20110111,0,33.8699,34.1537,33.8604,33.9455,1375590.082
20110112,0,34.2672,34.2956,34.0212,34.2483,2153631.26
20110113,0,34.2294,34.5227,34.1537,34.3902,2077284.783
20110114,0,34.4943,34.8633,34.4186,34.6267,1681317.329
20110118,0,34.7213,34.9484,34.4281,34.7781,1393696.498
20110119,0,34.7781,34.7781,33.6617,34.0307,2680364
20110120,0,33.9172,34.674,32.1953,34.0591,5168928
20110121,0,34.3713,34.7403,34.2956,34.4659,2702433.151
20110124,0,34.7497,35.2133,34.5132,35.1376,2620807.869
20110125,0,34.9295,35.1092,34.8916,35.0525,4134216.917
20110126,0,34.5416,35.2417,34.447,35.0525,3691773.546
20110127,0,34.9295,35.0525,34.0875,34.1821,2386233.056
20110128,0,34.0591,34.2388,33.359,33.5671,2129944.991
20110131,0,32.8481,34.5321,32.6021,34.3524,3320955.937
20110201,0,34.693,35.2795,34.4754,35.1944,2990770.16
20110202,0,34.1726,35.2038,34.1726,34.9673,2626651.426
20110203,0,34.9862,35.1755,34.1348,34.5983,2409136.443
20110204,0,34.6551,34.9579,34.4375,34.9106,2593606.337
20110207,0,34.8916,35.0714,34.8065,34.9768,2322183.475
20110208,0,35.0714,35.3741,34.9673,35.2511,1632396.864
20110209,0,35.2417,35.762,35.0619,35.7053,1932237.588
20110210,0,35.5066,36.1121,35.4309,35.9702,1665867.564
20110211,0,35.7526,36.5094,35.7053,36.3864,1354134.406
20110214,0,36.3391,36.4148,35.9891,36.2635,2017763.944
20110215,0,36.0553,36.131,35.4498,35.4971,1823814.948
20110216,0,35.5444,35.8188,35.4404,35.5728,2179981.736
20110217,0,35.3268,35.9891,35.2038,35.8377,1821541.099
20110218,0,35.6769,35.9512,35.4404,35.6201,1977269.651
20110222,0,35.2701,35.2701,34.1064,34.1537,2621761.092
20110223,0,33.9361,34.2483,33.0657,33.2927,3602441.137
20110224,0,33.1887,33.6806,33.0278,33.586,2738136.561
20110225,0,33.6806,34.1064,33.6428,33.7374,2183053.27
20110228,0,34.0118,34.2578,33.6996,34.1064,2789008.708
20110301,0,34.2767,34.3618,33.8415,34.0875,3290793.548
20110302,0,33.8699,34.3997,33.8604,34.2483,3502254.962
20110303,0,34.6362,35.0241,34.4754,34.7592,2927304.112
20110304,0,34.7211,35.1582,34.246,34.9302,2501922.362
20110307,0,35.0062,35.3008,34.17,34.5216,3433874.781
20110308,0,34.6356,34.9207,34.2175,34.4171,2633887.613
20110309,0,34.1985,34.341,33.6284,33.6569,2134259.749
20110310,0,33.1628,33.3243,32.5071,32.5261,2937595.503
20110311,0,32.3266,33.0487,32.3266,32.8967,2214210.989
20110314,0,32.6402,33.0012,32.2791,32.4596,1840728.467
20110315,0,31.3003,32.3646,30.9678,31.9465,3649128.45
20110316,0,31.9275,32.127,30.6827,30.7397,3902115.396
20110317,0,31.2908,31.7279,30.9107,31.3098,2209272.516
20110318,0,31.7374,31.7469,31.3383,31.5379,2164616.326
20110321,0,31.8895,32.2696,31.7089,32.07,3097407.547
20110322,0,32.184,32.7352,31.9655,32.4786,2438016.531
20110323,0,32.3171,32.7352,32.013,32.4691,2856867.916
20110324,0,32.4406,33.1153,31.9655,32.9442,2735249.55
20110325,0,32.9727,33.0963,32.4026,32.4596,1447536.284
20110328,0,32.5356,32.8682,32.2411,32.5736,1494204.006
20110329,0,32.4691,32.9252,32.013,32.9062,1905717.385
20110330,0,32.8777,32.9727,32.2316,32.9062,2827643.702
20110331,0,32.8302,33.1628,32.8302,33.1058,1677213.283
20110401,0,33.2293,33.4763,33.1628,33.2388,1806117.275
20110404,0,33.1058,33.4668,33.0678,33.1153,1612244.164
20110405,0,33.0963,33.1153,32.4786,32.5451,2524246.39
20110406,0,32.8397,32.8397,31.861,31.8895,2938013.144
20110407,0,32.0415,32.5926,32.0035,32.184,2027846.586
20110408,0,32.3931,32.3931,31.975,32.2126,1612160.99
20110411,0,32.0985,32.2601,31.804,31.9845,2425775.706
20110412,0,31.8895,32.089,31.4714,32.0225,2193847.725
20110413,0,32.2981,33.2198,32.127,33.1628,3983565.366
20110414,0,32.8682,33.5809,32.7067,33.5429,4183805.578
20110415,0,33.5524,33.8849,33.5144,33.8564,2537059.864
20110418,0,33.5049,33.5144,33.0202,33.4383,1983253.693
20110419,0,33.5144,33.5619,33.2578,33.3718,2914926.901
20110420,0,33.8754,34.1415,33.5049,33.8944,4082917
20110421,0,33.0107,33.3528,32.7827,33.2673,4937358
20110425,0,33.3338,33.5809,33.0868,33.1438,4390080.95
20110426,0,33.2198,33.5429,32.9537,33.2673,4657469.582
20110427,0,33.2293,33.7804,33.2008,33.7424,4224532.816
20110428,0,33.7329,34.094,33.5714,33.5999,5169573.078
20110429,0,33.6569,34.208,33.5619,34.056,3031661.651
20110502,0,34.0845,34.4741,33.961,34.3601,2936168.85
20110503,0,34.3791,34.5216,33.9039,34.227,2613103.44
20110504,0,34.075,34.17,33.3813,33.8184,2834018.161
20110505,0,33.7329,34.9207,33.7329,34.4551,3017681.297
20110506,0,34.7592,35.4813,34.7211,35.1772,3066535.883
20110509,0,35.1963,35.4053,34.9207,35.3008,1829335.035
20110510,0,35.4053,36.1655,35.4053,36.0229,2336076.399
20110511,0,35.9469,36.1085,35.5858,35.7094,2058251.047
20110512,0,35.5573,35.8709,35.3198,35.8234,1953915.135
20110513,0,35.7379,35.7854,34.8067,34.8732,2644030.001
20110516,0,34.7496,35.3198,34.4646,34.7687,3572214.972
20110517,0,34.6831,34.7592,33.9325,34.208,1724597.358
20110518,0,34.151,34.5406,33.999,34.4076,2126823.033
20110519,0,34.6261,34.9112,34.4646,34.8637,1225591.429
20110520,0,34.6926,35.4433,34.5406,35.2533,2001147.482
20110523,0,34.6166,34.6926,34.2555,34.5501,1655488.56
20110524,0,34.5881,34.7592,33.999,33.999,2154044.072
20110525,0,33.8279,33.98,33.4763,33.8374,2073933.797
20110526,0,33.8279,34.4551,33.4573,34.2555,2518117.564
20110527,0,34.5325,35.0195,34.3128,34.924,1420770.315
20110531,0,35.0482,35.2105,34.8476,35.0768,1661663.28
20110601,0,34.9622,35.3347,34.5038,35.0195,2886307.408
20110602,0,34.9431,35.3729,34.5325,34.8572,2265818.004
20110603,0,34.4274,34.6375,33.969,34.4847,2057010.855
20110606,0,34.3988,34.8381,34.3606,34.7044,1685246.7
20110607,0,34.7521,35.2201,34.2842,34.2842,2829925.537
20110608,0,34.16,34.2651,33.4533,33.5966,2770170.983
20110609,0,33.5966,34.0168,33.2719,33.8926,1945024.855
20110610,0,33.8449,33.8449,33.1382,33.4342,1030443.034
20110613,0,33.4247,33.8735,33.3292,33.6539,1305570.202
20110614,0,33.969,34.0168,33.7685,33.8831,1143952.978
20110615,0,33.5488,33.5679,32.7084,32.9758,1724026.573
20110616,0,32.909,32.909,31.7726,32.3742,3201740.117
20110617,0,32.6034,32.632,31.9254,32.336,2146778.244
20110620,0,32.1832,32.7848,32.0209,32.7275,1368192.629
20110621,0,32.6798,33.6252,32.6798,33.3578,2133180.923
20110622,0,33.2719,33.5679,33.1573,33.3674,2103550.379
20110623,0,32.8326,33.0713,32.5461,32.9472,2679091.425
20110624,0,32.9663,33.1191,32.6034,33.0904,1256310.242
20110627,0,33.0522,33.3483,32.8612,33.0522,1496384.622
20110628,0,33.1573,33.864,33.014,33.8449,1636705.323
20110629,0,34.0072,34.6566,33.969,34.5802,2059825.346
20110630,0,34.6757,35.4588,34.5898,35.1341,1652094.567
20110701,0,35.0768,36.4711,34.8763,36.2037,3687916.968
20110705,0,36.156,36.4616,36.0509,36.2992,1579940.191
20110706,0,36.1846,36.7194,36.0987,36.2324,2684904.381
20110707,0,36.7003,36.7863,36.4138,36.5189,2131353.143
20110708,0,36.2515,36.2515,35.9077,36.0414,1432192.402
20110711,0,35.5448,35.965,34.9909,35.0291,1209906.604
20110712,0,34.9049,34.9049,34.0454,34.3319,2412216.221
20110713,0,34.4465,34.8954,34.3128,34.3606,1619019.441
20110714,0,34.4465,34.7617,33.6443,33.6634,2038305.462
20110715,0,33.9881,33.9881,33.1668,33.5679,1915601.125
20110718,0,33.3196,33.3674,32.4888,32.9281,1813152.054
20110719,0,33.205,33.9595,33.205,33.7494,2183975
20110720,0,35.7167,36.6717,34.1505,34.5038,4006900
20110721,0,34.8476,35.0864,34.4179,34.5802,2961874.765
20110722,0,34.5516,34.9718,34.2555,34.7712,2026246.169
20110725,0,34.3797,35.1341,34.2651,34.6471,2188845.703
20110726,0,34.5134,35.0482,34.3797,34.6853,2463849.886
20110727,0,34.4656,34.6184,33.6252,33.8067,3759168.867
20110728,0,33.8067,34.1123,33.0904,33.1286,2279053.703
20110729,0,32.5747,33.1764,32.4315,32.8994,3400646.163
20110801,0,33.3292,33.3674,31.8585,32.0877,4085052.702
20110802,0,31.8872,31.9254,31.2569,31.4001,4258819.495
20110803,0,31.3715,31.4288,30.7316,31.1327,4399851.947
20110804,0,30.808,30.8462,29.4519,29.5188,4574196.59
20110805,0,29.8148,29.8626,28.0672,29.1272,5337465.175
20110808,0,28.1245,28.3919,26.1954,26.778,4574218.513
20110809,0,27.0549,27.9335,26.4724,27.6756,4416037.709
20110810,0,26.8925,28.0385,26.8448,27.1217,4127043.526
20110811,0,27.2936,29.2227,27.1122,28.9267,2549601.479
20110812,0,29.0508,29.5665,28.9267,29.2896,2070803.328
20110815,0,29.5379,30.2159,29.5379,30.0822,2233146.496
20110816,0,29.8817,30.1491,29.4997,29.557,2120980.935
20110817,0,29.7098,29.8817,29.1368,29.4137,1489359.406
20110818,0,28.6975,28.6975,27.074,27.2745,2616750.183
20110819,0,26.9594,27.6756,26.8257,26.8257,2286079.825
20110822,0,27.5324,27.6565,26.6347,26.7206,2852335.6512
20110823,0,27.074,27.752,26.6538,27.7043,4221388.09100001
20110824,0,27.5515,28.325,27.3509,28.2486,2676337.013
20110825,0,28.4014,28.7548,27.6088,27.6374,3291401.64
20110826,0,27.3891,28.4014,26.988,28.3059,2706262.458
20110829,0,28.516,29.7002,28.516,29.7002,2283449.727
20110830,0,29.6908,30.1999,29.2106,29.9214,2713483.984
20110831,0,30.1903,30.3824,29.345,29.3642,3258273.159
20110901,0,29.5467,29.8829,29.2778,29.3738,3041339.986
20110902,0,28.8167,29.0377,27.9906,28.1635,1851059.69
20110906,0,27.4816,27.6929,26.7996,27.6737,2169537.944
20110907,0,28.2788,28.6822,28.0195,28.4517,1747488.324
20110908,0,28.1347,28.6438,28.0195,28.1059,1096706.096
20110909,0,27.6833,27.7025,26.8764,27.0013,2909847.241
20110912,0,26.6074,27.2126,26.3673,26.7996,3272793.14
20110913,0,26.9917,27.8658,26.8092,27.7601,2630584.206
20110914,0,27.9042,28.6822,27.4239,28.3461,1732465.425
20110915,0,28.8071,29.0857,28.567,28.6822,1109112.951
20110916,0,28.8936,28.9128,28.2308,28.3076,931600.747000001
20110919,0,27.7505,28.298,27.4047,28.0963,1112519.258
20110920,0,28.2212,28.4229,27.3471,27.3855,1645107.055
20110921,0,27.299,27.9426,27.0781,27.0973,3030647.35
20110922,0,26.0023,26.8572,25.6181,26.8476,5478238.21
20110923,0,26.5402,26.9244,26.3961,26.7996,1735323.126
20110926,0,26.9917,27.2606,26.0983,27.2222,1431756.853
20110927,0,27.8754,28.1924,27.4431,27.6545,3184105.357
20110928,0,27.7601,28.4709,27.6641,27.8177,4490000.179
20110929,0,28.3364,28.6822,27.3183,27.9042,2099575.692
20110930,0,27.4335,27.6545,26.9917,27.0685,2856898.958
20111003,0,26.7515,27.3183,26.1272,26.1752,1878929.52
20111004,0,25.9543,27.1261,25.5316,27.1069,2554698.516
20111005,0,27.2222,27.8946,26.8284,27.7697,1677431.171
20111006,0,27.8081,28.7111,27.6737,28.7015,1150546.403
20111007,0,28.7783,29.1625,28.1443,28.3268,1310715.714
20111010,0,28.9224,29.5756,28.9224,29.4699,1264757.971
20111011,0,29.1721,29.662,29.028,29.4891,1794877.312
20111012,0,31.9866,32.342,31.4198,31.5927,15744442.29
20111013,0,31.6216,32.5533,31.5159,32.4572,11624341.31
20111014,0,32.8511,33.0432,32.3132,32.659,21683432.29
20111017,0,32.8319,33.1296,32.5245,32.5629,9251294.301
20111018,0,32.7646,33.389,32.4861,33.12,7689646.912
20111019,0,32.6494,32.6686,31.66,31.9866,11096948.657
20111020,0,32.0154,32.1691,31.3142,31.8233,4010157.616
20111021,0,32.2459,32.8319,32.1018,32.5437,3776556.206
20111024,0,32.7166,33.6291,32.4957,33.5139,2749079.161
20111025,0,33.2641,33.2641,32.5629,32.5917,2804568.087
20111026,0,32.9951,33.5907,32.3612,33.3313,2904060.142
20111027,0,34.2727,35.7327,34.2535,35.214,5112561.803
20111028,0,35.214,35.6751,34.753,34.9163,4154728.852
20111031,0,34.3591,34.753,34.119,34.2631,2449814.89
20111101,0,33.1488,33.9557,32.7262,33.2641,2750677.34
20111102,0,33.8308,34.3591,33.7732,34.0902,3504236
20111103,0,34.0902,34.4648,33.1873,34.3495,5844075
20111104,0,33.9749,34.1478,33.3794,33.6579,3193858.427
20111107,0,33.6003,34.0518,33.0336,33.7732,2680086.163
20111108,0,34.0998,34.436,33.5811,34.3687,2584983.352
20111109,0,33.3794,33.3794,32.3708,32.6013,3535488.223
20111110,0,32.7934,33.0432,32.3516,32.5053,2339961.587
20111111,0,33.0528,33.4466,32.9567,33.2929,1481074.294
20111114,0,32.9759,33.4178,32.9759,33.1392,2250322.11
20111115,0,32.8223,33.4466,32.803,33.3025,2218166.997
20111116,0,33.0432,33.6003,32.6397,32.9087,2427143.521
20111117,0,32.7646,32.8607,31.8329,32.073,1897394.813
20111118,0,32.2747,32.4284,31.5735,31.6023,2819741.998
20111121,0,31.0644,31.1413,30.5361,30.8723,2436565.204
20111122,0,30.709,30.8723,29.9982,30.0943,2777180.32
20111123,0,29.7293,29.8157,29.1529,29.1721,2462988.19
20111125,0,29.0088,29.7389,28.9128,28.9224,1492611.42
20111128,0,29.7389,29.9598,29.3546,29.6236,2880812.643
20111129,0,29.7876,30.2417,29.633,30.0292,1931008.393
20111130,0,29.9809,30.7345,29.8842,30.6475,5906167.25500001
20111201,0,30.4156,30.7345,30.1161,30.1934,3272646.131
20111202,0,30.0968,31.2852,29.9229,30.3867,3196123.202
20111205,0,31.5654,31.5654,30.7152,30.947,2166480.812
20111206,0,31.2369,31.749,30.8214,31.6234,2582317.513
20111207,0,31.3528,32.1065,31.3335,31.9809,3152985.754
20111208,0,31.6427,31.9422,30.9857,31.0533,2717990.945
20111209,0,31.092,32.0195,30.8021,31.9519,3733558.567
20111212,0,31.4012,31.4012,30.5606,30.8987,2238203.612
20111213,0,31.1306,31.2272,30.0582,30.0871,3032908.025
20111214,0,29.8166,30.1934,29.2176,29.3238,3029168.978
20111215,0,29.6717,29.6717,29.1403,29.2079,2532870.82
20111216,0,29.5171,29.9615,29.1499,29.4398,3292296.214
20111219,0,29.6234,29.6524,28.6862,28.7635,2127451.294
20111220,0,29.3335,30.1548,29.2755,30.0485,1840300.562
20111221,0,30.0388,30.0388,29.2272,29.5461,1933133.217
20111222,0,29.691,30.2611,29.604,30.1258,1825449.879
20111223,0,30.3094,30.3383,30.1065,30.2224,1770992.052
20111227,0,30.1065,30.3867,30.0388,30.0968,1681155.727
20111228,0,30.0485,30.0871,29.4301,29.4688,1270756.823
20111229,0,29.6234,30.1065,29.4688,30.0871,1291033.834
20111230,0,29.9615,30.1065,29.7586,29.7683,994790.241999999
20120103,0,30.5606,30.7248,30.2804,30.4253,2314005.283
20120104,0,30.2127,30.7248,30.1451,30.5316,1826407.165
20120105,0,30.2321,30.8891,30.2031,30.8408,2067402.853
20120106,0,30.8021,31.2659,30.435,31.2369,2162895.768
20120109,0,31.1693,31.8553,31.0533,31.691,1975697.529
20120110,0,31.9229,33.0437,31.9132,32.9857,2440981.122
20120111,0,32.8504,33.2562,32.7538,33.1113,1602174.296
20120112,0,33.2659,33.6524,33.0533,33.5268,1807545.272
20120113,0,33.1789,33.5461,33.0533,33.2852,1825436.064
20120117,0,33.5944,33.9905,33.5944,33.662,1383709.022
20120118,0,33.9616,35.4012,33.9132,34.7345,3641447.07400001
20120119,0,34.8505,35.72,34.6862,35.4108,2259185.31
20120120,0,35.4012,35.4012,34.3867,34.7828,2515169.539
20120123,0,34.7828,35.1596,34.5703,34.6862,1276605.677
20120124,0,34.377,35.1306,34.377,34.4736,2283158
20120125,0,31.1886,33.6717,28.3963,33.5268,10602661
20120126,0,33.1693,33.7587,33.1306,33.3818,2078362.783
20120127,0,33.1886,33.5268,32.9084,33.1983,1692256.218
20120130,0,32.6862,32.8794,32.5413,32.6959,3085103.999
20120131,0,32.8311,33.092,32.5606,32.976,2972814.603
20120201,0,33.3529,33.72,33.0727,33.5171,1557046.537
20120202,0,33.5074,33.5074,33.2369,33.3915,1488924.276
20120203,0,33.7393,34.2417,33.7393,34.0775,1390809.159
20120206,0,33.7587,33.9905,33.749,33.9422,1429470.28
20120207,0,33.778,34.1451,33.5268,34.0872,1741127.652
20120208,0,34.0389,34.2031,33.8939,34.1065,1340906.756
20120209,0,34.1548,34.3674,33.9905,34.3577,1215994.525
20120210,0,33.9519,34.0872,33.8166,33.8649,1621553.553
20120213,0,34.1741,34.2997,33.8166,34.0485,947257.194999999
20120214,0,33.8553,33.9616,33.4302,33.6717,1621642.711
20120215,0,33.8553,34.0775,33.4398,33.5171,1525626.182
20120216,0,33.6137,34.348,33.3722,34.2901,1392173.835
20120217,0,34.5219,34.8891,34.5219,34.8118,2688904.288
20120221,0,34.8311,35.0244,34.6669,34.8118,1400477.635
20120222,0,34.0195,34.8505,34.0099,34.4447,1630364.731
20120223,0,34.377,34.6186,34.2321,34.4543,1396590.206
20120224,0,34.5992,35.0244,34.2514,34.7732,1491372.233
20120227,0,34.435,35.0533,34.1741,34.9181,1719308.319
20120228,0,34.9862,35.2096,34.8406,35.0639,1226513.706
20120229,0,35.2581,35.9573,35.0834,35.53,2121455.462
20120301,0,35.5203,36.5982,35.4621,36.1029,3049774.46
20120302,0,36.0738,36.3554,35.4135,35.5883,1433729.808
20120305,0,35.5009,35.5786,34.7435,34.7532,2337411.277
20120306,0,34.3842,34.4522,33.4811,33.7919,2475841.759
20120307,0,33.9278,34.1997,33.8793,33.9667,1518412.855
20120308,0,34.3454,34.559,34.1026,34.4716,2081068.956
20120309,0,34.6852,35.1805,34.5881,35.0057,1829220.316
20120312,0,35.0445,35.1513,34.8503,34.8989,730834.466000001
20120313,0,35.0639,35.2873,34.8891,35.2678,1568232.846
20120314,0,35.3358,35.3358,34.4425,34.8212,1890434.013
20120315,0,34.9765,35.8019,34.8406,35.7534,1171521.961
20120316,0,35.967,36.3554,35.9281,36.1321,2004624.333
20120319,0,35.967,36.4137,35.9087,36.2,1295967.215
20120320,0,35.9961,35.9961,35.3455,35.5592,1467860.673
20120321,0,35.666,35.7631,35.4329,35.666,779204.801
20120322,0,35.4718,35.5494,35.2873,35.4426,1692660.225
20120323,0,35.598,35.598,35.2193,35.3261,1296222.325
20120326,0,35.5592,36.0252,35.3941,36.0155,1531146.779
20120327,0,36.1418,36.2874,35.7437,35.7922,1264601.272
20120328,0,35.7728,35.9087,35.0348,35.1222,1256871.269
20120329,0,34.8989,35.1902,34.7241,35.1513,1076264.382
20120330,0,36.2195,36.4525,35.4038,35.7145,2046666.667
20120402,0,35.6757,36.1224,35.3261,35.9476,1978994.468
20120403,0,35.8116,35.9864,35.1125,35.3358,1757478.522
20120404,0,34.9377,35.0154,34.3551,34.4813,2062557.088
20120405,0,34.1317,34.5493,34.122,34.2094,1576621.252
20120409,0,33.6656,33.8793,33.384,33.821,1919419.783
20120410,0,33.821,33.9958,33.384,33.4229,2865045.772
20120411,0,33.7627,33.8307,33.4811,33.5491,1699483.387
20120412,0,33.6074,34.2968,33.5006,34.2483,2060896.736
20120413,0,34.0638,34.2288,33.753,33.7627,1372354.58
20120416,0,34.0055,34.3939,33.6462,34.1317,1553658.97
20120417,0,34.4425,34.792,34.258,34.6367,1787110.757
20120418,0,34.3551,34.3842,34.0152,34.2094,1324059.67
20120419,0,34.1026,34.5104,33.753,34.0346,1687868.845
20120420,0,34.1123,34.258,33.957,34.0055,2076952.75
20120423,0,33.7142,33.8113,33.52,33.6754,1715609.545
20120424,0,33.753,34.0055,33.3646,33.4909,1978967
20120425,0,32.9374,34.996,32.9082,34.9668,2514466
20120426,0,34.928,35.9281,34.8309,35.6563,3047573.597
20120427,0,35.8893,35.9281,35.2387,35.5786,2346703.697
20120430,0,35.3552,35.7339,35.3067,35.4038,1000361.467
20120501,0,35.2873,35.8602,35.2484,35.297,1448560.782
20120502,0,35.1222,35.2096,35.0057,35.1707,1209924.317
20120503,0,35.161,35.161,34.3939,34.4425,1095566.566
20120504,0,34.2677,34.2677,33.4229,33.4326,1761618.798
20120507,0,33.3258,33.4909,32.9568,33.0151,1229466.41
20120508,0,32.8888,33.0248,32.3742,32.9665,1453641.553
20120509,0,32.5392,33.0248,32.3936,32.8694,1574944.649
20120510,0,33.0636,33.0636,32.345,32.4227,1318951.466
20120511,0,32.2479,32.8111,32.2091,32.3159,1229702.149
20120514,0,31.8692,32.0732,31.7236,31.7624,1737144.602
20120515,0,31.7624,31.8401,31.4517,31.5779,2018794.414
20120516,0,32.1314,32.2188,31.3934,31.4129,2407813.339
20120517,0,31.4614,31.51,30.3544,30.3836,2567908.01
20120518,0,30.3544,30.4418,29.7233,29.7427,2996253.821
20120521,0,29.8204,30.7623,29.7815,30.6943,1695743.042
20120522,0,30.8108,31.0342,30.403,30.6263,1684841.102
20120523,0,30.3836,30.7526,29.9272,30.6749,1623868.408
20120524,0,30.7137,30.7526,30.0243,30.2573,1113579.234
20120525,0,30.3641,30.8497,30.2573,30.6652,1082540.062
20120529,0,31.005,31.5585,30.9079,31.4711,1451272.125
20120530,0,31.2364,31.2755,30.8455,31.1778,1977929.563
20120531,0,31.0703,31.1778,30.4154,30.7282,1917727.573
20120601,0,30.1027,30.1711,29.7117,29.8095,2845935.948
20120604,0,29.8095,30.0929,29.4967,29.8779,1513437.334
20120605,0,29.6922,30.6011,29.6531,30.4936,1552323.774
20120606,0,30.7086,31.5394,30.7086,31.4905,1640449.815
20120607,0,32.0476,32.0867,31.2266,31.3537,1314433.729
20120608,0,31.1582,31.7642,31.0507,31.7153,1303338.274
20120611,0,32.116,32.1649,30.6402,30.6402,1483021.433
20120612,0,30.8357,31.6176,30.7673,31.5883,1198023.523
20120613,0,31.4221,31.7153,31.2071,31.3244,941669.956
20120614,0,31.2755,31.598,31.0312,31.383,1721535.656
20120615,0,31.6567,31.8326,31.5687,31.8033,1412100.933
20120618,0,31.5492,31.8521,31.2169,31.8228,1402417.213
20120619,0,31.9987,32.5852,31.8912,32.4288,1003739.29
20120620,0,32.4386,32.5461,31.6274,31.8912,1495608.576
20120621,0,31.9987,32.1747,30.8943,30.9432,1713359.884
20120622,0,31.1387,31.686,31.0116,31.598,1860477.551
20120625,0,31.1582,31.168,30.5229,30.6891,1208426.369
20120626,0,30.6891,30.8064,30.2493,30.4154,1218852.679
20120627,0,30.4154,30.4447,29.7801,29.9658,2492011.181
20120628,0,29.7899,30.3177,29.614,30.3079,2759880.333
20120629,0,30.9334,31.3635,30.6598,31.1289,1578652
20120702,0,31.3439,31.4123,30.7477,31.0409,891909.234999999
20120703,0,30.953,31.8815,28.187,28.187,442555.638
20120705,0,31.3439,31.9206,31.3146,31.6958,803692.989
20120706,0,31.4123,31.4123,30.4545,30.7086,789419.944
20120709,0,30.5425,30.7086,30.1711,30.5229,1191307.751
20120710,0,30.4936,30.8552,29.8095,29.9756,1405809.503
20120711,0,29.9365,30.3079,29.7215,30.1613,1695718.948
20120712,0,29.7997,30.3763,29.7508,30.1515,2093245.003
20120713,0,30.1906,30.9432,30.1613,30.8846,888765.386
20120716,0,30.6891,30.8259,30.3372,30.5718,798005.257
20120717,0,30.6793,31.1582,30.2688,30.4057,2034507.576
20120718,0,30.3666,31.8619,30.3666,31.7446,2339414.991
20120719,0,31.9597,32.3311,31.7349,31.774,1730608.934
20120720,0,31.5394,31.598,31.0605,31.0605,1312888.963
20120723,0,30.5425,31.1387,30.1124,30.9823,1466318.161
20120724,0,30.9432,30.9432,30.4252,30.6304,1432609
20120725,0,30.4447,30.8748,30.132,30.6207,1286543
20120726,0,31.256,31.8326,31.256,31.7544,1574094.182
20120727,0,31.9108,32.6731,31.7837,32.2724,2327588.624
20120730,0,32.2333,32.9468,32.1747,32.7024,2060352.441
20120731,0,32.6731,33.1618,32.2138,32.2431,2251540.12
20120801,0,32.4288,32.5265,31.9499,32.3017,2659226.299
20120802,0,31.9597,32.1258,31.1094,31.256,1603466.335
20120803,0,31.901,32.3506,31.2657,32.2138,2896101.223
20120806,0,32.3995,33.0641,32.3604,32.9468,912271.367999999
20120807,0,33.0934,33.7384,33.0445,33.6505,1020474.244
20120808,0,33.4746,34.0903,33.4648,34.0317,1488685.934
20120809,0,33.9241,34.3444,33.9241,34.1098,1013211.71
20120810,0,34.0317,34.4715,33.8264,34.4421,1591786.008
20120813,0,34.3151,34.4519,34.0512,34.3542,821545.301999999
20120814,0,34.4421,34.5008,34.0512,34.1489,1033906.247
20120815,0,34.1001,34.4519,34.061,34.3444,869283.904
20120816,0,34.3346,34.9406,34.3053,34.8233,992034.325
20120817,0,34.9211,34.9601,34.7451,34.8917,964190.836
20120820,0,34.7451,34.9406,34.4324,34.9406,1262201.206
20120821,0,34.9895,35.3706,34.9699,35.009,1116598.624
20120822,0,34.9308,34.9699,34.1001,34.2858,1545782.451
20120823,0,34.1978,34.491,34.0219,34.3835,1331039.531
20120824,0,34.276,34.3542,34.061,34.2564,1520571.389
20120827,0,34.2467,34.5985,34.0121,34.3249,921910.677
20120828,0,34.1783,34.4519,34.1392,34.2174,1013613.938
20120829,0,34.4041,34.4631,34.0207,34.2271,979660.301000001
20120830,0,34.0108,34.3943,33.9027,34.2271,1258731.487
20120831,0,34.4828,34.6598,34.0698,34.6401,860863.161
20120904,0,34.6598,34.7286,34.0207,34.3943,1197710.545
20120905,0,34.3943,34.414,33.7945,33.8928,1563163.739
20120906,0,34.1878,35.0924,34.178,34.9842,1709753.959
20120907,0,34.9744,35.5742,34.8859,35.4955,1067099.553
20120910,0,35.5152,35.6627,35.0629,35.3874,1078477.078
20120911,0,35.4169,35.8004,35.2989,35.7414,1189955.554
20120912,0,35.8102,35.8888,35.4169,35.6725,1013168.699
20120913,0,35.5939,36.2625,35.3972,36.115,1280529.274
20120914,0,36.3313,36.8623,36.1347,36.4296,1049821.31
20120917,0,36.469,36.6165,36.1838,36.3706,874713.212
20120918,0,36.4001,36.5181,36.1445,36.2526,1190486.777
20120919,0,36.233,36.3116,35.8987,35.9773,948151.642000002
20120920,0,35.8004,35.8102,35.2399,35.4857,1246810.379
20120921,0,35.7807,35.8298,34.9449,35.1121,1912606.694
20120924,0,34.7483,34.9253,34.355,34.6598,1308507.496
20120925,0,34.8466,34.8466,33.7257,33.7453,1705216.196
20120926,0,33.6175,33.7257,32.7719,33.293,2917517.173
20120927,0,33.4504,33.9715,33.4012,33.8633,1144412.214
20120928,0,33.647,33.6863,33.3029,33.4799,1175296.179
20121001,0,33.6077,33.7453,33.3619,33.4307,1620550.585
20121002,0,33.5192,33.6175,33.2832,33.5979,870665.518
20121003,0,33.7158,33.7355,33.3422,33.47,1171922.774
20121004,0,33.6667,33.765,33.2341,33.5192,851991.677
20121005,0,33.6667,34.0502,33.5192,33.6175,1083656.496
20121008,0,33.4209,33.5585,33.2537,33.5094,734620.603
20121009,0,33.4307,33.529,32.8801,32.8801,1659087.445
20121010,0,32.9096,32.9096,32.3885,32.4376,1127074.633
20121011,0,32.7424,32.9096,32.5851,32.6638,825388.248000001
20121012,0,32.6048,32.8113,32.182,32.2115,1095532.404
20121015,0,32.3098,32.4081,31.946,32.241,1219252.093
20121016,0,32.3786,33.4307,32.3786,33.3815,2127879.215
20121017,0,33.5192,33.824,33.3127,33.4504,1005439.121
20121018,0,33.4504,33.4799,33.0866,33.1456,1130038.313
20121019,0,33.0177,33.2144,32.3885,32.4278,1678497.889
20121022,0,32.3295,32.7621,32.2606,32.5359,1317234.898
20121023,0,32.0541,32.1328,31.533,31.7002,2186213.185
20121024,0,31.769,31.8968,31.4347,31.5035,1723265.125
20121025,0,31.8083,32.0738,31.5035,31.5625,1388147.101
20121026,0,31.4052,31.7493,31.3364,31.6805,1896076.591
20121031,0,31.7395,32.1033,31.5134,31.6608,1503871.788
20121101,0,31.828,32.2508,31.6412,32.0345,2878261.425
20121102,0,32.3885,32.6048,31.769,31.828,1879429
20121105,0,31.4544,32.9784,31.2085,32.8604,2429007
20121106,0,32.9587,34.3156,32.8408,33.883,2405349.807
20121107,0,33.5192,33.6077,32.9489,33.2734,2209601.537
20121108,0,33.2635,33.706,33.1652,33.1849,1951509.97
20121109,0,33.0374,33.765,33.0374,33.4995,1879589.907
20121112,0,33.5192,33.7453,33.3029,33.5094,1221442.871
20121113,0,33.1751,34.1091,33.1161,33.7158,2018168.23
20121114,0,33.8535,34.06,32.8506,32.9292,1874116.488
20121115,0,33.0177,33.5389,32.9391,33.3914,1906732.48
20121116,0,33.2832,33.8043,33.2537,33.5389,3535373.441
20121119,0,33.1259,34.1485,32.7523,34.0895,2499004.424
20121120,0,34.0108,34.178,33.6667,33.9125,1428298.469
20121121,0,33.9715,34.473,33.8633,34.2173,1331408.078
20121123,0,34.355,34.9056,33.9617,34.6991,703961.032
20121126,0,34.5713,34.5713,33.8928,34.4631,1204699.61
20121127,0,34.3058,34.5418,34.0502,34.0895,799105.981
20121128,0,33.9509,34.6038,33.7431,34.5939,852978.845
20121129,0,34.7522,35.2468,34.7027,34.9995,1461210.214
20121130,0,34.9797,35.0588,34.7126,34.8808,1080231.936
20121203,0,35.0292,35.1479,34.6236,34.7225,1189205.9
20121204,0,34.7225,35.3061,34.6038,35.227,1268609.034
20121205,0,35.1874,35.3853,34.7917,35.1083,1153084.671
20121206,0,35.1083,35.316,34.7917,35.2567,1265255.079
20121207,0,35.4347,35.6029,35.2468,35.5139,883094.913999999
20121210,0,35.4644,35.6821,35.2567,35.5337,1210330.35
20121211,0,35.7315,36.058,35.6128,35.9393,1219441.34
20121212,0,36.1074,36.4537,35.6326,36.0283,1772366.948
20121213,0,35.959,36.6021,35.7216,35.87,1456505.879
20121214,0,35.7711,35.9788,35.6128,35.7018,1258005.11
20121217,0,35.8305,36.3646,35.7513,36.3547,1369537.461
20121218,0,36.424,37.1956,36.4141,37.156,2101122.796
20121219,0,37.1363,37.3242,36.8889,36.8889,1335337.596
20121220,0,36.9978,37.5913,36.7505,37.5221,1697902.095
20121221,0,37.2253,37.3341,36.6515,37.0472,2041326.391
20121224,0,36.879,37.0472,36.6614,36.7999,553757.742999999
20121226,0,36.8692,37.0175,36.4932,36.4932,1276282.572
20121227,0,36.5724,36.6812,35.9294,36.5427,1405951.287
20121228,0,36.2064,36.4141,35.9195,36.0085,730138.715999998
20121231,0,35.8799,36.7702,35.7414,36.6416,1350637.244
20130102,0,37.4331,37.6507,37.344,37.5814,1537987.112
20130103,0,37.6803,37.7892,37.3044,37.344,1151582.442
20130104,0,37.4429,37.5121,37.1066,37.2055,1553274.617
20130107,0,36.978,37.1165,36.6713,36.879,1368754.084
20130108,0,36.7109,36.8395,36.2954,36.4437,971554.195999999
20130109,0,36.5921,36.8098,36.5526,36.701,1328057.785
20130110,0,37.0076,37.0076,36.5823,36.7702,941368.462999999
20130111,0,36.8988,37.6309,36.8395,37.4726,1201061.929
20130114,0,37.344,37.5121,37.1758,37.3737,1025148.466
20130115,0,37.1264,37.621,37.0769,37.6111,1190222.146
20130116,0,37.3737,37.6309,37.3143,37.5814,1729859.119
20130117,0,37.6902,38.264,37.4825,38.1453,1562183.557
20130118,0,38.0909,38.3233,38.0166,38.2541,1663367.915
20130122,0,38.2689,38.6498,38.1947,38.6201,2019627
20130123,0,38.076,39.4412,37.7694,38.9762,3877177
20130124,0,38.8278,39.4215,38.719,38.8972,1845654.273
20130125,0,39.0257,39.3323,38.8674,39.0257,1646840.009
20130128,0,38.6993,39.2335,38.3135,38.7487,2018441.561
20130129,0,38.63,38.7487,38.353,38.5311,1367737.479
20130130,0,38.5608,38.7487,38.4519,38.5163,1412166.827
20130131,0,38.4717,38.6597,38.353,38.5014,1237775.991
20130201,0,38.6795,39.1543,38.5806,38.9268,1608946.327
20130204,0,38.5113,39.095,38.4074,38.7289,1437949.037
20130205,0,38.9268,39.5154,38.9268,39.3126,1917683.912
20130206,0,38.996,39.6884,38.907,39.6292,1411658.506
20130207,0,39.5401,39.6885,39.1048,39.5401,1098041.605
20130208,0,39.6588,40.1732,39.639,40.0644,1003869.72
20130211,0,40.0545,40.1238,39.8369,40.01,879884.394999999
20130212,0,40.0051,40.2524,39.9358,40.0347,782873.989999999
20130213,0,40.1436,40.5491,40.104,40.4651,1263107.746
20130214,0,40.1831,40.6481,40.0248,40.6283,1581822.822
20130215,0,40.6382,40.8459,40.3117,40.5393,1293628.123
20130219,0,40.5591,41.0042,40.4997,40.846,1126897.573
20130220,0,40.7569,40.9448,40.4997,40.5293,1138290.453
20130221,0,40.3217,40.3414,39.8566,40.015,1720927.478
20130222,0,40.2425,40.8064,39.926,40.5195,1533322.355
20130225,0,40.658,40.7272,39.2928,39.3126,1748566.221
20130226,0,39.5698,39.6489,38.9169,39.3917,1988630.124
20130227,0,39.4018,39.9885,39.2328,39.8244,1456713.165
20130228,0,39.7598,40.0979,39.5808,39.9736,1396616.103
20130301,0,39.7399,40.2173,39.3421,39.9786,1090497.156
20130304,0,39.9189,40.2869,39.7598,40.2073,1025488.717
20130305,0,40.446,40.8637,40.446,40.5454,1094444.419
20130306,0,40.7642,41.3112,40.6449,41.1819,1119852.42
20130307,0,41.341,41.4802,41.1819,41.2813,1138575.688
20130308,0,41.4405,42.0173,41.2813,41.9874,1284785.923
20130311,0,41.8482,41.9676,41.6493,41.8184,1154308.323
20130312,0,41.8184,41.9874,41.4405,41.8383,1393401.289
20130313,0,41.9079,41.9775,41.6195,41.6692,1135471.471
20130314,0,41.7786,42.3653,41.7786,42.2858,1119053.003
20130315,0,42.0471,42.1863,41.3311,41.5896,1958977.315
20130318,0,41.1222,41.7587,41.0228,41.3808,719738.523
20130319,0,41.5399,41.6095,41.0327,41.4305,937359.186
20130320,0,41.7687,41.9278,41.4902,41.8582,925688.889
20130321,0,41.4703,41.7289,41.1421,41.341,1127306.069
20130322,0,41.53,41.6394,41.3112,41.52,823138.021999999
20130325,0,41.7289,42.0372,41.0526,41.341,983836.264
20130326,0,41.4604,41.6394,41.3709,41.4305,1038573.714
20130327,0,41.2416,41.5499,41.0924,41.3709,1582919.264
20130328,0,41.4604,41.7587,41.341,41.709,1164753.807
20130401,0,41.699,41.7587,41.172,41.3609,883135.503
20130402,0,41.5548,41.7189,41.0327,41.1918,1187445.631
20130403,0,41.3709,41.7587,40.993,41.1222,1330058.412
20130404,0,41.3112,41.6593,40.9432,41.162,1147531.863
20130405,0,40.6349,41.0128,40.3565,40.9034,1267157.655
20130408,0,40.8637,41.0626,40.8438,41.0128,1148395.328
20130409,0,41.1222,41.3012,40.9631,41.172,797999.561
20130410,0,40.9233,41.709,40.6648,41.5101,1846331.83
20130411,0,41.4604,41.9775,41.351,41.8283,1595508.923
20130412,0,41.6791,41.7587,41.1918,41.3907,1442906.998
20130415,0,41.2615,41.2714,40.1775,40.1874,1144172.561
20130416,0,40.4161,41.172,40.2968,41.1421,1110595.536
20130417,0,40.6747,40.7642,39.2327,39.5808,1930427.339
20130418,0,39.5708,39.6703,38.5763,38.8846,1971000.835
20130419,0,39.0139,39.2228,38.5366,39.173,1255791.858
20130422,0,39.1929,39.5112,38.8747,39.3023,1509640.134
20130423,0,39.4614,40.267,39.4614,40.257,1388241
20130424,0,40.5255,42.0272,40.5255,41.878,2076795
20130425,0,42.0869,42.962,42.0471,42.6637,1791668.062
20130426,0,42.7134,42.7134,42.0272,42.2062,1460850.604
20130429,0,42.1764,42.6736,42.1764,42.6637,1077219.456
20130430,0,42.5941,43.3797,42.256,43.3201,4079705.409
20130501,0,43.0317,43.2604,42.4449,42.4847,3718282.568
20130502,0,42.8129,43.3598,42.5841,43.2604,3652389.109
20130503,0,43.5488,44.5035,43.4295,44.1753,5930752.041
20130506,0,43.8372,44.7123,43.8372,44.6527,1832904.172
20130507,0,44.6527,44.9809,44.4339,44.5433,2499973.065
20130508,0,44.4239,44.8317,44.1952,44.6527,3166922.383
20130509,0,44.6626,44.7223,44.0958,44.235,1915407.235
20130510,0,44.2748,44.4936,44.1455,44.2549,1290528.709
20130513,0,44.2151,44.2549,44.0659,44.1455,1199441.912
20130514,0,44.056,44.6925,43.9963,44.6527,1187491.032
20130515,0,44.4836,45.1499,44.3643,45.0405,1128862.28
20130516,0,44.9908,45.4483,44.9311,45.0206,968281.621
20130517,0,45.0903,45.7665,45.0803,45.7466,1425845.084
20130520,0,45.4682,46.1842,45.4284,45.8361,1571380.705
20130521,0,45.9157,45.9555,45.5278,45.7168,1244307.247
20130522,0,45.8759,46.2041,44.9908,45.2494,1618025.541
20130523,0,44.9411,45.5875,44.8416,45.2593,1213206.756
20130524,0,45.0206,45.1798,44.5532,44.9809,747750.893000001
20130528,0,45.2892,45.6024,45.1002,45.145,1473966.598
20130529,0,44.84,45.11,44.6,44.63,1711056
20130530,0,44.73,45.61,44.71,45.21,1290476
20130531,0,45.02,45.52,44.47,44.51,1447465
20130603,0,44.55,45.15,44.33,44.94,1257690
20130604,0,44.98,45.35,44.57,44.84,1240774
20130605,0,44.63,44.74,44.13,44.45,1284572
20130606,0,44.49,44.67,43.88,44.4,1139332
20130607,0,44.62,45.69,44.62,45.55,1368670
20130610,0,45.65,45.74,45.12,45.17,887696
20130611,0,44.67,45.15,44.42,44.88,1228335
20130612,0,45.23,45.35,44.62,44.73,1240064
20130613,0,44.66,45.74,44.49,45.65,652277
20130614,0,45.68,45.88,45.29,45.46,764945
20130617,0,45.69,46.35,45.6,46.14,1009691
20130618,0,46.11,46.89,46.08,46.84,919161
20130619,0,46.86,46.86,45.82,46.07,1214117
20130620,0,45.49,45.6,44.67,44.82,1340547
20130621,0,45.14,45.66,44.76,45.64,2060879
20130624,0,45.15,45.18,44.02,44.12,1748294
20130625,0,45.08,45.36,44.58,45.23,1024190
20130626,0,45.71,45.75,45.33,45.48,1204852
20130627,0,45.73,46.1,45.72,45.75,1060808
20130628,0,45.61,45.9,45.19,45.67,985460
20130701,0,45.8,46.62,45.8,46.4,1227339
20130702,0,46.22,46.52,45.93,46.21,1184807
20130703,0,45.96,46.37,45.77,46.27,959735
20130705,0,46.7,46.82,46.36,46.68,1337621
20130708,0,46.95,47.13,46.49,46.57,1401314
20130709,0,46.9,47.14,46.45,46.61,1578334
20130710,0,46.5,46.85,46.49,46.69,1585840
20130711,0,47.5,47.5,46.78,47.15,1279002
20130712,0,47.06,47.57,46.96,47.47,886668
20130715,0,47.44,47.7,47.34,47.35,1006250
20130716,0,47.39,47.42,46.97,47.19,1687191
20130717,0,47.52,48.11,47.37,47.82,1236147
20130718,0,47.74,47.99,47.38,47.8,1126474
20130719,0,47.76,47.82,47.58,47.76,1738780
20130722,0,47.86,48.12,47.82,48.11,986002
20130723,0,48.17,48.17,47.83,47.94,1703586
20130724,0,48.29,50.9,48.29,50.76,4856702
20130725,0,50.76,51.36,50.52,50.67,2464169
20130726,0,50.54,50.86,50.32,50.53,1428708
20130729,0,50.23,50.71,50.23,50.34,1384403
20130730,0,50.5,50.71,50.37,50.44,1174830
20130731,0,50.58,51.46,50.36,51.06,1491185
20130801,0,51.47,51.61,51.19,51.54,1139626
20130802,0,51.36,51.64,51.28,51.53,1352417
20130805,0,51.45,51.6,51.36,51.5,1139627
20130806,0,51.43,51.55,51.19,51.29,1523775
20130807,0,51.08,51.18,50.67,50.71,1704985
20130808,0,50.96,51.12,50.65,50.66,2013327
20130809,0,50.64,50.75,50.43,50.63,1274103
