20060925,0,16.0225,16.8053,15.958,16.5658,2855352.441
20061002,0,17.68,18.4904,17.6524,18.3338,6825647.55500001
20061003,0,18.3154,18.4443,18.076,18.4443,10462238.339
20061004,0,18.4167,18.4628,17.9563,18.1957,10255034.34
20061005,0,18.3707,18.3707,18.0023,18.0852,8892357.02200001
20061006,0,18.1405,18.2141,17.7905,18.0392,5577326.04499999
20061009,0,18.3246,18.3799,17.9655,18.1681,3762345.023
20061010,0,18.03,18.251,17.9563,18.1773,6518318.446
20061011,0,18.122,18.122,17.7537,17.7721,8145646.096
20061012,0,17.8826,17.8826,17.4498,17.5143,7339425.408
20061013,0,17.4959,17.5143,17.0999,17.4038,10965256.749
20061016,0,17.5511,17.6985,17.238,17.2657,9997552.274
20061017,0,17.0355,17.2012,16.8513,17.1183,4801508.84999999
20061018,0,17.0815,17.6064,17.0815,17.4959,6067424.01
20061019,0,17.8642,18.1865,17.68,17.9287,9273642.234
20061020,0,18.0484,18.4167,17.901,18.1128,5907826
20061023,0,18.1036,18.3062,17.6248,17.9379,5944751
20061024,0,18.4167,19.3375,18.3246,18.3707,14895165.67
20061025,0,18.472,20.4426,18.4628,20.1571,10139160.608
20061026,0,20.0005,21.2161,19.9361,20.4886,14164960.839
20061027,0,20.3505,20.5715,19.8164,20.2308,4345835.58
20061030,0,20.24,20.4426,19.7519,20.2768,5862934.677
20061031,0,20.7096,20.9766,20.0834,20.2768,4107030.538
20061101,0,20.3965,20.7925,20.2031,20.286,8196903.41900001
20061102,0,19.9637,20.3321,19.7427,20.0834,7482225.642
20061103,0,20.3321,20.5254,19.6506,19.8716,4160786.617
20061106,0,20.3044,20.6359,20.065,20.4794,5126539.274
20061107,0,20.3781,21.124,20.3781,20.7188,4752964.963
20061108,0,20.6267,21.0687,20.461,20.8017,4826376.39
20061109,0,20.8109,21.6857,20.7188,21.4094,8711651.548
20061110,0,21.4371,21.6396,20.9582,21.0411,4453996.95
20061113,0,21.3634,21.5844,21.0687,21.4186,5231335.855
20061114,0,21.6212,21.6857,21.0871,21.5936,4414033.907
20061115,0,21.7593,21.9159,21.4647,21.5107,4041763.776
20061116,0,21.6396,21.9159,21.2713,21.2989,4482232.851
20061117,0,21.1608,21.3634,20.8569,20.8661,4200099.038
20061120,0,20.8846,21.0135,20.4518,20.6728,3845745.872
20061121,0,20.8385,21.0319,20.7556,20.7833,4090850.326
20061122,0,20.6728,20.8661,20.5899,20.7833,2679197.154
20061124,0,20.7372,20.7648,20.1663,20.1663,869318.831
20061127,0,20.4149,20.5991,20.0005,20.0834,5051825.487
20061128,0,19.9453,20.7188,19.7888,19.9361,5008602.281
20061129,0,20.7188,21.9527,19.8164,20.3781,5670066.992
20061130,0,20.4333,21.124,20.3413,20.9674,5841542.653
20061201,0,20.6359,21.0411,20.6359,21.0135,4609509.777
20061204,0,21.2253,21.8698,21.0871,21.6212,5212765.264
20061205,0,21.6396,22.229,21.5291,22.2198,7878061.577
20061206,0,22.1921,22.1921,21.5015,21.6028,4565092.284
20061207,0,21.5936,22.1553,21.4923,22.0356,5081471.51
20061208,0,21.9527,22.1921,21.8606,21.9343,3536136.494
20061211,0,21.7778,21.8698,21.4002,21.7133,3494217.261
20061212,0,21.5936,21.7778,21.1332,21.4186,3209367.853
20061213,0,21.4647,21.4739,20.7277,21.0593,4682213.581
20061214,0,21.2067,21.4094,20.7738,20.9949,4896493.26199999
20061215,0,20.8198,21.262,20.8198,21.1791,4923741.50399999
20061218,0,21.1791,21.2712,20.958,21.1146,3410653.693
20061219,0,21.087,21.2159,20.783,20.8106,2295081.771
20061220,0,20.9119,20.9119,20.5711,20.5895,2724941.251
20061221,0,20.5527,20.7277,20.396,20.4697,3797854.416
20061222,0,20.4605,20.6356,20.1934,20.221,3642083.114
20061226,0,20.4513,20.4974,20.2671,20.3776,1635963.742
20061227,0,20.4237,20.783,20.3868,20.7369,2426862.18
20061228,0,20.6448,20.7277,20.4513,20.5619,1638568.62
20061229,0,20.5895,20.8014,20.5434,20.6356,1948697.448
20070103,0,21.0962,21.5015,20.654,20.9396,5601094.561
20070104,0,20.8198,21.2252,20.7277,21.0962,2910128.016
20070105,0,21.0962,21.1607,20.5434,20.5527,5402880.119
20070108,0,20.5619,20.6079,20.1013,20.1934,2977972.423
20070109,0,20.221,20.5803,20.1289,20.4974,3145466.029
20070110,0,21.0962,21.2712,20.6171,20.6724,5426436.332
20070111,0,20.783,20.9764,20.4882,20.8567,3336622.555
20070112,0,20.8659,21.1054,20.8014,20.958,4129909.87
20070116,0,21.1422,21.1883,20.4145,20.4513,6165012.282
20070117,0,20.4513,20.6356,19.9446,19.9999,5936730.462
20070118,0,20.221,20.2487,19.8433,19.8617,2700625.704
20070119,0,19.9907,19.9999,19.5669,19.7143,5189903.974
20070122,0,19.4932,19.8617,19.3551,19.4103,5082656.468
20070123,0,19.4472,20.1473,19.3643,20.0736,4941323.63
20070124,0,19.5854,20.1381,19.5854,19.7236,4542727.328
20070125,0,19.7236,19.9262,19.2998,19.4011,5251452.12
20070126,0,19.438,19.5485,19.1063,19.2629,4093870.583
20070129,0,19.2169,19.8802,19.1616,19.5301,4603407.64
20070130,0,19.6499,20.1657,19.5762,20.0091,4022048
20070131,0,19.8986,20.783,19.8525,20.5803,5153143
20070201,0,20.3592,21.7042,19.9446,21.7042,10629258.46
20070202,0,21.5384,21.695,21.0225,21.2067,5310720.737
20070205,0,21.3265,21.391,21.0501,21.0778,4345274.35799999
20070206,0,20.958,21.1791,20.6908,20.7277,3747161.254
20070207,0,20.7277,20.9304,20.5434,20.7738,4228147.894
20070208,0,20.7277,20.7277,20.3131,20.35,3576518.875
20070209,0,20.2671,20.5434,19.8525,20.0828,3296242.136
20070212,0,20.0828,20.2671,19.8709,20.2671,2217577.692
20070213,0,20.2487,20.4145,20.0828,20.2487,2906087.413
20070214,0,20.4237,20.5895,20.2579,20.5434,3622395.933
20070215,0,20.5895,20.7553,20.5895,20.7185,2996859.984
20070216,0,20.6448,20.8935,20.3776,20.3868,2895365.947
20070220,0,20.3592,20.5434,20.2671,20.396,2607163.973
20070221,0,20.4145,20.5711,20.2671,20.396,2500567.321
20070222,0,20.35,20.396,19.9446,20.0828,5220949.956
20070223,0,20.1842,20.2947,20.0368,20.1381,5752629.965
20070226,0,20.2487,20.7093,20.0368,20.5987,3695213.303
20070227,0,20.175,20.654,19.8341,19.9999,6857349.013
20070228,0,20.2487,20.2855,19.7328,19.9446,7225115.99
20070301,0,19.7604,19.8986,19.6314,19.7328,5485807.412
20070302,0,19.3643,19.6314,19.1155,19.4011,4765798.05
20070305,0,19.1892,19.7696,19.1248,19.5025,3594321.907
20070306,0,19.8065,20.175,19.5762,20.1197,3924640.569
20070307,0,20.0552,20.0828,19.6314,19.6683,3417927.709
20070308,0,19.8986,20.1197,19.6222,19.6867,3186713.7
20070309,0,19.7604,19.8157,19.2077,19.484,5498947.52299999
20070312,0,19.3643,19.917,19.1892,19.8341,4933183.839
20070313,0,19.7236,19.8065,19.4195,19.4932,3942443.253
20070314,0,19.484,19.6591,19.1524,19.613,3938318.292
20070315,0,19.5946,20.1105,19.5669,20.1013,3875793.606
20070316,0,20.175,20.2671,19.8157,19.9262,3356814.469
20070319,0,19.9539,20.2302,19.917,20.092,1984627.536
20070320,0,20.0552,20.2855,19.7236,19.7788,5280981.42099999
20070321,0,19.917,20.1842,19.6406,20.1289,4695891.309
20070322,0,20.221,20.221,19.917,19.9631,5393502.334
20070323,0,20.2487,20.6816,20.175,20.5527,5239620.60599999
20070326,0,20.5527,20.9488,20.525,20.829,3992592.57
20070327,0,20.8198,21.1791,20.7553,20.8106,3735762.818
20070328,0,20.7461,21.2344,20.6816,20.6816,4173654.776
20070329,0,20.7738,20.829,20.1473,20.479,2863669.471
20070330,0,20.5066,20.5987,19.917,20.2026,2879191.33
20070402,0,20.8382,20.8382,20.221,20.4421,3840056.21199999
20070403,0,20.6356,20.8935,20.4882,20.6908,3920081.82299999
20070404,0,20.7461,20.9027,20.7277,20.8106,4821383.794
20070405,0,20.8106,21.1883,20.8106,21.087,3905644.639
20070409,0,21.0685,21.3449,20.9949,21.1883,7255401.156
20070410,0,21.2528,21.391,21.1607,21.3265,4223307.137
20070411,0,21.1883,21.4647,21.1883,21.3265,5181162.319
20070412,0,21.3081,21.3081,20.8751,20.9949,3414787.865
20070413,0,21.8884,21.8884,20.6356,20.7277,3382533.016
20070416,0,20.7277,20.7645,20.6264,20.7553,3468257.245
20070417,0,20.8382,21.1699,20.8106,21.0685,3397085.225
20070418,0,20.9304,21.1607,20.7553,21.0501,3880473.899
20070419,0,21.1699,21.4002,20.8935,21.3081,4190372.979
20070420,0,21.6305,21.6305,21.1883,21.391,4001162.125
20070423,0,21.3726,21.4923,20.8382,21.0133,3409502.108
20070424,0,21.0501,21.1791,20.7738,21.1054,3216240.059
20070425,0,19.7051,20.175,19.2077,19.8894,23966331.75
20070426,0,20.7185,20.7185,19.6683,19.9999,6771892.476
20070427,0,19.9999,20.1289,19.7328,19.9999,6160236.019
20070430,0,19.7788,19.9354,19.3643,19.3919,8063789.69
20070501,0,19.438,19.613,19.1063,19.2445,7741692.78
20070502,0,19.2077,19.3827,19.1524,19.2814,8747158.189
20070503,0,19.3182,19.8433,19.1985,19.788,5727086.74199999
20070504,0,19.8157,19.9262,19.5485,19.8157,3537853.855
20070507,0,19.8525,20.0091,19.8157,19.9262,3174967.619
20070508,0,19.8249,19.9907,19.4748,19.6406,4386436.079
20070509,0,19.6406,19.9723,19.4472,19.7972,3847352.373
20070510,0,19.6406,19.6775,19.5209,19.5301,3792206.741
20070511,0,19.5946,19.8065,19.5393,19.8065,3089284.536
20070514,0,19.7788,19.788,19.4564,19.5393,3357193.179
20070515,0,19.8341,20.4421,19.4472,19.484,3452880.375
20070516,0,19.5025,19.7696,19.4748,19.6775,3364846.341
20070517,0,19.5577,19.7236,19.4656,19.5301,3481201.373
20070518,0,19.613,20.0091,19.5854,19.917,4808024.676
20070521,0,20.1197,20.2118,19.917,19.9999,3351896.297
20070522,0,19.9262,20.1842,19.8894,19.8894,3184669.209
20070523,0,19.9999,20.4697,19.9262,20.3684,4895765.773
20070524,0,20.2763,20.4974,19.9078,19.917,4041350.229
20070525,0,20.1013,20.5527,20.0276,20.5342,2883750.679
20070529,0,20.525,20.6632,20.1013,20.1565,4381573.388
20070530,0,20.1289,20.5434,20.0736,20.5158,3677792.396
20070531,0,20.4974,20.9027,20.4053,20.6724,3105528.689
20070601,0,20.8106,20.958,20.6724,20.7277,2075701.299
20070604,0,20.5895,20.6816,20.3776,20.4145,4315530.474
20070605,0,20.0828,20.4974,19.9907,20.4053,2742859.685
20070606,0,20.2947,20.4974,20.1565,20.4513,5117067.362
20070607,0,20.3224,20.4329,20.0644,20.0736,5234790.209
20070608,0,19.8986,20.4605,19.7328,20.4145,5074303.74599999
20070611,0,20.4145,21.1146,20.2671,20.9396,4670599.332
20070612,0,20.8659,20.9949,20.5158,20.6908,4541966.837
20070613,0,20.8106,21.1146,20.4974,21.1054,3103565.186
20070614,0,21.087,21.4002,20.9764,21.2344,5194138.108
20070615,0,21.5015,21.5476,21.0225,21.0962,3909226.559
20070618,0,21.0778,21.0962,20.829,20.8751,2307450.084
20070619,0,20.9027,20.9027,20.525,20.6908,3171192.339
20070620,0,20.3408,21.087,19.4748,19.5393,9776639.296
20070621,0,19.6222,19.788,19.2077,19.3827,6987826.046
20070622,0,19.3366,19.4656,19.1155,19.3735,4727587.021
20070625,0,19.2537,19.4472,19.0234,19.0695,4161354.9
20070626,0,19.309,19.3458,18.6181,18.8392,6326176.88899999
20070627,0,19.0326,19.2721,18.6089,19.0603,6179124.31
20070628,0,19.0418,19.1616,18.8852,18.9221,4118799.151
20070629,0,18.9037,19.3643,18.9037,19.18,3961163.574
20070702,0,19.309,19.3274,19.0234,19.1892,3869899.517
20070703,0,19.2077,19.2721,19.0326,19.0971,2333862.89
20070705,0,19.0971,19.2261,18.6089,18.8576,4093264.198
20070706,0,18.876,18.8944,18.6549,18.701,5594907.21
20070709,0,18.701,18.8115,18.443,18.5444,7574230.901
20070710,0,18.6641,19.4103,18.4891,19.0695,6622374.348
20070711,0,18.9681,19.1985,18.7655,19.0971,3939077.772
20070712,0,18.9774,19.2906,18.876,19.2353,4065212.713
20070713,0,19.1616,19.3919,18.9129,19.0603,3456493.884
20070716,0,18.9497,19.2077,18.8115,18.9866,2674981.627
20070717,0,19.0603,19.1063,18.7655,18.876,3620048.241
20070718,0,18.7563,18.83,18.4246,18.7102,4188634.597
20070719,0,18.572,19.0234,18.572,18.8668,5274881.353
20070720,0,18.4615,19.3274,18.0561,19.0511,5930977.67
20070723,0,18.6181,19.5393,18.6181,19.0603,3308886
20070724,0,18.9958,19.9723,18.9958,19.8065,10390937
20070725,0,19.7512,19.8802,19.3919,19.7143,5755390.435
20070726,0,19.484,19.8065,19.134,19.2537,5963187.548
20070727,0,19.2537,19.3551,18.5536,18.572,4725315.443
20070730,0,18.6089,18.83,18.268,18.6273,4119271.685
20070731,0,18.6641,18.7839,18.3878,18.3878,4199598.711
20070801,0,18.4246,18.6273,18.0745,18.2312,5448628.434
20070802,0,17.8719,18.3233,17.8627,18.2219,4920242.05
20070803,0,18.2496,18.5536,17.964,17.964,5854958.419
20070806,0,18.0193,18.6181,17.9732,18.5444,4992016.578
20070807,0,18.1114,18.83,18.093,18.5996,5515491.807
20070808,0,18.6089,19.2445,18.5075,18.8207,4639851.23
20070809,0,17.5218,19.309,13.8185,18.3417,9295133.144
20070810,0,17.8258,19.0234,16.7848,18.139,7325587.63800001
20070813,0,18.0561,18.5167,17.9087,17.964,3499774.843
20070814,0,17.9456,17.964,17.4573,17.5126,4065865.62
20070815,0,17.3376,17.835,17.3284,17.4297,6509650.808
20070816,0,17.1533,17.2547,16.5453,16.9414,7284819.54300001
20070817,0,17.9087,18.7286,16.5914,17.2547,6112595.962
20070820,0,17.964,17.964,17.0243,17.0612,2907088.696
20070821,0,17.0428,17.6416,17.0428,17.4665,3493043.867
20070822,0,17.66,18.2312,17.6416,18.0009,3754216.497
20070823,0,18.0653,18.2312,17.7429,18.0561,3573914.11199999
20070824,0,18.1206,18.3693,17.4389,18.2772,3535595.981
20070827,0,18.2864,18.2864,17.8442,17.8903,2339479.208
20070828,0,17.7337,17.8535,17.227,17.4113,5018286.499
20070829,0,17.4665,17.6324,17.3836,17.6231,3444956.575
20070830,0,17.4021,17.5218,17.1717,17.2639,3467426.451
20070831,0,17.5034,17.5034,17.098,17.3284,2975259.417
20070904,0,17.2454,18.6549,17.2362,18.5444,4638360.268
20070905,0,18.4246,18.4338,18.1851,18.2864,3268779.277
20070906,0,17.5863,18.4154,17.5863,18.3325,3686915.96
20070907,0,17.964,18.1298,17.7337,17.8811,3358224.283
20070910,0,17.9179,18.0285,17.4297,17.8258,2808634.169
20070911,0,17.7982,18.2956,17.7429,18.2404,2838159.242
20070912,0,18.2496,18.4707,18.1022,18.3325,3056236.723
20070913,0,18.4246,18.526,18.1943,18.5075,3470899.973
20070914,0,18.4891,18.6089,18.2404,18.5904,3131354.2
20070917,0,18.443,18.5352,18.1298,18.1943,1515364.134
20070918,0,18.3049,18.7102,18.093,18.5904,2365422.443
20070919,0,18.747,19.0418,18.397,18.4246,4196776.161
20070920,0,18.3786,18.4523,18.0561,18.0653,3418143.982
20070921,0,17.5771,18.8944,17.5771,18.8944,6912820.39299999
20070924,0,18.6365,19.5393,18.6089,19.4656,5911873.893
20070925,0,19.5209,19.6038,19.2445,19.4103,5421659.46700001
20070926,0,19.5762,19.9815,19.1616,19.7696,4704683.508
20070927,0,19.7788,19.9078,19.6591,19.8065,3610604.529
20070928,0,19.7143,19.7788,19.0418,19.3274,5300518.282
20071001,0,19.4195,19.5117,19.1063,19.4564,3664335.793
20071002,0,19.4103,19.6222,19.1892,19.3366,3499232.341
20071003,0,19.1985,19.5301,19.1524,19.3182,2344472.177
20071004,0,19.3182,19.3458,18.9866,19.2721,4577788.39999999
20071005,0,19.438,19.484,19.18,19.2353,3953948.55899999
20071008,0,19.18,19.2353,18.9221,19.0879,2881580.044
20071009,0,19.1155,19.4288,19.0326,19.2906,3058408.596
20071010,0,18.6181,19.0695,18.4707,18.7194,6115187.829
20071011,0,18.7931,18.8852,18.3325,18.5075,5167976.712
20071012,0,18.5444,18.5812,18.3878,18.5075,4536587.953
20071015,0,18.5167,18.6273,18.0193,18.1482,2890806.227
20071016,0,18.1851,18.3141,17.789,17.8719,3013251.29
20071017,0,18.093,18.1114,17.7245,17.7521,3557414.71
20071018,0,17.8719,18.2035,17.4665,17.5494,4432765.264
20071019,0,17.1902,17.8719,16.8862,16.9967,8665798.388
20071022,0,17.1625,17.5587,17.0888,17.5402,4975230
20071023,0,18.2127,19.2261,18.2127,18.7194,12264486
20071024,0,18.8392,19.788,18.8392,19.788,11933708.856
20071025,0,19.742,20.2671,19.309,19.9999,7292201.296
20071026,0,19.9354,20.1657,19.6314,20.0552,3314044.509
20071029,0,20.1013,20.4974,19.8525,20.4053,5953775.892
20071030,0,20.3408,20.6171,20.1934,20.5527,4424623.994
20071031,0,20.7185,20.7185,20.0736,20.2671,4673747.732
20071101,0,20.1289,20.396,19.8157,20.0276,4680694.811
20071102,0,20.0828,20.4974,19.9446,20.3684,5063334.782
20071105,0,19.5762,20.7185,19.5762,20.3684,3614936.375
20071106,0,19.9078,20.525,19.9078,20.525,3829984.394
20071107,0,20.2579,21.6305,20.2579,20.8935,9600480.45100001
20071108,0,20.9212,21.087,20.2579,20.8014,5824210.02
20071109,0,20.5342,20.7922,20.2579,20.2763,4141264.157
20071112,0,20.1934,20.9488,20.0368,20.6908,5274465.496
20071113,0,20.7738,21.2804,20.1105,21.2528,4273080.817
20071114,0,21.3173,21.3173,20.8567,20.9304,4339510.426
20071115,0,20.8106,21.3265,20.2394,20.3039,6215552.504
20071116,0,20.396,20.8567,20.2118,20.8382,7485926.288
20071119,0,20.7645,20.958,20.2394,20.2579,4927865.114
20071120,0,20.2763,20.4697,19.5854,19.788,5012914.92
20071121,0,19.7512,19.8341,19.4288,19.438,3278983.063
20071123,0,19.7696,19.9907,19.6222,19.9723,1940199.85
20071126,0,19.9354,20.0828,18.876,18.9129,4101972.37
20071127,0,18.9866,19.9631,18.9866,19.8986,4234965.489
20071128,0,19.9907,20.8751,19.8802,20.7369,4955072.96699999
20071129,0,20.7369,20.8198,19.9354,20.7277,4394025.897
20071130,0,20.9304,21.0962,20.5158,20.8198,3335141.672
20071203,0,21.0685,21.4094,20.9119,21.3081,5889583.58599999
20071204,0,21.133,21.4186,21.0593,21.1975,5315434.984
20071205,0,21.2804,21.4186,20.8751,21.1515,5766969.627
20071206,0,21.1422,21.1515,20.7645,20.9949,3614131.915
20071207,0,20.9949,21.1699,20.8382,20.9027,2650467.872
20071210,0,21.0225,21.8792,21.0041,21.7871,6721340.718
20071211,0,21.8608,22.0819,21.1975,21.3449,5289191.461
20071212,0,21.6034,21.8434,21.0682,21.4373,3397021.189
20071213,0,21.345,21.9356,21.2343,21.5665,2709799.456
20071214,0,21.3543,22.1387,21.2712,21.8249,4760253.24
20071217,0,21.6957,21.7234,21.1789,21.1789,4311463.361
20071218,0,21.3912,21.5296,20.6806,21.1605,3789325.576
20071219,0,21.1512,21.8249,20.9851,21.6957,4158488.222
20071220,0,21.8249,21.8987,21.4373,21.788,4008947.762
20071221,0,21.7972,22.2494,21.6496,22.2402,5062404.065
20071224,0,21.9726,22.4986,21.5388,22.2586,1610581.748
20071226,0,22.4893,22.8954,22.1387,22.84,2827217.107
20071227,0,22.7385,22.9138,22.1202,22.1756,2836325.798
20071228,0,22.3417,22.637,22.0187,22.111,2392299.601
20071231,0,22.0556,22.6739,22.0279,22.3878,1945190.959
20080102,0,22.434,22.434,20.939,21.2528,5336295.751
20080103,0,21.2804,21.5665,21.1697,21.4096,2745643.271
20080104,0,21.2989,21.3266,20.0162,20.1915,7138286.256
20080107,0,20.3299,20.7452,19.97,20.173,5276116.721
20080108,0,20.3115,20.6068,19.6193,19.6193,4573517.19
20080109,0,19.7024,20.6714,19.6009,20.6714,5187700.176
20080110,0,20.5145,20.8006,19.8962,20.6345,3829990.443
20080111,0,20.3576,20.5699,19.4902,19.6101,4995124.708
20080114,0,19.8131,20.2007,19.6101,20.0162,5717066.899
20080115,0,18.8995,20.293,18.8995,19.7855,3236395.304
20080116,0,19.6378,20.5883,19.6378,20.21,6543626.928
20080117,0,20.3022,20.6345,19.5178,19.5455,6702934.736
20080118,0,19.7209,19.9423,19.324,19.4532,7758958.421
20080122,0,17.1277,19.038,17.1277,18.4843,7046478.007
20080123,0,17.6814,18.7427,17.6814,18.2166,8075079.382
20080124,0,18.3643,19.3979,18.2074,19.1672,6261293.489
20080125,0,19.2871,19.564,18.6042,18.9088,3831810.868
20080128,0,18.918,19.4532,18.4566,19.3886,4014125.233
20080129,0,19.3056,19.5271,18.9734,19.2964,4075165.001
20080130,0,18.8626,19.8224,18.8626,19.241,4920498
20080131,0,19.2779,20.9944,18.6412,20.6529,9992962
20080201,0,20.4776,21.3912,20.4222,21.2435,4526083.349
20080204,0,21.1789,21.1789,20.7452,20.7913,4706534.319
20080205,0,20.5145,20.7637,20.09,20.1915,4672077.8452
20080206,0,20.2284,20.9021,20.1823,20.3392,3172363.895
20080207,0,20.1823,20.496,19.7762,20.1546,5149436.555
20080208,0,20.0254,20.1915,19.8316,19.9977,4778837.519
20080211,0,20.0531,20.4407,19.97,20.2746,2873639.197
20080212,0,20.3576,20.6252,19.8593,19.8685,4714260.267
20080213,0,19.9977,20.3853,19.7947,20.1454,5756536.132
20080214,0,20.1454,20.2469,19.4348,19.4809,4440702.811
20080215,0,19.4163,19.767,19.1856,19.6655,5211133.146
20080219,0,19.9147,20.2838,19.6378,19.767,3588820.16
20080220,0,19.5363,19.7762,19.241,19.6286,4439380.476
20080221,0,19.7578,19.7578,19.2318,19.3702,3067090.165
20080222,0,19.4071,19.8593,19.2041,19.8408,4050964.763
20080225,0,19.8685,20.2284,19.6747,20.1915,4865130.15
20080226,0,20.1084,20.1638,19.7762,19.887,9046946.769
20080227,0,19.767,20.21,19.6932,19.97,4648776.602
20080228,0,19.6655,19.9608,19.4902,19.6747,3568747.108
20080229,0,19.4717,19.5271,19.1302,19.1856,4275851.234
20080303,0,19.2964,19.5732,19.1487,19.5086,6029076.361
20080304,0,19.241,19.9885,19.0933,19.9147,7913370.6
20080305,0,20.0715,20.5422,19.8685,20.4038,7669542.04800001
20080306,0,20.3668,20.4591,19.6286,20.0531,8548886.444
20080307,0,19.7301,20.0254,19.4625,19.6932,6453060.361
20080310,0,19.6932,19.6932,19.1302,19.361,5105838.69
20080311,0,19.7485,20.09,19.2041,20.0808,4451597.9542
20080312,0,20.1084,20.3022,19.5086,19.5363,3615408.294
20080313,0,19.2041,19.5824,19.0195,19.4163,6630646.58
20080314,0,19.564,19.6378,18.8442,19.0749,4873476.71
20080317,0,18.5396,19.0287,17.6999,18.8442,7418185.99
20080318,0,19.2318,20.0715,19.2318,20.0346,4271890.701
20080319,0,20.3022,20.736,20.0808,20.2284,5640509.34
20080320,0,20.293,20.5145,19.7024,20.2192,5001178.19000001
20080324,0,20.3022,20.6345,20.0623,20.3945,2690787.557
20080325,0,20.3576,20.5422,20.0254,20.1177,5875316.42
20080326,0,20.09,20.09,19.4717,19.5732,3416967.454
20080327,0,19.5548,19.6101,19.0564,19.3148,4196349.879
20080328,0,19.5824,19.6193,19.2871,19.3333,2798469.206
20080331,0,19.361,19.7393,19.3333,19.6286,3247565.291
20080401,0,20.0438,20.0438,19.5548,19.8593,3799105.815
20080402,0,19.8962,20.0715,19.6378,19.7855,3783195.109
20080403,0,19.5917,19.6655,19.2687,19.3886,4502418.884
20080404,0,19.4071,19.564,19.121,19.1672,2798252.47
20080407,0,19.2779,19.7947,19.2779,19.4163,3944073.381
20080408,0,19.7855,19.7855,19.1948,19.361,3165272.381
20080409,0,19.4256,19.647,19.1948,19.1948,3552450.975
20080410,0,19.1764,19.2687,18.3274,18.9826,5614340.358
20080411,0,18.8165,18.918,18.5673,18.715,4543296.4877
20080414,0,18.6688,18.798,18.3551,18.4658,3772653.925
20080415,0,18.5581,19.0011,18.5212,18.9641,3570619.792
20080416,0,19.0841,19.4994,19.0011,19.4809,3770670.585
20080417,0,19.3886,19.6932,19.3702,19.4994,2205321.495
20080418,0,19.6932,19.8408,18.7888,18.9734,7171390.046
20080421,0,18.7611,19.6932,18.7611,19.4902,3754302
20080422,0,19.0564,20.5422,19.0564,20.3022,7959643
20080423,0,20.4314,20.8559,20.3945,20.7729,5972086.056
20080424,0,20.7544,21.6219,20.7544,21.4927,7301817.301
20080425,0,21.5296,21.5296,20.9575,21.2804,5060164.503
20080428,0,21.1974,21.6311,21.1882,21.4466,4655532.863
20080429,0,21.3635,21.5665,21.1051,21.2066,4020937.951
20080430,0,21.3174,21.4466,21.1697,21.2528,4396317.411
20080501,0,21.2251,21.8157,21.2251,21.8157,5607631.66800001
20080502,0,21.788,21.9172,21.2066,21.5019,4918530.965
20080505,0,21.4281,21.7419,21.0497,21.5296,3009726.892
20080506,0,21.3081,21.5019,20.9759,21.3358,3566503.077
20080507,0,21.3081,21.4835,20.9298,20.9575,3438446.319
20080508,0,21.1236,21.6219,20.9851,21.4189,4864704.596
20080509,0,21.1236,21.4281,20.8375,21.1974,3737312.987
20080512,0,21.2897,21.4466,21.1697,21.2989,2794443.424
20080513,0,21.2712,22.0741,21.2528,22.0464,5041174.65900001
20080514,0,22.111,22.111,21.7234,21.788,4368969.835
20080515,0,21.7419,21.8065,21.4096,21.6127,2459184.484
20080516,0,21.585,21.6865,21.1605,21.5573,3579926.811
20080519,0,21.5757,22.1202,21.5204,21.9264,3823613.964
20080520,0,21.7788,21.8895,21.6127,21.7603,3192190.806
20080521,0,21.7142,22.111,21.4558,21.5573,5902776.60800001
20080522,0,21.4927,21.7049,21.2435,21.4466,2985997.805
20080523,0,21.4004,21.5204,20.7267,20.9575,5261045.92
20080527,0,21.0866,21.585,21.0774,21.382,3871866.735
20080528,0,21.3727,21.6034,21.1143,21.5573,4522930.116
20080529,0,21.5481,21.7788,21.0128,21.142,5114683.954
20080530,0,21.1605,21.8711,21.0682,21.8157,6066309.672
20080602,0,21.7695,21.8157,21.2343,21.4927,4657410.988
20080603,0,21.5665,22.314,21.5665,22.1479,8278827.12599999
20080604,0,21.8803,21.8803,21.2066,21.5942,5510201.681
20080605,0,21.585,22.0464,21.5481,21.9449,3933670.444
20080606,0,21.7788,21.7788,21.142,21.142,4867225.648
20080609,0,21.142,21.6127,21.142,21.3358,3552450.611
20080610,0,21.1512,22.0279,21.142,21.8341,4654010.783
20080611,0,21.8803,21.8803,21.382,21.382,3285999.576
20080612,0,21.4742,22.1479,21.4742,21.9264,5827044.277
20080613,0,22.0279,22.1479,21.8249,22.1387,3243728.367
20080616,0,21.991,21.991,20.9113,21.6588,7850884.634
20080617,0,21.7788,21.9449,21.2897,21.345,4480444.619
20080618,0,21.1051,21.6496,21.1051,21.1605,4243935.112
20080619,0,21.0866,21.5296,20.6437,21.3358,5781944.82362
20080620,0,22.4709,23.5229,22.2217,23.1907,24127239.08
20080623,0,23.4306,24.132,23.3753,23.9013,15266003.63
20080624,0,23.7629,23.9566,23.1261,23.2368,7059831.448
20080625,0,23.366,24.0028,23.3199,23.6613,7423534.602
20080626,0,23.4306,23.4768,22.8493,22.8862,7487743.201
20080627,0,22.8216,23.3753,22.6924,23.3291,7562784.135
20080630,0,23.2461,23.5137,22.6831,22.8493,9230925.216
20080701,0,22.5632,23.5321,22.4801,22.9231,9628054.532
20080702,0,22.9784,22.9877,21.7049,22.0648,13618124.77
20080703,0,22.194,22.2679,21.4096,21.7695,6017511.222
20080707,0,21.6311,22.2125,21.4835,21.8249,6834007.18
20080708,0,21.6957,22.517,21.1328,22.434,8763915.707
20080709,0,22.4801,22.7754,21.6773,21.7788,9714735.631
20080710,0,21.668,22.2679,21.6496,22.2402,7502529.84100001
20080711,0,21.9356,22.4986,21.6588,22.2679,8200322.092
20080714,0,22.4893,22.5724,21.9172,22.2863,5651503.41299999
20080715,0,22.1479,23.1815,22.1479,22.757,8280474.672
20080716,0,22.84,23.366,22.5632,23.2368,6331852.943
20080717,0,23.2553,23.6244,22.84,23.283,6473681.47999999
20080718,0,23.4306,23.9659,23.1538,23.8551,9105648.89
20080721,0,23.7905,23.929,22.9969,23.0892,6228616
20080722,0,23.6521,25.6916,23.6337,25.1102,24300121
20080723,0,25.2578,25.6547,25.1932,25.6177,11703219.04
20080724,0,25.4978,25.6547,25.3224,25.4147,10822781.419
20080725,0,25.4978,25.6362,24.9348,25.3132,8510555.277
20080728,0,25.1748,25.3132,24.981,25.2394,8770998.34
20080729,0,25.2578,25.4516,24.6211,24.9348,8406467.218
20080730,0,25.0825,25.9315,25.0825,25.9038,8551792.623
20080731,0,25.9038,25.9038,25.1379,25.507,8120433.937
20080801,0,25.0271,25.8854,24.9994,25.4609,4403020.829
20080804,0,25.4701,25.5347,24.9164,25.2117,3856473.903
20080805,0,25.3317,26.0515,25.0179,25.1102,6984368.85
20080806,0,25.0917,25.4239,24.7041,24.8795,6991376.722
20080807,0,24.7226,24.9164,24.5288,24.6672,5784712.033
20080808,0,24.3535,24.9994,24.3258,24.7687,6152036.15099999
20080811,0,24.7041,25.0179,24.658,24.8333,8428820.008
20080812,0,24.7041,24.9902,24.5473,24.9072,5601739.824
20080813,0,24.7964,25.4055,24.6765,25.2578,5947380.691
20080814,0,25.101,25.8669,24.8518,25.6547,6399047.646
20080815,0,25.7377,26.4114,25.3317,26.1438,8048712.508
20080818,0,26.236,26.3006,25.9315,25.9684,4595276.462
20080819,0,25.9684,26.2176,25.8208,25.9315,8561082.106
20080820,0,26.0053,26.0792,25.3963,25.9684,5514756.129
20080821,0,25.6916,25.8761,25.4885,25.8392,3690248.824
20080822,0,25.71,26.0976,25.71,26.0146,3950674.988
20080825,0,25.8854,25.8854,25.5901,25.7654,5294563.987
20080826,0,25.7931,25.8854,25.4609,25.83,4562682.662
20080827,0,25.9315,26.0792,25.7562,26.033,5288479.044
20080828,0,26.0607,26.1068,25.5255,25.7562,6127931.093
20080829,0,25.6823,25.9223,25.4424,25.4793,4453727.162
20080902,0,25.9869,26.0792,25.6731,25.9869,4522579.945
20080903,0,25.8854,26.0053,25.304,25.5439,4664462.425
20080904,0,25.1563,25.6085,24.3165,24.335,9882522.69200001
20080905,0,24.0489,24.8241,24.0028,24.778,8391751.29
20080908,0,25.2855,25.5808,24.7595,25.0825,6164615.763
20080909,0,25.0364,25.4239,24.215,24.2796,7578992.886
20080910,0,24.4273,24.5473,23.6244,23.6429,9277913.84
20080911,0,23.403,23.4122,23.0154,23.283,15153677.73
20080912,0,22.9046,23.6706,22.9046,23.5691,5931079.607
20080915,0,22.8493,24.2796,22.8493,23.6244,6882903.64
20080916,0,23.3568,23.892,22.7293,23.486,10674734.565
20080917,0,23.1815,23.3291,22.5724,22.6831,10300045.99
20080918,0,23.0061,23.403,21.9818,23.0707,14893034.23
20080919,0,25.1379,25.1379,23.3107,23.6706,10059970.915
20080922,0,23.6521,24.1966,23.08,23.2184,5073124.104
20080923,0,23.1538,23.6521,22.9231,22.9692,6148415.139
20080924,0,23.043,23.9751,22.6093,23.7998,7533862.121
20080925,0,23.9843,24.2058,23.3014,23.4122,3955910.056
20080926,0,22.9784,23.7721,22.8862,23.2645,3917439.124
20080929,0,22.96,23.0154,21.3266,21.8987,6372485.957
20080930,0,22.2033,22.8031,21.7419,22.7847,5178708.69
20081001,0,22.5816,22.7385,20.9298,21.1512,7520960.2122
20081002,0,20.939,21.262,20.1454,20.2469,6077335.842
20081003,0,20.4314,21.1051,19.564,19.564,7556265.877
20081006,0,19.2133,19.324,17.6076,18.4104,9842985.305
20081007,0,18.7427,19.2779,17.0631,17.0723,10529847.69
20081008,0,16.6109,17.8475,15.2359,17.2846,16343867.42
20081009,0,17.1554,18.3643,16.8416,17.1923,11850121.85
20081010,0,16.5002,17.866,15.725,17.0077,9852209.92
20081013,0,17.1,18.8534,16.3894,18.8442,4591404.964
20081014,0,19.6009,20.8375,19.0011,19.4256,9409717.83
20081015,0,19.324,19.4532,17.5061,17.6076,5601414.72
20081016,0,17.5707,18.1521,16.2233,17.7183,6796760.71
20081017,0,16.0941,18.5027,15.9188,17.7183,5760842.169
20081020,0,18.0413,18.7519,17.22,18.715,4922284
20081021,0,16.7955,16.7955,14.6453,15.3651,21735412
20081022,0,15.1159,15.3559,13.3072,13.8055,12156111.579
20081023,0,13.8332,14.1285,13.2057,13.8978,13529916.45
20081024,0,12.975,13.8332,12.6889,13.4456,6346890.073
20081027,0,13.2241,13.5471,12.3475,12.4213,8311043.09
20081028,0,12.7166,14.9591,12.6243,14.9406,10751947.5132
20081029,0,15.0237,15.3559,13.6486,13.8055,9259333.447
20081030,0,14.1101,14.4792,13.6302,14.1101,7144441.714
20081031,0,13.9255,14.6453,13.1872,14.0916,8599265.177
20081103,0,14.0731,14.6638,13.4825,13.6302,6205475.919
20081104,0,13.7871,14.47,12.6797,14.4515,16834128.02
20081105,0,14.2023,15.3559,13.7502,14.2669,9585687.73
20081106,0,14.1654,14.1654,13.2518,13.6302,6688703.17
20081107,0,13.7409,14.2577,12.9288,14.2577,5828101.771
20081110,0,14.553,14.756,13.8794,14.2023,5112059.776
20081111,0,14.0362,14.0639,13.1042,13.5102,4761640.409
20081112,0,12.5505,12.9565,11.8491,11.9506,9501187.134
20081113,0,11.9137,12.5966,11.3323,12.5966,11490479.183
20081114,0,12.5228,13.381,11.7476,12.4397,8746071.191
20081117,0,12.2459,12.4305,11.8399,11.8584,5315065.213
20081118,0,11.9322,11.9506,10.7971,11.0647,13107576.739
20081119,0,11.0463,11.563,10.3726,10.5479,9390958.003
20081120,0,10.3818,10.8156,9.80967,10.0035,12645732.61
20081121,0,10.1788,11.0555,9.67125,11.0094,17005527.91
20081124,0,11.157,12.3013,10.5387,12.0429,8756270.69
20081125,0,12.4582,12.4582,11.7015,12.1352,7948962.18500001
20081126,0,12.0152,12.3844,11.7015,12.0891,8375066.902
20081128,0,12.0429,12.4582,11.7199,12.2459,3583482.3188
20081201,0,12.0152,12.0152,11.2862,11.2954,7079387.947
20081202,0,11.2585,12.0983,11.157,11.5169,8204776.231
20081203,0,11.5077,11.9322,11.2124,11.683,10001021.173
20081204,0,11.5169,11.9506,11.1478,11.3139,7262114.562
20081205,0,11.2585,11.7107,11.1016,11.7015,8595557.616
20081208,0,11.9506,12.7074,11.6369,12.3382,8839514.733
20081209,0,12.1906,12.3936,11.7753,12.0152,7537648.92
20081210,0,12.1629,12.6797,11.9599,12.5136,8095184.157
20081211,0,12.4213,13.298,12.3198,12.5043,5854427.626
20081212,0,12.1813,12.7627,11.9876,12.6612,6185585.2
20081215,0,12.6612,12.7996,12.4213,12.6428,4653267.96362
20081216,0,12.7258,13.2149,12.6151,13.1595,8811088.374
20081217,0,12.9196,13.2703,12.6428,12.9565,4701299.159
20081218,0,13.0583,13.2804,12.7899,12.8362,4717145.7
20081219,0,13.0398,13.0675,12.1421,12.7899,6489021.389
20081222,0,12.7714,12.8177,12.2901,12.6418,4301586.258
20081223,0,12.6973,12.938,12.6048,12.7621,5343019.671
20081224,0,12.7344,12.8639,12.503,12.7344,2568605.263
20081226,0,12.8084,12.9842,12.6233,12.9657,2634589.552
20081229,0,12.9842,13.1786,12.8732,12.9565,4866264.597
20081230,0,13.0398,13.086,12.8269,13.049,3463618.705
20081231,0,13.0305,13.3544,12.5863,13.2989,3386913.726
20090102,0,13.2434,14.1411,13.1601,14.067,4414588.022
20090105,0,13.9467,13.9467,13.3637,13.4377,6563727.037
20090106,0,13.6228,14.7981,13.521,14.5668,9746069.125
20090107,0,14.3447,14.465,13.6321,13.7061,4714473.981
20090108,0,13.7524,14.3262,13.521,14.1781,5594172.892
20090109,0,14.1596,14.2799,13.7801,13.9004,4740208.22
20090112,0,13.8912,14.0393,13.4007,13.5858,6576034.218
20090113,0,13.5395,14.1503,13.3822,13.956,10559399.695
20090114,0,13.7709,13.9282,13.1416,13.3081,5842782.43354
20090115,0,13.4377,13.6968,12.9565,13.521,6930011.84900001
20090116,0,13.8727,14.1873,13.2804,13.6506,6085234.234
20090120,0,13.5025,14.0208,12.3919,12.4382,8413196.62
20090121,0,12.6048,13.2249,12.3364,13.2063,8209120.673
20090122,0,12.9009,13.2341,12.5863,12.8639,6059581.941
20090123,0,12.5215,12.9287,12.0958,12.7529,4137383.238
20090126,0,12.7158,13.5303,12.6603,13.3452,5834767.79
20090127,0,13.2896,13.9004,13.2526,13.8079,6287473.273
20090128,0,14.0115,14.4094,13.521,13.9097,6158264.267
20090129,0,13.7524,13.8819,13.5117,13.6413,4421329.79
20090130,0,13.6968,13.7431,12.5863,12.6233,7832461.96
20090202,0,12.031,12.9287,12.031,12.7621,7129123.05
20090203,0,12.6233,13.0305,12.6233,12.8732,7022028.934
20090204,0,12.8547,13.2156,12.2068,12.7714,11101271
20090205,0,11.8459,12.3549,10.7631,11.6516,29785445
20090206,0,11.6608,12.2161,11.3369,11.8644,10245239.85
20090209,0,11.9014,11.92,11.559,11.7071,8388263.5576
20090210,0,11.7811,12.1143,11.4572,11.4757,9063070.81
20090211,0,11.5775,11.6793,11.3091,11.5868,8983766.78809999
20090212,0,11.3924,11.92,11.2166,11.92,8091829.50400001
20090213,0,11.8459,12.0125,11.6701,11.6886,4459762.3482
20090217,0,11.9107,11.9107,10.5688,10.9667,9912375.9
20090218,0,11.0408,11.2166,10.8279,11.1333,7838735.278
20090219,0,11.2073,11.2444,10.541,10.6521,6821389.20599999
20090220,0,10.4207,10.6798,10.3374,10.578,7513960.421
20090223,0,10.6613,10.7354,10.1616,10.1801,5376689.598
20090224,0,10.2634,10.9297,10.1616,10.8001,7576102.639
20090225,0,10.7631,10.8649,10.3282,10.4762,6719427.627
20090226,0,10.6151,10.7909,10.3467,10.3744,5152563
20090227,0,10.1338,10.7261,10.1246,10.3467,6453976.607
20090302,0,10.1616,10.2264,9.30089,9.99499,6725781.028
20090303,0,10.0875,10.2078,9.71735,9.93021,7151792.517
20090304,0,10.0968,10.6428,9.86543,10.4022,8337328.855
20090305,0,10.1153,10.1616,9.77288,9.83766,5429997.788
20090306,0,9.92095,9.99499,9.39344,9.65257,7058664.585
20090309,0,9.53226,10.1153,9.52301,9.77288,6644352.49
20090310,0,9.93021,10.6151,9.76363,10.4022,10293269.358
20090311,0,10.5318,10.7076,10.1708,10.5688,8193855.415
20090312,0,10.541,11.2906,10.3467,11.1703,6075665.09
20090313,0,11.2259,11.3647,11.0315,11.0963,6309594.048
20090316,0,11.1981,11.4202,11.05,11.0963,4165110.163
20090317,0,11.0778,11.4665,10.9667,11.4665,4789699.029
20090318,0,11.4942,11.5868,11.1981,11.5035,6224462.32
20090319,0,11.6145,11.6145,11.0408,11.0685,4909819.104
20090320,0,11.0685,11.3462,10.8187,11.0223,8294527.9
20090323,0,11.4665,11.5868,10.9852,11.5868,9037807.92
20090324,0,11.4572,11.7904,11.2166,11.5775,10036852.293
20090325,0,11.6886,11.6886,11.0315,11.4665,9382304.708
20090326,0,11.5405,11.7626,11.3554,11.7071,6866964.742
20090327,0,11.6145,12.0032,11.4665,11.7071,8428559.945
20090330,0,11.4757,11.8552,11.0408,11.1148,6171668.712
20090331,0,11.1981,11.7996,11.0408,11.6423,8253968.922
20090401,0,11.448,11.8089,11.1796,11.7164,7979870.108
20090402,0,11.7441,12.5493,11.7441,12.4197,13377244.68
20090403,0,12.4475,12.8177,12.2161,12.8084,8059492.466
20090406,0,12.6788,13.012,12.1513,12.429,6398500.426
20090407,0,12.2068,12.6696,12.1791,12.3734,5716248.102
20090408,0,12.3827,12.7621,12.3086,12.6973,5289703.33700001
20090409,0,12.7806,13.3637,12.6973,13.3081,6744940.398
20090413,0,13.1878,13.4655,13.1045,13.3637,7963080.979
20090414,0,13.2711,13.447,12.9565,13.2249,9863763.544
20090415,0,13.1138,13.7153,12.975,13.7153,8630848.49199999
20090416,0,13.8449,14.2521,13.5303,13.956,7612854.892
20090417,0,14.0208,14.067,13.4932,13.8264,8621613.96599999
20090420,0,13.6043,13.6783,13.2156,13.2156,8791351.64999999
20090421,0,13.447,15.3349,13.447,15.0295,23108144.49
20090422,0,14.7889,15.7514,14.7889,15.3071,12732905.89
20090423,0,15.3997,15.7051,15.2331,15.6403,9282091.051
20090424,0,15.6681,16.3437,15.4367,16.1771,10647024.168
20090427,0,15.9457,16.5843,15.5755,15.6033,9334548.867
20090428,0,15.4737,15.557,15.1128,15.2146,11247040.66
20090429,0,15.3627,15.8161,15.1868,15.7329,9279895.61849999
20090430,0,15.8902,16.1215,15.483,15.5015,8901369.83900001
20090501,0,15.52,15.8161,15.3164,15.7421,7206396.099
20090504,0,15.7976,16.3066,15.7143,16.3066,6390671.686
20090505,0,16.2419,16.4917,15.8439,16.2234,11186267.92
20090506,0,16.2419,16.5195,16.0383,16.3252,9160059.873
20090507,0,16.501,16.7971,16.2974,16.3807,11382757.12
20090508,0,16.5843,16.7694,16.2234,16.538,7035165.851
20090511,0,16.2511,16.6398,16.103,16.1123,6709703.38000001
20090512,0,16.2511,16.464,15.6033,15.7976,6516500.068
20090513,0,15.5848,15.8069,15.3257,15.3534,5078978.229
20090514,0,15.2886,15.5478,15.0943,15.3257,6685888.953
20090515,0,15.1591,15.52,14.8722,15.1313,6333764.631
20090518,0,15.2886,16.1123,15.1776,16.103,6205759.633
20090519,0,16.103,16.1215,15.3812,15.4089,5242394.102
20090520,0,15.557,16.3159,15.5107,16.0475,6713669.6062
20090521,0,15.6588,15.9087,15.4737,15.9087,7664008.32
20090522,0,15.9087,15.9087,15.2794,15.3071,6335830.104
20090526,0,15.1961,16.1678,15.1221,16.1308,6781230.882
20090527,0,16.1678,16.1678,15.3627,15.3997,6299932.056
20090528,0,15.446,15.7421,15.1776,15.6773,6652010.57400001
20090529,0,15.7329,16.2881,15.5293,16.2789,6995946.108
20090601,0,16.6306,17.0007,16.1771,16.8064,8211664.11399999
20090602,0,16.7046,16.8712,15.8347,15.8809,8709814.03000001
20090603,0,15.8439,16.066,15.6588,15.8532,5839619.87
20090604,0,15.8994,15.9827,15.6496,15.8717,4507882.82
20090605,0,15.9365,16.1123,15.6496,15.6588,4448793.31500001
20090608,0,15.7143,16.0105,15.3164,15.8439,4452303.479
20090609,0,15.9735,15.9735,15.4367,15.7791,5448404.57500001
20090610,0,15.8902,16.538,15.8254,16.501,9204533.617
20090611,0,16.538,16.6398,15.9272,16.0197,5783847.53700001
20090612,0,15.955,15.992,15.6773,15.9642,3354129.625
20090615,0,15.7329,15.7606,15.4552,15.5107,4933882.421
20090616,0,15.6125,15.6866,15.2886,15.2886,3824828.637
20090617,0,15.3812,15.52,15.1776,15.2053,3737734.78
20090618,0,15.1591,15.3257,15.085,15.1313,4384517.476
20090619,0,15.3071,15.7329,14.8352,14.9462,7010397.885
20090622,0,14.8537,14.9277,14.3447,14.4835,6285178.839
20090623,0,14.5575,14.8537,14.465,14.7334,6719318.228
20090624,0,14.9277,15.0295,14.6038,14.7889,4487487.942
20090625,0,14.7241,15.2794,14.5668,15.1776,5047665.31654
20090626,0,15.1128,15.2609,14.8722,15.2053,3042901.032
20090629,0,15.2053,15.5293,14.9925,15.3719,5117556.78299999
20090630,0,15.4275,15.4645,15.0295,15.1406,6553622.369
20090701,0,15.2424,15.6866,15.2424,15.3997,4407908.42
20090702,0,15.1868,15.2424,14.3076,14.3262,8119431.162
20090706,0,14.2058,14.4372,13.9837,14.428,9930188.70999999
20090707,0,14.4187,14.5483,14.067,14.104,4559227.609
20090708,0,14.1318,14.6316,14.0022,14.428,9913648.66300001
20090709,0,14.9925,15.483,14.8999,15.2239,9055214.47799999
20090710,0,15.1591,15.1683,14.8352,14.974,5856207
20090713,0,15.0017,15.6958,14.6408,15.6311,8113722.732
20090714,0,15.6125,15.6125,15.0203,15.4737,8020455.736
20090715,0,15.557,16.1215,15.557,16.1123,7178223.432
20090716,0,16.0753,16.7046,15.557,16.6028,6743349.602
20090717,0,16.6398,16.7971,16.4547,16.6676,5945305.26
20090720,0,16.8156,16.9545,16.5288,16.8527,7691150
20090721,0,16.8527,16.8527,15.446,16.2419,15284129
20090722,0,16.0753,16.575,16.0753,16.3714,6650856.975
20090723,0,17.01,17.0655,16.7601,16.8804,6864215.75
20090724,0,16.7509,17.1581,16.7509,17.084,5104917.988
20090727,0,17.3987,17.3987,17.0378,17.2691,4648951.149
20090728,0,17.1396,17.2506,16.8989,17.0378,3908979.662
20090729,0,16.9637,17.084,16.5843,16.7231,5038788.243
20090730,0,16.8342,17.121,16.6583,16.8804,4845136.871
20090731,0,16.5843,16.8619,16.1771,16.2048,7863569.048
20090803,0,16.3437,16.5565,16.1308,16.4547,7411036.068
20090804,0,16.3622,16.5843,16.2419,16.575,4419324.917
20090805,0,16.5935,16.6491,16.0197,16.1956,4918344.45700001
20090806,0,16.2881,16.4177,16.0568,16.3252,4457816.588
20090807,0,16.5288,16.8989,16.2511,16.7324,4608979.475
20090810,0,16.7138,16.7138,16.4825,16.6583,3626991.318
20090811,0,16.6398,16.7694,16.2974,16.3252,3394537.791
20090812,0,16.3252,16.8989,16.1586,16.7046,4366496.347
20090813,0,16.6861,16.8249,16.5195,16.6861,3775082.765
20090814,0,16.6491,16.9082,16.4362,16.575,4480372.366
20090817,0,16.1956,16.464,15.9272,16.1586,2268166.051
20090818,0,16.2141,16.4455,16.103,16.3714,3480461.276
20090819,0,16.1678,16.6306,16.1586,16.575,3952417.655
20090820,0,16.6028,16.7416,16.3714,16.7138,4937256.20600001
20090821,0,16.8527,17.2414,16.6491,17.1951,5888993.837
20090824,0,17.2136,17.3339,17.1303,17.1488,4748990.088
20090825,0,17.1581,17.4172,17.1025,17.1118,6650176.94700001
20090826,0,17.121,17.445,17.0748,17.1951,3694051.129
20090827,0,17.1118,17.519,17.0563,17.482,4980498.7558
20090828,0,17.6763,17.7596,17.2321,17.3894,4102858.108
20090831,0,17.2229,17.2969,16.612,16.6861,7178352.616
20090901,0,16.6861,17.1951,16.3252,16.3714,6877578.684
20090902,0,16.3066,16.5658,16.0475,16.4732,5831859.794
20090903,0,16.5843,16.8712,16.3807,16.8712,5560582.977
20090904,0,16.936,16.973,16.6491,16.8527,3985671.605
20090908,0,16.936,17.1673,16.7231,16.8249,4257306.38
20090909,0,16.8527,17.121,16.7509,17.0563,3578515.428
20090910,0,17.084,17.3894,16.9545,17.1951,4124815.174
20090911,0,17.2876,17.5468,17.1025,17.4727,4602869.675
20090914,0,17.3802,17.6301,17.2691,17.6301,4155403.737
20090915,0,17.6393,17.7411,17.2691,17.3709,5528681.82
20090916,0,17.4542,17.7874,17.3524,17.7874,4639664.344
20090917,0,17.8059,18.1761,17.5468,18.0187,4852153.313
20090918,0,18.1576,18.1576,17.9632,18.1113,5832571.19800001
20090921,0,18.0002,18.2316,17.8244,18.0373,5000768.971
20090922,0,18.1668,19.1015,18.0743,19.0645,8819592.14600001
20090923,0,19.0738,19.0738,18.1483,18.1576,8700949.424
20090924,0,18.2223,18.3612,17.9262,17.9447,4702508.568
20090925,0,17.8799,18.0743,17.5838,17.6671,3904398.816
20090928,0,17.7411,18.2501,17.6486,18.2501,3365788.875
20090929,0,18.2409,18.3704,17.7874,17.8244,5794472.936
20090930,0,17.8892,17.9169,17.3154,17.5005,7525891.219
20091001,0,17.4265,17.6115,17.0748,17.0748,6055596.565
20091002,0,16.9452,17.0933,16.7786,16.8156,5084620.342
20091005,0,16.936,16.9452,16.7231,16.8064,6500520.27000001
20091006,0,16.9545,17.4635,16.9082,17.3709,8047040.556
20091007,0,17.2506,17.4172,17.0933,17.2876,4427395.87200001
20091008,0,17.4079,17.6486,17.3524,17.5283,3465384.302
20091009,0,17.5283,17.6763,17.4172,17.6301,3516838.488
20091012,0,17.6578,17.8337,17.6393,17.7689,2753546.512
20091013,0,17.7411,17.8522,17.482,17.7689,3878664.877
20091014,0,17.9632,18.4445,17.8522,18.3427,5249853.284
20091015,0,18.2686,18.426,18.1205,18.3612,4621307.088
20091016,0,18.2686,18.463,17.8337,18.2964,4221770.04200001
20091019,0,18.2964,18.574,18.0743,18.1761,7199279
20091020,0,18.3427,18.5463,17.954,18.1483,7306838
20091021,0,17.7874,18.2686,17.4265,17.7411,7731193.883
20091022,0,17.6763,17.954,17.2784,17.8707,5325965.177
20091023,0,17.8522,17.8522,17.3432,17.4079,4692831.171
20091026,0,17.3894,17.8151,17.2414,17.4172,4183293.363
20091027,0,17.5005,17.6856,17.1303,17.2599,5324761.334
20091028,0,17.1673,17.3246,16.8342,16.8712,5139819.42
20091029,0,16.9915,17.3987,16.8989,17.2506,6354140.684
20091030,0,17.2969,17.2969,16.7324,16.8249,6688690.038
20091102,0,16.8156,17.2599,16.7601,17.1858,5495851.998
20091103,0,17.0933,17.1858,16.9452,17.1303,3830956.713
20091104,0,17.1396,17.3524,16.9915,17.0192,5172473.189
20091105,0,17.2136,17.5468,17.1488,17.5468,2884327.514
20091106,0,17.3524,17.5005,17.1673,17.4172,4220194.523
20091109,0,17.5838,18.065,17.4172,18.0558,4306475.693
20091110,0,17.991,18.2501,17.9355,18.1668,3792653.708
20091111,0,18.2594,18.2779,17.9262,18.1483,3277078.323
20091112,0,18.1298,18.2501,17.8337,17.8429,3615462.955
20091113,0,17.8799,18.0835,17.7133,17.9725,2599651.279
20091116,0,18.0835,18.5925,18.0743,18.5185,5440545.721
20091117,0,18.3242,18.4074,17.9077,18.3242,4467656.607
20091118,0,18.3056,18.3704,18.0095,18.1853,2852309.29000001
20091119,0,17.5745,17.8892,17.5283,17.8522,5497906.332
20091120,0,17.7689,17.8151,17.3154,17.445,9533076.49680001
20091123,0,17.5375,17.7781,17.4265,17.5375,5346436.071
20091124,0,17.6301,17.6763,17.5097,17.5097,4473462.99900001
20091125,0,17.5005,17.5745,17.4542,17.5097,4944281.158
20091127,0,17.047,17.3339,16.936,17.121,2877403.798
20091130,0,17.1673,17.3246,16.9545,17.0748,5651514.50500001
20091201,0,17.2043,17.3246,17.0748,17.1118,8293659.079
20091202,0,17.0933,17.3617,16.9174,17.0285,7080946.416
20091203,0,17.047,17.1673,16.4825,16.4917,7457566.58900001
20091204,0,16.7231,16.973,16.6491,16.7879,6885616.36199999
20091207,0,16.8619,17.047,16.6583,16.8897,4496333.11
20091208,0,16.7971,16.9637,16.6306,16.7046,4375193.525
20091209,0,16.7971,16.9174,16.6861,16.8342,3410867.831
20091210,0,17.0285,17.6578,17.0285,17.5838,8866224.467
20091211,0,17.6856,17.8059,17.519,17.6486,5108520.259
20091214,0,17.8244,17.9169,17.5838,17.7874,3327557.993
20091215,0,17.7319,17.7319,17.4912,17.5375,4936582.217
20091216,0,17.6856,17.8799,17.6393,17.7966,4381426.761
20091217,0,17.6945,17.8709,17.6388,17.6759,4376943.502
20091218,0,17.8616,17.973,17.5553,17.7409,4672244.682
20091221,0,17.8709,18.038,17.7688,17.8709,3746521.544
20091222,0,17.9452,18.0751,17.8152,18.0194,3604339.062
20091223,0,17.9823,18.1587,17.9637,18.0566,2476496.723
20091224,0,18.1123,18.1773,17.7874,17.8709,1636660.376
20091228,0,17.8988,17.9266,17.6667,17.7316,2464506.761
20091229,0,17.8431,17.9637,17.6295,17.6852,3029963.484
20091230,0,17.6388,17.7595,17.546,17.6667,2938129.107
20091231,0,17.6574,17.7688,17.481,17.5181,2141451.717
20100104,0,17.6202,17.8616,17.6202,17.7316,3830073.73800001
20100105,0,17.8338,17.8338,17.4253,17.6388,3792466.706
20100106,0,17.5367,17.6852,17.5181,17.6295,4032623.365
20100107,0,17.5645,18.3165,17.4996,18.233,8456419.136
20100108,0,18.1958,18.3908,18.0659,18.3722,5890404.462
20100111,0,18.53,18.5579,18.3258,18.5393,5542667.329
20100112,0,18.4465,18.4836,18.0194,18.4372,5196408.387
20100113,0,18.4929,18.8085,18.4651,18.7064,5879870.53999999
20100114,0,18.2051,18.6414,18.2051,18.4465,3183670.622
20100115,0,18.5115,18.5115,18.0937,18.1401,4585254.811
20100119,0,18.103,18.4279,18.0102,18.4279,4963175.236
20100120,0,18.2979,18.4372,17.9637,18.1123,4984572.751
20100121,0,18.168,18.3351,17.9266,18.0473,6855081.504
20100122,0,18.0102,18.0751,17.3232,17.4624,8252738.328
20100125,0,17.7409,17.7409,17.1746,17.2953,4574027.15
20100126,0,17.1375,17.2953,16.9333,17.0168,6468444.295
20100127,0,16.9425,17.1282,16.8868,17.0354,6004447.716
20100128,0,17.1375,17.1839,16.8497,16.9611,5617873.094
20100129,0,16.8126,17.4903,16.8126,17.2396,6606902.498
20100201,0,17.2211,17.3603,17.0818,17.2303,5560209.8
20100202,0,17.2582,17.5274,17.1932,17.5181,5390710
20100203,0,15.8471,16.9054,15.5036,15.9121,53310401
20100204,0,15.5964,15.68,15.058,15.3551,35571526.41
20100205,0,15.2529,15.3551,14.7145,15.2901,17289671.559
20100208,0,15.3365,15.3643,14.9837,14.9837,14595277.41
20100209,0,15.1787,15.3272,14.7888,14.9837,20203482.25
20100210,0,14.9837,15.4108,14.863,15.2622,16322904.42
20100211,0,15.1322,15.2622,14.9466,15.0301,15642333.35
20100212,0,14.9837,15.1508,14.8166,14.9651,9582077.03
20100216,0,15.1879,15.4108,14.9651,15.3179,9853212.751
20100217,0,15.3272,15.5129,15.2251,15.2251,4646463.263
20100218,0,15.2251,15.3365,15.2158,15.2901,4720377.906
20100219,0,15.2158,15.2808,15.1044,15.1787,7091592.447
20100222,0,15.2065,15.2251,14.9651,15.0116,8244649.913
20100223,0,15.0394,15.1508,14.8909,14.9002,7629072.073
20100224,0,14.9744,15.0116,14.8166,14.863,8052532.835
20100225,0,14.7145,14.8909,14.5845,14.8073,9110123.52
20100226,0,14.8537,14.8723,14.5938,14.6774,7024988.5785
20100301,0,14.7423,14.9187,14.6309,14.863,8062954.04
20100302,0,15.1137,15.123,14.6774,14.7052,8976240.046
20100303,0,14.7702,14.8445,14.5938,14.6031,6752280.596
20100304,0,14.6402,14.9466,14.5567,14.8816,10001402.415
20100305,0,15.0023,15.1694,14.8723,15.123,6804261.757
20100308,0,15.1694,15.2158,15.0208,15.058,5561660.635
20100309,0,15.0208,15.1972,14.8909,15.1508,7930000.734
20100310,0,15.1787,15.3551,14.993,15.3272,9910775.476
20100311,0,15.2993,15.6243,15.2251,15.5593,8110209.516
20100312,0,15.6521,15.7078,15.4943,15.7078,5633538.431
20100315,0,15.6521,15.68,15.4015,15.5129,9003646.582
20100316,0,15.2622,15.6057,15.0116,15.0858,16133296.946
20100317,0,15.1884,15.7009,15.1418,15.6729,10320769.879
20100318,0,15.6915,15.7195,15.5145,15.6636,6511589.578
20100319,0,15.6263,15.7754,15.44,15.5145,7026926.791
20100322,0,15.4493,15.8034,15.4493,15.7661,6391451.737
20100323,0,15.7661,15.999,15.7474,15.9059,7033982.096
20100324,0,15.8593,15.8779,15.6543,15.7381,6031605.103
20100325,0,15.8779,16.0549,15.7847,15.8127,13197391.984
20100326,0,15.9152,15.9152,15.7661,15.8965,5116512.205
20100329,0,15.9897,16.0829,15.9338,16.0084,3892645.864
20100330,0,16.0736,16.0922,15.7568,15.8406,5397452.61200001
20100331,0,15.822,15.9245,15.7474,15.8034,7240481.775
20100401,0,15.9338,16.2133,15.7847,15.8872,7162881.479
20100405,0,15.9618,16.2693,15.9152,16.1854,6521870.33
20100406,0,16.1668,16.4463,16.1668,16.3065,7458794.545
20100407,0,16.2227,16.3811,16.0084,16.0643,6577860.995
20100408,0,16.0363,16.3158,15.9524,16.2227,6213387.814
20100409,0,16.2133,16.3531,16.1574,16.2972,4521484.559
20100412,0,16.3158,16.5488,16.2413,16.2693,5450462.39800001
20100413,0,16.1854,16.3438,16.1202,16.3158,4616629.668
20100414,0,16.3811,16.5208,16.2506,16.437,6053367.744
20100415,0,16.409,16.5208,16.3065,16.3438,5743864.507
20100416,0,16.2879,16.3811,15.9804,16.0829,5697318.936
20100419,0,15.999,16.2413,15.999,16.1015,7174422.757
20100420,0,16.2133,16.2693,16.0922,16.204,5235622.843
20100421,0,16.1854,16.2693,16.1202,16.2599,6325222.343
20100422,0,16.0736,16.2879,16.0549,16.2786,8550630.311
20100423,0,16.232,16.5674,16.1854,16.5674,5046475.208
20100426,0,16.6513,16.9867,16.5954,16.6699,15267418
20100427,0,17.611,18.2354,17.5272,17.7042,33764086
20100428,0,17.7229,17.7881,17.1079,17.3688,15276171.843
20100429,0,17.4247,17.6483,17.1917,17.3874,8688009.50200001
20100430,0,17.3967,17.5086,16.9681,17.0054,11849848.486
20100503,0,17.1451,17.2011,16.9402,16.9774,7761057.146
20100504,0,16.8004,16.8004,16.409,16.5861,11353158.87
20100505,0,16.3997,16.6699,16.2693,16.3811,5626091.097
20100506,0,16.2693,16.4463,15.1884,16.0829,15496140.176
20100507,0,15.9804,16.0829,15.235,15.4213,15546723.02
20100510,0,16.0643,16.1947,15.9245,16.0829,10475383.532
20100511,0,15.9897,15.9897,15.4679,15.6449,9419329.735
20100512,0,15.6915,15.9618,15.6077,15.9059,7453894.66399999
20100513,0,15.822,16.0829,15.822,15.8686,8795098.001
20100514,0,15.7847,15.8499,15.4027,15.4959,11507214.813
20100517,0,15.5331,15.7661,15.235,15.4772,9330504.795
20100518,0,15.6449,15.7474,15.0486,15.0952,9929567.101
20100519,0,15.1511,15.2536,14.9554,14.9647,13970015.156
20100520,0,14.6666,14.8622,14.3311,14.4243,11500939.809
20100521,0,14.1634,14.825,14.1634,14.825,11400749.571
20100524,0,14.7225,14.8063,14.5268,14.5361,5952061.39
20100525,0,14.21,14.6293,14.1168,14.62,9539720.203
20100526,0,14.6666,14.9741,14.5361,14.6013,10381214.666
20100527,0,14.825,15.1511,14.7411,15.1511,7285560.258
20100528,0,15.1604,15.207,14.8156,14.8622,5066823.018
20100601,0,14.7784,15.002,14.62,14.6293,8216931.311
20100602,0,14.7038,14.7784,14.592,14.6945,8578624.872
20100603,0,14.7411,15.0579,14.7131,15.0393,6154406.86600001
20100604,0,14.6852,14.9088,14.5268,14.5547,10151887.62
20100607,0,14.6572,14.7411,14.2286,14.2566,9288526.164
20100608,0,14.3404,14.387,14.0702,14.3777,9209857.651
20100609,0,14.4429,14.7131,14.3032,14.4802,6861347.551
20100610,0,14.6479,14.9834,14.6479,14.9741,6578225.312
20100611,0,14.7877,15.002,14.7877,14.9741,5249736.297
20100614,0,15.1325,15.1977,14.825,14.825,5401620.005
20100615,0,15.002,15.2536,14.9741,15.2536,8882269.22
20100616,0,15.2068,15.291,15.0572,15.1974,4385212.506
20100617,0,15.2536,15.2816,15.0665,15.2161,2963367.775
20100618,0,15.1787,15.291,15.1039,15.1507,3864300.243
20100621,0,15.3377,15.4312,14.8888,14.9636,4519696.222
20100622,0,14.9636,15.0385,14.7392,14.7579,4793812.188
20100623,0,14.6924,14.8608,14.5054,14.7766,4590666.297
20100624,0,14.7111,14.7766,14.4773,14.496,5790629.469
20100625,0,14.5895,15.001,14.4212,14.9543,8355484.858
20100628,0,15.0478,15.0572,14.7298,14.7298,4646244.357
20100629,0,14.5241,14.5241,13.8694,13.9816,11143686.619
20100630,0,14.0378,14.1406,13.9068,13.9629,7923315.76200001
20100701,0,13.9442,14.1313,13.7011,14.0752,8940018.239
20100702,0,14.1687,14.2342,13.8694,13.9536,5130963.208
20100706,0,14.1874,14.4399,13.9629,14.0845,4937018.483
20100707,0,14.1593,14.8234,14.1593,14.7485,8786571.252
20100708,0,14.8327,14.9169,14.4867,14.6176,8679284.995
20100709,0,14.655,14.8514,14.5428,14.8327,4099190.336
20100712,0,14.7672,14.9356,14.7018,14.8701,3528102.173
20100713,0,14.9636,15.0385,14.7672,14.9543,8602515.753
20100714,0,14.9917,14.9917,14.7859,14.9262,3675654.834
20100715,0,14.9075,14.9917,14.6644,14.9543,6430069.342
20100716,0,14.8046,14.814,14.2342,14.337,9218163.463
20100719,0,14.3651,14.496,14.2435,14.3651,5110033.183
20100720,0,14.1593,14.6831,14.1593,14.6737,4044135.2796
20100721,0,14.7672,14.7859,14.3557,14.4306,5437594.065
20100722,0,14.5615,15.132,14.5615,15.0197,10143890.4659
20100723,0,14.9917,15.2816,14.8982,15.2629,4798084.348
20100726,0,15.3097,15.6276,15.2442,15.5622,9389612
20100727,0,15.8989,16.0953,15.4967,15.5996,9653092
20100728,0,15.5435,15.5622,15.3658,15.4125,5603720.3424
20100729,0,15.4874,15.5902,15.1039,15.3564,8676399.359
20100730,0,14.7953,15.3751,14.7953,15.1881,7207650.922
20100802,0,15.3751,15.5154,15.0291,15.2161,7704732.599
20100803,0,15.1974,15.2161,14.9543,15.001,5911144.323
20100804,0,15.001,15.1039,14.8046,15.0946,4527131.429
20100805,0,15.0197,15.2349,15.0197,15.16,2913587.947
20100806,0,15.001,15.2629,14.9356,15.2442,4737511.979
20100809,0,15.2816,15.5061,15.2723,15.4967,4185491.218
20100810,0,15.3377,15.5809,15.2349,15.4406,4860923.158
20100811,0,15.1787,15.1787,14.9543,15.0104,4406379.301
20100812,0,14.7953,15.1133,14.7579,15.0478,5173375.106
20100813,0,14.9449,15.1226,14.9169,14.9356,3198442.38
20100816,0,14.8514,15.1787,14.7953,15.0478,2658972.718
20100817,0,15.1881,15.3751,15.1133,15.1133,3669052.921
20100818,0,15.1039,15.3284,15.0197,15.2161,2564447.252
20100819,0,15.1039,15.16,14.9169,15.0104,4525197.654
20100820,0,14.9169,15.0572,14.8514,14.9169,3443465.032
20100823,0,14.9543,15.0385,14.814,14.8234,2466598.539
20100824,0,14.5989,14.7859,14.5147,14.5615,4190039.641
20100825,0,14.468,14.8982,14.4119,14.8421,3861171.905
20100826,0,14.9169,14.973,14.7298,14.7672,3117987.671
20100827,0,14.8701,14.9917,14.5708,14.9917,3491819.208
20100830,0,14.9543,15.1133,14.8982,14.9356,4526191.72
20100831,0,14.8982,15.0104,14.5615,14.655,4999550.136
20100901,0,14.8701,15.2068,14.7111,15.1974,5487028.394
20100902,0,15.2536,15.4219,15.1226,15.3845,3105962.304
20100903,0,15.5154,15.6089,15.3003,15.3938,3718913.334
20100907,0,15.4125,15.4125,15.1226,15.132,3048566.891
20100908,0,15.1413,15.3003,15.1226,15.16,2915138.745
20100909,0,15.3845,15.4032,15.1413,15.2536,3797874.551
20100910,0,15.2723,15.3658,15.1226,15.2816,3149682.36926
20100913,0,15.4406,15.6557,15.3471,15.6557,4937900.722
20100914,0,15.5996,16.0204,15.4967,15.9924,9208638.678
20100915,0,15.9269,16.0391,15.8521,16.0204,6125041.983
20100916,0,15.983,16.0579,15.8334,16.0391,3603818.409
20100917,0,16.0766,16.0859,15.7586,15.8521,4713324.753
20100920,0,15.8989,16.3665,15.8989,16.3478,5201946.097
20100921,0,16.3384,16.4039,16.1046,16.2075,4517494.82600001
20100922,0,16.1794,16.3291,16.0298,16.0298,5404349.029
20100923,0,15.9737,16.1607,15.8428,15.8428,7644019.538
20100924,0,16.0485,16.4506,16.0485,16.4039,5582105.05499999
20100927,0,16.4413,16.7032,16.3945,16.4881,7268404.25999999
20100928,0,16.4881,16.6003,16.2542,16.2542,8256632.289
20100929,0,16.2262,16.3571,16.1794,16.2636,7244699.608
20100930,0,16.4325,16.639,16.3386,16.5826,7189469.913
20101001,0,16.7422,17.0143,16.4794,16.5826,5785579.066
20101004,0,16.5357,16.6953,16.2917,16.348,4211900.892
20101005,0,16.4606,16.883,16.3293,16.8548,5460947.94
20101006,0,16.8642,16.8923,16.4888,16.5639,3360979.168
20101007,0,16.6765,16.7234,16.4606,16.4982,3337174.037
20101008,0,16.5357,16.6859,16.4231,16.639,2410631.59
20101011,0,16.7422,16.836,16.639,16.7516,2304546.469
20101012,0,16.6859,16.7234,16.348,16.639,5055454.197
20101013,0,16.7234,16.7422,16.2917,16.5545,9146443.61
20101014,0,16.5076,16.7985,16.5076,16.6577,3331125.885
20101015,0,16.7797,16.8548,16.639,16.7891,3602795.09
20101018,0,16.7516,16.9111,16.714,16.9111,2722256.796
20101019,0,16.6859,16.7985,16.5076,16.6014,3885041.955
20101020,0,16.6014,16.8923,16.6014,16.8454,3167851.543
20101021,0,16.8642,17.0613,16.7328,16.8642,2969232.43
20101022,0,16.836,16.883,16.714,16.7985,2789908.944
20101025,0,16.883,17.08,16.8548,16.9862,2643997
20101026,0,16.8923,16.9956,16.761,16.8173,5298940
20101027,0,16.8548,17.3146,16.761,17.1551,11001038.811
20101028,0,17.249,17.4554,17.1926,17.202,7528399.756
20101029,0,17.127,17.1363,16.5076,16.517,11754532.155
20101101,0,16.714,16.8923,16.517,16.5263,10200028.099
20101102,0,16.7328,16.8736,16.3762,16.4137,12128535.288
20101103,0,16.4325,16.6014,16.2636,16.3574,13714647.573
20101104,0,16.5451,17.0613,16.4888,17.0613,19965726.016
20101105,0,17.0894,17.1363,16.8736,17.1363,9493719.38200001
20101108,0,17.005,17.1363,16.9393,17.08,6524556.80699999
20101109,0,17.1363,17.4273,17.0706,17.3616,8384134.62699999
20101110,0,17.3334,17.6337,17.1926,17.6337,8108726.237
20101111,0,17.4085,17.5493,17.2396,17.4554,7402354.62999999
20101112,0,17.3897,17.4273,16.9299,16.9956,5679200.94
20101115,0,17.0706,17.249,16.958,16.9768,4359739.76
20101116,0,16.7516,16.8642,16.4419,16.5545,7532628.80799999
20101117,0,16.5826,16.6296,16.3668,16.4231,4012204.707
20101118,0,16.592,16.9205,16.5357,16.7328,8480535.994
20101119,0,16.8079,17.0237,16.639,16.9862,5444401.919
20101122,0,16.8642,17.0894,16.8173,17.08,5408761.55
20101123,0,16.8642,16.9862,16.7516,16.836,5245432.356
20101124,0,16.9393,17.1457,16.8923,17.1457,3581054.486
20101126,0,17.005,17.127,16.9299,17.127,2343742.588
20101129,0,16.8736,16.9299,16.4794,16.7703,4552118.721
20101130,0,16.5263,16.6765,16.517,16.5733,3824923.608
20101201,0,16.7234,17.0237,16.7234,16.9205,4313703.26099999
20101202,0,16.9205,17.0988,16.9017,17.0988,4216642.194
20101203,0,17.0331,17.1926,16.9956,17.1457,6229549.882
20101206,0,17.1176,17.2771,17.0519,17.2583,4168117.29
20101207,0,17.3991,17.446,17.1833,17.202,4138134.653
20101208,0,17.2583,17.5117,17.127,17.5023,7148736.956
20101209,0,17.5586,17.6994,17.3991,17.446,4331927.596
20101210,0,17.5211,17.6431,17.4836,17.568,2578852.942
20101213,0,17.5493,17.7276,17.5399,17.6056,3396895.838
20101214,0,17.6431,17.8026,17.5962,17.6431,3443136.904
20101215,0,17.5399,17.6056,17.3616,17.3991,6295707.43
20101216,0,17.5781,17.5781,17.2107,17.2201,7418497.544
20101217,0,17.2201,17.352,17.1447,17.2389,3570680.884
20101220,0,17.2955,17.352,17.1165,17.286,3096198.794
20101221,0,17.3802,17.3802,17.2013,17.3143,4005423.87
20101222,0,17.3331,17.3991,17.1824,17.3991,4255597.604
20101223,0,17.352,17.4179,17.1447,17.1918,1927493.705
20101227,0,17.1165,17.4273,17.1165,17.4179,1524037.356
20101228,0,17.4744,17.5121,17.2107,17.2295,2866169.35
20101229,0,17.2672,17.4368,17.2201,17.3331,2384558.061
20101230,0,17.352,17.5686,17.3049,17.4839,2615236.887
20101231,0,17.465,17.6252,17.3991,17.4933,2062071.819
20110103,0,17.5121,17.7853,17.5121,17.6534,5697554.046
20110104,0,17.6628,17.8136,17.5121,17.531,4352653.703
20110105,0,17.4368,17.8607,17.3237,17.823,8004252.657
20110106,0,17.757,18.2846,17.7288,18.2657,6822351.115
20110107,0,18.2375,18.3505,17.9549,18.0868,3908127.004
20110110,0,17.9737,18.0868,17.7382,17.9454,4200470.929
20110111,0,17.9831,18.1904,17.9266,18.1244,2855071.133
20110112,0,18.2186,18.2375,17.9925,18.0302,5340974.124
20110113,0,18.0585,18.0585,17.8512,18.0114,2774765.43
20110114,0,18.0114,18.1433,17.9266,18.1339,3911985.892
20110118,0,18.1621,18.2657,18.1244,18.1715,3339040.59
20110119,0,18.1433,18.2281,17.9549,17.9737,3658127.941
20110120,0,18.0396,18.1056,17.8701,18.0773,6643640.931
20110121,0,18.2563,18.294,18.0679,18.181,3328428.998
20110124,0,18.1339,18.8027,18.0396,18.5578,10179351.816
20110125,0,18.5201,18.5766,18.3599,18.5389,4556800.898
20110126,0,18.5672,19.0288,18.5672,18.9817,7604769.508
20110127,0,18.9346,19.1701,18.8404,19.1418,5826073.135
20110128,0,19.1607,19.3396,18.586,18.5954,7816060.798
20110131,0,18.6049,19.0853,18.3034,19.0665,10211798
20110201,0,19.2549,19.3114,19.0288,19.0853,7787483
20110202,0,19.0759,19.6034,19.0099,19.5751,10924615.208
20110203,0,19.4904,19.5375,19.2737,19.4998,8059602.241
20110204,0,19.4904,19.7824,19.4809,19.7353,5063147.941
20110207,0,19.7447,20.2722,19.7259,19.9519,11715182.392
20110208,0,19.8954,20.1592,19.8766,20.1592,6218509.137
20110209,0,20.1309,20.3288,19.7635,19.7824,5496996.591
20110210,0,19.7259,20.0933,19.6599,19.999,5564579.89
20110211,0,19.9614,20.2063,19.8106,20.1592,3575959.406
20110214,0,20.1686,20.2722,20.1215,20.2251,2776805.043
20110215,0,20.1121,20.1875,20.0085,20.0556,3501396.608
20110216,0,20.1027,20.2534,19.999,20.2251,2902297.507
20110217,0,20.1215,20.4041,20.0273,20.2628,3790955.347
20110218,0,20.2817,20.4418,20.178,20.4135,4212262.3
20110222,0,20.1498,20.3476,19.886,19.886,4755109.682
20110223,0,19.8672,19.9802,19.5751,19.7447,7024697.2
20110224,0,19.8012,19.886,19.6788,19.7824,9054244.333
20110225,0,19.8672,20.5266,19.8389,20.4418,4968474.812
20110228,0,20.4135,20.7244,20.3759,20.715,6470002.539
20110301,0,20.6679,20.7527,20.2157,20.2722,5303066.736
20110302,0,20.2346,20.5077,20.1121,20.3947,3795260.795
20110303,0,20.5925,20.7527,20.5266,20.6302,6002937.436
20110304,0,20.5925,20.7244,20.3947,20.4418,7549580.88600001
20110307,0,20.5737,20.6679,20.178,20.3476,6716822.453
20110308,0,20.357,20.536,20.1969,20.4324,6629102.311
20110309,0,20.4324,20.6019,20.2817,20.3476,4443194.904
20110310,0,20.178,20.244,19.8577,19.9331,5015092.314
20110311,0,19.9614,20.0838,19.7824,19.9237,6518122.598
20110314,0,19.7353,19.8577,19.528,19.7447,5249102.513
20110315,0,19.1701,19.7259,19.1418,19.594,9207323.33
20110316,0,19.5562,19.8492,19.1876,19.2726,9012170.903
20110317,0,19.6791,19.7169,19.3955,19.4617,5818020.82699999
20110318,0,19.698,20.0288,19.698,19.9248,6422471.158
20110321,0,20.1328,20.3029,19.9815,20.1611,4119646.114
20110322,0,20.1517,20.3596,20.1517,20.2178,2804436.71
20110323,0,20.1233,20.3974,20.0194,20.3218,3443020.042
20110324,0,20.4069,20.5865,20.2273,20.5392,3620721.222
20110325,0,20.5203,20.785,20.4541,20.5865,3312855.361
20110328,0,20.5014,20.7661,20.4636,20.6432,3391482.981
20110329,0,20.5676,20.5865,19.9154,20.0572,9113791.34499999
20110330,0,20.0855,20.1233,19.9059,19.9626,7171769.749
20110331,0,19.9532,20.0004,19.6129,19.6602,7743662.76
20110401,0,19.9532,19.9532,19.2537,19.6413,10507768.26
20110404,0,19.6602,19.7358,19.594,19.6696,4981781.308
20110405,0,19.6507,19.7074,19.5184,19.5373,6048410.807
20110406,0,19.6129,19.8681,19.4995,19.8398,5823449.8
20110407,0,19.8114,19.9437,19.7169,19.8303,4226954.215
20110408,0,19.887,19.9437,19.5373,19.6035,3085780.213
20110411,0,19.594,19.7452,19.594,19.7074,2526708.081
20110412,0,19.5751,19.7641,19.4711,19.5278,2082959.736
20110413,0,19.5846,19.8303,19.5562,19.7641,3482223.511
20110414,0,19.6129,19.8492,19.4711,19.8114,3020287.485
20110415,0,19.7831,19.9343,19.5373,19.9154,5310668.90000001
20110418,0,19.7074,19.9248,19.6318,19.8681,5505833.397
20110419,0,19.8492,20.1706,19.8398,20.0004,4387570.841
20110420,0,20.2367,20.4447,20.0383,20.1139,5859534.551
20110421,0,20.1895,20.3029,20.0761,20.18,5749370.746
20110425,0,20.1422,20.2935,20.0761,20.1706,4249376
20110426,0,20.2935,20.681,20.2651,20.3407,4982279
20110427,0,19.9721,20.1895,19.6413,20.1328,6918700.465
20110428,0,20.0855,20.3313,20.0383,20.2651,3958300.936
20110429,0,20.2746,20.4163,20.0572,20.1044,4470613.617
20110502,0,20.1611,20.3124,20.0572,20.0855,2951024.324
20110503,0,20.0288,20.0666,19.7736,19.802,4706063.719
20110504,0,19.8303,19.8965,19.5751,19.594,4373720.624
20110505,0,19.5278,19.7074,19.4239,19.5184,3775428.07
20110506,0,19.7736,19.8965,19.5089,19.6035,2895531.558
20110509,0,19.5751,19.8776,19.5278,19.7169,3862694.147
20110510,0,19.7641,19.8965,19.6602,19.8776,2782609.775
20110511,0,19.8209,20.0383,19.6129,19.7452,3809716.982
20110512,0,19.7169,19.9154,19.6224,19.8398,2697310.758
20110513,0,19.8303,19.9059,19.5278,19.5657,2788079.171
20110516,0,19.5468,19.6602,19.4239,19.4711,3273956.484
20110517,0,19.4144,19.5373,19.301,19.4239,3782934.486
20110518,0,19.4333,19.6413,19.3955,19.5278,2697329.882
20110519,0,19.6885,19.698,19.4617,19.5751,3771335.86
20110520,0,19.5751,19.6885,19.4239,19.49,2416940.765
20110523,0,19.2537,19.2726,19.0458,19.1592,2945189.136
20110524,0,19.1403,19.3577,19.0458,19.301,3863563.144
20110525,0,19.1403,19.5751,19.1214,19.4428,3886477.214
20110526,0,19.3766,19.3955,19.1309,19.2821,4217015.759
20110527,0,19.3577,19.4239,19.0552,19.2443,4765883.56
20110531,0,19.4711,19.5184,19.2443,19.4333,3926609.732
20110601,0,19.3955,19.4239,19.1309,19.1403,5078440.906
20110602,0,19.112,19.2821,18.9796,19.2159,4766075.653
20110603,0,18.9513,19.0647,18.6677,18.7339,4883901.999
20110606,0,18.6677,18.9135,18.6677,18.8662,5633189.746
20110607,0,18.9796,19.1592,18.7433,19.0269,5692037.78100001
20110608,0,18.9607,18.9796,18.6583,18.7528,4479173.721
20110609,0,18.7339,18.9324,18.6394,18.904,2937140.299
20110610,0,18.7811,18.8757,18.4787,18.5637,3852941.35
20110613,0,18.5921,18.8379,18.5826,18.6772,4619056.946
20110614,0,18.8284,19.0363,18.7622,19.0174,4738075.543
20110615,0,18.8941,18.9416,18.6664,18.7328,4777955.797
20110616,0,18.7423,18.7423,18.5335,18.6379,4025097.371
20110617,0,18.7897,18.9131,18.6758,18.7043,5158876.368
20110620,0,18.6569,18.9226,18.6284,18.7707,3132936.06
20110621,0,18.8656,19.0175,18.7707,18.9416,3902895.605
20110622,0,18.8372,18.8751,18.5904,18.5904,6374701.894
20110623,0,18.4006,18.505,18.2583,18.4386,7968701.904
20110624,0,18.4101,18.5145,18.2393,18.2583,6655457.912
20110627,0,18.3057,18.4671,18.2488,18.3627,3577473.25
20110628,0,18.4576,18.6948,18.4481,18.5999,5487001.289
20110629,0,18.7233,18.9036,18.6094,18.8846,5543391.912
20110630,0,19.0175,19.1408,18.8941,19.008,4287841.983
20110701,0,18.9795,19.2547,18.8277,19.2168,4349619.622
20110705,0,19.0744,19.1029,18.3342,18.3627,10514474.116
20110706,0,18.2868,18.5904,18.2203,18.5335,6158675.871
20110707,0,18.7043,18.7802,18.5715,18.6569,5485402.327
20110708,0,18.524,18.8656,18.505,18.7613,5528661.77
20110711,0,18.5145,18.6758,18.4006,18.4386,4694071.072
20110712,0,18.4576,18.486,18.2108,18.2203,4469726.908
20110713,0,18.3437,18.4291,18.1254,18.1824,3889258.327
20110714,0,18.2298,18.4101,17.9926,18.04,4680010.069
20110715,0,18.097,18.1824,17.9546,18.1065,5250258.029
20110718,0,18.0305,18.2014,17.8597,18.1349,5238882.924
20110719,0,18.2203,18.4386,18.1539,18.4196,3894011.579
20110720,0,18.4291,18.4481,18.2108,18.2488,2756485.823
20110721,0,18.3722,18.5525,18.2868,18.4006,5888111.232
20110722,0,18.4196,18.5715,18.3342,18.3627,2747179.528
20110725,0,18.2014,18.3817,18.1539,18.2298,2968666
20110726,0,18.9795,19.492,18.6758,19.2452,10451394
20110727,0,19.1693,19.2642,18.524,18.562,6584943.149
20110728,0,18.524,18.6664,18.3342,18.3817,3683146.538
20110729,0,18.2014,18.5715,18.059,18.4481,5198583.22
20110801,0,18.5145,18.5715,18.0021,18.097,6398891.112
20110802,0,17.9736,18.1919,17.5086,17.5371,7226597.846
20110803,0,17.4991,17.9926,17.148,17.9167,10209081.689
20110804,0,17.7269,17.7269,16.9392,16.9582,7488734.368
20110805,0,17.148,17.1954,16.4458,16.9392,9800144.371
20110808,0,16.4647,16.6071,15.6107,15.6296,10991191.678
20110809,0,15.8574,16.0092,15.0792,15.8574,17523803.951
20110810,0,15.5537,16.199,15.3734,15.5537,12336840.61
20110811,0,15.6581,16.4932,15.6107,16.3509,7240805.669
20110812,0,16.3983,16.5217,16.0092,16.0757,7686773.092
20110815,0,16.2085,16.2844,15.8859,16.2465,6814312.724
20110816,0,16.0472,16.2465,15.9333,16.1421,5117960.486
20110817,0,16.1516,16.3414,15.8479,16.0187,3993282.183
20110818,0,15.5252,15.753,15.0602,15.2216,9444366.561
20110819,0,15.0223,15.5347,14.9559,15.0033,8132630.29799999
20110822,0,15.3734,15.3829,15.0223,15.0792,7959465.574
20110823,0,15.1362,15.6676,15.0792,15.6581,6171080.343
20110824,0,15.6012,15.8479,15.4303,15.6486,7478298.822
20110825,0,15.734,15.9428,15.2216,15.2595,7778385.697
20110826,0,15.1741,15.5158,14.8705,15.4019,5831903.56
20110829,0,15.6486,15.6961,15.5252,15.6391,6953026.729
20110830,0,15.5632,15.734,15.4303,15.6391,6819444.73
20110831,0,15.7435,15.8289,15.5442,15.6391,8613843.33699999
20110901,0,15.715,15.9048,15.6961,15.7055,7679257.33799999
20110902,0,15.3449,15.4683,15.1646,15.1931,4301647.055
20110906,0,14.7091,14.9938,14.5098,14.8705,6860660.71
20110907,0,15.0792,15.326,15.0128,15.326,5551818.366
20110908,0,15.2216,15.4778,15.1646,15.2216,5990827.59900001
20110909,0,15.0792,15.3354,14.7186,14.7756,7131458.419
20110912,0,14.5478,14.9748,14.4814,14.9653,6496451.105
20110913,0,15.0128,15.2406,14.8989,15.2121,6282083.253
20110914,0,15.2975,15.6486,15.1362,15.4968,5939316.644
20110915,0,15.6296,15.8004,15.4778,15.6296,4799055.055
20110916,0,15.7435,15.8764,15.4968,15.6201,4511870.848
20110919,0,15.4019,15.5537,15.2595,15.4303,3401163.095
20110920,0,15.4968,15.9808,15.4019,15.4209,5022189.924
20110921,0,15.4968,15.7815,15.2026,15.2406,9417495.805
20110922,0,14.7829,15.0118,14.3632,14.5635,9437540.541
20110923,0,14.4967,14.5826,14.306,14.3823,6742199.091
20110926,0,14.5444,14.821,14.4681,14.8019,7416106.41
20110927,0,15.193,15.4219,14.8973,15.2502,10440410.257
20110928,0,15.2407,15.4695,15.0499,15.0881,11602360.652
20110929,0,15.3742,15.4028,14.7829,15.0881,8600526.552
20110930,0,14.4014,14.9545,14.3537,14.5826,7702049.956
20111003,0,14.4395,14.8019,14.2011,14.2202,7508081.57
20111004,0,13.9913,14.4395,13.8768,14.3441,7956939.54599999
20111005,0,14.4204,14.6017,14.2297,14.5826,4947654.084
20111006,0,14.5635,14.9831,14.554,14.9259,8378580.288
20111007,0,14.945,15.2979,14.8687,15.1167,7015131.374
20111010,0,15.4123,15.6031,15.3551,15.6031,3568067.807
20111011,0,15.4409,15.7843,15.4409,15.6603,4457976.872
20111012,0,15.8129,16.0227,15.7843,15.8797,5273339.627
20111013,0,15.7175,15.8034,15.5935,15.7175,3720683.448
20111014,0,15.9273,15.956,15.7652,15.956,4986352.574
20111017,0,16.0323,16.0799,15.708,15.7843,4970091.368
20111018,0,15.8606,16.3279,15.6794,16.1944,6028938.052
20111019,0,16.1753,16.2039,15.6603,15.7747,5906721.61
20111020,0,15.8892,16.0227,15.5935,15.9464,4515802.896
20111021,0,16.1562,16.3947,16.1086,16.3947,5302213.954
20111024,0,16.4328,16.7762,16.347,16.7666,5010751
20111025,0,16.5663,16.7094,16.2516,16.2516,5545794
20111026,0,16.5377,16.6808,15.9273,16.4614,7042841.666
20111027,0,17.2721,17.2721,16.7762,17.11,7024350.59900001
20111028,0,17.1481,17.3198,17.0241,17.1481,4716657.935
20111031,0,16.8811,17.0146,16.6713,16.6713,4190961.94600001
20111101,0,16.1658,16.49,16.0227,16.1848,5935334.71
20111102,0,16.4614,16.5663,16.2707,16.49,5223517.378
20111103,0,16.6713,16.7666,16.3661,16.738,4605654.825
20111104,0,16.595,16.6426,16.3088,16.5282,4088526.004
20111107,0,16.5377,16.6522,16.3088,16.5568,3807417.497
20111108,0,16.6713,16.862,16.471,16.8525,4277316.75
20111109,0,16.4137,16.5663,16.2135,16.2516,5734273.851
20111110,0,16.4042,16.49,15.9178,15.9846,6336779.048
20111111,0,16.2611,16.614,16.2421,16.4996,3380152.381
20111114,0,16.4805,16.49,16.1181,16.1562,2311641.19
20111115,0,16.1276,16.3374,16.0513,16.2898,3183160.34
20111116,0,16.1562,16.1658,15.6794,15.708,5163445.773
20111117,0,15.6508,15.8415,15.317,15.3742,4811982.529
20111118,0,15.5077,15.584,15.3551,15.4409,3779690.538
20111121,0,15.1739,15.6603,15.1262,15.6031,7360144.809
20111122,0,15.6031,15.9083,15.584,15.6984,8074753.367
20111123,0,15.584,15.7557,15.46,15.46,7577844.106
20111125,0,15.3933,15.6698,15.3933,15.5458,2310512.854
20111128,0,15.9369,15.9846,15.6794,15.9273,3991735.059
20111129,0,15.9464,16.0704,15.8606,15.9273,4138477.198
20111130,0,16.3565,16.6617,16.1944,16.6522,5095222.728
20111201,0,16.4137,16.6808,16.3565,16.5663,6003764.886
20111202,0,16.6713,16.862,16.6045,16.6617,5064884.826
20111205,0,16.9001,17.1004,16.8525,16.986,6239377.055
20111206,0,17.0241,17.0814,16.862,17.0146,4409109.955
20111207,0,16.9288,17.0814,16.7476,17.0146,3946516.986
20111208,0,16.9001,17.0718,16.7952,16.8239,5932969.061
20111209,0,16.9574,17.3198,16.9001,17.2721,5409039.577
20111212,0,17.1672,17.1672,16.6713,16.7571,6745438.857
20111213,0,17.1195,17.1672,16.5663,16.6426,8047042.078
20111214,0,16.595,16.6045,16.4519,16.595,6510889.56
20111215,0,16.8059,16.8059,16.4897,16.6238,6962089.282
20111216,0,16.8538,17.3329,16.825,17.0454,10253494.58
20111219,0,17.1412,17.1891,16.7676,16.8059,4815930.152
20111220,0,17.0837,17.5532,17.0837,17.4958,6313726.777
20111221,0,17.4766,17.5245,17.2275,17.3424,3898537.511
20111222,0,17.4958,17.6299,17.4287,17.5149,4811094.631
20111223,0,17.582,17.6778,17.467,17.6778,2140555.254
20111227,0,17.6491,17.6778,17.5628,17.6011,1843996.015
20111228,0,17.6299,17.6682,17.3329,17.4095,2582619.127
20111229,0,17.4958,17.697,17.4383,17.6682,2569757.055
20111230,0,17.697,17.7065,17.4574,17.5149,2020012.087
20120103,0,17.9844,18.0227,17.7545,17.764,5105526.842
20120104,0,17.697,17.7928,17.4478,17.5437,4271022.118
20120105,0,17.4766,17.6395,17.3041,17.6107,2865833.82
20120106,0,17.5532,17.6395,17.4095,17.5245,3486245.226
20120109,0,17.5245,17.6586,17.4478,17.6107,3970424.278
20120110,0,17.7928,18.0515,17.7065,17.8215,7287693.87
20120111,0,17.7545,18.0227,17.6491,18.0227,3187098.724
20120112,0,18.0515,18.2048,17.9844,18.1665,3872340.789
20120113,0,18.0131,18.0994,17.9844,18.0419,5222832.482
20120117,0,18.176,18.2623,17.697,17.7449,6109696.047
20120118,0,17.7449,18.0802,17.5916,18.0036,3658043.455
20120119,0,18.0515,18.3868,17.879,18.3293,5190244.588
20120120,0,18.291,18.3964,18.1473,18.2239,4851827.175
20120123,0,18.2048,18.3677,18.0706,18.1377,2848682.207
20120124,0,18.0131,18.4731,17.9844,18.3581,3374488.164
20120125,0,18.3293,18.7509,18.2335,18.6934,4698062.77
20120126,0,18.7222,18.7222,18.3198,18.3198,3881529.57
20120127,0,18.2431,18.4347,18.2048,18.3772,2353305.412
20120130,0,18.2048,18.291,18.0802,18.2527,2666909.701
20120131,0,18.3293,18.3485,18.1185,18.3102,2753607.795
20120201,0,18.3964,18.4922,18.2814,18.3772,5155750.455
20120202,0,18.4252,18.4922,18.2527,18.3772,3459084.184
20120203,0,18.5497,18.9138,18.4922,18.9138,5214491.563
20120206,0,18.6839,18.7222,18.3677,18.6839,5924563
20120207,0,18.6743,18.9905,18.5689,18.8851,6354817
20120208,0,17.2945,17.6299,16.9209,16.9496,37995986.208
20120209,0,17.0454,17.1029,16.9113,16.9975,8366104.65000001
20120210,0,16.8921,16.9784,16.7292,16.8346,10457222.559
20120213,0,16.9975,17.1029,16.8825,16.8825,10869262.423
20120214,0,16.9017,16.9975,16.6813,16.9688,9895832.65900001
20120215,0,17.0071,17.0167,16.8059,16.9017,14383994.306
20120216,0,16.9113,17.0646,16.8634,17.055,10064982.272
20120217,0,17.1604,17.2466,17.0742,17.2275,5405584.68
20120221,0,17.2658,17.2754,16.9113,16.9592,4318313.74
20120222,0,16.9975,17.2754,16.8825,17.2562,6757654.865
20120223,0,17.285,17.3329,17.1029,17.1221,6463462.123
20120224,0,17.1412,17.1987,17.0358,17.1317,5532664.496
20120227,0,16.94,17.2466,16.8825,17.2371,5894110.164
20120228,0,17.2371,17.2371,16.9975,17.0263,8798068.547
20120229,0,17.0742,17.1604,16.7005,16.7292,8128913.642
20120301,0,16.8059,16.9017,16.7101,16.758,7673588.528
20120302,0,16.758,16.7676,16.5089,16.5472,8272180.276
20120305,0,16.5663,16.6047,16.3651,16.4322,6868859.813
20120306,0,16.2789,16.4322,16.2789,16.346,6800683.294
20120307,0,16.3939,16.5951,16.3651,16.5376,5707008.729
20120308,0,16.6717,16.8059,16.6047,16.6813,6585229.299
20120309,0,16.6622,16.9879,16.6238,16.9592,8855804.827
20120312,0,16.8825,17.1412,16.825,17.0646,8504688.74900001
20120313,0,17.1125,17.352,17.0742,17.352,8381941.566
20120314,0,17.4098,17.5833,17.2846,17.4098,6971201.86599999
20120315,0,17.3713,17.5158,17.2942,17.3713,8414030.75699999
20120316,0,17.3328,17.4966,17.2942,17.3713,5456170.35899999
20120319,0,17.3617,17.4098,17.2268,17.3328,7197444.81699999
20120320,0,17.275,17.3135,17.1112,17.169,5453260.17699999
20120321,0,17.1497,17.1593,16.9666,16.9666,7312423.58399999
20120322,0,16.9474,17.2075,16.9088,17.0726,3861685.478
20120323,0,17.0823,17.3135,17.0148,17.2846,4866831.162
20120326,0,17.3328,17.5544,17.2846,17.5447,5179918.90999999
20120327,0,17.5833,17.6314,17.458,17.458,3967592.03299999
20120328,0,17.4387,17.4676,17.1593,17.246,4103496.54399999
20120329,0,17.1208,17.246,17.1015,17.2364,3646154.555
20120330,0,17.3424,17.3424,16.9281,16.9377,5877259.229
20120402,0,16.8992,17.5351,16.8896,17.4195,7631103.481
20120403,0,17.4869,17.5158,17.2653,17.3906,6128756.54799999
20120404,0,17.2557,17.3135,17.063,17.1593,3686828.032
20120405,0,17.5255,17.5351,17.1882,17.2653,6752013.04099999
20120409,0,17.0823,17.1304,16.9377,17.0148,3702840.66399999
20120410,0,16.9377,17.0437,16.6487,16.6776,4892763.202
20120411,0,16.7643,16.9474,16.7643,16.9185,3231701.341
20120412,0,16.957,17.169,16.9185,17.1304,3186249.622
20120413,0,17.0919,17.1401,16.9281,16.9281,2553968.778
20120416,0,16.9859,17.1304,16.957,17.063,4146253.307
20120417,0,17.1786,17.4387,17.1497,17.4002,4339777.443
20120418,0,17.2653,17.2846,17.0919,17.1208,5589182.984
20120419,0,17.1304,17.4387,17.1015,17.4098,7506937.497
20120420,0,17.4291,17.5255,17.3135,17.3424,4377469.31399999
20120423,0,17.2075,17.3713,17.0341,17.3424,9053999
20120424,0,17.1882,17.5255,17.063,17.4098,9362081
20120425,0,17.5447,17.7278,17.4484,17.6989,9149987.90799999
20120426,0,17.7374,17.7374,17.564,17.5833,5422505.97099999
20120427,0,17.7085,17.9879,17.5929,17.9108,6118851.25999999
20120430,0,17.8241,17.9494,17.6314,17.7181,4259117.385
20120501,0,17.7085,17.9976,17.6892,17.7663,3978325.32
20120502,0,17.6314,17.6603,17.3906,17.4195,9274311.53299999
20120503,0,17.4387,17.4676,17.1979,17.2364,5138638.031
20120504,0,17.1112,17.169,16.9763,17.063,5255595.451
20120507,0,17.063,17.1882,16.9281,16.957,7366495.32699999
20120508,0,16.8607,16.9666,16.7161,16.8992,7013361.14699999
20120509,0,16.7354,16.745,16.5716,16.6005,8984128.101
20120510,0,16.8029,16.8029,16.562,16.6294,7426188.29299999
20120511,0,16.5235,16.7258,16.4753,16.4849,7165026.44199999
20120514,0,16.3789,16.7836,16.3789,16.6969,7175402.20099999
20120515,0,16.6583,16.851,16.5138,16.5524,4782160.42699999
20120516,0,16.6391,16.7643,16.4753,16.4753,4929603.716
20120517,0,16.4849,16.4945,16.1862,16.2055,4194953.008
20120518,0,16.2151,16.3019,15.9165,15.9357,5056575.189
20120521,0,15.9454,16.3211,15.849,16.3019,4675149.171
20120522,0,16.3982,16.5235,16.2248,16.3019,3177209.554
20120523,0,16.2055,16.456,16.1477,16.4175,4250432.073
20120524,0,16.456,16.562,16.2633,16.3886,4112475.025
20120525,0,16.4367,16.456,16.244,16.2826,3228789.897
20120529,0,16.4078,16.4656,16.2055,16.4078,4995093.533
20120530,0,16.2151,16.3789,16.0128,16.0224,4807681.548
20120531,0,16.0032,16.0514,15.7141,15.8105,7710701.95499999
20120601,0,15.6371,15.6371,15.348,15.4058,6540525.07999999
20120604,0,15.3866,15.5118,15.2131,15.3577,4474439.463
20120605,0,15.2902,15.5407,15.2324,15.454,6067253.578
20120606,0,15.5214,15.743,15.4733,15.7334,9505068.606
20120607,0,15.9261,16.061,15.8876,15.9743,8662424.948
20120608,0,15.8972,15.9743,15.5793,15.5985,8199233.89099999
20120611,0,15.7527,15.7623,15.4347,15.4347,4213089.96199999
20120612,0,15.4829,15.666,15.4251,15.666,4234149.43499999
20120613,0,15.5011,15.695,15.3751,15.4235,4079570.716
20120614,0,15.4332,15.6271,15.3945,15.5593,4330471.108
20120615,0,15.6562,15.7531,15.5399,15.7531,7040239.498
20120618,0,15.6853,15.8889,15.598,15.8695,6151024.236
20120619,0,15.9373,16.1409,15.918,16.1021,4861688.06200001
20120620,0,16.1409,16.4027,16.0149,16.3833,8482079.817
20120621,0,16.4414,16.4608,16.1797,16.1894,8380742.35
20120622,0,16.2669,16.296,16.2088,16.2669,4247245.77300001
20120625,0,16.0537,16.1409,15.8889,15.918,3867119.934
20120626,0,15.8889,16.0052,15.7144,15.7435,4233234.222
20120627,0,15.7435,16.0343,15.7435,15.9858,3701371.196
20120628,0,15.8695,15.9567,15.7531,15.9276,4564751.156
20120629,0,16.2088,16.3154,16.0731,16.296,3852218.07
20120702,0,16.4317,16.5093,16.2766,16.4608,3045166.749
20120703,0,16.393,16.6256,16.393,16.6062,1600460.914
20120705,0,16.4608,16.5869,16.393,16.4511,3015543.505
20120706,0,16.3348,16.3736,16.17,16.3251,2320343.956
20120709,0,16.3057,16.4124,16.1506,16.4027,3548425.295
20120710,0,16.4317,16.5578,16.1215,16.1894,3891108.509
20120711,0,16.2088,16.3251,16.1312,16.2863,4811723.622
20120712,0,16.1312,16.1797,15.821,15.9567,5920128.47
20120713,0,15.9858,16.1991,15.8889,16.1506,3706017.627
20120716,0,16.17,16.3057,16.0634,16.2379,3522704.147
20120717,0,16.296,16.4124,16.1603,16.3542,3020047.505
20120718,0,16.3542,16.519,16.3348,16.4996,6243561.43
20120719,0,16.6353,16.6353,16.393,16.4414,5079591.66500001
20120720,0,16.3445,16.3736,16.1409,16.2185,6638988.226
20120723,0,16.0537,16.4511,15.8986,16.393,9156333
20120724,0,16.4317,16.9746,16.3057,16.771,15473392
20120725,0,16.7129,16.9455,16.4414,16.4608,6745054.50799999
20120726,0,16.7226,16.8389,16.5578,16.742,4484153.437
20120727,0,16.8195,17.1297,16.6935,17.0813,5252932.563
20120730,0,17.0813,17.1006,16.9358,17.0134,3012675.052
20120731,0,17.0328,17.0425,16.8389,16.8874,3665921.053
20120801,0,16.9358,16.9649,16.5384,16.5675,7617466.202
20120802,0,16.4802,16.5481,16.2476,16.4802,6693453.972
20120803,0,16.7032,16.8001,16.4899,16.7323,4099887.515
20120806,0,16.742,16.9649,16.742,16.8098,4493501.82200001
20120807,0,16.9068,17.2267,16.8874,17.0619,4445704.07500001
20120808,0,17.0619,17.1588,16.9068,17.1103,3948655.695
20120809,0,17.1297,17.2848,17.0037,17.0716,3688036.239
20120810,0,17.0134,17.1588,16.9843,17.0813,3346492.758
20120813,0,16.9455,17.0134,16.7226,16.9649,3058926.924
20120814,0,17.0328,17.2364,16.994,17.1006,4520696.138
20120815,0,17.0619,17.1782,17.0231,17.0328,3350647.303
20120816,0,17.1006,17.2558,17.0328,17.1685,2479547.26
20120817,0,17.2655,17.2751,17.0813,17.1394,3311789.86
20120820,0,17.1297,17.3818,17.091,17.2848,3696678.37600001
20120821,0,17.2945,17.3818,17.1394,17.2073,2589891.389
20120822,0,17.1588,17.1782,16.8195,16.9649,4398496.234
20120823,0,16.9358,16.9746,16.7807,16.8292,2109773.288
20120824,0,16.8195,16.9165,16.7323,16.868,2075201.881
20120827,0,16.9165,17.0231,16.8389,16.8486,2458915.012
20120828,0,16.8292,16.9455,16.7614,16.7904,3451333.534
20120829,0,16.8195,17.0328,16.7614,16.9843,3159714.783
20120830,0,16.868,16.9552,16.7904,16.8777,2885332.186
20120831,0,16.9455,17.1297,16.8098,17.12,3203885.34
20120904,0,17.0716,17.1879,16.9649,17.12,3483282.43800001
20120905,0,17.1103,17.1976,17.0425,17.1491,4213696.086
20120906,0,17.2267,17.5466,17.2073,17.5175,4547523.253
20120907,0,17.5466,17.6338,17.4206,17.5757,4443538.14800001
20120910,0,17.5951,17.7599,17.5272,17.692,4329059.026
20120911,0,17.6532,17.818,17.5854,17.7889,2829960.082
20120912,0,17.7599,17.9344,17.7599,17.915,4474187.364
20120913,0,17.8665,18.2349,17.7889,18.1282,4541985.389
20120914,0,18.2058,18.516,18.0992,18.516,6177456.06
20120917,0,18.4675,18.5548,18.3415,18.3706,4405266.78290001
20120918,0,18.4482,18.4482,18.1379,18.3221,4971074.25200001
20120919,0,18.3803,18.3803,18.0895,18.1089,5729044.945
20120920,0,17.9431,18.216,17.8359,18.2063,4233324.977
20120921,0,18.333,18.3914,18.1868,18.2063,3247975.3178
20120924,0,18.138,18.2647,18.099,18.1575,2163697.85
20120925,0,18.1673,18.255,17.8846,17.9041,4296399.656
20120926,0,17.9431,18.0893,17.7092,17.7579,5839069.377
20120927,0,17.8164,17.9626,17.6897,17.9626,4100440.477
20120928,0,17.8944,17.9236,17.7287,17.7677,3805312.077
20121001,0,17.8554,17.9139,17.5727,17.6605,4765360.576
20121002,0,17.7384,17.8164,17.6702,17.7482,3961782.689
20121003,0,17.8067,17.8456,17.6605,17.7969,3487449.41
20121004,0,17.8944,18.1283,17.8554,17.9626,4712681.31699999
20121005,0,18.0406,18.1185,17.9041,17.9723,2965041.751
20121008,0,17.9723,18.0503,17.8456,17.8846,2434333.478
20121009,0,17.8846,17.9528,17.7774,17.8164,3268862.583
20121010,0,17.8067,17.8651,17.4655,17.4948,4569594.383
20121011,0,17.602,17.7482,17.485,17.485,3652654.636
20121012,0,17.4753,17.6117,17.3778,17.4363,4067507.017
20121015,0,17.446,17.5143,17.3388,17.3876,3924585.242
20121016,0,17.4168,17.7092,17.4071,17.7092,4002773.438
20121017,0,17.7677,17.9528,17.6702,17.9334,3659398.125
20121018,0,17.9041,17.9918,17.7774,17.8359,2951525.145
20121019,0,17.8261,17.8846,17.2998,17.4753,4891720.324
20121022,0,17.4948,17.7092,17.4363,17.6897,4120025.987
20121023,0,17.4655,17.6312,17.3681,17.5825,3721114.131
20121024,0,17.6507,18.0406,17.485,17.5045,4154775.539
20121025,0,17.6799,17.7189,17.3583,17.3876,4800423
20121026,0,17.3973,17.6215,17.3876,17.4753,5445483.254
20121031,0,14.1128,14.3174,12.1635,12.4169,60764724.07
20121101,0,12.6703,12.7483,11.9393,11.9686,51195363.29
20121102,0,12.1343,12.183,11.6274,11.6372,25034677.97
20121105,0,11.8126,12.0076,11.7931,11.9198,17732550.715
20121106,0,12.261,12.2707,12.0563,12.1245,17516266.82
20121107,0,12.1537,12.2415,11.9881,12.2317,17194035.09
20121108,0,12.2512,12.3389,11.9686,12.0855,13733032.38
20121109,0,12.066,12.261,11.9686,12.027,11220156.516
20121112,0,12.0953,12.2025,11.9978,12.0368,8869573.18
20121113,0,12.183,12.4851,12.027,12.261,21363988.78
20121114,0,12.3877,12.4266,12.0953,12.3389,17661865.097
20121115,0,12.3779,12.4461,12.0855,12.3779,10568860.864
20121116,0,12.4169,12.4754,12.2317,12.3877,11384505.77
20121119,0,12.5339,12.5339,12.3584,12.3682,10541557.162
20121120,0,12.144,12.2317,11.9686,12.1635,16794716.85
20121121,0,12.183,12.2707,12.1343,12.2415,7662424.85599999
20121123,0,12.2804,12.5144,12.2415,12.4169,4394685.524
20121126,0,12.4461,12.5728,12.3194,12.4266,7257260.889
20121127,0,12.4072,12.4949,12.261,12.2707,8473376.59299999
20121128,0,12.2025,12.4072,12.1927,12.3779,6877079.194
20121129,0,12.3877,12.4851,12.2999,12.3389,7972258.45499999
20121130,0,12.3779,12.5046,12.1927,12.3097,8584454.981
20121203,0,12.3974,12.5046,12.2804,12.2999,7014389.555
20121204,0,12.3194,12.4851,12.183,12.4754,12640250.089
20121205,0,12.5144,12.5923,12.3584,12.5436,8542837.16
20121206,0,12.5826,12.6411,12.4656,12.6021,8259144.567
20121207,0,12.6216,12.7678,12.5241,12.6606,7582638.293
20121210,0,12.6313,12.7385,12.5241,12.6411,6903816.952
20121211,0,12.719,12.9822,12.6801,12.8847,10163224.086
20121212,0,12.9432,12.9627,12.836,12.8945,13363129.17
20121213,0,12.8896,13.0765,12.86,13.0273,9279514.677
20121214,0,12.9978,13.0863,12.8404,12.8994,7753079.77200001
20121217,0,12.9584,13.0568,12.8896,13.0175,6712367.324
20121218,0,13.0076,13.2044,12.9683,13.1946,8853761.106
20121219,0,13.2142,13.5488,13.1159,13.4898,10831191.466
20121220,0,13.5389,13.5488,13.3028,13.5291,10231547.945
20121221,0,13.3028,13.4701,13.2536,13.3422,8934933.062
20121224,0,13.4209,13.7751,13.1552,13.2241,2106124.431
20121226,0,13.2438,13.3618,13.2044,13.2044,4115503.016
20121227,0,13.3225,13.4996,13.1847,13.4799,6943165.538
20121228,0,13.3815,13.4209,13.1552,13.1749,4984499.395
20121231,0,13.1651,13.4012,12.9879,13.3815,5646510.954
20130102,0,13.6373,13.7062,13.3914,13.5291,6090808.995
20130103,0,13.5291,13.5488,13.234,13.3029,9402071.242
20130104,0,13.352,13.8145,13.3225,13.7948,8897130.02
20130107,0,13.9621,13.9621,13.4504,13.4799,10079144.002
20130108,0,13.4209,13.5193,13.3127,13.4406,7123595.452
20130109,0,13.1651,13.2142,13.0175,13.1453,10799154.067
20130110,0,13.2635,13.6373,13.1651,13.6275,11607754.293
20130111,0,13.6472,13.7456,13.4406,13.5784,6747040.15
20130114,0,13.6079,13.6669,13.4406,13.5882,5943759.214
20130115,0,13.5685,13.6472,13.4307,13.4406,9560067.952
20130116,0,13.4701,13.539,13.2733,13.3029,7557400.39
20130117,0,13.3619,13.3619,13.0273,13.2142,9002010.85
20130118,0,13.234,13.3029,13.1453,13.1946,16696854.654
20130122,0,13.2438,13.6373,13.1946,13.5488,10477431.72
20130123,0,13.5882,13.7456,13.3914,13.4012,7632978.262
20130124,0,13.5291,13.5291,13.1553,13.2733,8617432.758
20130125,0,13.3029,13.3816,13.2733,13.2831,5996152.661
20130128,0,13.6275,13.8735,13.4504,13.7962,16318276.801
20130129,0,13.7259,13.962,13.6964,13.8341,10399748.175
20130130,0,13.8243,13.9325,13.7456,13.9128,8849849.153
20130131,0,13.8735,14.0998,13.844,14.0014,8220926.478
20130201,0,14.1588,14.1982,14.0703,14.149,5481812.872
20130204,0,14.3359,14.5327,14.2769,14.3409,14390505.343
20130205,0,14.3359,14.6016,14.3064,14.5918,13719085.739
20130206,0,14.4835,14.5622,14.4245,14.5426,9976067.53799999
20130207,0,14.5721,14.6311,14.3163,14.3458,7630719.124
20130208,0,14.4146,14.5868,14.3753,14.4343,7416577.65
20130211,0,14.4245,14.454,14.0014,14.0112,15153406
20130212,0,13.9424,14.1785,13.8838,14.1047,11591856
20130213,0,13.7062,14.2867,13.598,13.9227,23266801.191
20130214,0,14.1096,14.2179,13.8636,13.903,14377012.265
20130215,0,13.903,14.272,13.903,14.1687,11795945.329
20130219,0,14.2178,14.2376,13.9621,14.0014,9592231.14
20130220,0,14.0211,14.0408,13.6767,13.7456,11314511.844
20130221,0,13.6964,13.8243,13.6177,13.6669,8165572.79400001
20130222,0,13.8145,13.8637,13.7554,13.7948,5805955.064
20130225,0,13.8735,13.9227,13.5881,13.6078,10697499.295
20130226,0,13.6275,13.903,13.5783,13.78,10311210.532
20130227,0,13.7554,14.0014,13.7456,13.9571,6445261.416
20130228,0,13.9719,14.0801,13.8145,13.8243,8253036.22500001
20130301,0,13.7357,14.0801,13.6915,14.0211,20466647.291
20130304,0,14.0113,14.0211,13.7062,13.8637,8222479.575
20130305,0,13.903,14.149,13.844,14.0408,7746619.745
20130306,0,14.0998,14.2867,14.0604,14.208,6240505.50999999
20130307,0,14.208,14.4343,14.0014,14.1785,8898745.346
20130308,0,14.2278,14.4048,14.149,14.395,7481157.37
20130311,0,14.3458,14.5131,14.1982,14.3359,7408896.684
20130312,0,14.2671,14.3754,14.0998,14.2572,9414577.912
20130313,0,14.3118,14.4607,14.2126,14.421,7627283.529
20130314,0,14.4309,14.6294,14.3714,14.4409,6666290.072
20130315,0,14.3912,14.6294,14.3615,14.5401,9023746.901
20130318,0,14.4706,14.6493,14.421,14.56,6767193.14300001
20130319,0,14.5997,14.6493,14.3118,14.4607,6919577.979
20130320,0,14.5798,14.689,14.3714,14.3912,7571727.113
20130321,0,14.3019,14.5103,14.2225,14.4111,8077633.86099999
20130322,0,14.4309,14.6394,14.3714,14.5203,5890645.859
20130325,0,14.5997,14.5997,14.3912,14.5897,6612867.927
20130326,0,14.5699,14.7485,14.4706,14.6989,5277383.031
20130327,0,14.6642,14.8577,14.6394,14.7783,6368724.509
20130328,0,14.818,14.9272,14.7088,14.9272,6065988.286
20130401,0,14.9371,15.0264,14.5203,14.5302,9016725.463
20130402,0,14.5699,14.7386,14.4806,14.7088,5651045.05
20130403,0,14.7684,14.8379,14.3813,14.6096,7214304.138
20130404,0,14.6195,14.6394,14.5103,14.5798,3023891.087
20130405,0,14.4508,14.4508,14.1431,14.1927,7896051.088
20130408,0,14.2821,14.4012,14.1332,14.3317,5058260.952
20130409,0,14.3714,14.7088,14.3515,14.689,7795052.29
20130410,0,14.6989,14.947,14.6989,14.8974,5761761.738
20130411,0,14.9173,15.0562,14.8379,15.0066,4572774.894
20130412,0,14.8974,14.9768,14.7386,14.9173,4759202.641
20130415,0,14.8875,14.8875,14.5897,14.7287,8383814.884
20130416,0,14.8379,14.9371,14.7088,14.8875,7134643.76
20130417,0,14.9073,14.9073,14.4508,14.5798,5954273.66400001
20130418,0,14.5897,14.6493,14.3912,14.4012,4076349.01
20130419,0,14.4607,14.4607,14.2324,14.3515,4906967.522
20130422,0,14.3912,14.4508,14.1431,14.3615,7404923.604
20130423,0,14.2424,14.5103,14.2225,14.4806,11291378.9
20130424,0,14.5401,14.6096,14.3515,14.4607,9318641.671
20130425,0,14.5302,14.6592,14.4607,14.5699,8066117.759
20130426,0,14.5997,14.5997,14.4508,14.4806,8222891.64199999
20130429,0,14.5203,14.5897,14.4309,14.5203,7349842
20130430,0,14.55,14.8875,14.3912,14.6592,12722012
20130501,0,14.5103,15.6616,14.4309,15.5624,20000561.15
20130502,0,15.5326,15.5822,15.0165,15.4036,9437548.35799998
20130503,0,15.483,15.6418,15.4532,15.5227,4967221.215
20130506,0,15.4929,15.6815,15.4036,15.5822,6375311.479
20130507,0,15.6319,15.7113,15.483,15.612,5228307.373
20130508,0,15.5425,15.6716,15.354,15.6517,7537689.445
20130509,0,15.6219,15.9991,15.6021,15.9693,7996749.12800001
20130510,0,16.0189,16.1083,15.6716,15.8502,5190259.694
20130513,0,16.3465,16.3465,15.9296,16.0983,6945508.596
20130514,0,16.1083,16.277,15.9991,16.2274,4701995.581
20130515,0,16.2968,16.4259,16.2571,16.3862,4843079.175
20130516,0,16.3762,16.4854,16.2274,16.2869,5100030.698
20130517,0,16.2968,16.6244,16.277,16.5053,6800348.358
20130520,0,16.545,16.5648,16.3762,16.4953,5460640.66200001
20130521,0,16.4854,16.5946,16.4259,16.4755,3356694.095
20130522,0,16.4854,16.7236,16.4755,16.5847,8223528.379
20130523,0,16.4556,16.5847,16.2968,16.3465,5382107.07499999
20130524,0,16.2968,16.3365,16.1976,16.3167,3155658.447
20130528,0,16.4755,16.5648,16.2621,16.2819,5445684.206
20130529,0,16.1877,16.3167,16.0983,16.2571,4749002.644
20130530,0,16.2621,16.4556,16.2274,16.3465,2668486.793
20130531,0,16.2968,16.4656,16.2472,16.2671,3988927.691
20130603,0,16.277,16.3167,16.0388,16.3068,4326584.229
20130604,0,16.3266,16.4556,16.1877,16.2571,3462999.927
20130605,0,16.1877,16.3465,15.9991,15.9991,3929848.80300001
20130606,0,15.9743,16.3266,15.9395,16.3167,3829607.063
20130607,0,16.3961,16.5549,16.3167,16.5251,2606242.381
20130610,0,16.6938,16.7832,16.6244,16.6541,4156713.171
20130611,0,16.5251,16.6839,16.4457,16.535,4767614.205
20130612,0,16.68,16.68,16.5,16.53,6529282
20130613,0,16.535,17.16,16.47,16.91,5737421
20130614,0,16.92,17.09,16.79,17.02,5215844
20130617,0,17.09,17.14,16.83,16.92,5461677
20130618,0,16.98,17.12,16.97,17.11,5075740
20130619,0,17.155,17.23,16.81,16.84,4449673
20130620,0,16.67,16.76,16.42,16.51,6026813
20130621,0,16.59,16.7,16.45,16.58,8565318
20130624,0,16.48,16.5,16.24,16.39,5260506
20130625,0,16.44,16.64,16.39,16.53,4329446
20130626,0,16.67,16.89,16.57,16.84,6149818
20130627,0,16.99,17.11,16.92,16.97,4541246
20130628,0,16.86,17.19,16.73,17.14,4922000
20130701,0,17.17,17.3,17.11,17.13,3832113
20130702,0,17.13,17.18,16.63,16.81,5347570
20130703,0,16.7,16.94,16.69,16.92,2317727
20130705,0,17.01,17.06,16.9,17.05,3972922
20130708,0,17.12,17.2,17.07,17.17,2816350
20130709,0,17.27,17.35,17.09,17.2,3633097
20130710,0,17.19,17.33,16.95,17.32,6731680
20130711,0,17.45,17.46,17.24,17.4,6253848
20130712,0,17.42,17.48,17.32,17.45,5507320
20130715,0,17.47,17.72,17.44,17.48,6301776
20130716,0,17.51,17.55,17.38,17.41,5864920
20130717,0,17.45,17.45,17.28,17.43,4510939
20130718,0,17.46,17.61,17.37,17.4,3941177
20130719,0,17.35,17.4,17.01,17.32,5938107
20130722,0,17.33,17.6,17.29,17.45,6843558
20130723,0,17.45,17.47,17.35,17.39,3554163
20130724,0,17.47,17.56,17.36,17.46,5650228
20130725,0,17.31,17.4,17.13,17.17,5437928
20130726,0,17.1,17.16,16.85,16.97,6682315
20130729,0,16.96,17.07,16.9,16.97,6937582
20130730,0,17.53,18.6,17.3,17.75,19076722
20130731,0,17.86,18.27,17.86,17.96,15849321
20130801,0,18.1,18.43,18.08,18.14,11176858
20130802,0,18.16,18.33,18.07,18.31,3732345
20130805,0,18.23,18.38,18.16,18.3,3650619
20130806,0,18.31,18.41,18.22,18.38,3110283
20130807,0,18.33,18.33,18.12,18.31,2207420
20130808,0,18.4,18.5,18.2,18.36,3062688
20130809,0,18.34,18.57,18.29,18.46,2756923
