20050721,0,13.422,13.9774,13.1443,13.9404,17283697.927
20050722,0,13.9311,14.1163,13.7923,13.8386,16033725.165
20050725,0,13.8756,13.8848,12.9407,12.9962,11036333.474
20050726,0,13.0055,13.0518,12.7185,12.9129,8811923.671
20050727,0,12.9129,13.2554,12.8388,13.0332,10724371.714
20050728,0,12.9592,13.3109,12.9314,13.1906,8875780.198
20050729,0,13.1906,13.2554,12.9499,13.1906,1635424.021
20050801,0,13.098,13.3294,12.9499,12.9499,1974891.465
20050802,0,12.8851,12.987,12.5056,12.9036,6757692.935
20050803,0,12.7741,13.0425,12.6722,13.0332,2329933.132
20050804,0,12.8759,13.1906,12.8574,13.0518,3825152.499
20050805,0,13.0147,13.0888,12.8666,13.0888,2985185.4
20050808,0,12.8666,13.1443,12.8203,13.024,1807089.322
20050809,0,13.0147,13.0332,12.8296,12.9129,2756816.262
20050810,0,12.9129,13.1258,12.8944,13.0518,10127271.215
20050811,0,13.2184,13.9034,13.2184,13.5146,10283611.939
20050812,0,13.5701,13.6812,13.422,13.5979,5576314.854
20050815,0,13.5701,14.1625,13.5146,14.0144,4935487.793
20050816,0,14.1625,14.5883,13.9034,14.0422,5616034.744
20050817,0,14.1163,14.1996,13.9404,13.9774,2756318.119
20050818,0,13.9126,13.9959,13.8478,13.8848,1140198.899
20050819,0,13.8848,14.1996,13.8848,14.0885,1740157.043
20050822,0,14.0422,14.4865,14.0422,14.3662,1305515.687
20050823,0,14.4865,14.7179,14.2366,14.5235,1867890.93
20050824,0,14.3662,14.8568,14.3662,14.6716,1684551.393
20050825,0,14.7179,14.7179,14.1996,14.5883,884769.307999999
20050826,0,14.6069,14.7087,14.0237,14.431,1322651.977
20050829,0,14.3477,14.4587,14.107,14.2736,837238.791
20050830,0,13.9774,14.3477,13.8848,14.1996,2518606.36
20050831,0,14.2458,14.2458,13.8848,14.0052,1792523.018
20050901,0,13.9311,14.0422,13.8756,13.9959,1892693.081
20050902,0,13.9034,14.0237,13.8108,13.9774,1357876.07
20050906,0,13.9311,14.1163,13.9311,14.0515,1637173.981
20050907,0,14.0329,14.0977,13.9774,14.07,1383099.209
20050908,0,14.1625,14.3014,13.9589,13.9867,2110421.427
20050909,0,13.9774,13.9867,13.8571,13.8756,2359488.172
20050912,0,13.8386,13.9774,13.8108,13.8386,791876.209
20050913,0,13.9959,14.07,13.5886,13.7275,1835808.476
20050914,0,13.5979,13.8848,13.5886,13.7923,989706.144999999
20050915,0,13.746,14.0052,13.746,13.8848,1048647.713
20050916,0,13.8571,13.9496,13.82,13.8386,811047.458
20050919,0,13.9681,14.1163,13.8756,13.9311,786108.463
20050920,0,13.9311,14.1718,13.8663,13.8848,1438605.63
20050921,0,13.9959,14.0237,13.6534,13.6997,824691.585
20050922,0,13.6534,13.7645,13.5516,13.6164,2175856.355
20050923,0,13.6071,13.6257,13.3757,13.5609,868087.034
20050926,0,13.5609,13.5979,13.4683,13.4961,933684.803
20050927,0,13.459,13.5794,13.3757,13.5053,1073791.006
20050928,0,13.5609,13.5794,13.2832,13.3294,1397786.39
20050929,0,13.3017,13.3757,13.1443,13.1906,3142963.916
20050930,0,13.1443,13.5609,13.1073,13.385,2787981.47
20051003,0,13.348,13.4683,13.3387,13.4498,1306970.464
20051004,0,13.422,13.4683,12.9222,12.9592,2114187.197
20051005,0,12.9592,13.0518,12.7741,12.8666,4308317.827
20051006,0,12.8296,12.9592,12.7185,12.7463,1337240.512
20051007,0,12.7463,12.9592,12.7463,12.9499,1082009.024
20051010,0,12.8851,13.098,12.8666,12.9222,1382288.847
20051011,0,12.9129,13.098,12.8666,12.9962,3151112.681
20051012,0,12.9314,13.024,12.9129,12.987,1182268.645
20051013,0,12.9684,13.2832,12.9499,13.1721,2105096.602
20051014,0,13.1536,13.5238,13.1443,13.4128,3084793.64
20051017,0,13.3757,13.422,12.9592,13.1628,2243251.969
20051018,0,13.1536,13.2554,13.0425,13.1443,735665.301
20051019,0,13.0332,13.0795,12.8203,12.9222,1794929.734
20051020,0,12.9407,12.9777,12.7926,12.8203,2247750.035
20051021,0,12.8203,13.3572,12.8203,13.0055,4078684.829
20051024,0,12.9962,13.2184,12.9962,13.1813,804117.21
20051025,0,13.098,13.2091,12.9407,12.987,937810.543
20051026,0,12.8759,12.9777,12.8759,12.9314,2037710.372
20051027,0,12.8851,13.098,12.6722,12.7,3095966.153
20051028,0,12.7741,13.1999,12.6815,13.1351,2124122.392
20051031,0,13.1351,13.2369,12.9222,13.0332,1374832.486
20051101,0,12.9684,13.3942,12.9592,13.1536,1226126.803
20051102,0,13.2276,13.348,13.098,13.2832,832515.574
20051103,0,13.3109,13.4776,12.987,13.1443,986135.678999998
20051104,0,13.1258,13.1443,12.9314,13.0332,737134.405
20051107,0,13.061,13.2461,12.9407,13.1628,504170.987
20051108,0,13.0147,13.3387,13.0055,13.3109,646087.549
20051109,0,13.1813,13.3109,12.7555,13.2832,2181984.842
20051110,0,13.1443,13.7275,13.1351,13.6997,1163997.241
20051111,0,13.6997,14.1625,13.5331,14.1163,2528470.108
20051114,0,14.2088,14.2088,13.9126,14.1996,1326191.492
20051115,0,14.2551,14.2921,14.0607,14.1348,1429722.221
20051116,0,14.2458,14.2458,13.8015,13.8848,1228035.172
20051117,0,13.8848,13.9589,13.5794,13.7923,641772.99
20051118,0,13.746,14.1996,13.746,14.107,3292595.088
20051121,0,14.2644,14.5698,14.0237,14.4402,1538203.185
20051122,0,14.4865,14.5791,14.2551,14.5791,1603937.937
20051123,0,14.505,14.6994,14.3477,14.6346,904052.690999999
20051125,0,14.5791,14.7735,14.5421,14.6624,275112.934
20051128,0,14.6624,14.6624,14.4773,14.5791,1958529.237
20051129,0,14.4402,14.6346,14.3106,14.6161,1852607.383
20051130,0,14.5513,14.5698,14.3754,14.4495,1309377.397
20051201,0,14.505,14.5883,14.3477,14.505,911971.589
20051202,0,14.5791,14.5976,14.3384,14.431,568006.753
20051205,0,14.5328,14.5976,14.1903,14.3106,1119570.045
20051206,0,14.3014,14.3477,13.9681,14.0052,1240422.914
20051207,0,13.9496,14.5513,13.9496,14.1625,913499.103999999
20051208,0,14.2088,14.4402,14.107,14.3199,433194.367
20051209,0,14.3384,14.4495,14.1533,14.3292,535088.654000001
20051212,0,14.5791,15.0234,14.5143,14.6161,3974507.396
20051213,0,14.6994,14.8105,14.6439,14.792,1887120.68
20051214,0,14.7179,14.9216,14.7087,14.8198,1534396.389
20051215,0,14.7827,14.8568,14.2736,14.394,1809939.651
20051216,0,14.5235,14.8105,14.3569,14.5791,3366071.538
20051219,0,14.7642,14.7642,14.3014,14.4217,2171126.928
20051220,0,14.4217,14.8012,14.2736,14.3106,1738165.811
20051221,0,14.3477,14.5883,14.1533,14.1811,826048.835
20051222,0,14.144,14.4032,14.1255,14.144,702317.03
20051223,0,14.1255,14.4495,14.0607,14.3106,635402.440999999
20051227,0,14.2551,14.4773,14.0422,14.1625,747323.04
20051228,0,14.0977,14.1996,14.07,14.0885,593371.431
20051229,0,14.1811,14.3199,14.0792,14.0977,871233.910000001
20051230,0,14.0607,14.2458,13.9959,14.0237,1593846.893
20060103,0,13.9589,14.1533,13.9404,14.0052,2269113.177
20060104,0,13.9774,14.1718,13.9404,14.1348,2289352.084
20060105,0,14.2088,14.2088,14.1163,14.1625,1041563.915
20060106,0,14.3106,14.3384,14.0792,14.1903,914696.21
20060109,0,14.1533,14.2088,14.0237,14.1718,1230775.283
20060110,0,14.0607,14.1903,14.0607,14.1903,2094618.06
20060111,0,14.0977,14.1718,14.07,14.144,1176120.696
20060112,0,14.107,14.1903,14.0885,14.1255,1122728.042
20060113,0,14.1811,14.1811,14.0422,14.0885,1216631.547
20060117,0,14.0515,14.3106,14.0515,14.2829,1609250.056
20060118,0,14.3106,14.3569,14.1163,14.3014,650397.014
20060119,0,14.2829,14.394,14.0977,14.3477,1407221.362
20060120,0,14.2644,14.4402,14.107,14.2273,961263.257
20060123,0,14.1533,14.3014,14.0607,14.2458,570822.327
20060124,0,14.2366,14.2829,14.2181,14.2644,638838.720000001
20060125,0,14.2273,14.2458,14.0792,14.1718,890710.359
20060126,0,14.3477,14.3477,14.1903,14.2273,752940.652
20060127,0,14.2458,14.431,14.2458,14.3384,586439.105000001
20060130,0,14.4402,14.4865,14.1348,14.2088,435024.455
20060131,0,14.2644,14.2644,13.9681,14.0144,1520876.136
20060201,0,13.9311,14.0515,13.82,13.8848,1129148.116
20060202,0,13.8663,13.9219,13.4405,13.4961,1008234.081
20060203,0,13.3942,13.5053,13.3109,13.4683,1177895.521
20060206,0,13.4313,13.4868,13.3294,13.459,419316.692
20060207,0,13.4035,13.4868,13.3387,13.348,696058.625
20060208,0,13.4868,13.8293,13.3757,13.82,1081031.075
20060209,0,13.8108,13.9034,13.5238,13.6812,962716.716
20060210,0,13.6534,13.6997,13.3665,13.422,973380.917999999
20060213,0,13.3757,13.5423,13.348,13.3757,542006.874
20060214,0,13.4035,13.459,13.3202,13.385,1029776.745
20060215,0,13.348,13.5146,13.2369,13.385,944138.999
20060216,0,13.385,13.6627,13.385,13.6071,850279.167
20060217,0,13.5238,13.5979,13.3942,13.422,705042.623
20060221,0,13.422,13.5609,13.3017,13.4035,753449.368
20060222,0,13.385,13.6349,13.385,13.4498,1294673.841
20060223,0,13.3942,13.5146,13.2554,13.4035,653534.287
20060224,0,13.422,13.4498,13.2739,13.3387,1037967.811
20060227,0,13.3572,13.746,13.3572,13.7182,1043449.155
20060228,0,13.6257,13.7182,13.1999,13.5146,1201428.928
20060301,0,13.5886,13.783,13.4961,13.6257,768840.645000001
20060302,0,13.5701,13.5701,13.3757,13.4313,566876.873
20060303,0,13.422,13.5794,13.3017,13.4035,628350.021
20060306,0,13.3757,13.4868,13.2832,13.4035,648329.353
20060307,0,13.422,13.5238,13.2832,13.3017,335717.559
20060308,0,13.2924,13.348,13.0332,13.1906,1184964.89
20060309,0,13.2739,13.2739,12.9684,13.2091,1073273.168
20060310,0,13.1536,13.5886,13.1165,13.2647,782651.187999999
20060313,0,13.2739,13.5238,13.1628,13.459,588424.753
20060314,0,13.422,13.7738,13.422,13.6627,630766.643
20060315,0,13.6349,13.8571,13.4776,13.8386,654856.703
20060316,0,13.8108,13.8571,13.5146,13.6071,504422.711999999
20060317,0,13.6534,13.7182,13.3757,13.4868,978958.065000001
20060320,0,13.4683,13.5053,13.3294,13.4035,661605.147
20060321,0,13.4405,13.5516,13.3387,13.3942,1307033.012
20060322,0,13.348,13.4035,13.1258,13.2832,757042
20060323,0,13.2369,13.5979,13.0703,13.5886,794801
20060324,0,13.0055,13.5516,12.8481,13.348,5389197.943
20060327,0,13.348,13.5053,13.2647,13.459,2006462.027
20060328,0,13.4961,13.5146,13.4128,13.4868,1442994.07
20060329,0,13.422,13.8386,13.4035,13.7552,2321982.674
20060330,0,13.7275,13.9126,13.6719,13.8386,1554620.093
20060331,0,13.9404,13.9867,13.7645,13.8756,3212104.851
20060403,0,14.0329,14.0329,13.7923,13.8478,2821450.206
20060404,0,13.9496,14.0329,13.8015,13.9867,1855700.163
20060405,0,13.9496,14.0237,13.8293,13.8941,1804388.183
20060406,0,13.8571,14.0515,13.746,13.9126,827827.046000001
20060407,0,13.9589,14.0422,13.6997,13.8386,881084.251
20060410,0,13.8571,13.9404,13.5979,13.746,840776.823
20060411,0,13.8386,13.8756,13.5146,13.6442,785576.772
20060412,0,13.6071,13.7182,13.5701,13.6627,526591.396
20060413,0,13.6905,13.6905,13.4405,13.4776,1161391.395
20060417,0,13.4498,13.5423,13.3109,13.348,615107.662
20060418,0,13.3757,13.5331,13.3757,13.4683,1509581.672
20060419,0,13.4498,13.5331,13.4035,13.5053,1330383.086
20060420,0,13.459,13.6719,13.422,13.5886,1436032.301
20060421,0,13.6442,13.6812,13.4961,13.6071,3054437.38
20060424,0,13.6349,13.6627,13.4961,13.5331,968345.493
20060425,0,13.5238,13.5701,13.385,13.5146,638971.68
20060426,0,13.4868,13.5794,13.3387,13.4313,1135899.197
20060427,0,13.3757,13.9311,13.2647,13.7645,1088445.962
20060428,0,13.8571,13.9219,13.709,13.82,578354.153
20060501,0,13.7923,13.9311,13.7275,13.8941,1262842.82
20060502,0,13.8941,13.9404,13.5609,13.6442,1897423.95
20060503,0,13.5516,13.5609,13.1351,13.3757,6102584.17
20060504,0,13.3665,13.6257,13.348,13.4035,613681.501999999
20060505,0,13.4035,13.4405,13.2091,13.3757,705826.987
20060508,0,13.2832,13.3942,13.2091,13.3387,894707.028
20060509,0,13.2924,13.4498,13.2832,13.3387,825400.334
20060510,0,13.2832,13.3665,13.1628,13.2091,787375
20060511,0,13.1721,13.3109,13.1628,13.1721,1326380
20060512,0,13.1906,13.348,12.9592,12.9684,1371773.12
20060515,0,12.8759,13.348,12.8759,13.2554,1329812.453
20060516,0,13.1721,13.3665,13.1073,13.3109,941244.805
20060517,0,13.1628,13.3017,12.9777,13.0055,726688.915
20060518,0,12.9962,13.1165,12.7555,12.7833,1153040.849
20060519,0,12.8203,12.9777,12.6352,12.7833,1347938.426
20060522,0,12.7093,12.8296,12.6074,12.663,743474.902
20060523,0,12.663,12.9129,12.663,12.7278,1975219.729
20060524,0,12.6352,12.8851,12.6352,12.8018,1290307.408
20060525,0,12.8203,12.8574,12.663,12.8203,1203152.522
20060526,0,12.8203,12.9499,12.7,12.8018,1342109.796
20060530,0,12.7648,12.9036,12.6537,12.8203,1202036.166
20060531,0,12.7648,13.0055,12.7093,12.8203,964462.812
20060601,0,12.8018,13.1628,12.7278,13.1443,1320020.354
20060602,0,13.2276,13.3572,12.9592,13.3017,943623.721999999
20060605,0,13.2091,13.2924,12.8851,12.9592,779161.821
20060606,0,12.9314,13.0332,12.8481,12.9684,594728.443
20060607,0,12.9407,13.0147,12.7926,12.8111,640618.101
20060608,0,12.737,12.9684,12.5982,12.7833,1269537.509
20060609,0,12.7926,12.9592,12.6537,12.7741,916883.701
20060612,0,12.8296,12.9592,12.7,12.7833,834227.689999999
20060613,0,12.737,12.9314,12.6352,12.8574,993576.521
20060614,0,12.8111,12.9407,12.663,12.8481,1192335.005
20060615,0,12.8574,13.6257,12.8574,13.4868,1301889.631
20060616,0,13.4405,13.4405,13.1073,13.1906,1564503.968
20060619,0,13.1443,13.3757,13.0518,13.3017,1374502.09
20060620,0,13.2739,13.5238,13.1258,13.3757,672279.997
20060621,0,13.4776,13.6349,13.348,13.5146,1100422.818
20060622,0,13.4128,13.5053,13.1721,13.2184,1033843.621
20060623,0,13.3017,13.4405,13.1813,13.2091,610095.838000001
20060626,0,13.1813,13.4405,13.1813,13.2739,974578.23
20060627,0,13.422,13.459,13.1536,13.1813,773400.739
20060628,0,13.1536,13.4498,13.1258,13.3017,843358.383
20060629,0,13.2924,13.746,13.1999,13.746,1169996.979
20060630,0,13.746,13.8293,13.422,13.5146,2611891.161
20060703,0,13.5146,13.7182,13.5146,13.6442,616668.477
20060705,0,13.5609,13.6164,13.385,13.4405,1124642.355
20060706,0,13.4035,13.422,13.1165,13.3294,1851475.713
20060707,0,13.1906,13.3109,13.098,13.1906,1610385.579
20060710,0,13.1999,13.1999,12.9684,13.098,1455294.269
20060711,0,13.0518,13.1813,12.9962,13.061,1115891.541
20060712,0,13.0055,13.0332,12.8203,13.0055,1540255.84
20060713,0,12.9592,13.1906,12.8944,13.0055,948581.169
20060714,0,12.9592,12.9592,12.7278,12.8296,740778.477
20060717,0,12.8759,12.8759,12.6815,12.7093,878639.118
20060718,0,12.7278,12.7741,12.5889,12.663,715789.631
20060719,0,12.6445,12.7926,12.5889,12.6907,936925.814
20060720,0,12.5519,12.6907,12.4686,12.5612,720939.436
20060721,0,12.5056,12.7093,12.4316,12.5149,1377596.784
20060724,0,12.5056,12.6352,12.4223,12.4964,566567.789
20060725,0,12.4501,12.7555,12.4501,12.6259,454683.957
20060726,0,12.6259,12.737,12.4964,12.5334,565214.13
20060727,0,12.5426,12.6352,12.2742,12.5149,1908632.675
20060728,0,12.5056,12.6722,12.4223,12.4593,714974.863
20060731,0,12.3945,12.4871,12.3112,12.339,817887.003
20060801,0,12.3112,12.3853,12.2001,12.2742,995528.501000001
20060802,0,12.1909,12.6907,12.1909,12.4964,1136810.828
20060803,0,12.4778,12.7555,12.4686,12.5426,802817.681
20060804,0,12.7926,12.9592,12.4964,12.6167,873627.73
20060807,0,12.6815,12.9592,12.5519,12.8296,870155.744999999
20060808,0,12.9314,12.9314,12.3575,12.5704,799900.582
20060809,0,12.6259,12.7093,11.8577,12.2557,2050383.067
20060810,0,12.2649,12.6445,12.2649,12.4686,897498
20060811,0,12.339,13.2832,12.2835,12.987,1302399
20060814,0,13.0425,13.1443,12.8203,12.8296,1061157.68
20060815,0,12.7741,13.1536,12.7741,13.1536,848577.588999999
20060816,0,13.2369,13.2369,12.8851,13.1073,742352.374
20060817,0,13.1073,13.385,12.9407,13.3387,1162293.319
20060818,0,13.3572,13.3665,13.1258,13.1906,1091273.45
20060821,0,13.1443,13.2739,12.9407,13.2554,624413.288
20060822,0,13.1721,13.3294,13.0703,13.1536,602112.535
20060823,0,13.2091,13.2461,12.9592,13.0147,402572.877
20060824,0,13.1073,13.1628,12.9036,12.9499,390866.442
20060825,0,12.8851,13.2461,12.8759,12.9777,556801.808
20060828,0,12.8944,13.0147,12.8666,12.9684,615742.897
20060829,0,12.9314,12.9314,12.7833,12.9129,725293.023000001
20060830,0,12.9499,13.0055,12.7555,12.7833,491803.625
20060831,0,12.7648,12.987,12.7278,12.9777,548440.272
20060901,0,12.9684,13.0703,12.9129,12.9777,302826.311
20060905,0,12.9036,12.987,12.7,12.7093,800649.656
20060906,0,12.7,12.9499,12.6259,12.7,827806.382
20060907,0,12.6352,12.8388,12.5426,12.5612,636171.491
20060908,0,12.5426,12.737,12.4871,12.6445,471984.175
20060911,0,12.5704,12.8296,12.413,12.7,844287.752999999
20060912,0,12.6722,12.7926,12.4408,12.6352,1428054.994
20060913,0,12.5426,12.7926,12.5426,12.7741,1004621.529
20060914,0,12.7093,12.7463,12.4038,12.5056,732171.513
20060915,0,12.5797,13.0518,12.4593,12.8759,2749127.238
20060918,0,12.7833,13.1999,12.7463,12.8944,617760.702
20060919,0,12.9407,12.9592,12.7926,12.8666,567667.68
20060920,0,12.9222,13.061,12.8851,12.9314,863694.539
20060921,0,12.8759,13.0795,12.8481,12.9592,441894.211
20060922,0,12.9962,13.1351,12.8574,12.9129,603384.83
20060925,0,12.9592,13.0795,12.7926,12.9499,804728.823
20060926,0,12.9129,13.061,12.8296,13.0055,490520.212
20060927,0,12.9222,13.348,12.9222,13.3202,1310824.888
20060928,0,13.3757,13.4776,13.2924,13.3665,906102.49
20060929,0,13.3109,13.4683,13.2832,13.3757,447990.334
20061002,0,13.3294,13.709,13.3017,13.3665,1285158.801
20061003,0,13.3109,13.422,13.1258,13.3942,1143748.756
20061004,0,13.348,13.5794,13.3202,13.5331,625815.601
20061005,0,13.4868,13.9126,13.4128,13.7367,1802327.053
20061006,0,13.6534,13.82,13.6071,13.6812,512374.912
20061009,0,13.6905,13.6997,13.4961,13.6534,514273.943999999
20061010,0,13.6257,13.7552,13.5701,13.6997,843088.347
20061011,0,13.6997,13.7367,13.4035,13.5423,692787.257
20061012,0,13.6442,13.6442,13.3665,13.5794,803919.355
20061013,0,13.6442,13.8108,13.5331,13.783,590602.683
20061016,0,13.7275,13.8386,13.6997,13.7923,449434.636
20061017,0,13.6997,13.8756,13.5701,13.6905,506644.962
20061018,0,13.7645,13.8108,13.422,13.5423,691707.225
20061019,0,13.4683,13.6534,13.4035,13.5609,436342.412
20061020,0,13.7923,14.0144,13.7645,13.9219,2378471.732
20061023,0,13.8663,13.9496,13.8478,13.8941,485502.138
20061024,0,13.8108,13.82,13.5794,13.7182,708136.502
20061025,0,13.6534,13.8478,13.5423,13.6627,909614.439
20061026,0,13.6534,13.9404,13.6442,13.8941,659533.209
20061027,0,13.8108,13.8848,13.6071,13.746,844358.643999999
20061030,0,13.746,14.0515,13.7367,13.82,931572.832000001
20061031,0,13.6905,13.8848,13.6349,13.746,1327046.919
20061101,0,13.7923,13.9311,13.6164,13.6627,1203209.162
20061102,0,13.5794,13.82,13.5794,13.8108,815898.085
20061103,0,13.7738,13.8756,13.6164,13.8293,465681.476
20061106,0,13.8756,14.0237,13.6719,13.7275,1143381.626
20061107,0,13.6719,13.9311,13.6164,13.8478,975574.107
20061108,0,13.8571,14.0144,13.8293,13.9681,565672.313
20061109,0,14.0329,14.0422,13.4776,13.8293,556881.811
20061110,0,13.8478,13.9404,13.7182,13.9311,399959
20061113,0,13.8478,13.9774,13.82,13.9404,834419
20061114,0,13.9681,14.2458,13.7367,14.1625,1469107.437
20061115,0,14.1533,14.3569,14.1255,14.3106,1039184.197
20061116,0,14.3847,14.5235,14.2829,14.5143,653923.27
20061117,0,14.505,14.6902,14.4865,14.5235,1526994.366
20061120,0,14.4773,14.6161,14.3199,14.3199,585627.882
20061121,0,14.2829,14.3199,14.1348,14.2273,602854.484
20061122,0,14.1811,14.3292,14.07,14.3199,330368.821
20061124,0,14.2088,14.3847,14.1348,14.3014,212414.698
20061127,0,14.1903,14.2458,13.9219,14.0885,1020385.584
20061128,0,14.1163,14.2088,13.9126,13.9959,802313.096
20061129,0,13.9681,14.1996,13.9219,14.0144,950441.496999999
20061130,0,13.9774,14.2644,13.9404,14.1996,792861.394
20061201,0,14.1996,14.1996,13.9219,13.9959,931333.234999999
20061204,0,13.9496,14.1533,13.9219,13.9496,991495.635999999
20061205,0,13.9496,14.1348,13.8941,14.0329,919732.562999999
20061206,0,14.0329,14.0885,13.9311,14.0144,857574.289
20061207,0,14.0792,14.4865,14.0237,14.0977,1594706.887
20061208,0,14.1903,14.7735,14.107,14.7087,2034562.39
20061211,0,14.6716,15.3011,14.6716,15.1437,2621452.087
20061212,0,15.1345,15.6991,15.0604,15.1437,1966263.525
20061213,0,15.2641,15.3104,14.8938,15.1067,1448557.522
20061214,0,15.1715,15.5047,15.1715,15.4492,1599432.06
20061215,0,15.5973,15.6343,15.0141,15.0512,3064820.401
20061218,0,15.0697,15.3196,14.9956,15.0604,789996.507
20061219,0,14.9493,15.0789,14.8475,14.9123,962211.324
20061220,0,14.9493,15.1067,14.9216,14.9308,823425.366999999
20061221,0,14.9401,15.0604,14.8383,14.9123,666017.954999999
20061222,0,14.9031,15.0234,14.8198,14.9031,731061.028999999
20061226,0,14.8383,15.0141,14.8198,14.9123,729712.717
20061227,0,15.0882,15.0882,14.9031,15.0697,498031.624
20061228,0,14.9956,15.0419,14.866,14.9308,636860.659
20061229,0,14.9123,15.0141,14.866,14.9123,627056.908
20070103,0,14.9679,15.3289,14.8938,15.2641,2813382.174
20070104,0,15.2733,15.4214,15.0697,15.19,2256847.175
20070105,0,15.2085,15.3104,14.9401,15.0974,746556.888
20070108,0,15.0789,15.5695,15.0049,15.3751,2739540.614
20070109,0,15.4492,15.5233,15.2641,15.2826,671040.801
20070110,0,15.2085,15.4029,15.1808,15.3937,875454.675999999
20070111,0,15.4585,15.6066,15.4585,15.5325,1179694.985
20070112,0,15.4585,15.6806,15.4585,15.6343,1148029.216
20070116,0,15.6436,16.0972,15.5233,16.0786,2202876.58
20070117,0,16.0601,16.1064,15.8287,15.838,908561.251999999
20070118,0,16.0231,16.1434,15.7732,15.9028,1169783.448
20070119,0,15.9305,15.9861,15.6714,15.912,1242589.831
20070122,0,15.8935,16.0416,15.5418,15.7362,1039025.273
20070123,0,15.6343,15.912,15.6066,15.7084,737276.082
20070124,0,15.7269,15.9583,15.6436,15.8102,518103.903
20070125,0,15.6158,15.6991,15.2826,15.3659,870776.984
20070126,0,15.4399,15.4677,15.116,15.2085,927702.115
20070129,0,15.2178,15.5695,15.116,15.4955,824473.576000001
20070130,0,15.3474,15.4862,15.2456,15.2826,781752.630999999
20070131,0,15.3566,15.3659,15.0697,15.3381,936390.991999999
20070201,0,15.3289,15.588,15.3289,15.477,784691.068000001
20070202,0,15.477,15.5325,15.1715,15.3659,658971.397000001
20070205,0,15.2826,15.3566,15.0882,15.227,787236.294
20070206,0,15.3196,15.3381,14.9123,15.0141,1744277.407
20070207,0,15.0419,15.0604,14.9031,14.9123,1471025.869
20070208,0,14.9123,15.0974,14.8568,14.9493,983582.472
20070209,0,14.9308,15.0419,14.7087,14.8753,1024878.239
20070212,0,14.8475,14.9771,14.8105,14.9679,1181473.095
20070213,0,14.9216,15.153,14.9031,15.116,1077966.082
20070214,0,15.1808,15.5973,15.0974,15.2826,1522267.193
20070215,0,15.2456,15.4029,15.227,15.3659,541989.733000001
20070216,0,15.3751,15.4122,15.1715,15.1808,1262169.942
20070220,0,15.1252,15.3659,15.0974,15.3381,697507.383
20070221,0,15.3566,15.3659,15.1437,15.2085,444401.472
20070222,0,15.1808,15.2826,15.0327,15.0697,911985.598999999
20070223,0,15.1252,15.19,14.9864,14.9864,951717.673999998
20070226,0,15.0789,15.1067,14.9864,15.0419,808152.453
20070227,0,14.9956,15.1437,14.6994,14.6994,1494809.096
20070228,0,14.7642,15.2733,14.7179,14.866,1797187.137
20070301,0,14.5143,15.3104,14.3662,14.9586,1890521.793
20070302,0,14.9956,14.9956,14.7272,14.7735,1024606.161
20070305,0,14.7179,14.829,14.4773,14.792,1360710.472
20070306,0,14.6439,15.7454,14.6254,15.551,3065056.465
20070307,0,15.5603,15.838,15.3659,15.7732,1926431.702
20070308,0,15.8009,15.9583,15.6251,15.8565,2056893.789
20070309,0,15.9676,15.9768,15.7362,15.9583,2270449.848
20070312,0,15.8843,15.9305,15.7917,15.9305,1874950.156
20070313,0,15.838,15.9305,15.6621,15.7176,1541958.065
20070314,0,15.5973,15.7362,15.5603,15.6436,1397057.965
20070315,0,15.7084,15.7639,15.6714,15.7362,907006.377000001
20070316,0,15.6806,15.8472,15.6621,15.838,2365717.206
20070319,0,15.9028,16.1527,15.838,15.9861,1835738.524
20070320,0,16.0138,16.0231,15.7639,15.8287,1978143.687
20070321,0,15.9398,16.5692,15.8102,16.5692,3384509.398
20070322,0,16.5692,16.6896,16.2915,16.3841,2206115.366
20070323,0,16.4304,17.0228,16.3471,16.9673,3899819.719
20070326,0,17.0228,17.0228,16.8469,16.9025,1953940.025
20070327,0,16.8932,16.958,16.8192,16.9395,1869970.751
20070328,0,16.921,17.0228,16.7359,16.9488,2794148.104
20070329,0,17.4116,18.0225,17.0876,17.9948,4898480.717
20070330,0,17.9022,18.0318,17.6337,17.6985,2423842.184
20070402,0,17.7078,17.8929,17.6985,17.8929,2947505.703
20070403,0,18.0133,18.5501,17.9207,18.2724,4122019.603
20070404,0,18.2724,18.5779,18.2354,18.5779,3201953.33
20070405,0,18.6335,18.652,18.402,18.4761,2138913.215
20070409,0,18.5224,18.8834,18.4853,18.6797,3252181.742
20070410,0,18.6983,19.1055,18.5964,19.0037,3354479.354
20070411,0,19.0778,19.0963,18.8741,19.0222,2924200.719
20070412,0,19.0685,19.5036,18.9297,19.2074,2821041.305
20070413,0,19.2074,19.4203,19.1333,19.3092,1883094.825
20070416,0,19.4665,19.7535,19.3925,19.5499,1393562.979
20070417,0,19.3832,19.5776,19.2259,19.2536,2177979.452
20070418,0,19.2536,19.6147,19.2536,19.5313,2472664.652
20070419,0,19.3925,19.4295,19.2444,19.2814,2160307.584
20070420,0,19.5684,19.698,19.4017,19.5961,2463890.058
20070423,0,19.6424,19.6702,19.3555,19.374,1477004.513
20070424,0,19.7442,20.3644,19.5776,19.7628,3916366.333
20070425,0,19.8646,20.5403,19.7535,20.3644,2465391.859
20070426,0,19.7905,20.2163,19.7257,19.9571,1639489.411
20070427,0,20.0127,20.1238,19.6794,20.1145,1837510.889
20070430,0,20.2348,20.3459,20.0775,20.1515,1684906.545
20070501,0,20.133,20.2163,19.809,19.9571,1401280.372
20070502,0,20.0497,20.096,19.6609,19.8461,2479951.325
20070503,0,19.8368,20.4292,19.8276,20.3829,2762906.236
20070504,0,20.5033,20.8087,20.2163,20.3181,1219792.133
20070507,0,20.4848,21.2901,20.3644,21.1327,4100669.103
20070508,0,21.0124,21.3919,20.7717,21.2438,2098998
20070509,0,20.8735,21.0309,20.7347,20.7347,4315216
20070510,0,20.7717,20.7717,20.2163,20.3367,1672147.095
20070511,0,20.3367,20.8273,20.2626,20.781,2175316.737
20070514,0,20.9569,21.3086,20.8643,21.105,2581836.451
20070515,0,21.179,21.2716,20.781,20.8643,1462461.137
20070516,0,20.9661,21.3271,20.8643,21.1883,2249523.834
20070517,0,21.1512,21.1975,20.8828,20.9846,1247334.729
20070518,0,21.0679,21.2901,20.9013,21.2253,2249058.302
20070521,0,21.2901,21.9751,21.1883,21.9103,3331880.229
20070522,0,21.7622,21.9751,21.7529,21.7622,1181216.426
20070523,0,21.7437,21.9288,21.4382,21.4567,2308649.728
20070524,0,21.6233,21.6233,21.0772,21.0772,1631622.328
20070525,0,21.1142,21.3827,21.1142,21.1883,1307976.937
20070529,0,21.1698,21.7066,21.1698,21.6326,2302652.154
20070530,0,21.5215,21.6604,21.4104,21.4289,2180535.363
20070531,0,21.4752,21.6881,21.3456,21.6604,2346040.942
20070601,0,21.6233,21.9658,21.4937,21.7992,2175276.918
20070604,0,21.6881,22.1787,21.6789,22.0769,3212700.833
20070605,0,21.9473,22.1695,21.827,21.938,1649506.737
20070606,0,21.9473,21.9473,21.6789,21.7159,1798276.054
20070607,0,21.6696,21.7992,21.3364,21.3641,1450840.167
20070608,0,21.1327,21.8455,21.105,21.7437,1610305.675
20070611,0,21.8177,21.9843,21.7437,21.7714,1241799.153
20070612,0,21.6974,22.5212,21.5585,22.1509,5025356.702
20070613,0,22.1787,22.4194,22.1695,22.2805,2420600.52
20070614,0,22.3731,22.4934,22.1972,22.4564,950771.233
20070615,0,22.6971,22.8637,22.2991,22.4009,3088368.249
20070618,0,22.3453,22.4472,22.0584,22.0584,1396548.715
20070619,0,22.1787,22.2065,22.0676,22.0954,1835524.806
20070620,0,22.0306,22.1509,21.7899,21.901,1145387.726
20070621,0,21.8825,22.0306,21.6326,21.6418,1352696.162
20070622,0,21.5585,22.0399,21.5585,21.6604,1178983.419
20070625,0,21.6974,21.7437,21.1142,21.142,2235333.96
20070626,0,21.2808,21.3086,21.0587,21.1975,1702191.254
20070627,0,21.0864,21.216,20.9569,21.1327,1331916.936
20070628,0,21.0957,21.4289,20.9569,21.2253,1976724.495
20070629,0,21.2253,21.4845,21.1605,21.2623,1133574.362
20070702,0,21.3271,21.7807,21.2346,21.3364,2065915.977
20070703,0,21.4104,21.4382,21.1142,21.2623,1562143.188
20070705,0,21.1883,21.3734,21.0679,21.1142,1723802.054
20070706,0,21.0957,21.5308,21.0957,21.5308,2009154.334
20070709,0,21.54,21.7529,21.4845,21.6881,2190561.864
20070710,0,21.6141,22.2065,21.2716,21.827,4130997.159
20070711,0,21.7714,22.1602,21.6974,21.7714,3596665.248
20070712,0,21.8547,22.1232,21.7992,22.0306,2473516.51
20070713,0,21.9195,22.2435,21.9195,22.1602,4400457.765
20070716,0,22.2065,23.7061,22.1602,23.5672,5597513.312
20070717,0,23.6227,24.03,23.5672,23.8264,3356634.637
20070718,0,23.7338,23.8912,23.6783,23.8356,1771555.595
20070719,0,23.9375,24.0671,23.4469,24.0208,1377941.661
20070720,0,24.0948,24.0948,22.984,23.3358,2659588.058
20070723,0,23.2525,23.8356,23.2525,23.5302,2283484.763
20070724,0,23.5302,23.632,22.8915,23.0026,1259906.253
20070725,0,23.1321,23.1692,22.5767,22.586,1509564.061
20070726,0,22.3638,22.6786,21.0587,22.0862,2817493.686
20070727,0,22.1695,22.7156,21.938,22.3731,3247745.147
20070730,0,22.3083,22.549,21.9195,21.9936,1708096.838
20070731,0,22.1417,22.5582,21.938,21.9566,2036346.054
20070801,0,21.8733,22.0769,20.6514,21.4845,4173751.9
20070802,0,21.4382,22.1139,21.4197,22.0028,3334809.182
20070803,0,22.0584,22.3916,21.7899,21.7899,1741467.619
20070806,0,21.9843,22.3268,21.7807,22.1417,2073028.594
20070807,0,22.1787,22.6138,22.0028,22.6045,3424300
20070808,0,22.6601,24.1596,22.512,24.1596,4080966
20070809,0,23.9097,24.03,23.0951,23.5857,3645054.174
20070810,0,23.2802,23.8542,22.2805,22.7619,3069220.542
20070813,0,22.5027,23.1414,22.1232,22.5953,1369285.127
20070814,0,22.6786,23.0859,22.3453,22.3824,1129425.755
20070815,0,22.3361,22.6786,21.9103,21.9843,1294006.689
20070816,0,22.0028,22.0028,20.2904,20.781,2127886.687
20070817,0,20.7254,21.6511,20.7069,21.4382,3024794.013
20070820,0,21.4104,22.2528,20.8643,21.8918,1771506.291
20070821,0,21.8733,22.1139,21.7066,21.9195,924420.059
20070822,0,21.7529,22.4472,21.7529,22.4009,1564884.022
20070823,0,22.3824,22.6323,21.4475,21.5493,1368595.855
20070824,0,21.4197,21.4937,21.0402,21.1605,1954789.811
20070827,0,21.9473,22.8915,21.827,22.7619,3160034.531
20070828,0,22.4934,22.7619,22.0491,22.0862,2117074.631
20070829,0,22.225,23.1044,21.8733,22.91,1453051.78
20070830,0,22.8452,23.0303,22.549,22.9007,1059164.295
20070831,0,23.0396,23.3913,22.9655,23.271,1071256.438
20070904,0,23.3728,23.6968,23.2525,23.5394,1243217.706
20070905,0,23.4654,23.6042,23.1692,23.3728,1169815.699
20070906,0,23.4931,23.6968,23.1969,23.3821,1086730.82
20070907,0,23.4284,23.6413,23.0211,23.5024,1231232.882
20070910,0,23.5765,24.1319,23.5209,23.956,1342773.141
20070911,0,24.0671,24.3077,23.6413,24.2614,1275162.751
20070912,0,24.1874,24.6317,24.0393,24.5577,1747406.016
20070913,0,24.8076,24.8076,24.4558,24.6595,1669553.186
20070914,0,24.6224,24.6224,24.1596,24.354,3201199.564
20070917,0,24.2707,24.317,23.8727,23.919,1778033.212
20070918,0,24.0763,24.2429,23.7523,23.8819,3235340.851
20070919,0,23.9745,24.8076,23.9467,24.6502,3347324.578
20070920,0,24.5391,24.6687,23.9282,24.1504,1339035.255
20070921,0,24.0578,26.1313,24.0578,25.5851,5160108.692
20070924,0,25.5944,25.6036,25.039,25.2519,1861343.864
20070925,0,25.363,25.4093,24.8539,25.363,4168112.098
20070926,0,25.4463,26.122,25.4185,25.9276,2425004.582
20070927,0,26.3349,26.9829,26.2609,26.8163,2795752.969
20070928,0,27.0106,27.1495,26.4645,26.7052,2141899.339
20071001,0,26.7422,26.9181,26.5015,26.77,1480629.773
20071002,0,26.844,26.8625,26.3627,26.7422,1077256.384
20071003,0,26.7052,26.9458,26.4182,26.6126,1149517.872
20071004,0,26.5571,27.0662,26.4738,26.9644,1474789.974
20071005,0,26.8718,27.5938,26.7607,27.0292,2019273.997
20071008,0,26.9273,27.1587,26.6589,26.7885,968741.001999999
20071009,0,26.7607,27.0014,26.7237,26.844,1220482.643
20071010,0,26.6404,27.0292,26.6311,26.844,1529071.09
20071011,0,26.8533,26.8625,26.1683,26.3812,1944481.356
20071012,0,26.483,26.6774,26.2794,26.6034,1047300.514
20071015,0,26.3627,26.5015,25.4648,25.9184,2261539.462
20071016,0,25.9554,26.0942,25.6499,25.8906,1340086.536
20071017,0,25.9276,26.2331,25.7147,26.1961,1773216.354
20071018,0,26.1961,26.2423,25.7332,25.9184,2154008.58
20071019,0,26.0294,26.0294,25.2056,25.4278,1634148.195
20071022,0,25.3074,26.0017,25.1408,25.9554,1044322.207
20071023,0,25.7055,26.1313,25.0853,26.1128,1343022.203
20071024,0,25.9739,26.1405,25.7055,26.0572,1185009.445
20071025,0,26.4367,26.844,26.1405,26.483,1842988.005
20071026,0,26.844,26.844,26.2609,26.3627,7085537.08299999
20071029,0,26.4367,26.446,26.0572,26.1868,1144756.607
20071030,0,26.0294,26.085,25.7703,25.9461,1416422.298
20071031,0,26.085,26.3812,25.8258,26.3719,1247280.55
20071101,0,26.3257,26.6126,25.6314,25.6962,1404126.188
20071102,0,25.9924,26.0757,25.4741,25.9369,1931014.79
20071105,0,25.761,25.7795,24.8816,25.1408,5527981.235
20071106,0,25.2056,25.6499,24.9279,25.4093,1885570
20071107,0,25.1593,25.3537,24.7798,24.9279,2147494
20071108,0,24.8354,24.8446,23.0303,24.1781,3849761.329
20071109,0,23.6135,24.0671,23.2432,23.6042,2159940.192
20071112,0,23.5024,23.7894,21.6974,21.7344,2718727.548
20071113,0,21.7159,22.1417,21.4197,22.0676,2241504.528
20071114,0,21.9751,22.5212,21.4382,21.5122,1756035.729
20071115,0,21.3734,21.8918,21.3456,21.577,1885474.599
20071116,0,21.7344,21.7622,21.1975,21.5678,2175564.582
20071119,0,21.3919,21.4937,20.8735,21.1512,2009702.398
20071120,0,21.3827,22.2805,21.1235,21.938,3475506.134
20071121,0,21.9473,22.0306,21.2623,21.5678,1744855.588
20071123,0,21.7159,21.8085,21.3549,21.3549,669326.299
20071126,0,21.3734,21.8177,20.8828,20.8828,1797053.959
20071127,0,21.0124,21.5493,20.9198,21.1512,1870315.635
20071128,0,21.5215,22.1972,21.3086,22.1232,2652068.118
20071129,0,21.9566,22.4657,21.9195,22.3916,2904042.952
20071130,0,22.4564,22.9563,22.3916,22.6415,1686030.218
20071203,0,23.3265,24.4095,23.3173,24.2152,2580813.874
20071204,0,24.4003,24.4188,23.6968,24.2522,2654129.528
20071205,0,24.2522,24.3262,23.7801,24.0115,1589088.264
20071206,0,23.993,25.5203,23.8912,25.4555,1806191.454
20071207,0,25.4648,25.5851,24.8816,25.1593,2311697.666
20071210,0,25.3352,25.6499,24.715,24.9649,2735335.834
20071211,0,25.1316,25.4555,24.5947,24.7706,1429023.532
20071212,0,25.1778,25.3445,24.8261,25.2889,1284200.533
20071213,0,26.1868,26.2423,23.956,24.7243,4342279.823
20071214,0,24.4281,24.9742,24.1781,24.678,1698778.61
20071217,0,24.4743,24.7428,23.3358,23.4376,2372863.071
20071218,0,23.9097,23.9467,23.3358,23.6135,1654021.575
20071219,0,23.595,23.7246,23.0581,23.271,1082979.941
20071220,0,23.5117,23.6413,23.0951,23.5487,1052992.685
20071221,0,23.8912,23.8912,23.2155,23.8356,2121574.483
20071224,0,22.7711,23.9652,22.7711,23.7708,404563.968
20071226,0,24.0023,24.0115,23.5394,23.7801,517426.481
20071227,0,23.6783,23.8542,23.1692,23.2617,645892.198
20071228,0,23.1414,23.3913,22.9007,23.1692,821728.379999999
20071231,0,23.0303,23.345,22.9285,23.234,808204.062999999
20080102,0,23.1229,23.6135,22.7526,22.9285,2228266.751
20080103,0,23.1414,23.3636,22.6786,23.2895,1525382.768
20080104,0,23.5117,23.5117,22.4379,22.6508,2092718.941
20080107,0,22.5397,22.91,22.3546,22.6878,1650587.055
20080108,0,22.7341,22.7804,22.3176,22.5027,1762028.366
20080109,0,22.3453,22.8544,21.7899,22.2991,2414995.605
20080110,0,22.1139,22.3824,21.8177,22.225,1150434.978
20080111,0,22.3824,22.4749,22.0028,22.2528,1008971.779
20080114,0,22.3824,22.9007,22.2343,22.8267,1264053.304
20080115,0,22.5582,23.0211,22.4379,22.4934,1636121.955
20080116,0,22.7619,23.5765,22.5305,23.1414,2783102.344
20080117,0,23.1784,23.5024,22.6786,22.7341,2076973.519
20080118,0,23.5487,23.6042,21.4197,21.6233,2913530.686
20080122,0,21.105,21.5122,20.5958,21.2346,2533268.886
20080123,0,21.4197,21.7251,20.6977,21.6789,2541118.924
20080124,0,21.6141,22.2713,21.1512,22.188,1992234.623
20080125,0,22.3824,22.8082,21.9658,22.1047,1751808.525
20080128,0,22.2528,22.8544,22.1232,22.549,1549465.38
20080129,0,22.8544,23.0488,22.1047,22.1509,1455404.587
20080130,0,22.1324,22.1324,21.6233,21.6789,1766528.491
20080131,0,21.4845,21.5863,21.2901,21.3827,2444748.468
20080201,0,22.3731,22.4564,21.3827,21.6326,2994383.625
20080204,0,21.6604,21.7529,21.5493,21.6141,2544254.578
20080205,0,21.1883,21.2253,20.3459,20.4663,4983622.842
20080206,0,20.6421,20.7347,19.7442,20.6144,5590420.258
20080207,0,20.5403,21.0216,20.2163,20.855,2565161.509
20080208,0,20.5958,21.1235,20.2256,20.4292,3372809.245
20080211,0,20.4385,20.5125,19.7813,20.0867,2500726.749
20080212,0,20.1793,20.5218,19.9016,20.1886,2640194.421
20080213,0,20.3459,21.1512,20.2348,21.0864,1702327.663
20080214,0,21.105,21.2068,20.781,20.9291,1582494
20080215,0,20.7625,21.1698,20.3089,21.0679,3998900
20080219,0,21.4475,21.827,21.0124,21.0864,3132119.399
20080220,0,21.0864,21.0864,20.5958,20.9383,2027141.207
20080221,0,20.9846,20.9939,20.1793,20.2626,1737821.248
20080222,0,20.6421,21.2623,20.4292,21.2346,2069763.636
20080225,0,21.2993,21.7437,21.1975,21.6233,1652484.144
20080226,0,21.4197,21.901,21.4197,21.5863,1253457.029
20080227,0,21.4197,21.8547,21.4197,21.8085,1520905.258
20080228,0,21.54,22.0214,21.466,21.54,1317861.026
20080229,0,21.2253,21.2253,20.6236,20.855,2296339.978
20080303,0,20.8921,21.3179,20.8921,21.2901,1433318.535
20080304,0,21.0031,21.105,20.1978,20.5033,1779785.235
20080305,0,20.6514,21.179,20.4848,20.5218,2503210.461
20080306,0,20.6051,20.8087,19.7442,19.7535,2375730.98
20080307,0,19.6794,19.8646,19.1426,19.2074,3200834.229
20080310,0,19.3462,19.3647,18.5039,18.5131,4368133.022
20080311,0,18.5779,19.4758,18.1151,19.4573,2961276.40600001
20080312,0,20.2441,20.2904,19.448,19.4943,2389481.627
20080313,0,19.1518,19.772,18.8464,19.5961,1870732.84
20080314,0,19.8276,19.9016,18.7353,19.1518,1681279.749
20080317,0,18.7445,18.9574,18.328,18.7816,2076648.457
20080318,0,18.9852,19.087,18.5039,19.05,1874817.369
20080319,0,19.6794,19.6794,18.9667,18.9852,1529160.889
20080320,0,19.5128,19.5221,18.8556,19.1426,1784733.854
20080324,0,19.1611,19.8646,19.0685,19.7998,1306006.48
20080325,0,19.7813,20.2441,19.6517,20.2348,1741982.809
20080326,0,20.2441,20.2904,19.5406,19.7165,1805562.829
20080327,0,19.2999,19.9109,19.2351,19.3555,1287730.154
20080328,0,19.6239,19.7257,18.4761,18.5779,3000673.667
20080331,0,19.448,19.6517,19.013,19.5684,1845837.206
20080401,0,19.8553,20.3367,19.7165,20.1608,1867177.357
20080402,0,19.9386,20.2256,19.7628,19.9479,1894067.496
20080403,0,20.2626,20.2626,19.5684,19.8276,1158994.27
20080404,0,19.9294,20.2163,19.735,20.0867,955093.384999998
20080407,0,19.7165,20.9198,19.7165,20.6699,2949944.672
20080408,0,20.5033,20.6792,20.2256,20.3367,2179378.506
20080409,0,20.3644,20.457,20.1608,20.4385,1795067.41
20080410,0,20.8643,20.8643,20.1423,20.5218,2272772.419
20080411,0,20.818,20.818,19.9479,20.096,1349959.197
20080414,0,19.9294,20.2996,19.9016,19.9757,1256034.632
20080415,0,20.0405,20.0405,19.7165,19.8923,1038656.849
20080416,0,19.9849,20.2256,19.9571,20.0867,1388094.329
20080417,0,20.1238,20.5496,20.1238,20.2719,1155402.23
20080418,0,20.7254,21.4104,20.5218,21.0587,3286460.864
20080421,0,20.9476,21.0494,20.7162,20.9013,1641646.367
20080422,0,20.9754,20.9754,20.4477,20.5403,1760959.891
20080423,0,20.7254,20.7717,20.4015,20.6421,1550723.084
20080424,0,20.6977,21.2993,20.3644,21.0494,3123848.614
20080425,0,21.0124,21.1327,20.3644,20.6051,1634005.297
20080428,0,21.4197,21.4197,20.5033,20.6236,2422118.951
20080429,0,20.4755,21.4382,20.4107,21.2901,3358473.975
20080430,0,21.2716,21.7251,21.2531,21.4289,2134691.52
20080501,0,21.2808,22.5767,21.2808,22.5397,3457086.445
20080502,0,22.6786,22.6878,21.9751,22.4934,2265916.134
20080505,0,22.3176,22.512,21.4197,21.7529,3056763.502
20080506,0,21.6696,22.1602,21.6696,22.0954,2043749.152
20080507,0,22.1232,22.225,21.577,21.6604,1425401.793
20080508,0,22.0676,24.0208,22.0214,23.7801,5361193.215
20080509,0,23.345,24.6317,23.2432,24.5206,2981710.617
20080512,0,24.5577,24.5577,23.3821,23.7986,3061819.883
20080513,0,23.669,24.2152,23.632,24.1689,1734021.936
20080514,0,24.1966,24.4281,23.9282,24.0393,1728295.841
20080515,0,23.956,24.7058,23.6875,24.5114,1278311.851
20080516,0,24.1874,24.6595,23.7801,24.0948,2084549.05
20080519,0,23.919,24.2244,23.7431,23.9375,1258161.877
20080520,0,23.7431,24.391,23.4376,23.632,904640.605999999
20080521,0,23.6505,24.1504,22.6786,23.7894,3943087.176
20080522,0,23.7986,24.0948,23.4654,24.0856,1722352.761
20080523,0,23.7246,23.8819,23.2432,23.5209,1026510.863
20080527,0,23.632,23.956,23.308,23.9097,1257507.138
20080528,0,23.9282,24.2892,23.6598,23.8634,2671090.058
20080529,0,23.8171,23.8819,23.2802,23.6135,1949444.079
20080530,0,23.5394,24.317,23.2432,24.2892,2164819.483
20080602,0,23.7246,24.4373,23.5857,24.0393,2536575.655
20080603,0,24.1596,24.3355,23.8264,24.0948,1955442.565
20080604,0,23.8912,24.8354,23.7894,24.5114,3526644.854
20080605,0,24.3448,24.5762,24.1319,24.3818,2905525.892
20080606,0,24.1781,24.4188,23.7431,23.7894,2592879.09
20080609,0,23.8356,23.956,23.3543,23.8171,2398503.681
20080610,0,23.5394,23.7894,22.9655,23.0951,2769944.147
20080611,0,23.1414,23.271,22.7989,22.7989,2511839.536
20080612,0,22.947,23.6598,22.8174,23.1321,3714079.641
20080613,0,23.2525,23.6598,22.9563,23.4006,4298988.069
20080616,0,23.2802,23.8819,23.2155,23.8356,1541696.829
20080617,0,23.8264,24.3355,23.7153,24.2985,3096032.548
20080618,0,23.7061,24.2152,23.4006,23.5672,1965728.982
20080619,0,23.5765,23.8079,23.0211,23.4561,1587846.902
20080620,0,23.1784,23.3636,22.5397,22.6323,3462672.051
20080623,0,22.6323,22.9933,21.8733,21.9843,3015514.047
20080624,0,21.8547,21.938,21.0587,21.6881,3375881.847
20080625,0,21.8362,22.4101,21.5308,22.0954,1704894.256
20080626,0,21.6233,21.7714,20.9661,21.0494,2792545.079
20080627,0,21.0864,21.3641,20.6977,20.7532,2168097.244
20080630,0,20.6514,20.8458,20.2719,20.3552,3001528.896
20080701,0,20.3274,20.3737,19.5869,19.8368,4233139.097
20080702,0,19.6609,20.2811,19.4203,19.4388,3372992.849
20080703,0,19.6147,19.7442,19.1796,19.4665,1778518.782
20080707,0,19.5406,19.5591,18.652,18.8741,3012252.747
20080708,0,18.9112,19.1981,18.763,18.9759,2596680.684
20080709,0,18.9112,19.1611,18.689,18.9945,5225657.315
20080710,0,19.0963,19.2629,18.8278,19.1703,2926869.926
20080711,0,19.0685,19.3647,18.8001,19.1426,2813458.698
20080714,0,19.1426,19.7442,19.1055,19.5869,3018135.228
20080715,0,19.2722,19.8646,19.1611,19.6424,3496078.607
20080716,0,19.9109,20.0682,19.4203,19.8553,3332982.992
20080717,0,19.9571,20.1238,19.411,19.6424,2995478.618
20080718,0,19.7257,20.0127,19.5776,19.7165,2098396.502
20080721,0,19.8183,19.8183,19.5313,19.6332,1496111.914
20080722,0,19.8183,20.1515,19.4388,19.7165,2204377.172
20080723,0,19.6794,20.3274,19.4573,20.059,1348111.576
20080724,0,19.3647,19.8276,19.2814,19.4017,2187739.26
20080725,0,19.5869,19.735,19.4203,19.5684,1064439.596
20080728,0,19.4295,19.6147,18.7816,18.8926,1583356.044
20080729,0,18.9667,19.6609,18.9667,19.4851,1550693.869
20080730,0,19.8276,19.8738,18.4113,18.7445,3857127.996
20080731,0,18.4483,18.9297,17.9485,18.4761,3924733.619
20080801,0,18.6335,18.9852,17.5504,17.5875,5404966.476
20080804,0,17.643,17.6893,16.4397,17.1246,8132157.91300001
20080805,0,17.1246,17.4579,16.9765,17.3561,5262997.959
20080806,0,17.4301,17.68,17.0228,17.3746,3499097.114
20080807,0,17.2357,17.5967,16.6803,16.7544,6996653.178
20080808,0,16.8562,17.0598,16.7081,17.0043,7827114
20080811,0,17.1432,18.1521,17.1432,18.0595,5933483
20080812,0,18.1521,18.1706,17.6615,17.9855,4740908.13300001
20080813,0,17.8189,18.4853,17.8189,18.3002,3571435.428
20080814,0,18.1521,18.9204,18.1521,18.8186,3688687.599
20080815,0,18.8649,19.1055,18.5131,18.9667,3144688.493
20080818,0,18.8186,19.0037,18.0966,18.2262,2914645.178
20080819,0,18.2724,18.4391,17.9392,18.2817,3755335.778
20080820,0,18.3835,18.4391,17.967,18.2817,2112826.875
20080821,0,18.0873,18.1706,17.7078,18.041,2138081.304
20080822,0,18.1243,18.6335,18.0595,18.6057,1943785.577
20080825,0,18.402,18.5594,17.8559,17.9392,1904711.723
20080826,0,17.967,18.2169,17.8466,18.041,1051131.29
20080827,0,17.967,18.2354,17.7911,18.0133,2112133.315
20080828,0,18.1706,18.8649,18.0966,18.8093,2690660.527
20080829,0,18.8649,18.8741,18.3928,18.6983,1492976.658
20080902,0,19.0407,19.5406,18.3835,18.4853,2280607.566
20080903,0,18.365,18.8556,18.2817,18.652,2659820.847
20080904,0,18.6705,18.7908,18.004,18.0225,2347891.779
20080905,0,17.9855,18.2447,17.6708,18.0781,1983166.511
20080908,0,18.041,19.2074,17.4764,18.2354,2349182.18
20080909,0,18.1706,18.2632,17.6708,17.6985,2192248.413
20080910,0,17.93,17.93,16.958,17.2727,4823880.906
20080911,0,16.9858,17.6337,16.958,17.5875,2982350.362
20080912,0,17.4949,18.0688,17.0876,18.004,3051711.526
20080915,0,17.4949,18.0781,17.2172,17.3005,3092770.804
20080916,0,17.1987,18.2169,16.958,17.9392,5185710.531
20080917,0,17.5042,17.606,16.9303,16.9765,3950462.177
20080918,0,18.53,21.05,14.64,16.5,2171305
20080919,0,16.27,22.75,15.82,17.2,2645804
20080922,0,16.5,17.1,15.86,16.78,2113322
20080923,0,17.33,17.33,16.26,16.72,2070207
20080924,0,17.07,17.24,16.26,16.51,743738
20080925,0,16.57,16.75,15.52,16.2,1966658
20080926,0,15.7,16.37,15.67,16.14,1448546
20080929,0,15.74,15.86,13.59,14.67,2476243
20080930,0,14.7,14.92,13.96,14.44,2775438
20081001,0,13.89,14.69,13.69,14.56,1582941
20081002,0,14.25,14.52,13.82,14,1742970
20081003,0,14.16,14.16,12.84,13.06,2506854
20081006,0,12.61,12.88,11.64,12.71,2045208
20081007,0,13.04,13.39,11.81,12.15,2313490
20081008,0,11.62,12.08,11.11,11.69,3383149
20081009,0,11.13,12.48,10.45,11.61,3015345
20081010,0,10.95,12.43,10.61,11.04,2685218
20081013,0,11.55,13.1,11.01,13.1,1565450
20081014,0,12.78,13.83,12.78,13.7,3097535
20081015,0,13.14,14.23,12.25,12.35,1365063
20081016,0,12.1,13.82,10.23,12.26,2095499
20081017,0,13.2,13.5,11,12.87,1577595
20081020,0,12.91,13.58,12.61,13.58,1030285
20081021,0,13.42,13.79,12.88,13.3,1275885
20081022,0,13.26,13.33,12.29,12.65,1383603
20081023,0,12.61,12.84,11.36,12.06,1506240
20081024,0,11.21,11.48,10.02,10.34,2237996
20081027,0,10.54,10.76,10.33,10.39,2184840
20081028,0,10.42,11.16,10.19,11.16,976033
20081029,0,11,12.73,10.65,12.3,3214348
20081030,0,12.95,13.07,12.32,13.06,1645402
20081031,0,13,14.36,13,13.7,2992758
20081103,0,13.2,13.87,13.1,13.51,850708
20081104,0,13.84,14.63,13.33,14.03,3026426
20081105,0,13.93,14.24,13.54,13.7,2263309
20081106,0,14.3,14.3,12.1,12.17,1499891
20081107,0,12.52,14.7,12.52,13.99,5083152
20081110,0,14.15,15,13.88,14.05,1719402
20081111,0,13.88,13.92,12.61,13.57,1574239
20081112,0,13.28,13.53,11.65,12.04,5010905
20081113,0,12.25,13.49,11.81,13.49,2645040
20081114,0,13.45,14.54,13.17,14,2351635
20081117,0,14.39,14.39,13.36,13.43,2552470
20081118,0,13.3,13.63,12.02,12.51,2430821
20081119,0,12.76,13.25,12.28,12.4,2402323
20081120,0,12.05,12.86,11.65,11.94,3341014
20081121,0,12.13,12.83,11.3,12.82,3289752
20081124,0,13.51,13.72,12.56,13.56,1855270
20081125,0,13.89,13.89,12.67,13.3,1966057
20081126,0,13.06,14.3,13.02,14.12,1044194
20081128,0,13.96,15.29,13.71,15,831415
20081201,0,14.28,14.47,13.32,13.4,1376015
20081202,0,13.18,14.02,13.02,13.72,1582177
20081203,0,13.35,14,13.2,13.83,1509361
20081204,0,13.51,13.97,12.44,12.87,2298943
20081205,0,12.9,13.81,12.45,13.8,2132148
20081208,0,14.25,15.15,14.12,14.98,2968248
20081209,0,15.25,15.25,13.58,13.97,3845332
20081210,0,13.99,14.6,13.46,13.77,3954663
20081211,0,13.57,13.77,12.88,12.99,3288978
20081212,0,12.75,13.53,12.75,13.12,2352050
20081215,0,13.72,13.72,12.69,12.95,1844521
20081216,0,13.08,13.45,12.79,13.12,2457486
20081217,0,13.04,13.57,12.81,13.47,4997647
20081218,0,13.62,14.05,13.38,13.92,4478544
20081219,0,13.79,14.53,13.12,14.31,3125595
20081222,0,14.14,14.46,13.37,13.68,1319814
20081223,0,13.49,13.91,13.28,13.6,801075
20081224,0,13.69,13.85,13.58,13.71,308377
20081226,0,13.37,13.85,13.37,13.72,537789
20081229,0,13.81,13.9,13.3,13.58,951648
20081230,0,13.85,14.15,13.51,13.83,1040334
20081231,0,13.55,14.23,13.53,14.14,1355248
20090102,0,14.13,14.78,14.07,14.68,1348579
20090105,0,14.24,15.1,14.24,14.8,1940677
20090106,0,14.89,15.11,14.58,14.98,1701679
20090107,0,14.61,14.97,14.3,14.54,1150490
20090108,0,14.27,15.09,14.02,14.99,1781974
20090109,0,14.95,15.19,14.51,14.78,1210656
20090112,0,14.67,14.9,14.46,14.6,1553654
20090113,0,14.71,15.25,14.71,15,2115357
20090114,0,14.77,15,14.35,14.79,1633886
20090115,0,14.45,15.05,14.04,14.75,1586085
20090116,0,15,15.39,14.21,14.67,2031105
20090120,0,14.6,14.7,13.64,13.68,1732877
20090121,0,14,14.59,14,14.45,1644968
20090122,0,14.26,14.93,14.2,14.57,1687202
20090123,0,14.36,14.88,14.36,14.76,1573368
20090126,0,14.86,14.91,14.28,14.58,2017261
20090127,0,14.75,14.99,14.44,14.88,895850
20090128,0,14.78,15.12,14.78,14.97,1470526
20090129,0,14.86,14.89,14.33,14.4,829961
20090130,0,14.86,15.05,14.18,14.44,1349396
20090202,0,14.23,14.71,13.96,14.55,960770
20090203,0,14.59,14.75,14.16,14.63,1026509
20090204,0,14.61,14.89,13.69,13.74,3112318
20090205,0,13.55,13.74,13.28,13.45,2686907
20090206,0,13.58,14.11,13.48,13.9,1698723
20090209,0,13.84,14.13,13.7,14,1677202
20090210,0,13.8,14.05,13.53,13.65,1298982
20090211,0,13.7,14.04,13.64,13.79,1117076
20090212,0,13.62,14.15,13.56,13.99,1459724
20090213,0,14.01,14.14,13.93,13.98,945122
20090217,0,13.55,13.87,13.21,13.47,1505008
20090218,0,13.56,13.7,13.03,13.12,982032
20090219,0,13.28,13.39,13.06,13.08,1656107
20090220,0,12.98,13.01,12.46,12.68,1325157
20090223,0,12.69,13.07,12.65,12.75,1856301
20090224,0,12.56,13.46,12.56,13.21,3077907
20090225,0,14.73,15.32,14.35,14.92,6115490
20090226,0,15.12,15.5,14.75,14.76,2182313
20090227,0,14.7,15.59,14.7,15.5,2990768
20090302,0,15.31,15.8,15.12,15.26,2451884
20090303,0,15.6,15.78,15.35,15.66,2635587
20090304,0,15.73,15.92,15.21,15.46,2310998
20090305,0,15.29,15.65,15.07,15.23,2232413
20090306,0,15.35,15.5,14.67,15.09,3798321
20090309,0,15.04,15.29,14.41,14.5,1939892
20090310,0,14.69,15.37,14.69,15.34,1711677
20090311,0,15.43,15.7,15.19,15.44,1349522
20090312,0,15.57,16.77,15.29,16.6,2562621
20090313,0,16.63,16.99,16.3,16.94,2231873
20090316,0,17.07,17.12,16.6,16.66,1077435
20090317,0,16.49,16.79,16.37,16.79,1147070
20090318,0,17.01,17.29,16.65,17.16,1517411
20090319,0,17.12,17.12,16.17,16.25,1863361
20090320,0,16.24,16.57,15.82,15.88,1151593
20090323,0,16,16.71,15.87,16.57,2651809
20090324,0,16.46,16.62,16.08,16.22,1239746
20090325,0,16.13,16.25,15.72,16.2,1837034
20090326,0,16.34,16.66,16.19,16.47,1470431
20090327,0,16.26,16.38,15.68,16.13,1302526
20090330,0,15.9,16.03,15.33,16,1544115
20090331,0,16.04,16.37,15.84,16.07,1284293
20090401,0,16.05,17.15,16,17.03,2807570
20090402,0,17.33,18.06,17.33,17.81,2443959
20090403,0,17.96,18.04,17.44,18.01,2562624
20090406,0,17.65,17.87,17.41,17.8,1375364
20090407,0,17.11,17.17,16.62,16.75,2734160
20090408,0,16.96,17.4,16.65,17.15,1524354
20090409,0,17.26,18.03,17.26,17.91,2373490
20090413,0,17.88,17.95,17.48,17.65,1493626
20090414,0,17.26,17.71,16.96,17,1851189
20090415,0,16.92,17.44,16.76,16.92,1375212
20090416,0,17.11,17.96,16.97,17.77,1147017
20090417,0,17.74,18.37,17.57,18.24,2498097
20090420,0,18.31,18.32,17.56,17.69,1651799
20090421,0,17.82,18.28,17.4,18.27,1243894
20090422,0,18.15,18.85,18.01,18.49,2407055
20090423,0,18.55,18.57,17.63,17.8,2144666
20090424,0,17.75,18.33,17.64,18.24,1676311
20090427,0,17.88,18.88,17.78,18.33,2356144
20090428,0,18.07,18.52,18,18.26,1192128
20090429,0,18.75,19.61,18.7,19.2,2781400
20090430,0,19.75,19.89,18.85,18.95,1572717
20090501,0,19.04,19.04,18.01,18.61,2333985
20090504,0,19.22,20.48,18.89,20.25,2724065
20090505,0,20,21.36,19.62,21.3,2883975
20090506,0,21,21.47,20.79,20.97,2158614
20090507,0,21.08,21.08,19.9,20.07,1771993
20090508,0,20.33,20.45,19.71,20.25,1628334
20090511,0,20.02,20.71,19.84,20.28,1424861
20090512,0,20.69,20.71,19.16,19.54,1493244
20090513,0,19.49,19.49,18.97,19.17,1032809
20090514,0,19.11,19.53,19,19.24,901238
20090515,0,19.06,19.84,19.06,19.26,810391
20090518,0,19.19,20.05,18.97,20.05,1222494
20090519,0,19.91,20.74,19.88,20.61,1642415
20090520,0,20.82,22.17,20.82,21.75,3493010
20090521,0,21.2,21.61,20.8,21.44,2564763
20090522,0,21.8,21.96,21.51,21.82,1195355
20090526,0,22.03,22.25,21.66,22.25,2170208
20090527,0,22.26,22.26,21.63,21.89,1892396
20090528,0,22.07,22.25,21.38,22,1491247
20090529,0,22.32,22.49,22,22.35,1894682
20090601,0,22.57,23,22.08,22.46,2544858
20090602,0,22.66,22.66,21.89,22.41,2379020
20090603,0,22.81,22.81,22.15,22.44,1638850
20090604,0,22.74,22.74,22.19,22.28,1904515
20090605,0,22.59,23.21,22.12,23.05,2005569
20090608,0,22.99,23.4,22.62,23.2,790829
20090609,0,23.38,23.68,22.91,23.6,1755738
20090610,0,23.95,24.08,22.69,23,1347015
20090611,0,22.77,22.97,22.39,22.65,1010211
20090612,0,22.47,22.66,21.73,22.12,1559367
20090615,0,22,22.02,21.16,21.73,1459053
20090616,0,21.72,21.99,20.81,21,1103965
20090617,0,20.7,21.26,20.51,21.16,1225974
20090618,0,21.29,21.49,21.04,21.14,813694
20090619,0,21.08,21.4,20.69,20.89,1682909
20090622,0,20.66,20.91,20.11,20.25,1417891
20090623,0,20.21,20.6,19.88,20.09,1187571
20090624,0,20.12,21.53,20.12,20.63,1694124
20090625,0,20.67,21.15,20.55,21,1845488
20090626,0,21.2,21.85,20.96,21.58,2352190
20090629,0,21.75,22.24,21.75,22.17,1236653
20090630,0,22.58,22.64,22.14,22.54,2591976
20090701,0,22.68,23.36,22.41,23.01,1368017
20090702,0,23.1,23.14,22.02,22.06,1663996
20090706,0,22.03,22.08,21.66,21.94,1784189
20090707,0,21.85,22.22,21.7,21.8,2124938
20090708,0,21.95,22.1,21.42,21.85,1599639
20090709,0,22.2,22.69,22,22.4,1827111
20090710,0,22.49,22.9,22.07,22.49,1773550
20090713,0,22.4,22.54,21.82,22.33,965552
20090714,0,22.24,23.11,22.06,22.88,1524776
20090715,0,23.05,23.89,23,23.54,1641916
20090716,0,23.62,23.79,22.99,23.57,1115771
20090717,0,23.47,23.61,23.15,23.33,724344
20090720,0,23.1,24.04,23,23.98,1275081
20090721,0,23.99,24,23.62,23.85,746548
20090722,0,23.9,24,23.54,23.83,1168989
20090723,0,23.86,24.23,23.5,24,2677973
20090724,0,24.11,24.33,23.71,24.04,595189
20090727,0,24.07,24.07,23.48,24.01,712153
20090728,0,23.89,24.45,23.75,24.41,1277172
20090729,0,24.39,24.53,24.05,24.12,918816
20090730,0,24.5,24.67,24.18,24.36,1709791
20090731,0,24.41,24.62,24.3,24.51,1307504
20090803,0,24.5,25.48,24.3,25.37,2634800
20090804,0,24.76,25.62,24.67,24.94,3254153
20090805,0,25.2,25.33,24.51,24.98,1378052
20090806,0,25.18,25.6,24.75,24.81,1349701
20090807,0,25,25.76,24.69,25.72,1306647
20090810,0,25.63,25.99,25.2,25.43,972878
20090811,0,25.6,25.7,24.81,25,1266948
20090812,0,25.13,25.62,24.98,25.17,1057877
20090813,0,25.61,25.73,24.61,24.78,1894727
20090814,0,24.89,25.08,24.16,24.72,1277384
20090817,0,24.37,24.66,24.13,24.3,902551
20090818,0,24.29,24.81,24.25,24.6,651701
20090819,0,24.29,25.07,24.25,24.88,1533586
20090820,0,24.91,25.25,24.53,25.12,914027
20090821,0,25.06,25.69,25.01,25.67,1287166
20090824,0,25.7,26.07,25.44,25.83,1127414
20090825,0,26.08,27.02,25.92,26.8,2520721
20090826,0,26.51,26.86,26.31,26.85,1692778
20090827,0,26.77,26.77,25.85,26.37,1652756
20090828,0,26.69,26.69,25.48,25.89,2316853
20090831,0,25.9,26.23,25.71,25.89,2147540
20090901,0,25.75,26.46,25.53,25.57,1810010
20090902,0,25.69,25.75,25.24,25.54,900950
20090903,0,25.77,25.88,25.47,25.66,1071561
20090904,0,25.84,26.13,25.61,26.09,1388195
20090908,0,26.76,26.76,26.2,26.62,961472
20090909,0,26.73,27.28,26.41,27.18,1402585
20090910,0,27.29,28.45,27.22,28.42,1976455
20090911,0,28.45,28.68,28.03,28.33,947858
20090914,0,28.34,28.45,27.98,28.37,1081213
20090915,0,28.41,28.91,28.2,28.84,1109703
20090916,0,29.08,29.75,28.68,29.39,1453401
20090917,0,29.22,29.54,29.05,29.23,1789315
20090918,0,29.19,29.77,29.07,29.62,2370117
20090921,0,29.58,29.85,29.25,29.4,2223460
20090922,0,29.6,29.75,29.38,29.55,1032270
20090923,0,29.62,29.64,28.9,28.9,1165721
20090924,0,28.86,28.86,28.25,28.42,946978
20090925,0,28.28,28.41,27.68,27.7,1350556
20090928,0,27.74,28.47,27.71,28.3,875534
20090929,0,28.2,28.85,28.2,28.42,955765
20090930,0,28.67,29.13,28.46,28.93,1610965
20091001,0,29.21,29.88,28.77,28.9,3576377
20091002,0,28.89,29.08,28.49,29.01,2008525
20091005,0,29.45,29.6,29.1,29.48,1484832
20091006,0,29.48,30.33,29.37,30.11,1534065
20091007,0,30.1,30.28,29.82,30.23,1296571
20091008,0,30.5,31.11,30.24,30.95,2481053
20091009,0,31.02,31.06,30.28,30.54,914392
20091012,0,30.64,30.81,30.14,30.29,513809
20091013,0,30.19,30.31,29.89,30.08,877198
20091014,0,30.32,30.47,29.95,30.42,1695907
20091015,0,30.38,30.38,29.85,30.03,1511874
20091016,0,29.92,30.34,29.66,30.1,2130120
20091019,0,30.18,31.06,29.93,30.85,2028398
20091020,0,31.15,31.35,30.71,30.79,1952665
20091021,0,30.57,30.84,29.71,29.75,1432993
20091022,0,30.4,30.41,29.6,29.68,1722688
20091023,0,29.76,29.91,29.4,29.63,1565693
20091026,0,29.73,30.15,29.57,29.7,2094151
20091027,0,29.85,29.92,28.98,29.01,643289
20091028,0,28.39,28.75,27.87,27.99,1484972
20091029,0,27.88,28.79,27.77,28.72,1685234
20091030,0,28.69,28.78,27.34,27.53,1605231
20091102,0,27.33,28.33,27.05,27.22,3168770
20091103,0,27.25,28.03,26.64,27.94,2720782
20091104,0,28.51,29.75,28.36,28.44,4216915
20091105,0,28.47,29.63,28.33,29.59,1869317
20091106,0,29.4,30.07,29.21,30.01,1599074
20091109,0,30.09,30.82,29.91,30.76,1491108
20091110,0,30.57,30.85,30.17,30.42,1078323
20091111,0,30.7,30.92,30.28,30.35,934568
20091112,0,30.62,30.77,30.03,30.17,1098810
20091113,0,30.12,30.6,30.01,30.56,1465456
20091116,0,30.57,31.58,30.57,31.57,1059035
20091117,0,31.24,31.84,31.11,31.84,972352
20091118,0,31.76,31.99,31.4,31.46,942488
20091119,0,31.34,31.38,30.67,31.08,825211
20091120,0,30.79,31.41,30.48,31.17,1154887
20091123,0,31.87,32.4,31.31,31.59,1066628
20091124,0,31.82,31.96,31.28,31.89,982070
20091125,0,31.91,31.94,31.58,31.86,1070026
20091127,0,30.97,31.69,30.84,31.57,356741
20091130,0,31.72,32.03,31.42,31.99,1516975
20091201,0,32.09,32.61,32.09,32.33,1890045
20091202,0,32.22,32.69,32.14,32.42,1806352
20091203,0,32.6,32.64,31.58,31.58,1379498
20091204,0,32.13,32.13,31.1,31.38,1565108
20091207,0,31.38,31.89,31.3,31.46,1139524
20091208,0,31.46,31.51,30.99,31.04,864260
20091209,0,30.95,31.1,30.66,30.74,1006351
20091210,0,30.79,31.78,30.57,31.74,1216472
20091211,0,31.79,32.05,31.6,31.94,1076707
20091214,0,32.01,32.05,31.27,31.79,2705041
20091215,0,32.04,32.04,31.44,31.63,1172914
20091216,0,31.85,31.97,31.36,31.43,1052534
20091217,0,31.07,31.87,30.99,31.55,1201344
20091218,0,31.54,31.68,31.15,31.4,1214922
20091221,0,31.3,31.94,31.3,31.7,768934
20091222,0,31.7,31.7,31.34,31.46,830851
20091223,0,31.26,31.5,30.85,30.88,1078872
20091224,0,31.13,31.19,30.9,31.12,179201
20091228,0,31.25,31.5,30.98,31.06,557852
20091229,0,31.09,31.35,31.08,31.14,380000
20091230,0,31.04,31.21,30.41,30.79,862240
20091231,0,30.95,31,30.63,30.68,345939
20100104,0,30.72,31.25,30.69,30.96,1255351
20100105,0,30.64,32.36,30.64,32.22,1506292
20100106,0,32.5,32.8,32.1,32.72,1843554
20100107,0,32.53,32.98,32.53,32.69,1164144
20100108,0,32.59,32.96,32.46,32.79,1225996
20100111,0,32.85,32.96,32.51,32.62,1089626
20100112,0,32.6,32.65,31.77,31.8,1375245
20100113,0,31.75,32.1,31.29,31.98,1151503
20100114,0,31.77,32.26,31.66,31.66,766393
20100115,0,32.58,33.02,32.25,32.39,1987338
20100119,0,32.26,32.48,32.13,32.4,998627
20100120,0,32.17,32.34,31.92,32.14,895533
20100121,0,32.02,32.51,31.32,31.81,1151628
20100122,0,31.74,31.96,30.91,30.92,998497
20100125,0,31.23,31.28,30.62,30.84,835952
20100126,0,31.05,31.05,30.49,30.8,813419
20100127,0,30.6,30.81,29.62,30.2,1199514
20100128,0,30.15,30.49,29.73,30.35,899349
20100129,0,30.44,30.46,29.62,29.73,1149520
20100201,0,29.74,30.13,29.59,29.75,1258409
20100202,0,29.73,29.92,29.32,29.48,1940945
20100203,0,29.26,29.55,29.26,29.33,2406746
20100204,0,29.13,29.2,28.54,28.65,1941528
20100205,0,28.56,28.56,27.69,28.38,2204712
20100208,0,28.21,28.82,28.2,28.56,1881309
20100209,0,28.65,29.36,28.65,29.27,2710153
20100210,0,28.23,28.64,27.85,27.93,3906763
20100211,0,28.1,28.16,27.7,28.02,3132662
20100212,0,27.98,28.74,27.69,28.68,2457917
20100216,0,28.59,29.06,27.94,28.9,1242863
20100217,0,30.82,31.8,30.69,31.42,9389548
20100218,0,31.22,31.89,31.17,31.61,2123664
20100219,0,31.54,32.4,31.42,32,2567174
20100222,0,32.25,32.66,32.04,32.1,3017653
20100223,0,31.42,32.4,31.29,32.07,5232541
20100224,0,32.25,32.25,31.6,32,4439717
20100225,0,31.83,31.83,31.15,31.4,6960858
20100226,0,31.58,31.58,30.99,31.01,12922844
20100301,0,31.09,31.2,30.81,30.83,7402795
20100302,0,31.05,31.1,30.7,30.79,5274246
20100303,0,31.01,31.01,30.61,30.61,2928696
20100304,0,30.58,31.4,30.51,31.08,2890115
20100305,0,31.36,31.6,31.14,31.52,2413549
20100308,0,31.55,31.85,31.36,31.68,2169508
20100309,0,31.85,31.99,30.9,31.91,1900850
20100310,0,32.14,32.2,31.29,31.86,2414985
20100311,0,32.07,32.34,31.52,32.32,1837933
20100312,0,32.32,32.49,31.98,32.44,2540041
20100315,0,32.48,32.64,32.14,32.39,1848414
20100316,0,32.65,32.65,32.15,32.44,1421387
20100317,0,32.4,32.82,32.2,32.57,1169826
20100318,0,32.68,32.71,32.38,32.54,929904
20100319,0,32.75,33.02,32.3,32.44,2418063
20100322,0,32.46,33.28,32.18,33.11,1700576
20100323,0,33.24,33.4,32.98,33.35,2265919
20100324,0,33.09,33.6,33.05,33.46,1751018
20100325,0,33.59,33.88,33.24,33.38,1853864
20100326,0,33.76,33.85,33.35,33.58,1843538
20100329,0,33.8,34.21,33.42,33.57,1456006
20100330,0,33.47,34.36,33.36,34.25,2094686
20100331,0,33.95,34.05,33.67,33.78,1905936
20100401,0,33.86,33.88,33.48,33.75,1545907
20100405,0,33.8,34.14,33.6,34.06,1766030
20100406,0,33.97,34.67,33.94,34.62,2013860
20100407,0,34.49,34.51,33.92,34.11,2650903
20100408,0,34.09,34.27,33.95,34.05,1845743
20100409,0,34.09,34.88,34.02,34.85,1621251
20100412,0,34.84,34.87,34.63,34.7,1238407
20100413,0,34.71,34.99,34.5,34.95,1400700
20100414,0,34.87,35.31,34.65,35.3,1709343
20100415,0,35.39,35.43,35.08,35.14,1693104
20100416,0,35.01,35.68,34.79,35.18,3854584
20100419,0,35.2,35.55,34.91,35.32,1772741
20100420,0,35.44,36.09,35.34,36,1453163
20100421,0,36.06,36.7,36.06,36.45,3084525
20100422,0,36.37,36.67,36.04,36.61,2306353
20100423,0,36.68,37.41,36.34,37.33,1648694
20100426,0,37.36,37.41,36.91,36.99,2152223
20100427,0,36.75,36.97,35.98,36.11,2398754
20100428,0,36.21,36.45,35.93,36.25,1615635
20100429,0,36.59,37.67,36.53,37.49,3830531
20100430,0,37.75,39.11,37.5,38.8,4045514
20100503,0,39,39.37,38.7,39.37,3107668
20100504,0,39.08,39.11,38.48,38.87,2554874
20100505,0,38.42,38.57,37.25,37.57,2407843
20100506,0,37.29,38.16,33.51,36.39,2718985
20100507,0,36.49,37.05,34.88,35.25,3104774
20100510,0,36.4,38.66,36.4,37.74,2843778
20100511,0,37.77,38.35,37.29,38.17,2241922
20100512,0,38.18,38.75,38.06,38.66,1068341
20100513,0,38.77,39.1,38.11,38.15,1296529
20100514,0,37.98,38.12,37.18,37.43,1562159
20100517,0,37.7,37.87,36.65,37.21,2030208
20100518,0,37.51,37.77,36.71,37.08,1489836
20100519,0,36.73,37.62,36.36,37.04,2663332
20100520,0,36.39,36.78,35.77,35.8,2642341
20100521,0,35.19,36.64,35.06,36.37,3215152
20100524,0,36.24,36.83,35.9,36.36,1752815
20100525,0,35.37,36.54,34.86,36.44,2723671
20100526,0,36.63,38.04,36.47,37.25,2667219
20100527,0,37.84,38.68,37.84,38.67,1798591
20100528,0,38.49,38.63,37.29,37.66,2458801
20100601,0,37.23,38.22,37.14,37.16,1515183
20100602,0,37.33,39.06,37.1,39.05,4331068
20100603,0,38.91,39.54,38.66,38.89,2620540
20100604,0,38.3,38.37,36.81,36.89,2267027
20100607,0,36.91,37.39,36.02,36.02,1864007
20100608,0,36.06,36.12,34.9,35.85,2905079
20100609,0,35.89,36.75,35.74,35.9,1983893
20100610,0,36.52,38.02,36.07,38,2242031
20100611,0,37.53,38.51,37.27,38.48,2200950
20100614,0,38.68,39,38.28,38.37,1646160
20100615,0,38.75,39.54,38.41,39.51,2102162
20100616,0,39.48,39.69,38.92,39.21,2240070
20100617,0,39.14,39.5,38.98,39.3,1820976
20100618,0,39.46,39.71,38.93,39.29,2170452
20100621,0,39.7,40.13,39.19,39.35,2832378
20100622,0,39.41,39.82,38.58,38.63,3703117
20100623,0,38.92,38.98,37.74,38.14,2798562
20100624,0,38.39,38.39,37.15,37.21,3630726
20100625,0,37.3,37.86,36.88,37.66,6012953
20100628,0,37.43,38.03,37.43,37.43,3288910
20100629,0,37.01,37.14,35.18,35.46,2629081
20100630,0,35.58,36.42,35.24,35.76,3324375
20100701,0,35.61,36.11,34.96,36.07,2667889
20100702,0,36.16,36.35,34.94,35.42,1808140
20100706,0,35.82,36.26,35.25,35.6,1797737
20100707,0,35.83,36.33,35.55,36.24,2176345
20100708,0,36.51,36.62,35.86,36.28,1778712
20100709,0,36.25,36.5,35.94,36.3,2161467
20100712,0,36.01,36.27,35.58,35.94,1790568
20100713,0,36.23,36.89,36.03,36.62,2300061
20100714,0,36.39,36.91,36.11,36.56,1734372
20100715,0,36.56,36.65,35.77,36.32,1569477
20100716,0,36.14,36.26,34.92,34.97,2112685
20100719,0,34.93,35.61,34.93,35.44,1322460
20100720,0,34.85,35.87,34.7,35.81,1939964
20100721,0,35.91,35.93,34.84,34.96,2063410
20100722,0,35.3,36.22,34.9,36.09,1834991
20100723,0,35.99,36.99,35.77,36.97,1576883
20100726,0,37.1,38.29,36.97,38.28,1766644
20100727,0,38.35,38.53,37.78,37.97,1333285
20100728,0,37.9,37.98,37.55,37.86,1163972
20100729,0,38.2,38.55,37.65,38.04,1422646
20100730,0,37.62,38.8,37.21,38.68,2093381
20100802,0,39.33,39.99,39.23,39.36,2709878
20100803,0,39.27,39.73,37.96,38.36,4105818
20100804,0,38.54,38.61,38.03,38.37,1874663
20100805,0,38,38.37,37.49,38.29,2232879
20100806,0,37.74,38.29,37.74,38.19,2129086
20100809,0,38.23,38.28,38,38.2,1453537
20100810,0,38.01,38.62,37.81,38.5,2086992
20100811,0,38,38.07,37.49,37.92,2359080
20100812,0,37.5,37.72,37.06,37.4,1950135
20100813,0,37.13,37.54,37.04,37.19,1649205
20100816,0,37,37.12,36.66,36.98,1038347
20100817,0,37.23,38.03,36.97,37.71,1401981
20100818,0,37.67,38.44,37.39,38.14,823417
20100819,0,37.78,38.01,37.2,37.35,1078619
20100820,0,37.19,37.89,36.99,37.85,2096360
20100823,0,38.12,38.3,37.54,37.79,978501
20100824,0,37.53,37.54,36.8,36.82,1212173
20100825,0,36.56,36.97,36.19,36.84,1009576
20100826,0,36.9,37.43,36.86,37.2,1710024
20100827,0,37.51,38.1,36.89,38.02,1242645
20100830,0,37.92,38.41,37.74,37.79,906191
20100831,0,37.55,38.21,37.47,37.79,1151423
20100901,0,38.24,39.25,38.22,38.89,1874140
20100902,0,39.06,39.53,38.99,39.4,1080662
20100903,0,39.87,40.52,39.56,40.2,971403
20100907,0,39.43,40.19,38.93,39.22,1064085
20100908,0,39.24,39.77,39.03,39.1,1138033
20100909,0,39.6,39.7,38.94,39.15,1125042
20100910,0,39.14,39.52,38.97,39.47,560365
20100913,0,39.84,40.33,39.73,39.86,847247
20100914,0,39.84,40.49,39.61,40.46,1665642
20100915,0,40.69,42.11,40.56,41.56,2919038
20100916,0,41.57,41.81,40.88,41.54,1601303
20100917,0,41.89,42.18,41.53,41.99,2247048
20100920,0,42.24,43.56,41.93,43.4,2051896
20100921,0,43.52,44.16,43.1,43.23,1687533
20100922,0,43.28,43.6,42.37,42.56,1905610
20100923,0,42.25,43.13,41.95,42.5,1127116
20100924,0,43.02,43.62,42.81,43.49,1889391
20100927,0,43.5,43.98,43.29,43.73,1131107
20100928,0,43.65,43.85,43.32,43.74,1586843
20100929,0,43.51,43.78,43.23,43.48,857159
20100930,0,43.93,44.39,43.42,43.59,1387684
20101001,0,43.8,43.8,42.98,43.25,1363453
20101004,0,43.1,43.37,42.5,42.6,1975310
20101005,0,42.97,44.02,42.73,43.89,2034418
20101006,0,44.11,44.11,43,43.32,1598748
20101007,0,43.57,43.9,43.33,43.81,1095165
20101008,0,43.93,44.03,43.1,43.42,1349761
20101011,0,43.4,43.69,43.12,43.22,867002
20101012,0,43.16,43.67,42.56,43.51,910354
20101013,0,43.69,44.3,43.69,43.91,1070555
20101014,0,43.4,43.88,42.89,43.14,1702031
20101015,0,43.67,43.68,42.66,43.19,1445622
20101018,0,43.22,43.43,43.01,43.23,792104
20101019,0,42.79,43.32,42.36,42.59,1433368
20101020,0,42.81,43.88,42.63,43.34,1009403
20101021,0,43.63,44.33,43.17,43.4,914408
20101022,0,43.59,43.9,43.27,43.71,624593
20101025,0,44.08,45.18,43.97,44.24,1797021
20101026,0,44.13,44.68,43.85,44.54,924431
20101027,0,44.21,44.99,43.84,44.98,1915615
20101028,0,45.28,45.42,44.63,44.98,1335495
20101029,0,44.32,44.74,44.19,44.65,1611637
20101101,0,45.33,45.47,44.12,44.38,1051090
20101102,0,44.98,45.17,44.4,44.44,1629590
20101103,0,42.79,43.09,42.15,42.63,4224212
20101104,0,42.99,43.13,41.69,41.95,2382391
20101105,0,41.99,42.15,41.07,41.09,2369680
20101108,0,41.15,41.5,40.73,40.96,1819348
20101109,0,41.01,41.18,40.4,40.52,2090307
20101110,0,40.84,41.34,40.17,41.15,2669297
20101111,0,40.92,40.99,40.29,40.63,2494167
20101112,0,40.51,40.82,40.22,40.44,1603817
20101115,0,40.6,40.63,40.01,40.24,1931908
20101116,0,40,40.33,39.62,40.27,2279495
20101117,0,40.69,41.58,40.47,41.53,4223716
20101118,0,42.17,42.73,42,42.35,2292075
20101119,0,42.32,42.62,41.98,42.38,1447003
20101122,0,42.2,42.27,41.68,42.09,1421378
20101123,0,41.66,41.71,40.93,41.16,1387989
20101124,0,41.46,42.26,41.43,42.09,931881
20101126,0,41.88,42.32,41.59,42.12,688351
20101129,0,41.72,41.72,40.8,41.42,1837112
20101130,0,41.14,41.48,40.93,41.07,1986144
20101201,0,41.42,41.55,40.61,41.34,2247844
20101202,0,41.24,42.32,41.24,42.14,1252685
20101203,0,42.05,42.98,41.86,42.91,1353320
20101206,0,42.75,43.08,42.53,42.93,1403333
20101207,0,43.26,43.54,42.98,43.11,2676614
20101208,0,43.12,43.38,42.5,42.62,994972
20101209,0,42.88,42.89,42.14,42.39,1258998
20101210,0,42.57,42.59,42.1,42.49,1409781
20101213,0,42.72,42.97,41.92,41.99,1459047
20101214,0,42.12,42.24,41.89,42.04,652950
20101215,0,42.04,42.54,41.76,41.79,1031250
20101216,0,41.81,42.21,41.28,42.19,963761
20101217,0,42.16,42.52,41.68,42.44,2144321
20101220,0,42.88,42.88,42.09,42.4,792494
20101221,0,42.68,42.79,42.39,42.75,798179
20101222,0,42.72,42.94,42.54,42.77,1279376
20101223,0,42.77,42.97,42.02,42.15,1192564
20101227,0,42.13,42.13,41.64,41.86,735386
20101228,0,42.02,42.17,41.4,41.78,673016
20101229,0,41.8,42.36,41.6,42.22,675937
20101230,0,42.14,42.14,41.49,41.8,1299724
20101231,0,41.68,42.22,41.46,41.77,683802
20110103,0,42,42.25,41.71,41.99,1169353
20110104,0,42.08,42.09,41.32,41.38,1259734
20110105,0,41.29,41.48,40.34,40.53,2950565
20110106,0,40.47,40.48,40.03,40.3,2705274
20110107,0,40.31,40.4,39.7,40.3,2456079
20110110,0,39.69,40.12,39.47,39.86,1885574
20110111,0,40.04,40.2,39.79,39.95,1319043
20110112,0,40.07,40.11,39.39,39.62,2271301
20110113,0,39.68,39.7,38.75,38.8,2847176
20110114,0,38.8,38.81,37.7,38.55,3668577
20110118,0,38.75,39.53,38.42,39.49,2575657
20110119,0,39.5,39.96,39.3,39.47,3121840
20110120,0,40.09,40.18,39.59,39.76,2282657
20110121,0,40.07,40.53,39.82,40.02,1988590
20110124,0,40.02,40.37,39.4,40.08,1687254
20110125,0,40,40.13,38.97,39.45,1421314
20110126,0,39.5,39.54,39.18,39.44,1456447
20110127,0,39.34,39.96,39.28,39.31,938230
20110128,0,39.27,39.6,38.59,38.65,1665434
20110131,0,38.66,39.2,38.57,39.01,1124302
20110201,0,38.02,39.06,37.62,38.96,2276904
20110202,0,38.83,40.01,38.82,39.75,1397009
20110203,0,39.93,41.17,39.82,41.1,1952348
20110204,0,41.1,41.66,40.71,41.64,1491565
20110207,0,41.83,42.38,41.55,42.3,2199250
20110208,0,42.38,43.06,42.04,42.54,1641056
20110209,0,42.39,43.39,42.29,42.82,1173218
20110210,0,42.72,43.22,42.17,43.16,1751156
20110211,0,42.08,43.85,41.62,43.81,3207056
20110214,0,43.83,44,42.95,43.41,1412659
20110215,0,43.2,43.88,43.05,43.73,946370
20110216,0,43.82,44.33,43.82,44.22,797703
20110217,0,44,44.02,43.19,43.3,1238514
20110218,0,43.38,43.93,43.16,43.89,1600594
20110222,0,43.51,43.53,42.53,42.9,1061037
20110223,0,42.88,42.89,41.71,42.31,1595106
20110224,0,42.36,42.81,42.06,42.65,990863
20110225,0,42.85,43.25,42.73,42.92,794532
20110228,0,42.91,43.1,42.58,43.08,1298333
20110301,0,43.18,43.18,41.84,41.95,1360814
20110302,0,41.86,42.49,41.77,42.25,1336323
20110303,0,42.58,42.85,42.31,42.73,1148294
20110304,0,42.68,42.74,41.63,41.87,1626844
20110307,0,41.92,42.05,41.09,41.46,1330435
20110308,0,41.58,41.74,41,41.48,1308912
20110309,0,41.46,41.65,40.88,41.25,998844
20110310,0,40.75,40.86,40.16,40.52,1124895
20110311,0,40.53,41.25,40.47,40.96,1225777
20110314,0,40.73,40.74,39.79,40.16,1301822
20110315,0,39.43,40.01,39.3,39.75,1693351
20110316,0,39.61,39.65,38.56,38.74,1878866
20110317,0,39.18,39.45,38.58,38.82,1680569
20110318,0,39.39,39.49,38.97,39.26,1880156
20110321,0,39.65,40.27,39.47,39.95,1320589
20110322,0,39.92,40.04,39.34,39.57,741835
20110323,0,39.58,39.69,38.6,39.58,1137740
20110324,0,39.84,39.99,39.54,39.55,819371
20110325,0,39.68,39.79,39.26,39.34,1722228
20110328,0,39.34,39.46,38.8,39,1149462
20110329,0,38.94,39,38.48,38.6,2365803
20110330,0,38.76,40.02,38.75,40.01,2078496
20110331,0,39.83,40.16,39.8,39.92,1309599
20110401,0,40.08,40.82,40.04,40.39,1271628
20110404,0,40.61,40.66,40.41,40.48,978057
20110405,0,40.35,40.7,40.1,40.37,1177374
20110406,0,40.5,40.64,40.28,40.3,1461286
20110407,0,40.22,40.44,39.95,40.23,1746292
20110408,0,40.34,40.4,39.92,40.02,993765
20110411,0,40.13,40.2,39.86,40.17,703822
20110412,0,39.88,40.22,39.81,40,1035516
20110413,0,40.21,40.43,40.1,40.32,1011010
20110414,0,40,40.28,39.89,40.14,914889
20110415,0,40.15,40.5,39.9,40.04,1681893
20110418,0,39.57,40.04,39.5,40.02,1641675
20110419,0,40.29,40.57,39.96,40.53,1564127
20110420,0,40.93,41.39,40.89,41.36,1396136
20110421,0,41.43,41.44,41.03,41.36,840715
20110425,0,41.51,41.82,41.33,41.78,1226293
20110426,0,41.79,41.92,41.3,41.46,1164996
20110427,0,41.48,42.44,41.4,42.33,1899109
20110428,0,42.32,43.99,42.32,43.15,2599348
20110429,0,43.57,44.52,43.43,44.22,2383338
20110502,0,44.14,45.18,44.14,44.6,1770397
20110503,0,44.51,44.92,44.47,44.59,1767493
20110504,0,44.81,45.07,43.88,44.21,1855314
20110505,0,44.03,44.6,43.61,44.13,1559032
20110506,0,44.74,45.2,44.43,44.67,1246436
20110509,0,44.75,44.81,44.2,44.25,1317034
20110510,0,44.35,44.91,44.35,44.69,1329333
20110511,0,44.67,44.67,43.73,43.85,1329984
20110512,0,43.83,45,43.77,44.93,1573828
20110513,0,44.84,44.88,44.18,44.29,1164489
20110516,0,44.24,44.55,43.58,43.68,1302567
20110517,0,43.52,44.07,43.27,43.83,943991
20110518,0,43.86,45.24,43.75,45.22,1368673
20110519,0,45.23,45.81,45.21,45.35,1533904
20110520,0,45.34,45.39,44.53,44.77,1006713
20110523,0,44.14,44.59,44.04,44.26,729020
20110524,0,44.45,44.48,43.62,43.65,1059828
20110525,0,43.58,43.58,43.14,43.35,1757703
20110526,0,43.13,43.6,42.87,43.34,1167185
20110527,0,43.59,43.84,43.46,43.69,755583
20110531,0,43.99,44.05,43.11,43.54,1102589
20110601,0,43.35,43.74,42.65,42.72,1481614
20110602,0,42.67,43.2,42.45,42.59,1274968
20110603,0,42.08,42.51,41.92,41.98,1050091
20110606,0,41.79,41.96,41,41.04,1497873
20110607,0,41.27,41.65,41.07,41.38,1200151
20110608,0,41.24,41.3,40.55,40.66,1168592
20110609,0,40.82,41.14,40.62,40.95,1401054
20110610,0,40.75,40.85,39.92,39.95,1587221
20110613,0,40.24,40.52,39.95,39.95,1800569
20110614,0,40.45,40.56,40.14,40.49,1484453
20110615,0,40.08,40.64,39.74,39.76,2075550
20110616,0,39.82,40.23,39.54,40.22,2718340
20110617,0,40.61,40.91,40.38,40.43,1709243
20110620,0,40.17,40.98,40.17,40.94,1567486
20110621,0,41.06,42.12,41.06,41.97,2004024
20110622,0,41.78,42.05,41.57,41.68,1054084
20110623,0,39.79,40.71,39.7,40.64,1962123
20110624,0,40.62,40.64,39.98,40.22,1830236
20110627,0,40.28,40.52,39.92,40.37,1170035
20110628,0,40.52,40.9,40.4,40.87,810583
20110629,0,40.99,41.34,40.71,40.73,1576975
20110630,0,41.04,41.51,40.95,41,2124355
20110701,0,40.98,41.89,40.88,41.66,1119660
20110705,0,41.7,42.33,41.47,42.05,1138125
20110706,0,41.94,42,41.53,41.56,1209057
20110707,0,42.08,42.52,41.9,42.5,2362086
20110708,0,41.91,42.28,41.71,41.91,1445843
20110711,0,41.42,41.94,41.33,41.6,1714036
20110712,0,41.59,42.26,41.49,41.9,1387228
20110713,0,42,42.29,41.69,41.83,1445737
20110714,0,41.74,42.18,41.38,41.66,1548635
20110715,0,41.67,41.87,41.24,41.59,1890240
20110718,0,41.33,41.47,40.43,40.59,1260673
20110719,0,40.94,41.15,40.75,40.89,1119899
20110720,0,40.88,41.09,40,40.23,2401575
20110721,0,40.57,40.99,40.48,40.76,2000256
20110722,0,40.85,41.14,40.55,41.01,1676319
20110725,0,40.63,40.63,39.99,40.05,2231145
20110726,0,39.99,40.16,39.83,39.89,2316218
20110727,0,39.82,40.12,39.5,39.92,2728426
20110728,0,39.98,40.78,39.82,40.26,1639997
20110729,0,39.81,40.24,39.69,39.83,1545519
20110801,0,39.96,40.14,38.69,39.21,3413287
20110802,0,38.92,39.36,38.18,38.19,2290293
20110803,0,38.19,38.58,36.67,38.09,5826697
20110804,0,38.26,38.89,36.72,36.78,4813557
20110805,0,37.33,37.5,35.95,37.32,4659433
20110808,0,36.55,36.73,34.81,34.84,5718290
20110809,0,35.45,37.24,35.27,37.23,4762951
20110810,0,36.34,37.45,35.87,36.12,4195467
20110811,0,36.36,38.64,36.36,38.21,3715223
20110812,0,38.69,39.35,38.31,39.05,3065496
20110815,0,39.14,39.55,38.84,39.48,1348887
20110816,0,39.17,39.77,38.76,39.4,1925584
20110817,0,39.56,40,38.75,39.12,1166705
20110818,0,38.17,38.19,35.97,36.5,3550071
20110819,0,35.79,37.16,35.79,36.35,2660704
20110822,0,37.02,37.19,36.12,36.31,1889492
20110823,0,36.41,37.71,36.17,37.7,1622470
20110824,0,37.55,38.73,37.32,38.67,1806189
20110825,0,38.82,39.17,38.12,38.15,1460583
20110826,0,37.87,39.57,37.65,39.5,1770280
20110829,0,39.89,40.65,39.76,40.62,1194786
20110830,0,40.64,41.98,40.5,41.63,1577621
20110831,0,41.8,42.46,41.67,42.2,1675558
20110901,0,42.19,42.45,41.37,41.38,1906107
20110902,0,40.62,41.11,40.35,40.37,1494373
20110906,0,38.98,39.99,38.67,39.82,2098146
20110907,0,40,40.44,39.71,40.35,1457252
20110908,0,40.18,40.49,39.44,39.48,1649333
20110909,0,39.05,39.37,38.03,38.33,2197748
20110912,0,37.76,38.37,36.94,37.74,2176106
20110913,0,37.87,38.57,37.62,38.4,1188551
20110914,0,38.65,39.71,38.18,39.25,1263806
20110915,0,39.02,40.15,39.02,40.06,1516913
20110916,0,40.44,40.89,39.71,40.12,1961895
20110919,0,39.57,39.78,38.9,39.64,1521148
20110920,0,39.86,40.31,39.59,39.79,1198592
20110921,0,39.99,41.15,39.69,39.98,2622854
20110922,0,39.01,39.37,37.96,38.79,3025857
20110923,0,38.7,40.28,38.45,39.89,1915325
20110926,0,39.45,41.71,39.45,41.66,2516591
20110927,0,42.45,42.77,41.53,41.76,1949251
20110928,0,41.91,41.91,39.66,39.79,2470847
20110929,0,40.43,40.53,37.99,38.47,2597481
20110930,0,38.12,38.36,37.48,37.71,1955280
20111003,0,37.5,37.7,36.68,36.77,2299322
20111004,0,36.27,37.78,35.65,37.75,1907552
20111005,0,37.88,38.13,37.12,37.96,1664202
20111006,0,37.98,38.58,37.54,38.57,750389
20111007,0,38.76,38.81,37.7,37.98,1508717
20111010,0,38.71,39.27,38.56,39.17,1087136
20111011,0,39.08,40.39,38.84,40.03,1755948
20111012,0,40.48,40.92,40.2,40.65,1239223
20111013,0,40.29,40.76,40.02,40.58,844293
20111014,0,41.14,41.75,40.96,41.75,1003781
20111017,0,41.64,41.81,40.72,40.72,896027
20111018,0,40.83,41.88,40.32,41.51,900796
20111019,0,41.57,41.78,40.93,41.04,755931
20111020,0,41.14,41.34,40.72,41.09,1430165
20111021,0,41.55,42.65,41.55,42.56,1789753
20111024,0,42.7,43.29,42.51,43.06,1000270
20111025,0,42.66,42.97,42.05,42.09,758973
20111026,0,42.02,42.27,41.78,41.97,1652101
20111027,0,43.2,43.31,42.72,42.99,1590595
20111028,0,43.01,43.09,42.44,42.8,1093007
20111031,0,42.57,43.87,42.41,43.51,2416246
20111101,0,42.08,43.63,41.66,42.21,3165835
20111102,0,43.46,44.11,42.78,43.99,3801570
20111103,0,44.28,44.56,43.56,44.46,1586030
20111104,0,44.01,44.24,43.55,43.97,1142646
20111107,0,44.02,44.27,43.55,44.17,924579
20111108,0,44.44,45.14,43.83,45.08,1168979
20111109,0,43.55,43.87,41.69,42.02,2448196
20111110,0,42.74,42.75,41.3,42.07,2378338
20111111,0,42.26,43.42,42.26,43.4,1297167
20111114,0,43.3,43.38,42.69,42.87,1098369
20111115,0,42.66,42.81,41.75,42.02,1987476
20111116,0,41.52,42.35,41.27,41.43,1296125
20111117,0,41.33,41.44,40.54,40.62,1238930
20111118,0,41.01,41.01,40.41,40.6,1177762
20111121,0,40.21,40.32,39.47,40.15,1299923
20111122,0,40,40.81,40,40.59,1255031
20111123,0,39.89,40.03,39.05,39.1,1603268
20111125,0,38.97,39.63,38.86,39.24,477509
20111128,0,40.06,40.67,39.87,40.17,1118845
20111129,0,40.32,40.78,40,40.25,1268904
20111130,0,41.31,42.02,41.12,41.97,1313324
20111201,0,41.94,41.98,41.08,41.14,1329281
20111202,0,41.5,41.83,41.3,41.6,1321369
20111205,0,42.19,42.24,41.17,41.62,1168813
20111206,0,41.69,41.93,41.49,41.89,956209
20111207,0,41.69,42.06,41,41.8,1037871
20111208,0,41.45,41.56,40.92,40.95,3006630
20111209,0,41.25,42.04,41.16,41.94,1262273
20111212,0,41.7,41.72,40.83,41.49,1689545
20111213,0,41.62,42.09,41.07,41.22,1316413
20111214,0,41.37,41.48,40.16,40.18,1534783
20111215,0,40.53,40.95,40.13,40.16,1208579
20111216,0,40.52,40.6,39.69,40.16,2090327
20111219,0,40.13,40.71,39.33,39.41,1113610
20111220,0,40.06,40.89,39.83,40.56,1095077
20111221,0,40.76,40.84,40.13,40.3,992531
20111222,0,40.47,40.6,40.05,40.35,1045251
20111223,0,40.47,40.59,40.34,40.52,979474
20111227,0,40.41,40.71,40,40.44,953489
20111228,0,40.52,40.93,40.33,40.61,1000527
20111229,0,40.76,41.05,40.64,41.03,1218955
20111230,0,41.08,41.3,40.99,41,733023
20120103,0,41.96,42.13,40.82,40.85,1422691
20120104,0,40.86,41.07,40.62,40.97,1059538
20120105,0,40.68,41.06,40.24,41.05,1394992
20120106,0,40.89,41.35,40.74,41.25,922021
20120109,0,41.21,41.64,41.15,41.57,1062229
20120110,0,41.97,42.47,41.84,42.32,1012307
20120111,0,42.14,43.15,41.98,42.94,1697187
20120112,0,43.06,43.57,42.79,43.53,1030953
20120113,0,43.23,43.67,43.14,43.29,814573
20120117,0,44,44.22,43.6,43.7,767982
20120118,0,43.63,44.01,43.32,43.98,605516
20120119,0,43.99,44.82,43.79,44.66,1006203
20120120,0,44.75,44.75,43.74,43.79,1716889
20120123,0,43.76,44.23,43.38,43.7,1159763
20120124,0,43.45,43.9,43.36,43.68,676875
20120125,0,43.68,44.63,43.62,44.48,774023
20120126,0,44.7,44.78,44.15,44.28,927454
20120127,0,44.18,44.21,43.59,43.7,641917
20120130,0,43.35,43.42,42.71,42.98,1331246
20120131,0,43.31,43.41,42.8,42.9,1016113
20120201,0,43.34,43.68,43.06,43.42,1068837
20120202,0,43.36,43.81,42.85,43.72,2133967
20120203,0,44.06,44.74,44.02,44.65,1846423
20120206,0,44.38,44.88,44.3,44.62,801180
20120207,0,44.47,45.42,44.35,45.33,1270295
20120208,0,45.2,45.77,44.99,45.36,969063
20120209,0,45.46,45.46,44.87,44.99,1175564
20120210,0,44.72,44.95,44.54,44.8,926361
20120213,0,45.27,45.32,44.94,45.16,852123
20120214,0,45.07,45.28,44.79,45.18,559232
20120215,0,45.41,45.79,45.27,45.69,2019698
20120216,0,46.46,46.6,44.44,44.89,2060494
20120217,0,45.08,45.49,42.79,45.24,2033301
20120221,0,45.32,45.35,44.43,44.55,965766
20120222,0,44.48,44.71,44.02,44.22,1116901
20120223,0,44.15,44.34,43.99,44.15,1324828
20120224,0,44.43,44.58,44.05,44.53,1038687
20120227,0,44.04,44.88,44.04,44.6,979460
20120228,0,44.81,45.77,44.64,45.75,1576318
20120229,0,45.51,46.89,45.44,46.57,1612890
20120301,0,46.61,46.83,46.03,46.53,1460128
20120302,0,46.56,47.67,46.41,47.32,2159010
20120305,0,47.17,47.75,47.03,47.49,1352664
20120306,0,47.11,47.34,46.3,46.55,1462123
20120307,0,46.82,46.83,46.23,46.58,1132222
20120308,0,46.66,47.3,46.66,47.07,759003
20120309,0,47.25,47.4,47.01,47.2,807545
20120312,0,46.77,47,46.21,46.71,1976218
20120313,0,46.92,48.3,46.74,48.09,1677109
20120314,0,47.98,48.5,47.74,47.9,1419049
20120315,0,47.96,48.14,47.36,47.85,835135
20120316,0,47.64,48.07,47.06,47.91,1658627
20120319,0,47.78,48.23,47.73,48.08,652241
20120320,0,47.79,47.89,47.15,47.44,880768
20120321,0,47.57,48.44,47.51,48.33,1070394
20120322,0,48.1,48.33,47.77,48.16,852241
20120323,0,48.27,48.45,47.64,48.45,766507
20120326,0,48.7,48.93,48.53,48.82,931943
20120327,0,48.93,49.54,48.75,49.46,1741707
20120328,0,49.39,49.6,49.17,49.36,2185353
20120329,0,49.23,49.45,48.77,49.4,1348513
20120330,0,50.23,50.88,49.75,50.58,1712761
20120402,0,50.48,51.11,50.43,50.99,1444796
20120403,0,50.89,51.31,50.66,51.04,1234013
20120404,0,50.32,51.06,49.81,51.03,1535031
20120405,0,50.95,51.87,50.69,51.73,1335921
20120409,0,50.58,51.05,50.5,50.8,1918537
20120410,0,50.75,50.96,49.62,49.75,1248241
20120411,0,50.36,50.98,50.36,50.71,1135930
20120412,0,50.91,51.43,50.69,51.32,1457038
20120413,0,51.35,52.07,51.2,51.7,1433659
20120416,0,52.03,52.04,51.51,51.88,1539364
20120417,0,52.24,52.5,51.89,52.48,1331620
20120418,0,52.11,52.44,51.95,52.19,852015
20120419,0,52.26,52.47,51.74,51.89,1245597
20120420,0,52.01,52.57,51.75,52.5,2186352
20120423,0,52,52.03,51.19,51.57,1074529
20120424,0,51.66,52.03,51.3,51.47,1124448
20120425,0,51.85,52.18,51.67,52.18,1338516
20120426,0,52,53.47,52,53.32,1157779
20120427,0,53.77,55,53.54,54.9,1233158
20120430,0,54.94,54.99,54.12,54.42,1383360
20120501,0,54.61,55.2,54.04,54.07,1821232
20120502,0,53.9,54.24,53.89,54.12,2027469
20120503,0,54.24,55.35,54.11,55.15,2901739
20120504,0,55.02,55.1,53.45,53.46,2421375
20120507,0,53.44,54.32,53.13,54.08,2465936
20120508,0,53.22,53.58,50.2,50.84,4168943
20120509,0,50.4,50.83,49.02,50.46,2734498
20120510,0,50.94,51.2,50.3,50.71,1328649
20120511,0,50.54,51.47,50.41,51.42,1545383
20120514,0,50.85,51.52,50.58,50.63,1672546
20120515,0,50.55,51.71,50.55,50.82,1010746
20120516,0,51.05,51.61,50.97,51.29,1243088
20120517,0,51.2,51.31,49.12,49.14,1224624
20120518,0,49.19,49.49,48.26,48.35,1465377
20120521,0,48.52,49.92,48.24,49.91,1032466
20120522,0,49.89,50.33,49.26,49.42,1727526
20120523,0,49.36,49.94,48.52,49.76,1276423
20120524,0,49.87,50.64,49.83,50.23,1026039
20120525,0,50.43,50.68,50.11,50.53,614603
20120529,0,50.8,51.2,50.47,50.95,628002
20120530,0,50.62,50.7,50.09,50.24,738340
20120531,0,50.3,50.5,49.6,50.13,1184088
20120601,0,49.71,49.93,48.56,48.68,1288571
20120604,0,48.86,49.11,48.26,48.56,1055106
20120605,0,48.49,49.14,48,49.04,978212
20120606,0,49.26,50.34,49.12,50.29,801691
20120607,0,50.87,51.01,50.37,50.56,1099724
20120608,0,50.2,51.14,50.13,51.03,999201
20120611,0,51.57,52,51.32,51.35,1352552
20120612,0,51.51,52.13,51.34,52.1,1080557
20120613,0,51.84,52,50.09,50.28,1326602
20120614,0,50.58,50.75,49.65,50.05,1776776
20120615,0,50.43,50.71,50.07,50.7,1860343
20120618,0,50.3,51.29,50.21,51.21,1255857
20120619,0,51.59,52.06,51.36,51.86,1077192
20120620,0,51.71,52.73,51.61,52.47,1111185
20120621,0,52.6,53.12,52.07,52.47,1700315
20120622,0,52.61,53.25,52.59,53.05,3144485
20120625,0,52.54,52.66,51.82,52.45,1107335
20120626,0,52.78,53.6,52.58,52.91,1888922
20120627,0,53.06,53.98,52.94,53.45,1563429
20120628,0,53.22,53.33,52.16,53.1,1189573
20120629,0,53.99,54.3,53.63,53.95,1338307
20120702,0,54.19,54.91,54,54.87,948279
20120703,0,54.93,55.11,54.35,54.74,663623
20120705,0,54.52,54.68,53.54,53.77,1312972
20120706,0,53.34,53.87,52.47,52.81,1236584
20120709,0,52.66,52.79,51.09,51.49,1787732
20120710,0,51.89,51.98,49.99,50.24,1813510
20120711,0,50.29,50.51,49.45,50.01,1647698
20120712,0,49.77,50.4,48.59,50.24,2492056
20120713,0,49.31,50.5,49.31,50.38,1359956
20120716,0,50.2,50.36,49.33,49.35,1406015
20120717,0,49.6,50.87,49.44,50.65,1442381
20120718,0,50.6,50.74,50.24,50.52,1248170
20120719,0,50.53,51.62,50.53,51.04,961990
20120720,0,50.98,50.98,49.98,50.13,1276463
20120723,0,49.5,49.54,48.81,49.26,888943
20120724,0,49.22,49.6,48.7,49.09,1044620
20120725,0,49.11,49.87,49.1,49.35,1151109
20120726,0,50.26,50.72,49.78,50.51,952340
20120727,0,50.9,52.18,50.81,51.96,1269830
20120730,0,51.84,51.99,50.61,50.88,1909771
20120731,0,49.9,51.53,48.88,50.66,2928992
20120801,0,49.75,50.43,48.95,49.3,2542653
20120802,0,48.78,50.28,48.75,50.21,1658970
20120803,0,51.16,52.47,50.22,52.3,1191727
20120806,0,52.36,53.42,51.91,53.1,1206808
20120807,0,53.59,54.32,53.13,53.86,1419502
20120808,0,53.56,54.02,53.4,53.95,912274
20120809,0,53.89,54.56,53.6,53.9,1263220
20120810,0,53.82,54.6,53.82,54.57,953699
20120813,0,54.38,54.5,53.88,54.09,997101
20120814,0,54.35,54.44,52.98,53.1,1493951
20120815,0,52.98,53.7,52.98,53.19,844238
20120816,0,53.04,53.31,52.91,53.01,1067693
20120817,0,53.05,53.17,52.32,52.74,1626128
20120820,0,52.86,52.97,52.17,52.36,931670
20120821,0,52.62,52.85,52.4,52.76,1436802
20120822,0,52.72,53.12,52.59,52.84,672113
20120823,0,52.75,52.75,52.25,52.51,695278
20120824,0,52.35,53.61,52.13,53.3,1101735
20120827,0,53.41,53.96,53.34,53.66,1079960
20120828,0,53.6,53.92,53.37,53.55,742009
20120829,0,53.73,53.9,53.5,53.85,736036
20120830,0,53.45,54.73,53.45,54.18,1780030
20120831,0,54.42,55.11,54.35,54.92,1146064
20120904,0,54.56,55.59,54.56,55.28,1189762
20120905,0,55.21,55.57,54.97,55.24,1584490
20120906,0,55.7,56.39,55.55,56.17,1409307
20120907,0,56.41,56.5,55.98,56.37,739378
20120910,0,56.54,56.56,56.2,56.23,916644
20120911,0,56.44,56.44,55.94,56.04,921187
20120912,0,56.21,56.68,56.14,56.65,836606
20120913,0,56.53,58.44,56.53,58.08,1785538
20120914,0,58.15,59,58.01,58.71,1311436
20120917,0,58.82,59,58.14,58.54,715277
20120918,0,58.79,58.81,58.33,58.48,757956
20120919,0,58.34,59.76,58.26,59.5,937511
20120920,0,59.31,59.68,58.97,59.53,929756
20120921,0,59.96,60.48,59.75,59.89,1499373
20120924,0,59.52,59.88,59.23,59.28,1053918
20120925,0,59.59,59.73,58.5,58.5,1335202
20120926,0,58.72,58.95,57.91,58.34,1304429
20120927,0,58.68,59.64,58.28,59.5,1669336
20120928,0,59.14,59.82,59.01,59.64,1359490
20121001,0,60.19,60.45,59.78,59.95,1459187
20121002,0,60.35,60.47,59.48,59.86,847140
20121003,0,59.94,60.39,59.92,60.2,665015
20121004,0,60.5,61.03,60.38,61.02,763014
20121005,0,61.49,61.56,61.03,61.22,724867
20121008,0,61.15,61.31,60.28,60.71,588455
20121009,0,60.62,60.73,59.57,59.69,812824
20121010,0,59.93,60.07,59.51,59.89,609098
20121011,0,60.05,61.11,59.84,60.52,1100591
20121012,0,60.83,61.05,60.43,60.77,698816
20121015,0,60.76,61.57,60.62,61.57,690459
20121016,0,61.88,62.36,61.59,61.89,915591
20121017,0,62.29,62.33,61.21,61.21,826595
20121018,0,61.25,61.89,60.81,61.77,774219
20121019,0,61.57,61.88,60.14,60.41,1059455
20121022,0,60.39,60.98,60.29,60.75,455990
20121023,0,60.26,60.28,59.42,59.54,1497097
20121024,0,59.65,59.72,58.94,59.04,803966
20121025,0,59.56,59.92,58.56,58.77,632114
20121026,0,58.5,58.93,57.93,58.16,926503
20121031,0,58.79,59.11,58.19,59.06,1004928
20121101,0,59.6,61.33,59.31,61.28,1856296
20121102,0,61.42,61.61,59.84,59.9,1393255
20121105,0,59.89,60.25,58.84,59.38,1328097
20121106,0,58.22,58.24,56.25,57.46,4541638
20121107,0,57.1,57.25,56,56.96,2074892
20121108,0,56.66,56.94,55.57,55.58,1958078
20121109,0,55.41,56.97,55.33,56.44,1526319
20121112,0,56.47,56.65,55.72,56.05,1061319
20121113,0,55.86,57.36,55.75,56.8,937340
20121114,0,56.84,57.06,55.1,55.25,1112634
20121115,0,55.29,55.8,55.12,55.33,957946
20121116,0,55.26,55.75,54.89,55.24,1539888
20121119,0,55.83,56.9,55.42,56.84,1308374
20121120,0,56.74,57.72,56.59,57.45,1066639
20121121,0,57.51,57.82,57.01,57.35,596579
20121123,0,57.61,58.24,57.42,58.21,474736
20121126,0,57.83,58.2,57.4,57.83,999288
20121127,0,57.74,58.43,57.63,57.69,815325
20121128,0,57.53,59.05,57.16,59.01,943089
20121129,0,59.02,59.74,58.94,59.54,1156554
20121130,0,59.82,60.78,59.55,60.45,1504459
20121203,0,60.5,60.8,59.94,59.94,1025525
20121204,0,60.07,60.82,60.04,60.54,1453600
20121205,0,60.69,63.2,59.86,61.71,2109764
20121206,0,61.55,61.97,61.1,61.8,997524
20121207,0,62.02,62.39,60.85,61.09,1479137
20121210,0,61.06,61.06,60.4,60.5,1259626
20121211,0,60.69,61.51,60.59,61.5,1242619
20121212,0,61.81,62.18,61.09,61.41,964150
20121213,0,61.45,61.73,60.19,60.26,1013116
20121214,0,60,61.41,59.99,60.79,1501987
20121217,0,61.25,62.44,61.05,62.17,1783090
20121218,0,62.43,64.21,61.99,63.6,1540223
20121219,0,63.49,63.5,62.76,62.83,1258556
20121220,0,63.07,64.5,62.64,63.46,1683795
20121221,0,62.64,63.51,62,63.06,2365239
20121224,0,62.97,63.48,62.75,63.21,424811
20121226,0,63.2,63.65,62.5,62.93,594830
20121227,0,63.01,63.19,61.46,62.49,1137700
20121228,0,62.05,62.47,61.76,61.98,692615
20121231,0,62,63.64,61.79,63.36,925827
20130102,0,65.04,66.51,64.44,65.39,1397183
20130103,0,65.59,65.81,65.06,65.45,950986
20130104,0,65.73,66.16,65.49,66.06,766934
20130107,0,65.99,66.2,65.56,65.91,907277
20130108,0,65.67,67.82,65.33,67.81,1645587
20130109,0,67.71,68.44,67.19,67.7,1238739
20130110,0,67.91,68.21,67.02,67.35,958811
20130111,0,67.69,68.33,67.34,68.12,1780716
20130114,0,68.06,68.31,67.2,67.75,1030868
20130115,0,67.5,67.78,66.9,67.09,1354393
20130116,0,66.51,67.3,66.41,66.93,1383855
20130117,0,66.92,67.6,66.8,67.39,1002263
20130118,0,67.36,67.75,66.99,67.68,895037
20130122,0,67.84,68,67.31,67.73,580009
20130123,0,67.52,68.16,67.52,68.15,743191
20130124,0,68.3,69.24,68.11,68.27,837788
20130125,0,68.37,69.08,68.22,68.9,725812
20130128,0,69.33,69.33,68.59,68.83,900919
20130129,0,68.53,68.85,67.54,68.62,1031786
20130130,0,68.85,69.15,68.303,68.825,650070
20130131,0,68.74,69.6399,68.24,69.42,1133468
20130201,0,69.82,70.37,69.56,70.31,952892
20130204,0,70.04,70.23,69.19,69.545,909634
20130205,0,70.22,70.34,69.62,70.3,658853
20130206,0,70.18,70.37,69.55,69.95,1695024
20130207,0,69.48,70.68,69.3,70.61,1546344
20130208,0,70.52,71.53,70.52,71.465,1284652
20130211,0,71.45,72.1,70.61,70.99,1341592
20130212,0,71.12,71.12,70.6,71.015,1129163
20130213,0,71.34,72.04,70.87,71.54,1712401
20130214,0,68.76,71.295,67.89,70.9,2214076
20130215,0,71.16,71.2899,69.61,70.29,1681552
20130219,0,70.55,70.65,69.88,70.64,871948
20130220,0,70.76,71.16,69.61,69.75,890239
20130221,0,69.64,69.81,68.58,68.7,1284390
20130222,0,69.88,70.52,68.82,70.43,1148457
20130225,0,70.93,71.04,69.925,69.97,1075220
20130226,0,70.04,71.01,69.785,70.99,1338346
20130227,0,70.93,73.4,70.85,73.18,1347735
20130228,0,73.21,73.69,73.04,73.52,1099420
20130301,0,72.93,74.99,72.8,74.83,1544518
20130304,0,74.86,75.69,74.55,75.57,1341844
20130305,0,76.04,76.62,75.79,76.51,1493372
20130306,0,76.74,77.29,74.97,75.32,2361289
20130307,0,75.31,77.24,75.31,77.22,2746055
20130308,0,77.41,78.41,77.27,77.86,1445382
20130311,0,77.85,78.09,77.52,77.8,1238827
20130312,0,77.8,78.08,77.18,77.84,900370
20130313,0,78.13,78.33,77.5,78.28,864043
20130314,0,78.35,79.08,78.35,78.71,862213
20130315,0,78.33,78.66,77.25,77.4,1767477
20130318,0,76.62,77.67,75.68,77.33,1383735
20130319,0,77.73,78.09,76.85,77.74,1354601
20130320,0,78.45,79.42,78.39,78.93,1541081
20130321,0,78.51,78.99,77.74,78.46,1131704
20130322,0,77.27,79.15,77.27,79.02,1237233
20130325,0,79.57,80.33,78.54,79.16,1300925
20130326,0,79.22,79.58,78.59,79.55,1486689
20130327,0,78.85,79.12,77.59,78.58,1368657
20130328,0,78.715,79.36,78.49,78.72,974256
20130401,0,79.07,79.44,77.8,77.96,1698015
20130402,0,78.6,79.15,78.25,78.62,1101289
20130403,0,78.65,78.65,77.59,78.1,1103923
20130404,0,78.15,78.15,76.94,77.69,1770900
20130405,0,76.71,78.7,76.39,78.59,982710
20130408,0,78.67,79.14,78.11,78.85,1075392
20130409,0,78.93,79.15,78.14,78.65,1060011
20130410,0,79.03,80.39,78.76,80.36,1032925
20130411,0,80.71,81.43,80.39,80.69,1023743
20130412,0,80.55,81.12,80.19,81.02,640864
20130415,0,80.42,80.72,78.84,79.01,906170
20130416,0,79.36,79.63,78.9,79.42,1255004
20130417,0,78.9,79.19,77.83,78.4,1560915
20130418,0,78.42,78.51,76.34,76.63,1674136
20130419,0,76.99,77.96,76.26,77.86,2674563
20130422,0,77.98,78.48,77.36,78.18,1079780
20130423,0,78.65,79.08,77.8,79.01,1319458
20130424,0,79.22,79.44,78.77,79.09,1144274
20130425,0,79.34,80,78.67,79.87,1180289
20130426,0,79.72,79.87,79.17,79.2,672935
20130429,0,79.11,79.33,78.63,78.84,1169959
20130430,0,79.14,79.77,78.75,78.77,1621342
20130501,0,78.7,78.92,78.08,78.11,1153754
20130502,0,78.35,79.94,78.19,79.5,1241519
20130503,0,80.37,80.44,79.16,79.21,999389
20130506,0,79,79.39,78.53,79,1728232
20130507,0,77.29,78.39,75.68,77.91,2963937
20130508,0,78,78.19,76.49,76.87,1617655
20130509,0,77.02,77.81,76.76,77.56,1295741
20130510,0,77.86,78.72,77.54,78.66,1151207
20130513,0,78.51,78.51,77.33,77.59,1146661
20130514,0,77.63,78.62,77.63,78.26,1163644
20130515,0,78.27,79.41,78.11,79.37,1233116
20130516,0,78.99,79.67,78.57,78.77,1840690
20130517,0,79.17,79.3,78.25,78.8,1144340
20130520,0,78.78,80,78.28,78.77,1911672
20130521,0,78.73,80.28,78.73,80.03,1187782
20130522,0,79.76,80.11,78.74,79.12,1259100
20130523,0,78.61,79.89,78.05,79.78,1191458
20130524,0,79.04,79.7,78.75,79.42,699559
20130528,0,80.48,80.97,80.02,80.77,862636
20130529,0,80.3,80.46,78.89,79.39,1030715
20130530,0,79.5,80.57,79.18,79.9,905307
20130531,0,79.44,80.05,78.76,78.97,1162264
20130603,0,78.8,79.1,78.11,78.98,1258826
20130604,0,79.05,79.66,78.26,78.69,797321
20130605,0,78.77,78.77,75.23,75.87,2036427
20130606,0,75.67,75.88,74.16,75,2064050
20130607,0,75.44,76.47,74.97,76.39,1191238
20130610,0,76.01,76.32,74.12,74.24,1401267
20130611,0,73.28,74.25,72.77,73.9,2149635
20130612,0,74.25,74.32,73.1,73.58,1537772
20130613,0,73.81,76.17,73.2,76.07,1523374
20130614,0,75.84,76.85,75.6,76.33,1982233
20130617,0,77.3,77.44,76.52,77.02,1259758
20130618,0,77.24,78.22,77.24,77.8,834202
20130619,0,77.76,78.25,76.5,76.63,881521
20130620,0,75.63,75.81,74.09,74.68,1135551
20130621,0,75.16,75.62,74.2,75.44,1083622
20130624,0,74.88,75.6,74.13,75.17,985237
20130625,0,75.74,75.87,74.78,75.45,914688
20130626,0,76.04,76.2,75.4,75.77,647473
20130627,0,76.04,77.04,75.96,76.65,715217
20130628,0,76.18,77.89,76.02,77.41,864347
20130701,0,77.58,78.47,77.56,77.79,612210
20130702,0,77.62,78.71,77.37,78.54,728247
20130703,0,77.77,80.92,77.77,80.63,1469406
20130705,0,81.27,81.47,80.69,81.03,968149
20130708,0,81.2,82.09,80.98,82.02,1082770
20130709,0,82.8,83.15,81.6,81.89,894949
20130710,0,81.81,82.83,81.56,82.81,711735
20130711,0,84.04,84.59,83.7,84.5,1094029
20130712,0,82.96,85.04,82.61,84.94,1087069
20130715,0,86.32,86.32,84.21,84.39,1059663
20130716,0,84.88,85.35,84.22,84.25,794516
20130717,0,85.22,85.6,84.12,84.67,497674
20130718,0,84.83,85.71,84.68,85.57,819938
20130719,0,85.94,85.94,83.8,84.26,1246915
20130722,0,85.7,85.71,84.2,84.32,566367
20130723,0,85,88.65,84.34,84.97,582160
20130724,0,87.305,89.58,84.1,84.6,581498
20130725,0,84.62,85.56,84.33,85.11,640817
20130726,0,84.2,85.39,83.62,85.01,551948
20130729,0,84.76,85.46,84.18,84.31,714219
20130730,0,83.48,83.53,80.52,81.12,2020017
20130731,0,81.73,81.73,79.1,79.79,1804420
20130801,0,80.44,82.1,80,81.97,1395334
20130802,0,81.32,82.25,81.1,82.08,872053
20130805,0,82.46,83.12,82.15,82.41,677482
20130806,0,81.9,83.01,81.9,82.56,856121
20130807,0,82.19,83.14,82.06,82.73,929022
20130808,0,83.17,83.49,82.53,82.88,695858
20130809,0,82.54,83.35,82.54,83.08,550490
