20080331,0,41.795,43.6295,40.3274,40.3593,18754483.25
20080401,0,40.7581,41.6275,39.0911,40.3593,25340027.12
20080402,0,40.8059,41.5318,40.0003,40.9176,15183107.672
20080403,0,40.6783,41.0771,40.1997,40.6863,10620115.01
20080404,0,41.0612,41.0612,40.5188,40.9495,7320374.34999999
20080407,0,41.1569,41.1569,40.2795,40.3912,8270764.93000001
20080408,0,40.2077,40.6863,40.0482,40.3353,9425307.35
20080409,0,40.2795,40.3513,39.2027,39.4181,10384828.28
20080410,0,39.4739,39.8089,38.6843,38.8677,15790107.09
20080411,0,38.6763,38.9953,38.3493,38.5088,11544006.566
20080414,0,38.4211,38.5646,37.8308,38.3014,11447768.87
20080415,0,38.11,38.4849,38.11,38.4849,8042613.15
20080416,0,38.6125,39.5696,38.5646,39.45,12476199.88
20080417,0,39.6574,39.8807,39.4181,39.7611,7840181.188
20080418,0,40.2715,40.6305,39.3862,39.8328,11224671.47
20080421,0,40.0721,40.5906,39.1868,40.4789,7474932.83
20080422,0,40.3593,40.5985,39.8169,39.8807,5785440
20080423,0,40.6783,41.7471,40.5985,41.5477,15256222
20080424,0,41.4759,41.8189,41.0771,41.5318,6901484.08799999
20080425,0,41.5876,41.6195,40.4789,40.9176,8610194.62999999
20080428,0,40.6305,40.9176,40.4789,40.7022,7269918.45
20080429,0,41.0293,41.6354,40.0881,41.452,13042336.68
20080430,0,41.2366,41.4839,40.6065,40.7022,8409276.61100001
20080501,0,40.5427,40.8139,40.3752,40.4709,8187244.27
20080502,0,40.5985,40.7581,40.1997,40.6783,8775173.28
20080505,0,40.6783,41.1808,40.3832,40.463,8117410.47999999
20080506,0,40.5985,41.4281,40.5268,41.3962,8313482.52
20080507,0,41.452,41.6354,40.9256,41.2047,7341073.22
20080508,0,41.1968,41.6434,41.0771,41.5956,7661432.57
20080509,0,41.3962,41.8428,41.101,41.2925,6547180.08
20080512,0,41.46,41.8987,40.9176,41.8827,6977052.12
20080513,0,41.8747,42.1459,41.5078,41.8747,6947727.664
20080514,0,41.8827,42.1539,41.795,41.9944,6214676.809
20080515,0,41.8827,42.5208,41.5557,42.4171,8307559.202
20080516,0,42.457,42.6723,41.7551,42.5846,8307012.65
20080519,0,42.6644,43.0313,42.2177,42.8,6779315.188
20080520,0,42.5128,43.0233,42.13,42.2576,7345846.9
20080521,0,42.3054,42.4171,41.3403,41.5557,7423471.942
20080522,0,41.4759,42.0901,41.3004,41.6993,5914663.0933
20080523,0,41.5557,42.2576,41.2765,41.3643,5724280.298
20080527,0,41.4121,41.4281,40.774,41.1569,6046904.65
20080528,0,41.2366,41.3962,40.4869,40.8538,16269051.648
20080529,0,40.6464,41.6035,40.6225,41.5318,8592721.228
20080530,0,41.5318,42.2656,41.3244,41.9146,7197029.317
20080602,0,41.5956,42.0343,41.4121,41.6354,8095376.42
20080603,0,41.5557,41.9704,41.2845,41.2925,7617781.41
20080604,0,41.2287,41.6913,41.0771,41.4121,7297873.708
20080605,0,41.4999,41.6674,41.109,41.3004,7427694.514
20080606,0,41.0771,41.0851,40.1997,40.2157,11664395.02
20080609,0,40.6384,40.6384,39.2267,39.4899,11326899.62
20080610,0,39.0911,39.6015,38.7082,39.5297,9890464.35000001
20080611,0,39.4739,40.3593,39.1788,39.7611,10809759.244
20080612,0,39.777,40.9814,39.777,40.9575,10963149.76
20080613,0,40.9016,41.3802,40.439,41.1968,8337945.57
20080616,0,40.8139,40.8139,40.0721,40.463,9306380.09
20080617,0,40.3194,40.6544,39.9764,40.4709,6657142.193
20080618,0,40.0562,40.3274,39.7371,39.777,8772587.93999999
20080619,0,39.7212,40.3433,39.6414,40.1997,9852408.96999999
20080620,0,39.9365,40.3513,39.6972,40.0243,12457736.73
20080623,0,40.1439,40.439,39.8009,40.4071,7868746.207
20080624,0,40.0801,41.109,39.9206,40.8618,9480886.58
20080625,0,41.0372,42.0741,40.8777,41.1728,11692546.02
20080626,0,41.1235,41.4775,40.375,40.4635,10646226.42
20080627,0,40.3267,40.4394,39.6105,40.0692,13040027.16
20080630,0,40.0773,40.375,39.4415,39.699,8923409.08
20080701,0,39.4576,40.713,39.2162,40.4635,12885915.82
20080702,0,40.6165,41.0993,40.1336,40.7211,8939368.84
20080703,0,40.6969,41.4534,40.4716,41.4212,6336568.615
20080707,0,41.4212,42.1133,41.1235,41.7351,9500164.25
20080708,0,41.6305,43.4573,41.4936,43.3124,15883879.47
20080709,0,43.3124,43.8033,42.8537,43.4653,12066699.38
20080710,0,43.3687,43.4492,42.4191,43.079,10345786.68
20080711,0,42.5962,43.3285,42.0489,42.9583,7034112.67
20080714,0,42.8617,43.3687,42.4513,43.1193,7300323.00999999
20080715,0,42.564,43.3526,42.1053,42.9422,9739366.36999999
20080716,0,42.4755,42.9503,41.6305,42.6123,7631608.06
20080717,0,42.8135,42.8135,40.9705,40.9866,11032176.87
20080718,0,41.1235,41.4775,40.3348,40.8659,10731481.85
20080721,0,40.8981,41.0349,40.4394,40.5843,5129018.78
20080722,0,40.4394,41.8477,40.2865,41.8477,9716406
20080723,0,42.2501,42.3226,40.9544,41.2764,8498533
20080724,0,41.3649,42.7249,41.3649,42.226,9213942.8
20080725,0,42.065,43.0951,42.065,42.6042,8600162.45
20080728,0,42.4755,42.8537,42.1214,42.2984,5579972.10200001
20080729,0,42.4433,42.9825,42.3547,42.8939,7687181.41000001
20080730,0,43.1032,43.4734,42.3869,42.9422,8546488.13
20080731,0,42.9503,43.2883,41.3166,41.5097,10548568.03
20080801,0,41.6465,42.3306,41.6465,41.9282,7475635.23
20080804,0,41.9282,43.5216,41.2683,43.3205,10315185.92
20080805,0,43.2158,44.6966,43.1354,44.3586,14777392.66
20080806,0,44.1494,45.1875,44.0286,44.9219,11005452.6
20080807,0,44.3667,44.5115,43.6987,43.9643,10290724.83
20080808,0,43.8596,44.6644,43.8596,44.3747,7532524.32
20080811,0,44.2701,44.7127,43.9723,44.6805,7498718.65999999
20080812,0,44.7529,45.276,44.6805,45.0185,7914059.27
20080813,0,44.9541,45.0588,44.5598,44.7771,6829672.16
20080814,0,44.4552,44.8817,44.2137,44.6322,6720655.92
20080815,0,44.6725,44.8254,44.4632,44.7288,7709130.56
20080818,0,44.7932,44.8254,44.1896,44.2942,5739846.51
20080819,0,44.0689,44.4149,43.8194,43.8757,6396650.01
20080820,0,44.0206,44.0206,43.5136,43.9965,4886737.959
20080821,0,43.6182,44.3023,43.0951,44.1655,4735292.891
20080822,0,44.262,44.6644,43.7872,44.6161,4562829.052
20080825,0,44.5035,44.7932,43.9079,44.2137,4626108.314
20080826,0,44.093,44.3425,43.6263,43.9562,4626918.21
20080827,0,44.0608,44.1735,43.2239,43.5297,5581564.21
20080828,0,43.4653,43.6665,43.0951,43.4492,4815693.22
20080829,0,43.2641,43.8275,43.1836,43.24,4352135.57
20080902,0,43.2561,44.5196,43.2158,44.0528,8234840.64000001
20080903,0,44.0608,44.6483,43.4573,43.4975,8356905.5
20080904,0,43.4573,43.6182,42.8617,42.8778,7429057.11
20080905,0,42.9342,43.6263,42.8456,43.5216,8490491.68
20080908,0,43.4573,44.5839,43.2078,44.254,13243282.38
20080909,0,44.2862,44.8495,44.1011,44.1896,11267138.74
20080910,0,44.3827,44.4069,43.7148,43.8596,7947109.83
20080911,0,44.1188,44.5089,43.688,44.4927,9767913.46
20080912,0,44.2082,44.4195,43.2816,43.5986,9610082.28
20080915,0,43.1922,43.9888,42.9565,43.1272,10684842.306
20080916,0,42.2412,44.0944,40.2011,43.5011,14886305.78
20080917,0,43.4767,43.4767,39.2176,39.2339,18597753.31
20080918,0,40.4124,42.8752,40.4124,40.7863,22823745.32
20080919,0,42.4038,42.6232,40.64,41.9486,19411009.28
20080922,0,41.2984,42.2494,40.3068,40.7619,9871623.32
20080923,0,40.5506,41.2903,40.0385,40.1442,9595792.59
20080924,0,40.2661,40.7944,39.7866,40.2661,9449073.08
20080925,0,40.6319,42.2656,40.3637,41.8917,11729731.5
20080926,0,41.2577,41.7617,40.6481,41.3878,10560112.25
20080929,0,41.2008,41.3634,38.6568,39.5021,15440591.71
20080930,0,39.0957,40.4368,38.9656,39.6403,12447044.64
20081001,0,38.9819,41.2821,38.4861,41.2577,12052216.73
20081002,0,40.957,42.225,39.624,39.8679,12548308.84
20081003,0,40.5587,42.0868,40.193,40.5181,12375373.91
20081006,0,39.372,40.2336,35.7632,37.7952,29288435.95
20081007,0,38.7137,38.8519,35.8526,35.8607,15249427.92
20081008,0,34.097,36.7955,33.6255,34.6415,19689282.58
20081009,0,35.6007,36.576,31.2522,32.4714,16717014.4
20081010,0,30.0817,36.576,27.0662,33.3329,32630254.58
20081013,0,34.544,37.275,33.6987,37.1043,21129489.65
20081014,0,38.0959,38.1854,34.292,36.2753,19107232.214
20081015,0,35.6575,36.1696,32.5445,32.577,15149568.56
20081016,0,33.4467,35.6413,32.0243,35.1617,17883866.61
20081017,0,34.7797,36.9662,34.4709,35.3975,14762751.27
20081020,0,35.5763,36.6492,34.9504,35.3731,12556064.34
20081021,0,35.0236,35.6738,33.8694,34.0401,10877870
20081022,0,34.544,35.2511,32.7559,33.3411,15262044
20081023,0,33.463,35.2755,32.512,35.2674,13070890.74
20081024,0,31.8211,33.7312,31.6992,32.7396,13589003.067
20081027,0,32.5283,32.7152,31.6992,31.7155,12210057.2
20081028,0,32.7233,34.5928,31.1059,34.5034,13847851.65
20081029,0,34.5115,35.625,33.2923,33.3167,12418816.27
20081030,0,34.7716,35.2999,33.1216,34.8691,9237694.16
20081031,0,34.4952,36.0233,34.0319,35.2755,8480860.96
20081103,0,35.1374,35.2349,34.5115,34.6009,6267177.63
20081104,0,35.56,36.5272,34.6334,36.5191,10784726.59
20081105,0,35.7063,37.7708,35.3649,35.6901,10396889.05
20081106,0,35.3649,35.7632,32.8046,33.146,12143113.87
20081107,0,33.4467,34.8529,33.3329,34.2758,7391581.4
20081110,0,34.8529,35.1699,33.5687,34.3571,6237056.79
20081111,0,33.9751,34.3571,32.7721,33.6012,7582359.45
20081112,0,33.3248,33.3248,31.496,31.8293,11673256.615
20081113,0,31.3578,32.4145,30.0817,32.2194,17791429.08
20081114,0,32.0243,32.2357,31.2928,31.4635,14948777.24
20081117,0,30.2118,32.4958,30.2037,31.1546,11193924.94
20081118,0,31.1546,31.6992,29.7404,31.0734,16969440.99
20081119,0,31.1384,31.5041,29.4478,29.8298,15625069.38
20081120,0,29.4396,32.0487,29.3014,29.6997,21657877
20081121,0,30.4638,31.1871,29.2608,31.1465,19364548.46
20081124,0,31.6911,35.1455,31.0815,33.7637,18813460.57
20081125,0,34.3652,35.2024,32.8534,33.4467,13364840.66
20081126,0,32.8615,34.5603,32.3657,34.5278,9201327.77
20081128,0,34.4058,34.9098,33.5036,33.5036,5540326.419
20081201,0,33.2517,33.845,32.0081,32.1625,11903013.72
20081202,0,32.7965,32.9916,31.7805,32.5445,12022140.49
20081203,0,31.6992,34.097,31.6992,33.9507,9914872.98
20081204,0,33.4874,34.097,32.8453,33.2517,11500182.67
20081205,0,32.7396,34.4627,32.4876,34.414,12351147.3
20081208,0,35.1536,35.3568,33.9344,34.6415,10554730.91
20081209,0,33.9751,34.4627,33.9588,34.0726,13396930.07
20081210,0,34.097,34.6984,33.6662,34.414,9471059.31
20081211,0,34.0645,34.7391,33.7393,34.1945,11696354.23
20081212,0,33.1216,33.9019,32.6746,33.4305,9434751.51
20081215,0,33.3655,34.0563,32.6095,33.7231,9150964.47999999
20081216,0,33.4386,33.8125,32.512,33.6093,13900209.23
20081217,0,32.9184,34.796,32.9184,34.1457,10385560.84
20081218,0,34.3246,34.9342,33.8044,33.9263,14714043.67
20081219,0,34.479,34.9423,33.9182,34.0482,20939877.77
20081222,0,34.0645,34.3652,33.6824,34.3489,10630938.35
20081223,0,34.0535,35.2473,34.0452,34.3663,8515031.55999999
20081224,0,34.5639,35.058,34.0864,34.5475,3323965.826
20081226,0,35.058,35.3461,34.7863,34.8851,3163937.926
20081229,0,34.9921,35.4943,34.5969,35.4943,8933435.55
20081230,0,35.5931,36.3506,35.412,36.1118,9516566.15
20081231,0,36.1695,36.6388,35.659,36.013,6947469.706
20090102,0,35.7907,37.0504,35.6343,36.3671,7592492.97
20090105,0,36.0542,36.8281,35.8237,36.5564,7330405.41
20090106,0,36.5647,37.0669,35.3461,35.6096,14766027.25
20090107,0,35.8484,35.9389,34.8851,35.1485,8925895.56999999
20090108,0,35.0497,35.3132,34.5804,35.1568,9926422.58
20090109,0,35.2885,35.6755,34.671,34.8192,9682570.03
20090112,0,34.8357,35.4285,34.2922,34.391,9452130.15
20090113,0,34.4898,35.2391,34.2758,34.7533,9476292.30999999
20090114,0,34.1193,34.3663,33.4771,34.1687,10773896.17
20090115,0,34.0288,34.531,33.5101,34.1276,10434016.84
20090116,0,34.5804,34.9509,33.7077,34.6957,9551158.46999999
20090120,0,34.5639,35.2885,34.0288,34.0946,9027413.42999999
20090121,0,34.6051,34.6051,33.2631,34.1193,11543920.4
20090122,0,33.8394,33.9382,33.2631,33.7159,9639453.07
20090123,0,33.3289,34.1193,32.7279,33.8888,10626733.11
20090126,0,34.0205,34.8933,33.6583,33.7406,8554983.82999999
20090127,0,33.9876,34.4322,32.9502,33.1313,10706911.72
20090128,0,33.6006,33.6006,32.6044,32.909,10372335.98
20090129,0,32.695,33.0984,31.8304,32.0281,10122391.15
20090130,0,32.0857,32.1186,30.4555,30.579,18832844.08
20090202,0,30.2002,31.0647,30.1755,30.8671,13425065.54
20090203,0,31.2706,31.8222,30.8507,31.5917,13093173
20090204,0,31.7069,31.8716,28.9405,30.3567,23535595
20090205,0,29.7309,30.7107,29.4922,30.7107,15642363.82
20090206,0,30.6366,30.8424,30.0685,30.3073,14445680.47
20090209,0,30.2743,30.4884,30.0767,30.1261,9759159.67
20090210,0,30.1755,30.3814,29.558,29.7556,12803562.94
20090211,0,29.8956,30.1014,29.5992,29.9121,11955524.9
20090212,0,29.6486,30.0273,29.4757,29.838,13674558.4
20090213,0,29.7145,29.8544,29.3769,29.698,12102266.82
20090217,0,29.0805,29.1464,28.4053,28.677,14363959.54
20090218,0,28.7841,29.3357,28.6441,29.2369,15512257.02
20090219,0,29.4757,29.6733,29.1546,29.5416,11123258.61
20090220,0,29.0558,29.5745,29.0228,29.3604,14949448.66
20090223,0,29.698,29.698,28.8417,28.8993,11796842.57
20090224,0,29.0969,29.0969,28.4877,28.7182,13696370.44
20090225,0,28.6441,28.9817,28.4877,28.6359,17174536.34
20090226,0,28.8829,29.1875,28.1666,28.1913,12423110.51
20090227,0,27.7137,28.0842,27.5408,27.6149,13760306.25
20090302,0,26.9974,27.582,26.7834,26.9974,18380596.74
20090303,0,26.8492,27.2115,26.5528,26.6763,15958718.52
20090304,0,27.0551,27.7631,26.841,27.5491,16688783.83
20090305,0,26.9974,27.2527,26.3799,27.1703,18564822.49
20090306,0,27.3268,27.5408,26.7669,27.4667,17017127.72
20090309,0,27.1703,28.2242,27.1374,28.0513,13865473.35
20090310,0,28.4794,28.4794,27.4667,27.9525,10802834.23
20090311,0,28.2654,28.3559,27.5491,27.7467,10256234.79
20090312,0,27.7878,28.5782,27.4009,28.43,8137329.88
20090313,0,28.6935,29.7639,28.6112,29.6074,10364883.98
20090316,0,29.8215,30.8342,29.7803,30.5872,10049209.13
20090317,0,30.3484,31.9292,30.0273,31.8057,13315347.72
20090318,0,31.4682,32.3245,31.287,31.3858,13799885.13
20090319,0,31.5011,31.6164,30.5872,30.6531,14393697.13
20090320,0,30.793,31.8551,30.6366,31.5999,17023026.97
20090323,0,32.2766,32.2766,31.3747,31.834,11919335.19
20090324,0,31.5083,32.644,31.4999,32.3601,8686038.73000001
20090325,0,32.6524,32.8027,31.8924,32.2599,8347810.95
20090326,0,32.4102,32.4352,31.7087,31.9843,12607787.49
20090327,0,31.9759,32.0678,31.1241,31.2995,9534378.09
20090330,0,31.3079,31.6335,30.4394,30.6732,9436743.66
20090331,0,30.598,30.8486,29.6377,29.6711,14781382.96
20090401,0,29.4122,30.3725,29.3537,30.1888,11875705.64
20090402,0,30.2807,30.5897,29.8047,29.9968,14535221.59
20090403,0,30.097,30.3892,29.8965,30.2473,10993682.62
20090406,0,30.3057,31.2745,30.0385,31.1408,9685671.73099999
20090407,0,30.7734,31.3162,30.5646,30.882,7458076.7
20090408,0,31.049,32.026,30.6064,31.9091,10034938.11
20090409,0,32.5355,32.5355,31.2661,31.4081,8280395.7
20090413,0,31.3246,31.5834,30.8736,30.9989,7303431.74
20090414,0,30.6815,30.7316,29.9884,30.4227,8895316.6
20090415,0,30.2473,31.6168,30.2473,31.6001,8874307.8
20090416,0,31.8006,31.8006,30.9154,31.7171,7538318.58
20090417,0,31.8089,31.8757,31.049,31.1742,9456947.542
20090420,0,30.7984,31.4248,30.6398,30.8235,9502654.17
20090421,0,30.74,31.0156,30.4477,30.8068,8321944.2
20090422,0,30.6147,31.0824,30.2723,30.3224,10295895
20090423,0,30.4143,31.1909,30.0886,30.7066,9525811
20090424,0,31.1158,31.7004,30.9404,31.2076,10158924.38
20090427,0,30.8736,31.4415,30.8736,31.0657,7856482.601
20090428,0,30.7316,31.2076,30.6064,30.7901,8794579.9
20090429,0,30.7734,31.4248,30.5479,30.6732,10797003.74
20090430,0,30.9488,31.1826,30.2222,30.3809,13979981.52
20090501,0,30.2974,31.0573,30.2139,31.0072,9895231
20090504,0,31.1325,31.834,31.0657,31.834,9269480.85
20090505,0,31.6837,31.9676,31.049,31.1659,7456369.03
20090506,0,31.4832,33.0699,31.1074,32.7609,12097898.42
20090507,0,32.9697,34.1639,32.5856,34.0303,14707235.32
20090508,0,34.3894,34.7902,33.8299,34.2474,9558988.92
20090511,0,33.8382,34.1639,33.4457,33.9468,8146316.64
20090512,0,34.0386,35.2161,33.6795,34.8988,12031085.361
20090513,0,34.6065,35.1076,34.1305,34.8904,9629335.78
20090514,0,34.8403,35.6587,34.7652,35.3414,9933442.29
20090515,0,35.45,36.1848,34.9489,36.0429,12213944.05
20090518,0,36.2767,36.5189,35.475,35.6253,10758345.59
20090519,0,35.5752,35.6754,35.0575,35.2412,10650838.284
20090520,0,35.5168,36.3018,35.1243,36.0679,8400279.838
20090521,0,36.0178,36.0178,35.3247,35.7506,7775888.09
20090522,0,35.1911,36.0596,35.1911,35.6253,5868159.249
20090526,0,35.4583,35.5502,34.9489,35.1911,10789571.1
20090527,0,35.1159,35.1577,34.5063,34.6984,8559768.91
20090528,0,34.7819,35.809,34.6148,35.4917,7911189.72
20090529,0,35.6754,35.6754,35.0324,35.5418,7258719.367
20090601,0,35.642,36.6441,35.642,36.4354,9915184.75000001
20090602,0,36.3185,37.4876,36.1848,37.1786,7848600.60999999
20090603,0,36.8613,37.187,36.6775,36.8529,9901533.54
20090604,0,36.8696,37.2955,36.2767,37.045,6771245.43
20090605,0,37.3289,37.9469,36.7945,36.878,9525133.21
20090608,0,36.5606,37.5544,36.2767,37.1452,7132162.659
20090609,0,37.045,37.2204,36.3686,36.6358,9607896.8
20090610,0,36.6274,36.9865,35.7339,36.3435,7775426.41
20090611,0,36.5272,37.5711,36.2433,36.7026,9341935.94
20090612,0,36.4688,37.1619,36.0763,36.2767,7830208.88999999
20090615,0,35.9844,36.3936,35.7673,35.8257,8386090.92
20090616,0,35.9928,36.1431,35.2746,35.2996,7740575.44999999
20090617,0,35.2579,35.3748,34.9238,34.9656,9094066.54
20090618,0,35.1076,36.0095,35.024,35.5502,11137493.605
20090619,0,35.7088,35.8257,35.0742,35.1744,14775092.4
20090622,0,35.0218,35.3263,34.8103,35.2586,11346620.99
20090623,0,34.9456,35.3009,34.9202,35.0556,9430290.536
20090624,0,35.1571,35.5209,34.971,35.1233,10011252.65
20090625,0,35.1656,36.426,35.0048,36.3753,9049307.964
20090626,0,35.4447,36.3668,35.3178,36.0115,7584605.34
20090629,0,36.1807,36.7475,35.9523,36.6798,7052511.699
20090630,0,36.7728,36.9843,35.9607,36.8913,13784495.51
20090701,0,37.1366,37.7372,37.052,37.255,9288284.86
20090702,0,36.8828,37.2043,36.2314,36.2737,9142609.63999999
20090706,0,36.0369,37.4919,35.7831,37.2973,8711814.01
20090707,0,37.2719,37.9318,36.9167,36.9759,10086882.233
20090708,0,36.9674,37.4242,36.5783,36.849,8862503.53999999
20090709,0,36.9336,36.9336,35.6393,35.8,8029040.04300001
20090710,0,36.426,36.8574,35.5462,35.7831,7354586.108
20090713,0,35.8508,36.4768,35.7746,36.2568,6254562.67
20090714,0,36.2653,36.3583,35.9692,36.0453,5805170.534
20090715,0,36.1299,37.2889,36.1299,37.2804,6920795.426
20090716,0,36.7982,37.1112,36.3837,36.5867,7750309.531
20090717,0,36.7982,37.2804,36.4006,37.255,7250852.569
20090720,0,37.4073,37.4073,36.5698,37.1789,8304944.395
20090721,0,37.2804,37.6357,36.6713,37.1028,6218463.45000001
20090722,0,37.052,37.4327,36.9759,37.0774,5696941
20090723,0,37.5934,39.759,37.5173,38.8961,11792509
20090724,0,38.8285,40.0889,38.5662,40.0551,10578742.808
20090727,0,39.9282,41.1379,39.2007,39.4714,9301968.031
20090728,0,38.8877,39.4037,38.6931,39.3614,7531033.82
20090729,0,39.1245,39.7252,38.9384,39.5983,6076283.386
20090730,0,39.6829,40.1735,39.4629,39.5898,6105203.318
20090731,0,39.4883,40.385,39.2768,39.4545,6206421.081
20090803,0,39.5729,40.5119,39.4629,39.6152,10018580.99
20090804,0,39.5729,40.0551,39.3783,39.759,5245208.158
20090805,0,39.556,39.8098,39.336,39.5814,5795874.33
20090806,0,39.6236,39.7759,39.2007,39.7505,5053896.468
20090807,0,40.0212,40.1566,39.5052,39.7928,5446335.904
20090810,0,39.446,39.9536,39.4122,39.9451,5205966.326
20090811,0,39.9282,40.4357,39.5306,39.5729,6302023.22
20090812,0,39.4206,39.8859,39.3191,39.4291,6356999.042
20090813,0,39.3699,39.5729,38.9554,39.2514,6278301.727
20090814,0,39.1753,39.7167,38.9384,39.4291,4514192.236
20090817,0,38.9807,39.5391,38.397,38.4563,7735943.92
20090818,0,38.4478,39.5052,38.0925,39.1076,6961635.812
20090819,0,38.9131,38.9977,38.4055,38.7693,7543510.26
20090820,0,38.727,39.4545,38.5916,39.336,5634509.246
20090821,0,39.5052,39.9113,39.243,39.649,7811254.461
20090824,0,39.4798,40.2327,39.4798,40.1228,6105723.211
20090825,0,40.0466,40.1989,39.5729,39.5814,9489322.213
20090826,0,39.446,39.9705,39.3783,39.3783,7148416.319
20090827,0,39.4883,39.6744,38.9131,39.1668,7170814.037
20090828,0,39.023,39.133,38.3125,38.3547,7972264.377
20090831,0,38.3632,38.8285,38.2702,38.6677,5807881.288
20090901,0,38.6508,38.8538,38.1348,38.2448,6775481.06
20090902,0,38.1094,38.9046,38.0671,38.6339,4921906.199
20090903,0,38.6762,38.8708,38.1771,38.6677,5071496.233
20090904,0,38.71,39.0315,38.617,38.9723,5015412.361
20090908,0,39.243,40.1651,38.8454,40.0466,8630412.745
20090909,0,39.9705,40.2919,39.556,39.8859,6764127.96099999
20090910,0,39.962,40.1651,39.3022,39.5898,6922325.334
20090911,0,39.5475,40.4696,39.4375,40.1566,7234552.371
20090914,0,39.7675,40.5965,39.5983,40.3596,7616001.961
20090915,0,40.3935,40.5203,39.5137,39.7082,7049683.51
20090916,0,39.8605,40.2243,39.6913,40.182,7308951.07
20090917,0,40.0889,40.6219,40.0889,40.2243,7510187.03000001
20090918,0,40.3089,41.0279,40.3089,40.6557,11466044.94
20090921,0,40.6895,41.0617,40.6049,40.9771,5615293.34
20090922,0,41.1548,41.3917,40.791,41.3747,6594646.96
20090923,0,41.4847,42.2545,41.3663,41.8569,9745495.54
20090924,0,42.0289,42.0289,41.2157,41.3099,8938422.106
20090925,0,41.1729,41.3013,40.6594,40.7535,6554823.37
20090928,0,40.8134,41.3356,40.7963,41.0788,4627258.299
20090929,0,41.2072,41.9091,41.1045,41.7037,5894864.34
20090930,0,41.6951,41.8149,41.0103,41.6865,7815122.38000001
20091001,0,41.6694,41.7208,41.1901,41.4041,7899312.31
20091002,0,41.1901,41.5068,41.0873,41.4126,7083250.27
20091005,0,41.5153,42.1744,40.8905,42.0546,7410217.09
20091006,0,42.0889,42.825,42.0546,42.688,8482117.67
20091007,0,42.6281,42.6795,42.2857,42.4398,5971594.049
20091008,0,42.6795,43.3129,42.5768,43.1075,6845207.86
20091009,0,43.3728,43.6296,42.6795,42.9791,5194445.044
20091012,0,43.1246,43.2701,42.8421,43.2102,3558607.882
20091013,0,43.039,43.1845,42.4912,42.7052,4857377.02
20091014,0,42.902,43.2958,42.3799,43.0818,5276266.466
20091015,0,42.8764,43.3985,42.8678,43.116,5775328.371
20091016,0,42.962,43.8693,42.8678,43.6125,6916562.341
20091019,0,43.7067,44.323,43.4499,44.0833,5348105.182
20091020,0,44.1347,44.8109,44.0405,44.1261,9428033.39100001
20091021,0,43.9121,44.2545,43.1674,43.4499,8511959
20091022,0,43.3899,43.4756,41.5153,42.3884,13960910
20091023,0,42.26,42.32,41.6694,41.9605,8247272.76599999
20091026,0,42.1659,42.3884,41.6009,41.7636,7615368.49
20091027,0,41.755,42.1573,41.4212,41.8406,8027495.651
20091028,0,41.6437,42.3456,41.5838,41.9262,9544939.6
20091029,0,41.9348,42.2258,41.4725,41.8749,7849820.85
20091030,0,41.9433,41.9433,40.2913,40.5481,15140873.97
20091102,0,40.2399,41.6951,40.2399,41.5581,10493565.776
20091103,0,41.3099,41.4126,40.7878,40.959,8328587.51000001
20091104,0,41.113,41.2757,40.4796,40.5138,8806911.22
20091105,0,40.745,41.7636,40.745,41.6095,6732345.06
20091106,0,41.4982,41.8749,41.25,41.7978,5763935.389
20091109,0,42.0375,42.7993,41.9005,42.6538,5952904.211
20091110,0,42.474,43.116,42.3114,42.6538,5611783.03
20091111,0,42.8592,43.0133,42.1916,42.2429,5212396.308
20091112,0,42.1659,43.0133,42.1573,42.6966,7127764.929
20091113,0,42.8592,43.0476,42.5768,42.9363,6170520.27
20091116,0,42.8849,43.5269,42.7993,43.3899,6354275.881
20091117,0,43.2359,43.6382,43.1503,43.2958,5402097.211
20091118,0,43.2188,43.3215,42.9705,43.2616,6808003.93
20091119,0,42.9791,43.1332,42.7223,42.9277,6757026.215
20091120,0,42.8079,43.039,42.4826,42.5768,8234382.802
20091123,0,42.6966,43.1246,42.5168,42.8507,7090196.59500001
20091124,0,42.8764,43.4156,42.8421,43.0219,8219898.566
20091125,0,43.0989,43.2872,42.9277,43.0133,5164740.207
20091127,0,42.3628,43.0133,42.0461,42.7908,4190773.177
20091130,0,42.7651,42.7908,41.0959,41.1815,15415889.4
20091201,0,41.541,42.3456,41.5153,42.0461,9448802.23
20091202,0,42.0889,42.6538,41.9947,42.0974,5835316.86099999
20091203,0,42.3713,42.6538,42.0546,42.3542,8105019.479
20091204,0,42.611,43.2273,42.3028,42.5939,8101883.034
20091207,0,42.4655,42.9277,42.4056,42.6795,7721516.25
20091208,0,42.4569,42.7223,41.4725,41.9605,8467269.884
20091209,0,42.0803,42.5168,41.6523,41.969,6134480.25
20091210,0,42.1744,42.4484,41.6865,41.8577,7085612.094
20091211,0,41.8321,42.2173,41.4297,41.4725,9008140.00000001
20091214,0,42.4227,43.176,42.2258,43.0904,12224437.2
20091215,0,42.8935,43.1332,42.5853,42.8592,8390174.66
20091216,0,42.7993,43.2616,42.7394,42.8849,6980379
20091217,0,42.7651,42.7822,42.1231,42.183,9114418.31
20091218,0,42.6024,42.6024,41.3613,41.7037,14175715.28
20091221,0,42.0717,42.3371,41.9348,42.2001,7469470.32
20091222,0,42.2001,42.6538,42.2001,42.4398,7457065.19299999
20091223,0,42.379,42.7168,42.1971,42.2491,7208811.99
20091224,0,42.2318,42.5089,42.2318,42.353,2897111.448
20091228,0,42.353,42.5089,42.2058,42.2837,4709860.797
20091229,0,42.2491,42.431,42.0239,42.3097,5212707.845
20091230,0,42.0845,42.3963,41.9719,42.1105,4789512.83
20091231,0,42.0845,42.3357,41.7034,41.7207,3876798.581
20100104,0,41.8593,42.9506,41.79,42.6908,8176439.18
20100105,0,42.7601,42.9333,42.2318,42.379,7328550.44000001
20100106,0,42.1451,42.4223,41.8247,42.3443,12125927.27
20100107,0,42.2404,42.9593,42.0585,42.9506,9568980.42000001
20100108,0,42.7168,42.89,42.2491,42.6561,6632082.69500001
20100111,0,43.1152,43.1325,42.6561,42.8034,6023838.434
20100112,0,42.7601,42.7601,42.3097,42.5782,7054903.72
20100113,0,42.5869,43.2105,42.5869,43.0199,5736271.641
20100114,0,42.8554,43.2884,42.8554,42.9073,4789612.86
20100115,0,43.0113,43.2798,42.838,42.9853,8283094.634
20100119,0,42.9593,43.479,42.8813,43.375,8395436.667
20100120,0,43.2191,43.3837,42.1798,42.6561,6954737.14
20100121,0,42.6302,42.7081,41.2184,41.2617,9602926.09
20100122,0,41.3223,41.3743,40.4562,40.4909,8826578.46
20100125,0,40.7853,41.253,40.7247,40.7767,6161206.85100001
20100126,0,40.6814,41.0538,40.4389,40.742,5946329.9
20100127,0,40.5775,40.794,40.0318,40.3783,5394379.349
20100128,0,40.4129,40.794,39.8586,40.0405,5831126.64
20100129,0,40.2397,40.7853,39.3476,39.4169,6781686.92000001
20100201,0,39.6161,40.0405,39.5208,39.9712,6997972.41
20100202,0,40.0145,41.331,39.9019,41.2877,8080595.45
20100203,0,40.9932,41.0885,40.5428,40.7074,5235195.205
20100204,0,40.3609,40.5428,39.772,39.8153,6646461.16700001
20100205,0,39.9712,40.0838,38.9838,39.5641,9228792.67
20100208,0,39.2437,40.0838,39.2437,39.4862,5175319.656
20100209,0,39.7806,40.7074,39.5814,40.5948,8993255.44000001
20100210,0,40.5428,40.7853,40.1791,40.5775,6843877
20100211,0,40.4043,42.379,39.8846,42.1884,17131740
20100212,0,41.8766,43.2451,41.7467,42.6475,12210733.63
20100216,0,42.9593,43.2364,42.4916,42.7947,12342883.26
20100217,0,42.8727,43.2105,42.7428,43.1585,7647613.828
20100218,0,42.9506,43.6089,42.9506,43.5223,8245045.82200001
20100219,0,43.4097,43.6608,43.1325,43.2884,9077254.678
20100222,0,43.3057,43.3664,43.0286,43.0546,7968240.28400001
20100223,0,43.0892,43.3057,42.5955,42.6821,9264026.787
20100224,0,42.7168,43.2798,42.4136,43.1585,8151683.60000001
20100225,0,42.812,43.2018,42.4396,42.9073,9802579.80999999
20100226,0,42.9766,42.9853,42.4396,42.4396,7530846.711
20100301,0,42.4829,42.6561,42.2577,42.3357,8718655.34000001
20100302,0,42.7774,43.3837,42.5349,43.1325,7466507.54
20100303,0,43.1498,43.453,43.0632,43.2711,7813394.26
20100304,0,43.4443,43.9813,43.3577,43.886,7864058.35
20100305,0,43.9553,44.501,43.7561,44.3711,6837204.45600001
20100308,0,44.2844,44.4144,43.9034,43.9726,5442300.32
20100309,0,43.8341,43.9813,43.479,43.5916,5748191.051
20100310,0,43.5223,43.6608,43.1758,43.5829,6451962.65
20100311,0,43.5569,43.7475,43.0286,43.5049,5460728.338
20100312,0,43.5049,43.7388,43.2624,43.4097,6759451.97900001
20100315,0,43.349,44.2758,43.1412,44.1112,9060073.88000001
20100316,0,44.1545,44.5443,44.0159,44.423,6031279.421
20100317,0,44.5616,44.9687,44.4057,44.8214,6166374.381
20100318,0,44.986,45.0293,44.7348,44.8647,6245509.569
20100319,0,45.0033,45.7742,44.8907,45.6009,13092684.338
20100322,0,45.3757,45.9647,45.2372,45.8348,7565079.37
20100323,0,45.7125,45.9226,45.2659,45.8701,6632705.71599999
20100324,0,45.9139,46.1503,45.3972,45.4585,7257239.38
20100325,0,45.6424,46.0015,45.2396,45.2659,6336894.247
20100326,0,45.3447,45.9314,45.2571,45.6512,5154919.083
20100329,0,45.7738,46.1854,45.7563,46.0015,7595171.46
20100330,0,46.0803,46.343,45.6774,45.9577,5002732.515
20100331,0,45.9752,45.9752,45.4935,45.6687,5926498.12199999
20100401,0,45.7475,46.1328,45.6774,45.9314,4925768.7
20100405,0,46.0628,46.4043,45.8526,46.2642,4528598.792
20100406,0,46.0978,46.3693,46.019,46.1153,4605901.413
20100407,0,46.0365,46.2379,45.7913,45.9927,5927175.668
20100408,0,45.7913,46.1678,45.7212,45.8613,4489196.196
20100409,0,46.1503,46.2467,45.5636,46.1854,5014326.06
20100412,0,46.2904,46.5882,46.1854,46.3605,5222633.306
20100413,0,46.2204,46.2554,45.6074,45.9577,4641180.372
20100414,0,45.406,45.6161,44.4865,44.8981,13093423.19
20100415,0,44.3551,45.2046,44.3551,45.1695,6657916.60500001
20100416,0,45.0557,45.2571,44.2763,44.4777,9027791.38
20100419,0,44.2675,45.0469,44.2675,45.0207,5621770.75
20100420,0,45.082,47.2099,44.8017,45.5286,6441260.161
20100421,0,45.5111,46.2992,45.3622,45.476,6551824
20100422,0,44.1012,44.9418,43.856,44.9156,10694155
20100423,0,44.8192,44.863,44.3113,44.863,6536979.452
20100426,0,44.6966,44.7842,43.8384,43.856,8119884.84
20100427,0,43.7947,43.8472,42.2271,42.4198,12289183.9
20100428,0,42.6212,43.2079,42.4986,43.024,9263339.232
20100429,0,43.2517,44.0486,43.1992,43.3831,7988057.45
20100430,0,43.3218,43.6195,42.9452,42.9627,6370847.389
20100503,0,43.1904,43.5057,43.0415,43.2692,5467655.464
20100504,0,42.9189,43.567,42.7876,42.9014,10467932.41
20100505,0,42.8138,43.3918,42.4723,42.665,8010211.05
20100506,0,42.5424,42.8401,25.1156,41.1587,17210318.55
20100507,0,40.4056,41.1587,40.213,40.6683,15400617.36
20100510,0,41.9556,42.9452,41.7717,42.3147,9244827.2
20100511,0,41.8068,42.5862,41.8068,42.3059,8140010.39
20100512,0,41.9732,42.3059,41.6141,42.0607,8662904.61
20100513,0,41.9119,42.2008,41.4302,41.5003,6650378.08
20100514,0,41.3952,41.5703,40.537,40.7472,10961302
20100517,0,40.8085,41.0099,40.1867,40.502,9579378.44
20100518,0,40.6683,40.9486,39.7313,39.8539,10702422.07
20100519,0,39.7313,40.7384,39.4949,40.502,11712057.14
20100520,0,39.8189,40.213,38.9694,39.0045,13326361.51
20100521,0,38.444,39.1533,37.9886,38.7768,16325993.11
20100524,0,38.5666,39.1621,38.155,38.8556,10257285.76
20100525,0,38.1813,38.4615,37.6296,38.4002,15107224.13
20100526,0,38.4002,39.022,38.1375,38.3039,14523333.54
20100527,0,38.733,39.2322,38.6104,39.1533,11360276.25
20100528,0,39.1971,39.2322,38.5491,38.6367,8889814.11000001
20100601,0,38.3302,39.0483,38.1025,38.4966,9428660.429
20100602,0,38.5666,39.4599,38.5053,39.4511,9231899.42999999
20100603,0,39.4599,39.7226,39.1358,39.4423,6831508.44999999
20100604,0,39.0307,39.1884,38.1025,38.2689,11942629.13
20100607,0,38.2864,38.7505,37.7347,37.7347,10156254.332
20100608,0,37.7697,38.3302,37.6033,38.2951,9994119.09999999
20100609,0,38.5141,39.5299,38.3389,38.7242,11358400.69
20100610,0,39.0483,39.9152,39.0483,39.5299,10267589.15
20100611,0,39.2672,39.3548,37.7347,38.8206,16626329.69
20100614,0,39.0658,40.2392,39.0658,39.889,10888378.02
20100615,0,40.4757,40.4757,39.8189,39.8802,9003564.15
20100616,0,39.7488,40.0904,39.5211,39.8627,6341224.887
20100617,0,40.0904,40.248,39.705,39.9853,7348878.824
20100618,0,39.994,40.5282,39.9327,40.2042,10997385.356
20100621,0,40.5282,40.8435,40.2217,40.5545,10962893.08
20100622,0,40.6523,40.803,39.863,39.9162,8292361.63
20100623,0,40.7587,41.752,40.7055,41.211,16106058.85
20100624,0,41.0425,41.4327,40.8297,41.1046,12619108.71
20100625,0,41.2908,41.681,40.7144,40.8297,10864118.51
20100628,0,40.7942,41.3972,40.7055,41.0691,9731152.48
20100629,0,40.7055,41.5036,40.3862,40.5547,11828126.48
20100630,0,40.9272,41.1134,40.5725,40.7144,10559437.05
20100701,0,40.5902,41.3972,40.3951,41.3085,12971676.64
20100702,0,41.3529,41.5746,40.9981,41.1932,6736395.4
20100706,0,41.4593,41.8495,41.0957,41.4416,9001770.87
20100707,0,41.3174,42.1776,41.14,42.1599,11077253.39
20100708,0,42.5235,43.1709,42.2752,43.0645,9260178.91
20100709,0,43.2773,43.366,42.7629,43.0999,5978090.29
20100712,0,43.0733,43.4458,42.7984,43.295,5295760.084
20100713,0,43.5611,43.8537,43.4547,43.7651,5791296.041
20100714,0,43.6143,44.1021,43.4192,43.8803,5682433.99300001
20100715,0,44.0045,44.6075,43.7473,44.4923,8207092.108
20100716,0,44.3326,45.1308,43.9069,43.9868,8391029.27
20100719,0,43.9069,44.4302,43.836,44.306,5410114.918
20100720,0,44.04,45.0066,44.0134,44.9445,6878331.519
20100721,0,45.1308,45.1396,43.632,44.1021,8240299
20100722,0,44.6785,45.3081,44.2528,45.0953,7360080
20100723,0,45.0687,45.2017,44.5809,44.9179,7940627.795
20100726,0,44.847,45.4323,44.847,45.388,5101558.086
20100727,0,45.4589,45.5653,45.184,45.5032,6994042.237
20100728,0,45.5476,45.6274,45.1396,45.2372,5019282.056
20100729,0,45.3702,45.7161,45.0332,45.3436,6224831.647
20100730,0,45.051,45.4944,44.8736,45.3259,6965773.73899999
20100802,0,45.6451,46.1063,45.45,46.0797,6798331.585
20100803,0,45.9467,46.5586,45.9467,46.195,6632621.837
20100804,0,46.2304,46.5586,46.0797,46.3989,5010394.236
20100805,0,46.1861,46.195,45.8491,45.9112,6380398.229
20100806,0,45.6983,46.3014,45.4323,46.2659,6545573.326
20100809,0,46.2038,46.665,46.1152,46.5408,7105862.805
20100810,0,46.195,47.2148,46.1595,46.9222,8687215.61699999
20100811,0,46.3103,46.532,45.787,45.9289,7486407.85600001
20100812,0,45.4234,46.257,45.388,45.9821,7358809.24099999
20100813,0,45.7516,46.3635,45.7516,46.1329,5946874.584
20100816,0,45.8136,46.1684,45.1929,46.1152,5414226.706
20100817,0,46.4167,47.0375,46.1063,46.6384,5971314.715
20100818,0,46.6029,47.002,46.3103,46.8424,5047077.525
20100819,0,46.7537,46.7537,45.7782,46.1063,6076988.01
20100820,0,45.8934,46.4965,45.8934,46.1506,7434057.02
20100823,0,46.2038,46.5497,45.858,45.8757,5172326.839
20100824,0,45.317,45.858,45.2815,45.7072,7298388.51399999
20100825,0,45.2727,45.8934,45.1662,45.7161,6596118.031
20100826,0,45.7072,45.9733,44.8204,45.2904,7029533.961
20100827,0,45.3525,45.787,44.9179,45.6451,6501114.094
20100830,0,45.2993,46.0353,45.2993,45.6451,3875152.48
20100831,0,45.5564,45.9112,45.2461,45.521,4894533.157
20100901,0,46.0087,47.0818,46.0087,46.9842,8381207.38999999
20100902,0,46.9754,47.3212,46.8867,47.2414,5282371.476
20100903,0,47.0995,47.9598,47.0995,47.9598,6219778.358
20100907,0,47.8179,48.1105,47.5075,47.5962,5866379.802
20100908,0,47.543,47.7647,47.3567,47.543,5878532.58800001
20100909,0,47.605,47.8622,47.1971,47.676,6022625.125
20100910,0,47.6848,48.6604,47.6848,48.412,6995357.52
20100913,0,48.7224,48.7668,48.1726,48.5983,5857055.668
20100914,0,48.3766,48.7756,48.1194,48.6781,5359084.012
20100915,0,48.6515,49.3077,48.4475,49.2191,6435496.275
20100916,0,48.953,49.0417,48.6071,48.8555,6923574.159
20100917,0,49.0062,49.5738,48.8377,48.8643,8394397.134
20100920,0,48.9087,49.8664,48.7756,49.6447,8191094.2
20100921,0,49.6891,49.8842,49.1836,49.76,8388958.763
20100922,0,49.4557,49.6979,49.2494,49.5275,6502562.93000001
20100923,0,49.1417,49.9222,48.9892,49.4198,6159126.637
20100924,0,49.8594,50.6847,49.8415,50.299,7038422.75
20100927,0,50.2182,50.4335,49.7428,49.7697,4812760.252
20100928,0,49.6979,50.4066,49.4916,50.3438,7259599.265
20100929,0,50.2093,50.8193,50.0119,50.4874,6099643.606
20100930,0,50.6668,51.2319,50.0657,50.281,6788500.976
20101001,0,50.2721,50.6937,49.7428,49.8415,7654597.101
20101004,0,49.689,49.976,49.4288,49.5544,5352259.748
20101005,0,49.9312,50.2093,49.4737,49.68,10049716.11
20101006,0,49.6979,51.0705,49.6082,50.4515,10971965.07
20101007,0,50.7385,50.8193,50.1913,50.4694,6819721.77
20101008,0,50.9359,51.3127,50.7744,50.8013,6350692.05
20101011,0,50.8731,51.2768,50.5322,50.5591,3475367.916
20101012,0,50.6668,51.4024,50.595,51.3127,5124983.832
20101013,0,51.4831,51.8061,51.1422,51.4562,6498564.652
20101014,0,51.4921,51.9406,51.4831,51.7702,5931210.756
20101015,0,52.0483,52.73,52.0483,52.4968,8869132.88
20101018,0,52.3353,52.5327,52.0841,52.3712,4844477.162
20101019,0,51.8599,52.0662,50.8282,51.1243,8785279.29100001
20101020,0,51.3306,51.7522,51.1422,51.5728,5572897
20101021,0,51.0256,51.8958,50.6757,51.5638,6802634
20101022,0,51.9586,52.2905,51.6536,52.138,4382471.846
20101025,0,52.4968,53.6899,52.452,53.3311,9135665.90999999
20101026,0,53.0171,53.3939,52.8646,53.3759,5624526.925
20101027,0,52.9812,53.053,52.3802,52.9184,6448958.933
20101028,0,53.1696,53.5554,52.8646,53.1786,5651134.688
20101029,0,52.9812,53.1606,52.4789,52.4968,6008130.246
20101101,0,52.5775,53.2055,52.138,52.3084,7490980.089
20101102,0,52.3712,52.9274,52.1559,52.3981,7825679.429
20101103,0,52.5686,53.2683,52.3892,53.1606,6581227.989
20101104,0,53.7168,54.569,53.5554,54.5421,7750743.36
20101105,0,54.6049,54.6049,53.9859,54.282,7368420.45799999
20101108,0,53.8514,54.1743,53.6899,53.9859,5657925.77
20101109,0,53.7976,54.0487,53.2952,53.4028,5324958.997
20101110,0,53.4567,53.6361,53.0709,53.4836,5248412.522
20101111,0,52.9722,53.6989,52.9453,53.672,5496651.787
20101112,0,53.5105,53.7168,53.1875,53.5015,5181978.926
20101115,0,53.358,53.7886,53.2414,53.34,4493207.723
20101116,0,53.1606,53.3849,52.2636,52.5237,8158941.55
20101117,0,52.6403,52.8736,51.9047,51.9047,7359734.164
20101118,0,52.5147,53.6899,52.3353,53.3221,8126191.031
20101119,0,53.34,53.6989,52.9005,53.6271,6407252.414
20101122,0,53.0261,53.4028,52.8018,53.3131,5810958.639
20101123,0,52.73,52.8915,52.3981,52.7121,7215307.41399999
20101124,0,53.0889,53.1875,52.8018,53.0799,4983895.629
20101126,0,52.7839,53.0081,52.4789,52.8646,2277447.838
20101129,0,52.3353,52.3533,51.4293,51.8778,10726745.57
20101130,0,51.5638,51.6536,50.909,51.0256,10464033.67
20101201,0,51.4652,52.0034,50.8731,51.7343,8160743.524
20101202,0,51.5908,52.0393,51.4024,51.9137,6599077.062
20101203,0,51.5997,52.5147,51.4831,52.138,7272930.63
20101206,0,52.1021,52.6134,51.8599,52.4968,5427984.29
20101207,0,52.8915,53.2683,52.8287,53.2414,11152064.29
20101208,0,53.0709,53.3759,52.9992,53.1965,6269737.961
20101209,0,53.367,53.6451,53.0889,53.2234,4965406.773
20101210,0,53.3939,53.7527,52.8287,52.8915,6898399.127
20101213,0,52.9722,53.1337,52.3353,52.6493,7786169.36
20101214,0,52.7659,53.3131,52.7031,53.2324,5543488.193
20101215,0,52.8197,53.4656,52.8108,53.4298,4800985.621
20101216,0,53.2593,53.5733,52.8915,53.5643,5639498.98
20101217,0,53.5284,53.7079,53.0799,53.6181,7286578.97299999
20101220,0,53.5554,53.9501,53.3131,53.4567,5907326.586
20101221,0,53.874,54.001,52.8675,53.0216,6162918.164
20101222,0,53.1667,53.4478,52.8221,53.3843,4816528.462
20101223,0,53.212,53.4297,52.94,53.1576,2813481.596
20101227,0,53.0579,53.2937,52.9853,53.1667,2684504.886
20101228,0,53.1214,53.3481,52.7949,53.0942,2853010.171
20101229,0,53.2483,53.4387,53.0579,53.2846,2606551.505
20101230,0,53.1758,53.2755,52.8947,53.0125,2302142.505
20101231,0,53.0307,53.3662,52.8765,53.0669,2129560.099
20110103,0,53.3934,53.4932,52.9853,53.203,4803256.41
20110104,0,53.0307,53.4569,52.7314,53.1939,5508318.14200001
20110105,0,53.3209,53.4297,52.405,53.1576,5540014.36
20110106,0,52.8221,52.9581,52.015,52.3868,7211529.78
20110107,0,51.8972,52.1329,50.7092,51.1536,12338593.13
20110110,0,51.1717,51.4619,50.6457,51.2261,8657430.025
20110111,0,51.4619,51.6432,50.7364,50.7727,7576890.882
20110112,0,51.072,51.3168,50.7818,51.3168,7310727.151
20110113,0,51.1173,51.3077,50.9178,51.1898,5819801.613
20110114,0,51.0447,51.48,50.945,51.4075,5171132.178
20110118,0,51.2715,51.6886,50.7636,50.9722,5873693.35
20110119,0,51.0447,51.344,50.9269,51.2896,7615658.41
20110120,0,51.344,51.5707,51.0175,51.1808,6635327.697
20110121,0,51.607,51.6886,51.0175,51.4075,6787148.973
20110124,0,51.3077,51.8518,51.0085,51.7974,5910543.21
20110125,0,51.5707,52.2508,51.4347,52.1692,5896767.556
20110126,0,52.3052,52.3687,51.9969,52.0876,4908764.507
20110127,0,52.1873,52.2145,51.6342,51.6614,5171945.843
20110128,0,51.9606,51.9697,51.2805,51.3349,6799891.52100001
20110131,0,51.6342,51.9334,51.1989,51.8881,6144547.478
20110201,0,52.1601,52.7858,52.142,52.5863,6268095.29
20110202,0,52.1239,52.3778,51.9878,52.2871,4984847.554
20110203,0,52.1329,52.677,52.1329,52.5863,4518255.082
20110204,0,52.6589,53.2846,52.5138,53.1848,6081327.956
20110207,0,53.4206,53.5022,53.0125,53.4932,4581890.892
20110208,0,53.5022,53.602,53.1848,53.5748,4286167.749
20110209,0,53.1486,54.1098,53.0488,53.9375,5354657
20110210,0,53.7652,54.3184,53.4025,53.5294,7234796
20110211,0,53.4206,54.2821,53.3843,54.0282,5106383.808
20110214,0,53.9828,54.2005,53.5838,54.1551,4331235.417
20110215,0,53.9194,54.5723,53.9012,54.3093,5113364.724
20110216,0,54.5179,55.0892,54.3546,55.0892,5637282.801
20110217,0,54.6992,55.207,54.6811,55.198,5258968.107
20110218,0,55.1889,55.8962,55.1345,55.6967,5707897.39
20110222,0,55.1526,56.2136,54.8624,55.7693,7182547.877
20110223,0,55.8146,56.5673,55.7693,56.1955,8277203.73999999
20110224,0,56.0322,57.1295,56.0322,56.5038,7720492.549
20110225,0,56.6126,56.8484,56.2227,56.4494,4846031.28
20110228,0,56.8393,57.2383,56.5854,56.8574,6558434.913
20110301,0,57.1839,57.7008,56.4131,56.4494,7510845.92200001
20110302,0,56.5038,57.4287,56.3406,57.0569,6742250.6
20110303,0,57.4378,57.991,57.2202,57.7099,6268720.769
20110304,0,57.7552,57.9275,57.1567,57.5829,6432117.919
20110307,0,57.728,58.4172,57.601,57.7008,6108683.006
20110308,0,57.9003,58.5804,57.8368,58.2902,5322062.57
20110309,0,58.1905,58.4444,57.9366,58.3356,4957525.673
20110310,0,57.9184,58.2086,57.6645,57.8368,6590066.7
20110311,0,57.5194,58.0182,57.465,57.8277,5390827.649
20110314,0,57.4287,57.8912,57.3381,57.6192,6053667.999
20110315,0,56.667,57.0479,56.1139,56.9119,7565661.95
20110316,0,56.6398,56.803,55.7239,56.132,11403644.66
20110317,0,56.6307,56.93,55.9234,56.0504,7674924.33
20110318,0,55.9506,56.7033,55.6332,55.9506,11122461.743
20110321,0,56.4131,57.6101,56.1411,57.0479,5891052.665
20110322,0,57.0933,58.5316,56.9925,58.0553,6862075.89
20110323,0,57.9545,58.7332,57.7896,58.55,5139593.175
20110324,0,58.6782,59.3104,58.4492,59.0722,5147344.36
20110325,0,59.2279,59.9791,59.118,59.6676,5558104.276
20110328,0,59.8051,60.1166,59.7226,59.7409,4438629.816
20110329,0,59.2737,59.8142,59.1913,59.7959,6159110.899
20110330,0,60.3456,60.3914,59.7684,60.1898,6731491.784
20110331,0,60.1715,60.3731,59.86,60.1166,6106566.826
20110401,0,60.3456,60.483,59.4936,59.5394,6142655.716
20110404,0,59.4844,59.5944,59.0813,59.4386,6589082.34
20110405,0,59.3287,60.4372,59.2279,60.0616,4831516.15400001
20110406,0,60.2631,60.5105,59.9883,60.2906,4934907.688
20110407,0,60.1166,60.144,59.6127,60.0616,5310311.88
20110408,0,60.199,60.5013,60.0249,60.3273,5213546.53
20110411,0,60.712,61.6373,60.6937,61.1518,6620768.68
20110412,0,60.8678,61.2159,60.3089,60.5471,4789718.46399999
20110413,0,60.3731,60.6571,60.2082,60.5746,4781352.732
20110414,0,60.4464,60.8769,60.3089,60.6204,6988573.00499999
20110415,0,60.8953,61.1426,60.428,60.9869,5228640.148
20110418,0,60.3914,60.9136,59.9883,60.1807,5359834.849
20110419,0,60.1074,60.6388,59.8326,60.6113,4501300.06499999
20110420,0,61.2434,61.7015,60.8495,60.8861,5759557
20110421,0,61.3991,62.4893,61.2342,61.9397,6280129
20110425,0,61.9855,62.2145,61.7106,61.8938,4140441.403
20110426,0,62.1137,62.3794,61.6923,61.9397,6739341.32699999
20110427,0,61.8664,61.9213,61.3259,61.8389,6089159.605
20110428,0,61.8938,63.4146,61.7656,63.2406,6211246.632
20110429,0,63.4696,63.9368,62.8741,63.607,4986332.458
20110502,0,63.9551,64.0559,63.3597,63.4788,5239710.69
20110503,0,63.2406,63.7811,63.0757,63.717,4326139.653
20110504,0,63.717,63.9735,63.2864,63.5062,4563252.49
20110505,0,63.378,63.6253,62.526,62.6084,6450283.725
20110506,0,63.0299,63.5704,62.8191,62.8833,6094360.684
20110509,0,63.0665,63.2131,62.4527,62.5168,4979889.04
20110510,0,62.5993,62.7459,62.4527,62.5351,7305917.07
20110511,0,62.5718,62.8283,62.2786,62.4344,6145329.588
20110512,0,62.416,62.526,62.2511,62.471,6698847.948
20110513,0,62.5351,63.2864,62.471,62.5993,7117481.78
20110516,0,62.3153,62.9382,62.1504,62.7092,5775578.649
20110517,0,62.6451,62.9657,62.5168,62.8283,4491185.634
20110518,0,62.9749,63.5795,62.7184,63.5154,7047912.521
20110519,0,63.717,64.8346,63.7078,64.743,7640955.52
20110520,0,64.6881,64.7522,64.12,64.3399,4443026.994
20110523,0,63.6162,63.946,63.1306,63.3597,5474842.259
20110524,0,63.2131,64.2117,63.1306,63.9826,5871091.493
20110525,0,63.5979,63.8635,63.323,63.7353,5331391.107
20110526,0,63.6253,64.743,63.2772,64.3124,6088545.024
20110527,0,64.3491,64.798,64.3124,64.5964,3832386.294
20110531,0,64.8804,65.7233,64.8255,65.6775,6397340.322
20110601,0,65.6866,65.7324,65.0728,65.1461,6616374.496
20110602,0,64.9721,65.0362,63.7902,64.0559,6596576.598
20110603,0,63.4421,63.8086,62.9932,63.2131,5404680.844
20110606,0,63.0299,63.2039,62.526,62.6084,5749272.907
20110607,0,62.8466,62.9016,62.132,62.1412,6409456.097
20110608,0,61.8847,62.5901,61.4908,62.3428,5895723.742
20110609,0,62.5809,62.8558,61.8664,62.416,5439488.1
20110610,0,62.132,62.3702,61.7198,61.7289,5157567.545
20110613,0,61.6557,62.1412,61.1976,61.7656,5473576.42
20110614,0,62.4435,63.6803,62.1412,63.1031,6316660.059
20110615,0,62.8375,62.9749,60.9411,61.8755,7242980.178
20110616,0,61.7839,62.3244,61.4541,61.8297,5229014.147
20110617,0,62.2511,63.2131,62.2511,62.7733,6693980.41
20110620,0,62.7184,63.5887,62.6909,63.3047,4790622.654
20110621,0,63.684,63.7118,62.8148,63.0182,4757718.19
20110622,0,62.5281,62.7223,61.6219,61.6589,8132256.88
20110623,0,61.289,61.363,60.577,61.2058,6923867.58
20110624,0,61.1781,61.1781,59.8095,60.2071,7872521.773
20110627,0,60.4753,61.1781,60.2904,60.9562,5785109.038
20110628,0,61.1041,61.1873,60.5863,60.9192,4777037.185
20110629,0,61.3538,61.5942,61.0486,61.1781,5362206.348
20110630,0,61.4462,61.7791,61.0856,61.7699,4725556.38
20110701,0,61.6404,62.0843,61.474,61.6682,4830543.462
20110705,0,61.8624,63.0275,61.7606,62.149,6771315.635
20110706,0,62.2507,63.4251,62.1213,63.1199,5574539.626
20110707,0,63.647,64.1556,63.4806,63.9337,5808957.323
20110708,0,63.4713,64.2296,63.3141,64.1741,5162142.803
20110711,0,64.3775,64.4053,63.2771,63.5083,5209902.18
20110712,0,63.4898,63.6193,61.9548,62.1305,7635336.71
20110713,0,62.3155,62.4449,61.5942,61.8346,4436842.314
20110714,0,61.5665,61.8624,61.2428,61.437,4282450.597
20110715,0,61.5849,62.0196,61.1873,61.8901,5259776.52990001
20110718,0,61.7699,62.3617,61.4647,61.8069,4134360.915
20110719,0,62.1028,63.5453,62.0103,63.2217,5902213.362
20110720,0,63.3326,63.3419,62.1213,63.0275,5492058
20110721,0,64.4977,66.3564,64.4885,66.0697,10032420
20110722,0,66.005,66.8187,65.931,66.6985,6747700.69999999
20110725,0,66.3287,66.8742,65.5704,66.6893,5303686.434
20110726,0,66.4119,67.0407,66.2084,66.4951,3848617.219
20110727,0,66.0975,67.0961,66.0975,66.4396,5394260.814
20110728,0,66.4766,67.2626,66.2177,66.828,6733388.864
20110729,0,66.2084,66.5691,65.8293,65.9125,8010184.526
20110801,0,66.1252,66.2639,64.5995,65.4317,5933291.294
20110802,0,65.1173,65.5519,64.544,64.544,6968100.377
20110803,0,64.6457,64.7104,63.9707,64.7104,7906777.26999999
20110804,0,63.9059,64.1464,62.1583,62.3617,11014315.72
20110805,0,62.9258,64.507,62.0658,64.1371,14224439.13
20110808,0,62.7131,63.9614,61.1133,61.363,15133808.63
20110809,0,61.548,62.4727,59.3934,62.4542,18128094.18
20110810,0,62.038,62.112,59.7818,59.902,14392471.34
20110811,0,60.3551,61.2428,59.8927,60.6695,12475630.81
20110812,0,61.4185,61.7791,60.7805,61.4093,9187011.24
20110815,0,61.8808,63.1569,61.6589,62.8518,8831326.43
20110816,0,62.7593,63.3234,62.2692,62.6206,6864182.77
20110817,0,62.9627,64.47,62.898,63.8874,7126852.046
20110818,0,62.7501,63.6933,62.5374,63.3141,10904995.32
20110819,0,62.5466,65.4502,62.5466,63.61,12016490.903
20110822,0,64.9416,65.2283,63.3419,63.4343,7119093.68
20110823,0,63.2771,65.0063,63.2402,64.9046,8709493.36
20110824,0,64.7289,65.2653,64.4793,64.7844,5994779.94
20110825,0,64.8306,64.9601,63.4159,63.61,7116889.105
20110826,0,63.6193,64.3036,62.6576,63.9522,6457482.52
20110829,0,64.5255,65.3577,64.5255,65.1913,5288338.258
20110830,0,65.0156,65.2005,64.544,64.9046,6377735.77
20110831,0,65.0803,65.3207,63.8874,63.9244,8387237.25999999
20110901,0,64.1926,64.7936,63.869,64.0631,8518825.86999999
20110902,0,63.5915,64.1094,62.9905,63.1292,5962885.51
20110906,0,61.8624,63.1015,61.6959,62.7963,8613538.22000001
20110907,0,63.1384,63.7672,62.824,63.7302,6577539.904
20110908,0,63.3141,63.7857,63.2679,63.3789,5804135.18
20110909,0,62.9997,63.1015,60.4291,61.0301,13394151.97
20110912,0,60.0869,61.0856,59.5691,61.0209,9729384.26
20110913,0,61.0209,61.4555,60.2811,61.0209,6692362.44
20110914,0,61.8161,63.1754,61.511,62.5836,10972034.84
20110915,0,63.1662,63.3326,62.5559,63.1107,6942743.15
20110916,0,63.5546,64.0539,62.8795,63.7025,12013478.18
20110919,0,63.0275,63.4066,62.5651,62.6021,8436785.397
20110920,0,63.4806,63.9614,63.1107,63.1939,6913526.02
20110921,0,63.5083,63.647,61.8346,61.8346,8463944.54800001
20110922,0,60.8174,60.8174,58.8663,60.1054,14433776.73
20110923,0,59.6286,60.5831,59.4227,59.6941,8452294.28299999
20110926,0,60.1433,60.5363,59.4414,60.5082,7613013.47
20110927,0,61.1633,61.3317,60.2275,60.5737,7334667.60300001
20110928,0,60.7422,60.8358,59.1981,59.3572,6228969.31
20110929,0,60.0871,60.6205,59.0671,59.8438,5866100.745
20110930,0,59.3011,60.031,58.3372,58.4027,7866198.11
20111003,0,58.3091,59.2262,57.8599,57.9254,10051052.29
20111004,0,57.2517,58.8987,56.5686,58.8987,9491120.24
20111005,0,59.3946,59.6286,58.777,59.2823,6534031.78
20111006,0,59.3479,60.4427,59.0671,60.4427,5372617.013
20111007,0,60.789,61.3598,60.4521,60.92,6730638.9
20111010,0,61.6873,62.1271,61.3224,61.7622,4239148.754
20111011,0,62.2394,62.2488,60.9013,61.0978,6488815.85
20111012,0,61.6873,62.3705,61.1165,62.1084,6968830.62
20111013,0,61.9213,62.464,61.5938,62.202,5361531.397
20111014,0,62.8758,63.0068,62.6044,62.8571,4715769.32
20111017,0,63.1565,63.6899,62.5763,62.5857,5558175.464
20111018,0,62.3985,62.7541,61.1633,61.9306,7102997.327
20111019,0,62.2394,62.7822,61.7435,61.7716,5443501
20111020,0,63.4279,64.6725,63.0349,63.9332,11785717
20111021,0,64.5321,65.8516,64.476,65.5054,12971894.35
20111024,0,65.7393,65.7674,64.869,64.9345,7356200.28999999
20111025,0,64.1017,64.9439,64.083,64.3543,8385367.78
20111026,0,65.2808,66.2821,64.7006,66.254,9476162.45
20111027,0,67.1898,67.8168,66.4318,67.3021,9159054.63
20111028,0,67.4237,67.8355,66.7406,67.4612,5035852.63
20111031,0,66.8903,67.3863,65.3931,65.3931,8075243.6
20111101,0,63.8022,64.8597,63.3998,64.2888,9895572.32
20111102,0,64.6444,65.6644,64.5041,65.3931,7512252.49
20111103,0,65.5709,66.4037,65.5241,66.2727,5181555.016
20111104,0,66.123,66.3101,65.3837,65.4211,4682590.172
20111107,0,65.6925,66.0481,65.0187,65.9826,3346418.353
20111108,0,66.0668,66.7406,65.5802,66.6938,4409619.655
20111109,0,65.5241,65.8048,64.6819,65.1685,5480998.533
20111110,0,65.5241,66.6377,65.5241,66.4505,5455211.71
20111111,0,66.7967,67.4892,66.7687,67.0494,3913563.25
20111114,0,67.0681,67.0681,66.3101,66.4692,3547528.26
20111115,0,66.7874,67.143,66.3476,67.0307,4070122.13
20111116,0,66.909,68.4718,66.4973,66.9465,7537113.51
20111117,0,66.8903,68.7432,66.75,67.2459,6889912.58
20111118,0,67.7138,68.5841,67.6764,68.4157,8224748.61999999
20111121,0,67.2085,67.8729,66.9465,67.4705,6200120.837
20111122,0,67.4799,67.929,67.2366,67.405,5323713.76
20111123,0,66.8716,67.0213,66.2727,66.5534,4925510.172
20111125,0,66.4505,67.6015,66.4224,66.7312,3796813.86
20111128,0,67.4705,68.3969,67.3769,68.3969,5926933.782
20111129,0,68.6683,70.6054,68.6683,69.679,7930431.49
20111130,0,71.092,71.4944,70.2685,71.2605,7479911.82000001
20111201,0,71.2043,72.0559,70.7271,70.8206,5694354.927
20111202,0,71.092,71.5319,70.4744,70.699,5211774.802
20111205,0,71.7939,72.084,70.5212,70.9423,5310690.14
20111206,0,70.9236,70.9704,70.465,70.7645,4957577.973
20111207,0,70.3995,71.0078,69.9504,70.6616,5359406.188
20111208,0,70.4931,70.7271,69.6135,69.6509,6293751.8
20111209,0,70.3715,71.0265,70.1562,70.8581,4444093.483
20111212,0,70.4838,70.9891,69.9691,70.3528,4545854.056
20111213,0,70.9797,71.6254,70.5118,70.6896,5706064.813
20111214,0,70.4744,71.5599,69.8194,70.1188,7215291.05500001
20111215,0,70.8113,71.3915,70.4557,71.0359,5241501.372
20111216,0,71.5225,71.7096,70.4557,70.7364,7196254.05
20111219,0,71.195,71.8781,70.7458,71.2979,5597952.054
20111220,0,71.865,72.6213,71.7799,72.4795,6317370.672
20111221,0,72.6686,74.0109,72.4228,73.907,6780008.964
20111222,0,74.1527,74.2567,73.2169,73.5477,3648215.555
20111223,0,73.7841,74.5876,73.6895,74.4363,2887764.327
20111227,0,74.6727,75.0792,74.1338,74.5498,2409887.045
20111228,0,74.3796,74.8239,74.0771,74.1622,2519537.27
20111229,0,74.5687,74.8618,74.3702,74.7767,3129166.65
20111230,0,74.8334,74.9185,73.907,74.2284,2958238.349
20120103,0,74.8145,75.5897,74.2378,74.2851,6261651.08
20120104,0,73.8786,74.2095,73.5477,74.1055,4917020.52
20120105,0,73.907,74.3702,73.5477,73.9731,5008053.408
20120106,0,73.3776,73.5572,72.4606,72.8104,6532613.4
20120109,0,72.8482,73.0372,72.4133,72.6402,4371932.475
20120110,0,73.4059,73.6423,72.7158,73.0656,4781726.972
20120111,0,72.9522,73.595,72.3471,72.3849,4953699.192
20120112,0,72.4322,72.9049,72.2337,72.2999,4545881.206
20120113,0,71.9879,73.179,71.9123,73.0467,4252948.148
20120117,0,72.7915,73.2358,71.6192,71.7516,6270084.99000001
20120118,0,71.6665,71.7138,68.8683,69.1519,13347025.85
20120119,0,69.6624,70.447,69.133,69.8042,7923389.01
20120120,0,69.9176,70.5415,69.6245,70.4092,5501089.78599999
20120123,0,70.3241,70.9953,69.9932,70.8251,4750269.246
20120124,0,70.5699,71.0898,69.8325,70.0689,4194667.988
20120125,0,69.7947,72.7253,69.6718,72.6496,7875283.955
20120126,0,72.9333,72.9333,71.7232,72.177,5172225.791
20120127,0,72.1203,72.5362,71.1087,71.4018,4948380.275
20120130,0,70.9291,71.1182,70.4375,70.7401,4579158.279
20120131,0,70.8251,71.0993,70.4281,70.6928,4578508.489
20120201,0,71.0804,71.9217,71.0426,71.5909,4125481.457
20120202,0,71.865,71.8745,71.2127,71.7799,2693457.212
20120203,0,72.177,72.6024,71.6665,72.4984,3124574.634
20120206,0,72.1959,72.9616,72.0919,72.6402,3482700.353
20120207,0,72.3282,73.7179,72.3093,73.3587,5149457.22000001
20120208,0,73.3492,73.6423,72.8576,73.6139,4086274
20120209,0,73.6328,76.5634,73.5855,75.7315,10998560
20120210,0,75.7031,76.0812,75.3533,75.9584,6917001.08899999
20120213,0,76.2703,77.4142,76.0245,77.1684,6522628.62500001
20120214,0,77.0455,77.1684,76.5728,77.1117,4681732.561
20120215,0,77.4236,77.5654,76.7335,77.0077,4889439.893
20120216,0,77.0833,77.8112,76.8281,77.5182,3487107.268
20120217,0,77.8396,78.1421,77.0549,77.3007,5269760.22
20120221,0,77.4236,78.161,77.4236,77.7923,4587451.868
20120222,0,77.5465,78.2461,77.0833,77.6883,4897200.191
20120223,0,77.4898,77.8585,76.8659,77.6789,3963823.474
20120224,0,77.953,78.5391,77.7923,78.4919,3751727.334
20120227,0,78.1894,78.8038,77.9814,78.6715,4144107.688
20120228,0,78.6337,79.3616,78.4635,79.286,4223710.237
20120229,0,79.4089,79.6925,78.9551,79.0496,4719357.063
20120301,0,78.9362,79.7208,78.3784,79.5507,4595826.74
20120302,0,79.7492,80.099,79.2103,79.9382,4012189.325
20120305,0,79.787,80.7607,79.5412,80.7229,3892529.111
20120306,0,80.184,80.7512,79.3616,79.3994,6608333.46
20120307,0,79.4467,79.7775,78.7093,79.475,4286633.435
20120308,0,80.1746,80.5055,79.6263,80.0044,3586794.387
20120309,0,80.2975,80.5811,79.995,80.0044,3138637.697
20120312,0,80.288,80.8836,79.3143,79.9855,7817762.93200001
20120313,0,80.1368,81.0727,79.9666,81.0727,4927336.961
20120314,0,80.6756,81.0727,80.3069,80.8269,4112465.173
20120315,0,80.7891,81.1955,80.5811,81.1861,4266339.798
20120316,0,81.2712,81.4603,80.8647,81.1577,5487818.43099999
20120319,0,81.1577,81.8667,80.7891,81.6021,3664214.827
20120320,0,81.1955,81.9235,81.1294,81.8478,4388774.547
20120321,0,81.6493,81.9613,81.3563,81.4981,4284027.188
20120322,0,81.2806,82.3772,81.2239,82.1125,4268235.243
20120323,0,82.122,82.3867,81.706,82.1504,4335613.56
20120326,0,82.33,83.6724,82.2449,83.3037,5840250.37
20120327,0,84.0663,84.4097,83.4655,83.5132,4693828.80099999
20120328,0,83.4465,83.5323,82.6072,82.9029,4809121.548
20120329,0,82.5309,82.9696,82.1495,82.7217,4376011.963
20120330,0,83.0364,84.7435,83.0364,84.4764,5816220.817
20120402,0,84.7435,85.4682,84.7339,85.1154,4309223.294
20120403,0,84.4478,84.896,84.1999,84.877,7117376.34
20120404,0,84.5241,85.926,84.4955,85.392,6782864.86
20120405,0,84.9819,85.1154,83.9901,84.4955,5944482.51
20120409,0,83.8756,84.5909,83.8756,84.2952,3234042.715
20120410,0,84.0854,84.1426,82.8647,83.0841,5110164.89
20120411,0,83.6181,84.114,83.2557,83.5418,4803013.603
20120412,0,83.6753,83.7135,82.6072,83.1603,4720133.156
20120413,0,83.4941,84.6767,83.3606,83.847,5541155.327
20120416,0,84.0854,84.1712,82.5214,83.1222,5438234.399
20120417,0,83.2748,83.8279,82.7693,83.5514,3925706.234
20120418,0,82.9696,84.0282,82.6168,83.7421,4756083
20120419,0,83.9233,83.9233,82.1113,82.6835,5634231
20120420,0,82.3783,84.2285,82.1495,83.6753,6319864.698
20120423,0,83.1222,83.5228,82.5977,82.9792,4328904.486
20120424,0,83.0554,83.2176,82.1304,82.283,4519260.808
20120425,0,82.3974,83.8088,82.1876,83.6181,5864513.311
20120426,0,83.7516,84.6385,83.4083,84.4669,4057050.828
20120427,0,84.7339,86.4314,84.5623,85.6494,6114114.93
20120430,0,85.6685,85.8116,84.877,85.3157,5266841.342
20120501,0,85.1726,86.832,85.1726,85.9546,5061523.43
20120502,0,85.6494,86.4791,85.6494,86.1167,4975837.416
20120503,0,85.8402,86.4314,85.3729,85.8211,5093601.235
20120504,0,85.4969,85.9355,84.877,85.0772,3369118.741
20120507,0,84.8579,85.0486,84.1331,84.2094,4892263.836
20120508,0,84.0377,84.3143,83.0745,83.7421,5461001.092
20120509,0,82.817,82.9505,81.7298,81.7585,7297319.01
20120510,0,82.3211,82.7217,82.0064,82.2067,4585939.472
20120511,0,81.6059,82.4642,81.6059,82.2448,4159892.19
20120514,0,81.6822,82.0159,81.1862,81.3865,4540123.322
20120515,0,81.3007,81.7012,80.6331,80.8334,4554685.25699999
20120516,0,80.8525,81.6917,80.6617,81.4151,4564928.21
20120517,0,81.1767,81.3579,80.347,80.3661,4276130.038
20120518,0,80.6045,81.3579,80.2135,80.3375,6147700.33999999
20120521,0,80.6522,80.9192,79.8988,80.9097,4047281.708
20120522,0,81.0527,81.7966,80.7762,81.0813,4671777.252
20120523,0,80.7476,81.0337,80.0991,80.4138,4832808.416
20120524,0,80.5187,81.5391,80.4328,81.501,4921690.398
20120525,0,81.3865,81.9206,81.3007,81.4724,3242681.17
20120529,0,81.4724,81.7585,80.986,81.6154,3442088.189
20120530,0,81.0241,81.5105,80.7189,80.9288,3471081.527
20120531,0,80.8239,81.3102,80.4996,80.7952,3863314.905
20120601,0,79.3075,79.8988,78.6399,78.9356,6982055.54
20120604,0,78.8211,78.8688,77.5718,78.1726,5554870.42
20120605,0,77.6386,78.3062,77.3429,78.1536,3893087.664
20120606,0,78.2108,79.1263,78.1154,79.0977,4276999.49
20120607,0,80.0609,80.1849,79.5364,79.8034,3361964.068
20120608,0,79.4792,80.2135,79.3743,80.0514,3577589.456
20120611,0,80.4996,81.2339,80.1849,80.471,3899562.998
20120612,0,80.7285,81.5105,80.4233,81.1767,3924313.985
20120613,0,81.9015,83.0173,81.253,81.6917,4304331.252
20120614,0,82.0064,83.9138,81.911,83.2176,4487742.48
20120615,0,83.9614,84.1045,83.1508,83.6086,6187316.201
20120618,0,83.6467,84.5718,83.2557,84.0568,3952002.103
20120619,0,84.3429,84.8197,83.8279,84.3715,4589104.438
20120620,0,84.3811,84.6958,83.7707,84.3048,4417570.081
20120621,0,83.6277,83.9519,81.5391,81.5391,8713649.76000001
20120622,0,82.0636,82.5786,81.5868,82.1495,4056817.874
20120625,0,81.4481,81.5636,80.7649,80.9284,4405028.033
20120626,0,80.7841,81.2652,80.6301,80.9477,4144195.423
20120627,0,80.9862,82.0351,80.9862,81.6502,4252767.7
20120628,0,81.1786,82.574,80.9188,82.4777,3377844.298
20120629,0,83.5074,84.2965,83.1417,83.9789,4499365.339
20120702,0,84.0463,85.7014,83.9115,85.6437,4344845.44
20120703,0,85.5282,86.375,84.2387,85.8554,2577160.305
20120705,0,85.8554,86.1922,85.2587,85.6822,3529733.019
20120706,0,85.124,86.2018,84.8546,86.1344,3495320.96
20120709,0,85.942,87.5586,85.8554,87.2507,5486451.685
20120710,0,87.6645,87.9435,86.9812,87.3277,4160495.169
20120711,0,87.1544,87.6356,86.8369,87.2026,4424674.743
20120712,0,87.0967,87.4528,86.5675,86.6252,4516417.473
20120713,0,86.7022,87.0775,86.3654,86.8465,3122437.716
20120716,0,86.6059,87.5682,86.6059,87.2795,3321202.215
20120717,0,87.116,87.5682,85.8842,86.6733,4192227.31
20120718,0,86.5097,86.6059,85.5667,86.1248,4529272
20120719,0,86.1344,87.3084,85.942,86.1633,6274747
20120720,0,85.8939,85.9516,84.8642,85.5378,5869690.048
20120723,0,84.9797,85.6052,84.4697,84.768,3624641.112
20120724,0,84.5755,85.0663,83.7383,84.4697,4111643.89
20120725,0,84.4985,84.7487,83.5555,83.5651,4274917.711
20120726,0,84.5755,85.6533,84.5755,85.3935,4930969.858
20120727,0,85.0855,87.5586,84.4408,86.7888,5754688.337
20120730,0,86.5097,87.9435,86.4809,87.7511,3825205.38
20120731,0,87.7318,88.3477,87.4239,87.9532,4649058.032
20120801,0,88.0013,88.3284,86.8465,87.2411,3148301.697
20120802,0,86.8465,87.4912,86.1729,86.6829,3653511.224
20120803,0,87.7318,88.5305,86.6829,88.5209,3829080.015
20120806,0,88.4824,89.6372,88.3381,88.8,4407415.193
20120807,0,89.1656,89.387,87.8088,87.8184,4007098.953
20120808,0,87.7607,88.5402,87.1448,88.3188,3175999.221
20120809,0,88.3092,88.5017,87.6067,87.8954,2538477.373
20120810,0,87.6645,88.9443,87.626,88.7615,2296770.041
20120813,0,88.5113,89.002,88.2226,88.877,2200999.156
20120814,0,89.002,89.9547,88.6364,89.5602,3828888.945
20120815,0,89.4832,89.743,88.7903,89.4639,4030855.344
20120816,0,88.9732,89.9547,88.6075,89.7526,4358150.419
20120817,0,89.9547,89.974,89.233,89.8585,3805767.114
20120820,0,89.8681,90.0702,89.4832,89.5794,2709124.969
20120821,0,89.6275,89.7719,88.136,88.213,3239684.068
20120822,0,87.9435,88.136,87.4239,87.472,3416420.098
20120823,0,87.2603,87.4239,85.3454,85.4127,6331546.02
20120824,0,85.2203,86.5963,84.9508,86.3846,5044615.46
20120827,0,86.4039,87.0775,86.298,86.7118,2660053.216
20120828,0,86.4135,87.7992,86.3942,87.5009,2813857.33
20120829,0,88.0301,88.5209,87.3373,87.4239,3631635.68
20120830,0,87.3758,87.5394,86.9043,87.1256,2198745.309
20120831,0,87.3854,88.1071,86.4135,86.4135,3702915.455
20120904,0,86.0671,86.5578,85.8073,86.221,3587668.7
20120905,0,86.0382,86.4905,85.6437,85.6629,3249883.728
20120906,0,85.7495,86.7022,85.6437,86.0574,4859012.372
20120907,0,85.7688,86.4905,85.3261,85.3742,4245864.673
20120910,0,85.4705,85.4993,84.6525,85.2106,4324006.316
20120911,0,85.4608,85.711,85.1048,85.1144,3622866.883
20120912,0,85.2491,85.2491,82.8626,83.3919,6619562.423
20120913,0,83.5747,87.1544,83.5266,86.731,6370886.85
20120914,0,86.5867,86.6541,85.4897,85.9997,5991385.633
20120917,0,85.9901,87.4816,85.8554,87.2411,3733550.559
20120918,0,87.1737,88.3862,87.0967,88.0782,4137908.829
20120919,0,87.7896,88.4632,87.395,88.2707,4026007.934
20120920,0,88.059,88.7711,88.059,88.723,4001752.528
20120921,0,88.8192,89.0983,88.5594,88.6364,5685056.86699999
20120924,0,88.5402,88.8385,88.0494,88.7422,3307471.182
20120925,0,88.7722,89.3063,87.4707,87.5192,4401929.406
20120926,0,87.5581,88.3351,87.3541,87.8592,3589288.257
20120927,0,87.9563,88.4031,87.3541,88.0146,3553205.337
20120928,0,87.898,87.898,87.1502,87.4027,3835886.306
20121001,0,87.6746,88.5488,87.4124,88.0631,3909836.747
20121002,0,88.4808,89.3549,88.4808,89.1801,3554709.51
20121003,0,89.2772,90.2679,89.2092,90.161,3484210.88
20121004,0,90.365,91.2974,90.3164,90.5884,3237115.882
20121005,0,91.0449,91.4237,90.7147,90.9089,3359659.717
20121008,0,91.006,91.1614,90.3553,90.6661,2750253.694
20121009,0,89.9085,90.5495,88.8887,88.8887,3383092.986
20121010,0,89.0247,89.7046,88.0923,88.1311,3598894.445
20121011,0,89.1995,89.1995,88.0146,88.306,3902210.796
20121012,0,88.8984,90.1125,88.743,89.0635,3018711.514
20121015,0,89.656,89.656,88.879,89.4423,3695464.263
20121016,0,89.8891,90.1319,89.2966,89.8988,2678909.516
20121017,0,89.5589,90.1513,89.2481,89.2481,4192211
20121018,0,86.5189,87.7621,85.4311,85.4699,8374052
20121019,0,85.6253,86.9851,85.4699,85.6447,6585896.302
20121022,0,85.7419,86.8394,85.567,86.5966,3939743.581
20121023,0,85.907,85.9652,84.8872,85.5379,3805961.375
20121024,0,85.5088,85.8876,84.994,85.1688,3354874.004
20121025,0,85.7807,86.0138,85.0134,85.1785,3397620.096
20121026,0,85.4893,86.412,84.9649,85.6836,3702846.979
20121031,0,86.6743,86.9268,85.7224,86.0624,4460992.963
20121101,0,86.412,86.8588,85.0426,85.13,4663154.844
20121102,0,85.13,85.9264,84.3724,84.4792,4358831.545
20121105,0,84.2073,84.9357,83.1972,84.217,4429883.295
20121106,0,84.4987,85.3339,84.421,84.8774,3700011.32
20121107,0,84.6541,85.0717,83.9062,83.9548,4754352.581
20121108,0,84.013,84.7123,83.1972,83.2069,3893410.952
20121109,0,82.3328,83.9936,82.0997,82.8961,3535145.198
20121112,0,82.867,83.7314,82.459,82.5659,2781057.397
20121113,0,82.2648,83.0904,81.9734,82.0026,4250899.544
20121114,0,81.9734,82.7213,79.8755,79.9532,7147991.14
20121115,0,79.8367,81.6141,79.7395,81.5752,6427457.542
20121116,0,81.7306,82.7504,81.4781,82.5173,5974542.92
20121119,0,83.1292,84.353,83.0806,84.2753,4422528.755
20121120,0,84.4987,85.567,84.3627,85.4796,4930073.64
20121121,0,85.6447,86.3246,85.4796,86.1498,3030758.755
20121123,0,86.4412,87.83,86.1692,86.1692,2222092.605
20121126,0,87.257,87.4124,86.5771,87.257,3010083.539
20121127,0,87.9175,87.9175,86.5091,86.5286,4085153.289
20121128,0,86.4412,87.4513,85.7127,87.4415,4328133.534
20121129,0,87.3833,88.2283,86.9171,87.7426,4580923.19
20121130,0,87.3444,87.8009,86.9851,87.5095,4773131.13
20121203,0,87.4221,87.8883,87.1502,87.257,3275588.394
20121204,0,87.2279,87.3638,85.4602,86.5286,3681992.233
20121205,0,86.5091,86.8491,85.6447,85.771,4277620.362
20121206,0,86.1012,86.9948,85.839,85.975,3555827.41
20121207,0,86.1206,87.121,86.1206,86.8394,3613482.491
20121210,0,86.7131,87.3736,86.4314,86.4897,3089927.423
20121211,0,86.9171,87.1405,85.635,85.8584,4319702.77
20121212,0,86.3538,87.121,85.9652,86.1692,4185120.521
20121213,0,86.1401,86.6354,85.3825,85.5865,3633125.82
20121214,0,84.994,85.7613,84.994,85.0329,4141124.26
20121217,0,85.3145,85.9264,84.6055,85.0426,4142161.935
20121218,0,84.6929,84.9357,82.9252,84.0616,6626535.161
20121219,0,83.9353,84.2656,82.1871,82.2356,7990554.81
20121220,0,82.0511,83.1195,81.3712,83.0029,6581084.712
20121221,0,82.7407,83.2943,81.682,82.527,8617014.67
20121224,0,82.0171,82.6646,82.0171,82.2133,2465018.462
20121226,0,82.2427,82.2623,81.242,81.4186,3266399.547
20121227,0,81.5658,82.3408,81.3401,82.1937,4972507.351
20121228,0,81.6443,82.3997,81.036,81.1636,3469166.2
20121231,0,81.1537,82.1544,80.8791,81.9582,4876260.03
20130102,0,83.0963,85.0094,82.7332,84.9602,5683400.53
20130103,0,85.2938,85.6666,83.783,83.989,5176945
20130104,0,84.3717,85.0094,84.2441,84.8327,3829291.34
20130107,0,84.5384,85.0584,84.2931,84.5973,3616796.15
20130108,0,84.6316,84.921,84.3422,84.3913,3523974.807
20130109,0,84.715,85.0191,83.8909,84.146,3557923.44
20130110,0,84.7445,85.6274,84.6855,85.49,4529902.96
20130111,0,86.8537,88.1291,86.8537,87.5896,7495826.96
20130114,0,87.6582,87.9624,87.0892,87.2363,3886127.11
20130115,0,86.9715,87.6092,86.8733,87.2461,3855390.34
20130116,0,86.7654,87.0892,86.2454,86.6477,2673673.956
20130117,0,87.0107,87.6975,86.8047,87.5208,3345977.257
20130118,0,87.7171,88.2272,87.2167,88.2272,3962924.36
20130122,0,88.2272,88.5804,87.5699,88.3253,4186168.261
20130123,0,88.031,88.2861,86.8635,87.1284,3891289.48
20130124,0,87.4326,88.2959,87.0892,88.1095,3655503.81
20130125,0,88.1291,88.2959,87.3149,87.5993,3553927.24
20130128,0,87.6191,87.7073,87.1971,87.4326,3571020.937
20130129,0,87.0598,87.8642,86.8734,87.31,4246602.882
20130130,0,86.7655,86.9912,85.7452,86.0199,5431306.17
20130131,0,86.1474,87.3344,85.9905,86.5496,3597864.539
20130201,0,87.4424,87.4424,86.0003,86.5036,4604838.584
20130204,0,85.8727,86.3829,85.1566,85.647,5127794.372
20130205,0,85.7746,86.4761,85.6569,86.2749,4008083.77
20130206,0,85.8923,86.2553,85.706,86.0395,3489637
20130207,0,85.4999,88.296,85.2056,88.2371,7004570
20130208,0,87.9428,89.1298,87.9428,88.6246,3810502.88
20130211,0,88.6492,89.1004,88.5314,88.6492,2929091.174
20130212,0,88.6982,89.0121,88.3058,88.4921,3297267.769
20130213,0,88.7178,89.7381,88.7178,89.3261,3477043.714
20130214,0,89.1298,89.2648,88.1488,88.1978,4885253.21
20130215,0,88.3548,89.277,87.7073,88.1439,4782036.539
20130219,0,88.6589,89.6694,88.3842,89.6204,3869900.11
20130220,0,89.5419,91.033,89.0317,90.3954,4129188.69
20130221,0,89.8754,91.8376,89.6302,91.3274,5193654.28
20130222,0,91.455,91.71,90.8761,91.5334,3321214.75
20130225,0,91.5139,91.7984,89.8461,89.9834,5490645.11900001
20130226,0,90.2875,90.837,89.434,89.9932,4703259.34
20130227,0,89.5714,90.0815,89.0121,89.6793,4391646.303
20130228,0,89.9442,90.5034,89.6498,90.0717,4079599.818
20130301,0,89.954,90.9154,89.4144,89.6694,3972552.48
20130304,0,89.7479,90.8173,89.7479,90.5916,3348428.85
20130305,0,90.7485,91.1606,90.1796,90.4346,3333415.92
20130306,0,90.5916,90.8761,89.6792,89.9147,3596395.7
20130307,0,89.6694,90.2188,89.6694,90.1501,2635147.62
20130308,0,90.0912,90.1698,89.1887,89.2476,3326884.333
20130311,0,89.1985,89.8165,89.1004,89.5321,2807847.697
20130312,0,89.6498,89.689,88.5903,89.1396,3892799.592
20130313,0,89.12,89.1788,88.3352,88.8354,3631506.51
20130314,0,89.2181,89.8558,89.1298,89.4241,4126621.74
20130315,0,89.2574,89.8951,88.5313,89.3849,6589624.64
20130318,0,88.8354,89.2083,88.5411,88.6295,3142854.643
20130319,0,88.8747,89.4928,88.5804,89.12,2864832.86
20130320,0,89.2966,89.9735,89.2672,89.6596,2866244.476
20130321,0,89.3947,89.7969,89.1592,89.3653,3129406.16
20130322,0,89.277,90.2286,89.1298,89.7675,3245942.947
20130325,0,90.2482,90.8761,90.0422,90.3463,4048443.95
20130326,0,90.6443,90.9116,90.0996,90.7829,4005919.38
20130327,0,90.3967,91.7236,90.3472,91.0602,3628128.739
20130328,0,91.1394,92.0306,91.08,91.8523,2792627.3
20130401,0,91.8325,91.8919,91.1691,91.8028,2601052.662
20130402,0,92.1296,93.4961,92.0009,93.4565,3880416.66
20130403,0,93.6347,94.3873,93.1495,93.4268,5582751.75
20130404,0,93.813,94.3279,93.4268,93.6347,3228367.579
20130405,0,92.8722,93.0802,91.4265,91.8523,3885742.56
20130408,0,92.0009,93.5555,91.9018,93.4763,3141511.77
20130409,0,93.8427,94.1694,93.1495,93.5654,2845166.645
20130410,0,93.9615,94.4863,93.3178,94.318,3027245.23
20130411,0,94.3972,95.1299,94.1001,94.6744,2957768.58
20130412,0,94.7636,95.6547,94.3675,95.4666,3204137.838
20130415,0,95.0111,95.2191,93.298,93.3872,3708732.61
20130416,0,93.3277,94.2982,92.8128,94.0803,5035439.01
20130417,0,93.6446,93.7932,92.6049,93.3377,3514374
20130418,0,91.0998,91.7137,89.8125,90.674,6979508
20130419,0,91.0404,91.6939,90.6245,91.0998,5334064.5
20130422,0,91.0007,92.0306,90.773,91.783,3299000.55
20130423,0,92.3573,92.9614,91.0998,92.6643,3788539.29
20130424,0,92.8524,94.011,92.7237,93.1,4491098.21
20130425,0,93.5456,93.8823,93.298,93.5852,2877552.04
20130426,0,93.8427,94.7834,93.7535,94.4566,3143399.525
20130429,0,94.3774,95.1795,94.0407,94.8923,3381882.107
20130430,0,94.8923,94.9616,94.1397,94.6645,5431973.421
20130501,0,94.3873,95.7835,94.2982,94.7834,6712766.33
20130502,0,94.9418,95.1002,93.6149,94.11,10281591.02
20130503,0,94.5259,94.6546,93.1297,93.2881,6347397.04
20130506,0,92.8623,93.1495,91.9414,92.1989,8267497.28
20130507,0,92.2088,92.9713,92.09,92.6742,9097739.72
20130508,0,92.7336,93.6347,92.5554,93.6347,6510244.69299999
20130509,0,93.4268,93.605,92.5158,92.7435,3275023.2
20130510,0,93.0307,93.1693,92.09,92.387,4472263.68
20130513,0,92.2682,93.6149,92.1197,93.1198,4234287.01
20130514,0,93.0505,94.11,92.9119,93.9813,3854810.982
20130515,0,94.1298,95.3676,94.0506,95.2884,4746741.94
20130516,0,94.8725,95.3775,94.318,94.5259,4436690.092
20130517,0,94.5754,95.0705,94.0407,94.823,3805046.587
20130520,0,94.7338,94.8131,93.8229,94.0308,3345823.42
20130521,0,94.011,94.0407,92.7732,93.3475,4195037.87
20130522,0,93.0208,94.3972,92.8326,92.9812,5867082.73
20130523,0,92.496,93.6743,92.387,93.3872,4262327.515
20130524,0,92.9317,93.506,92.4167,93.0802,3367098.96
20130528,0,93.9615,94.6645,92.2484,92.4861,4759923.55
20130529,0,91.7533,91.8226,90.565,91.278,5977458.82
20130530,0,91.3671,92.0009,91.1196,91.3275,3323482.82
20130531,0,91.0602,91.6543,90.1492,90.2284,4885008.99
20130603,0,90.06,91.7533,89.3174,91.5454,5607402.66
20130604,0,91.476,91.9117,90.5353,91.0304,3953725.22
20130605,0,90.7631,90.8225,89.555,89.555,3804333.72
20130606,0,89.2679,90.9017,88.5549,90.9017,6347775.97
20130607,0,91.7533,92.1494,90.1789,91.278,4655476.01
20130610,0,91.377,91.8226,90.5155,90.6344,3129814.27
20130611,0,90.2086,91.4265,89.961,90.3373,2989496.76
20130612,0,90.8027,91.2483,90.2086,90.8423,3342743.95
20130613,0,90.8522,91.8622,90.466,91.7137,2894965.604
20130614,0,91.4166,92.2583,91.0701,91.2186,2871729.39
20130617,0,91.5256,92.09,90.9215,91.585,3650953.7
20130618,0,91.6048,91.9712,91.0404,91.8127,2324009.452
20130619,0,91.8226,92.2187,89.5352,89.5352,3583690.163
20130620,0,88.9807,88.9807,85.4852,85.911,7865211.85
20130621,0,86.624,87.5746,85.8021,86.6537,7158449.84
20130624,0,85.7625,87.1686,85.208,86.0893,5515278.07
20130625,0,86.56,86.94,86.05,86.49,4825469
20130626,0,87.12,88.41,86.94,87.64,5601616
20130627,0,88.37,88.96,87.69,87.76,4559508
20130628,0,87.5,88.32,86.66,86.68,6028399
20130701,0,87.2,87.96,87.14,87.53,4460727
20130702,0,87.4,88.38,87.05,87.63,4016041
20130703,0,87.05,88.18,86.81,87.84,1985221
20130705,0,88.12,88.25,86.58,87.48,2446716
20130708,0,88.01,89.12,87.78,88.53,3581644
20130709,0,89.27,89.9,88.93,89.24,3385945
20130710,0,89.155,89.91,88.22,88.29,4006548
20130711,0,89.84,91.08,89.66,90.42,5311927
20130712,0,91.01,91.4,89.04,89.66,3864396
20130715,0,89.66,90.18,89.21,89.65,2958220
20130716,0,89.52,90.75,89.31,89.92,4388689
20130717,0,90.26,90.65,89.86,90.12,2835606
20130718,0,88.28,90.2,87.65,89.25,5666078
20130719,0,89.31,89.49,88.45,88.6,4040316
20130722,0,89,90.1,88.57,89.26,3724914
20130723,0,89.2,89.34,88.58,88.78,3700587
20130724,0,88.84,88.92,87.9,88.46,4449267
20130725,0,88.09,89.67,88.09,89.28,3403385
20130726,0,88.68,88.99,87.73,88.86,3161719
20130729,0,88.59,89.14,88.35,88.66,2655401
20130730,0,89.1,89.44,88.67,89.05,2947251
20130731,0,89.14,89.94,88.83,89.36,4292396
20130801,0,89.61,89.9,89.37,89.68,4605990
20130802,0,89.39,89.75,89.11,89.45,2654601
20130805,0,89.39,89.56,88.71,89.18,2436272
20130806,0,89.01,89.16,88.56,88.63,3578393
20130807,0,88.65,88.65,87.88,88.18,3596472
20130808,0,88.52,89.8,88.41,89.44,3447168
20130809,0,89.34,89.57,88.43,88.69,2580284
