20060126,0,45,48.28,39.51,43.8,12638200
20060127,0,44.88,44.9,41.75,42.17,1113900
20060130,0,42.2,45.51,41.25,45.4,708200
20060131,0,45.5,49.3,45.38,47.7,1100000
20060201,0,48.9,49.24,45.25,46.71,582600
20060202,0,47.9,47.91,44.26,44.85,387800
20060203,0,44.85,46.56,44.25,46.5,237000
20060206,0,47.48,48,46,47.71,338600
20060207,0,47.71,47.75,45.25,46.28,265900
20060208,0,45.85,46.6,45.04,45.73,168000
20060209,0,45.78,46,43.08,44.05,217900
20060210,0,43.25,43.26,41.5,42.3,363900
20060213,0,41.75,42.55,41,41.58,188500
20060214,0,41.45,43.26,41.19,43,195400
20060215,0,43.1,43.3,42.22,42.7,95100
20060216,0,43.75,44.7,42.53,44.5,287900
20060217,0,44.25,45,44,44,121100
20060221,0,44,44.06,42.81,43,67100
20060222,0,43,44.15,42.85,43.65,83000
20060223,0,45.1,45.99,44.75,45.8,240500
20060224,0,45.9,46.75,45.8,46.55,135400
20060227,0,46.95,46.95,46.18,46.55,100400
20060228,0,46.53,46.53,45.6,45.61,85400
20060301,0,45.64,46.2,44.6,45.2,187600
20060302,0,45.5,46.31,45.07,45.75,225500
20060303,0,45.75,46.29,45.13,45.26,85100
20060306,0,45.6,46.1,45.03,45.79,168000
20060307,0,44.5,45.25,44.25,45,317300
20060308,0,44.85,44.85,42.2,42.63,295800
20060309,0,42.75,42.94,41.25,41.35,155300
20060310,0,41.4,42.88,40.89,42.15,313300
20060313,0,42.36,43.75,42.36,43.3,165100
20060314,0,46.29,49.15,45.95,48.68,1221900
20060315,0,48,52.75,47.85,52,1110100
20060316,0,52,56.75,51.89,55.05,1648100
20060317,0,55.5,55.5,53.42,54.01,379900
20060320,0,53.86,53.86,50.11,50.19,845900
20060321,0,50.26,52.35,50.2,52.17,353500
20060322,0,52.95,54.85,52.95,54.36,542000
20060323,0,55,55.1,53,53.85,500200
20060324,0,54,54.85,53.61,54.53,266000
20060327,0,54.25,54.45,53.3,54.12,219400
20060328,0,54.1,54.1,52.95,53.14,172400
20060329,0,53.45,54.45,53,53.91,145200
20060330,0,54.03,55.5,53.85,55.46,204300
20060331,0,55.2,56.5,54.6,55.25,500800
20060403,0,55.56,57.49,55.2,56.98,338700
20060404,0,57.15,57.47,56.4,57,163900
20060405,0,57,57.2,56.03,57.09,94700
20060406,0,57.6,58,55.5,55.51,290700
20060407,0,55.45,55.5,54.4,54.61,203900
20060410,0,54.4,55.6,53.45,53.77,333900
20060411,0,53.74,55,53.12,54.65,357400
20060412,0,54.5,55.19,53.82,54.05,208800
20060413,0,54.01,54.02,52.71,53.03,145500
20060417,0,52.8,54.26,52.75,54.08,93200
20060418,0,53.95,54.29,53.75,54.04,102600
20060419,0,54,54.4,53.8,53.83,137100
20060420,0,54,54,53,53.1,99000
20060421,0,53.75,53.9,53,53.38,116800
20060424,0,53.25,53.39,52.93,53.36,155100
20060425,0,53.06,53.06,51.25,52.13,307800
20060426,0,52.15,52.42,50.99,51.01,160000
20060427,0,49,50.8,48.3,50.71,776000
20060428,0,50.3,52.48,50.11,52.32,154000
20060501,0,52,52.16,51.4,51.73,145500
20060502,0,53,55.45,52.51,54.68,661200
20060503,0,54.55,55.2,54.54,55,171100
20060504,0,55.26,56.19,54.9,55.85,188100
20060505,0,55.5,57,55.4,56.9,161000
20060508,0,57.26,59.59,57.1,59.21,702700
20060509,0,65.35,67.77,62.27,66.97,2410300
20060510,0,67.05,67.05,64.51,64.83,506800
20060511,0,64.6,65.7,63.91,64.11,313700
20060512,0,64.2,64.37,63.21,63.27,236400
20060515,0,63.27,63.5,61.28,62,363400
20060516,0,62.2,65.38,62.2,63.79,444100
20060517,0,63.9,64.8,63.4,64.2,253800
20060518,0,64.9,65.6,62.65,62.71,841500
20060519,0,62.2,63.28,61.28,61.83,2079000
20060522,0,61.65,62.1,59.41,60.9,576200
20060523,0,61,62.49,60.8,60.83,382500
20060524,0,60.76,61,59.55,60.2,366800
20060525,0,60.5,62,60.5,61.25,266500
20060526,0,61.15,61.47,60.8,60.81,92600
20060530,0,61.01,61.01,57.7,58.16,407400
20060531,0,58.09,58.8,56.71,57.79,453000
20060601,0,58,60,58,59.99,228000
20060602,0,60.2,60.73,59.33,60.57,291200
20060605,0,60.57,60.57,58.94,58.95,160600
20060606,0,58.9,58.91,57.36,58.15,235700
20060607,0,58.25,59.95,58.1,58.62,219400
20060608,0,58.09,58.1,55.06,57.33,419700
20060609,0,57.29,58.45,56.26,56.3,153000
20060612,0,56.48,57.65,55.5,57.1,245700
20060613,0,56.9,57.46,56.58,56.75,217700
20060614,0,56.15,58.28,56.15,58.14,202200
20060615,0,58.8,62.23,58.8,61.9,677000
20060616,0,62.47,62.47,61.31,61.75,349200
20060619,0,61.9,61.91,60.68,60.93,197900
20060620,0,60.75,61.87,60.7,60.71,125100
20060621,0,60.75,63.89,60.75,63.1,281600
20060622,0,62.54,63.6,62.15,62.93,269000
20060623,0,62.91,62.91,61.31,61.99,228900
20060626,0,61.99,62.84,61.76,62.74,80200
20060627,0,62.6,63.5,61.45,61.8,218200
20060628,0,61.8,62,59.69,59.99,255500
20060629,0,60.1,61.38,59.25,60.89,407600
20060630,0,61.45,62.5,60.02,60.5,197900
20060703,0,61.25,61.25,59.9,60.39,95500
20060705,0,60.39,60.65,58.64,59.45,413000
20060706,0,59.36,59.8,58.4,59.03,322100
20060707,0,59.16,59.16,55.79,56.11,502700
20060710,0,56.01,56.38,52.8,53.55,554700
20060711,0,53.7,55.42,51.93,55.28,437800
20060712,0,54.8,55.35,54.01,54.3,126400
20060713,0,54,55.45,52.5,54.99,450300
20060714,0,55.01,55.16,53.21,54.1,195300
20060717,0,54,55.95,53.8,55.46,253400
20060718,0,56,56.49,53,53.81,559000
20060719,0,53.9,55.4,53.15,53.97,313900
20060720,0,53.96,53.97,50.15,50.94,796300
20060721,0,51.13,51.2,48.7,49.27,635800
20060724,0,49.38,51.67,49.38,50.63,361000
20060725,0,50.35,53.47,50.35,52.75,409600
20060726,0,52.5,52.75,51.57,52.31,354000
20060727,0,52.35,52.9,50.33,51.01,295600
20060728,0,51.05,52.38,49.79,50.08,500100
20060731,0,49.8,52.9,49.57,52.45,1134500
20060801,0,50.01,53,49.8,51.98,1123000
20060802,0,52,52.85,51.45,52.25,574700
20060803,0,52,54,51.41,54,447700
20060804,0,55,56.5,53.85,54.76,368000
20060807,0,54.56,54.7,53.41,54.34,177600
20060808,0,54.38,54.4,53.05,53.35,800500
20060809,0,53.51,53.55,50.25,50.28,598000
20060810,0,50,50.2,47.37,48.68,886400
20060811,0,48.89,49.8,48.1,49.15,464800
20060814,0,50,50.69,49.6,49.91,416500
20060815,0,50.25,50.91,49.8,50.65,463000
20060816,0,50.89,53.5,50.55,53.39,525000
20060817,0,53,53.94,52.29,53.14,347700
20060818,0,53.25,53.25,51.32,51.9,310600
20060821,0,51.65,51.67,50.5,51.12,280000
20060822,0,50.9,51.11,50.35,50.58,153500
20060823,0,50.58,50.75,49.7,50.21,174000
20060824,0,50.24,50.39,49.17,49.24,246100
20060825,0,49.05,49.4,48.76,48.92,143000
20060828,0,48.89,49.39,48.62,48.9,92100
20060829,0,48.9,50.15,48.8,49.72,233000
20060830,0,49.65,51.15,49.65,50.31,210600
20060831,0,50.25,50.55,49.18,49.32,151000
20060901,0,49.6,50.88,49.54,50.79,243400
20060905,0,50.47,51.36,50.33,50.51,281000
20060906,0,50.3,50.71,49.74,50.05,175600
20060907,0,50,50.2,49.16,49.92,169200
20060908,0,49.9,49.9,45.82,47.91,2844100
20060911,0,47.8,49.36,47.61,49.04,516800
20060912,0,49.35,51.8,48.62,51.71,578000
20060913,0,51.39,52.45,51.39,52.06,557100
20060914,0,51,51.7,50.5,50.88,492600
20060915,0,51.46,51.65,50.6,51.2,301000
20060918,0,51.21,51.3,50.6,50.88,171400
20060919,0,50.58,50.78,49.8,50.3,235800
20060920,0,50.59,51.8,50.4,51.1,364100
20060921,0,51.58,53.8,51.05,53.17,686500
20060922,0,52.5,52.7,51,52.13,524000
20060925,0,52.12,53.4,51.97,53.21,655900
20060926,0,53.26,53.31,51.47,52.57,378300
20060927,0,52.23,52.6,49.61,49.81,722800
20060928,0,50,50.7,48.7,49.67,775800
20060929,0,49.73,50.21,49.4,49.63,703500
20061002,0,49.67,50.07,48.72,49.18,649600
20061003,0,49.01,50.07,48.8,49.5,935400
20061004,0,49.48,51.44,48.76,50.94,3054500
20061005,0,50.99,51.1,48.3,50.11,3670900
20061006,0,50.45,51.51,48.55,51.21,6065100
20061009,0,52.48,56.75,52.3,55.69,4145700
20061010,0,55.5,57.46,55.24,56.46,3607700
20061011,0,56.48,57.25,54.63,55.47,1636000
20061012,0,55.7,57.64,55.69,57.26,1378600
20061013,0,57.6,57.6,56.35,56.86,870100
20061016,0,56.8,57.49,55.69,56.15,895900
20061017,0,55.7,56.46,54.77,55.49,760500
20061018,0,55.98,56.52,54.5,54.85,736200
20061019,0,54.25,54.97,53.7,54,785100
20061020,0,54.2,55.12,53.75,54.91,1229800
20061023,0,55.05,56.58,55.05,56.49,885200
20061024,0,56.1,57.72,55.84,57.25,542400
20061025,0,57.7,58.7,56.95,57.04,1077200
20061026,0,57.15,58.85,56.8,58.49,939500
20061027,0,58.46,59.2,57.66,58.4,674700
20061030,0,58.45,59.1,57.3,59.1,683500
20061031,0,59,60.25,58.13,59.76,1748800
20061101,0,59.64,59.91,57.32,58.19,1550000
20061102,0,56.7,57.6,56.06,56.81,991800
20061103,0,57.1,57.39,55.5,57.09,804700
20061106,0,57.79,58.98,57.79,58.3,614200
20061107,0,58.85,58.87,57.99,58,657700
20061108,0,57.5,58.48,56.6,57.7,541300
20061109,0,57.78,57.9,56.11,56.72,477300
20061110,0,57.1,57.76,56.7,57.26,408800
20061113,0,57.8,57.86,56.5,56.61,531300
20061114,0,57.4,58.32,56.72,57.79,1287100
20061115,0,58.1,59,57.5,58.87,716500
20061116,0,59,59.06,58.17,58.79,483800
20061117,0,58.77,59.86,58,59.7,1013400
20061120,0,59.88,62,59.6,61.88,1264100
20061121,0,61.6,62.36,61,61.1,744500
20061122,0,61.01,61.75,60.6,61.34,347000
20061124,0,60.36,61.27,60.36,61.01,121100
20061127,0,60.81,60.82,57.63,58.2,1066800
20061128,0,57.7,57.82,55.75,57.39,988100
20061129,0,57.93,58.44,57.66,57.93,353000
20061130,0,57.89,58.74,57.65,57.95,438000
20061201,0,57.7,58.08,57,57.54,274500
20061204,0,58.15,59.35,57.75,58,735700
20061205,0,57.75,57.95,56.63,56.85,694300
20061206,0,56.8,57.64,56.35,57.07,706200
20061207,0,57.13,57.36,54.5,54.85,1101800
20061208,0,54.91,55.45,53.62,55.31,970300
20061211,0,55.96,55.96,54.31,54.85,633500
20061212,0,55,55.57,54,54.49,777900
20061213,0,54.67,55.39,54.21,54.28,737400
20061214,0,54.2,55.7,53.94,53.97,659700
20061215,0,53.7,54.35,52.81,53.06,801000
20061218,0,53.03,54.22,52.16,54.02,777200
20061219,0,53.21,54.66,53.2,54.66,622400
20061220,0,54.64,55.37,54.64,54.99,520900
20061221,0,54.95,55.5,53.6,54.33,374300
20061222,0,55.75,56.65,55.2,55.51,667200
20061226,0,55.52,56.48,55.3,56.3,189600
20061227,0,56.4,56.55,55.42,55.9,244900
20061228,0,55.9,56.68,55.62,56.43,435000
20061229,0,56.23,56.65,55.98,56.29,440600
20070103,0,56.9,56.95,56,56.52,477600
20070104,0,56.5,56.5,55.13,55.32,462800
20070105,0,55.58,55.68,54.61,55.04,489900
20070108,0,55.01,56.2,54.8,56.05,285100
20070109,0,56.04,57.39,56.04,56.56,294400
20070110,0,55.73,56.65,55.51,56.29,788400
20070111,0,56.35,57.75,56.16,57.69,435000
20070112,0,57.42,58.5,56.63,58.33,657600
20070116,0,58.29,60.5,58.29,60.49,615500
20070117,0,60.4,60.94,59.52,60.45,529700
20070118,0,60.6,60.6,59.02,59.6,524100
20070119,0,59.34,59.68,58.8,59.01,254300
20070122,0,59.54,59.54,58.17,58.42,406600
20070123,0,58.95,59.06,58.01,58.51,388200
20070124,0,58.7,58.99,57.96,58.03,356300
20070125,0,58.2,58.25,57.15,57.47,1122900
20070126,0,58,58.2,56.66,57.3,287500
20070129,0,57.09,59.2,56.87,58.66,399000
20070130,0,58.67,59.86,58.34,59.55,461400
20070131,0,59.6,60.3,58.74,59.48,444100
20070201,0,59.6,60.4,58.93,59.8,861500
20070202,0,60.18,60.18,59.53,59.96,316400
20070205,0,60.2,60.67,59.75,60.44,209400
20070206,0,60.51,60.63,59.86,60.54,325000
20070207,0,60.58,61.76,60.4,61.59,732000
20070208,0,61.57,62.26,61.11,62.06,301300
20070209,0,62.25,62.4,61.48,61.82,745000
20070212,0,61.65,61.7,60.04,60.68,517474
20070213,0,61.03,61.58,60.37,60.38,210573
20070214,0,60.57,61.51,59.6,59.7,1058959
20070215,0,60.21,61.69,59.39,61.3,983600
20070216,0,64,65.25,63.1,65.15,2047300
20070220,0,64,64.48,62.92,63.9,1150400
20070221,0,63.55,63.75,62.88,63.5,593200
20070222,0,64.5,64.91,63.83,64.42,291700
20070223,0,64.2,64.8,62.9,64.31,251000
20070226,0,64.31,64.32,62.8,63.67,529500
20070227,0,62.3,62.83,59.65,60.17,1083600
20070228,0,60.5,60.68,59.25,60.12,511200
20070301,0,58.65,61.5,58.6,61.25,768400
20070302,0,61.02,61.3,60,60.28,492500
20070305,0,59.7,60.1,58.61,59.15,290900
20070306,0,59.79,60.5,59,60.2,352800
20070307,0,60.32,61.11,59.72,60.18,194700
20070308,0,61.6,61.6,59.95,60.09,320900
20070309,0,60.34,61,60.09,60.61,253400
20070312,0,60.58,61.24,60.5,61.18,264700
20070313,0,61.37,62,60.5,61.02,390900
20070314,0,61.15,61.55,60.05,60.5,225100
20070315,0,60.59,61.09,60.12,61.05,166900
20070316,0,61.05,61.19,60.36,60.47,232100
20070319,0,60.75,63.42,60.75,62.95,446900
20070320,0,63.1,64.64,63.04,64.22,524400
20070321,0,64.25,64.96,63.71,64.68,247300
20070322,0,64.65,64.8,64.02,64.2,171300
20070323,0,64.27,64.85,64.15,64.7,127800
20070326,0,64.35,64.35,63.42,63.59,263200
20070327,0,63.55,63.55,62.13,62.24,214300
20070328,0,62.12,62.16,61.59,62.03,129900
20070329,0,62.6,62.62,61.51,62.18,190300
20070330,0,62,62.9,61.7,62.02,117100
20070402,0,62.25,62.81,61.94,62.81,176400
20070403,0,63.1,64.3,63.1,63.96,194300
20070404,0,64.2,64.84,63.13,64.78,197700
20070405,0,64.89,65,63.57,65,208800
20070409,0,65.18,66,64.4,65.03,258100
20070410,0,64.9,64.94,64.15,64.61,220100
20070411,0,64.67,64.67,63.53,63.78,224300
20070412,0,63.75,64.27,62.55,64.15,268800
20070413,0,64.45,64.64,63.58,64.11,80600
20070416,0,64,65.95,63.79,65.6,217800
20070417,0,65.25,66.65,65.19,66.54,218551
20070418,0,66.54,66.64,65.8,66.2,208000
20070419,0,66,66,65,65.34,121000
20070420,0,65.8,66.5,65.04,65.6,302700
20070423,0,65.6,66.01,65.2,65.62,117700
20070424,0,65.5,65.5,64.11,64.86,261300
20070425,0,65,65.93,64.52,65.67,159400
20070426,0,66.05,67.6,65.95,67,360600
20070427,0,66.89,66.89,65.84,65.93,171000
20070430,0,68,68,65,65.16,470800
20070501,0,65.65,67,63.91,66.56,536384
20070502,0,71.39,80.75,71.3,78.2,4123293
20070503,0,78.09,80.39,78.09,79.1,1033900
20070504,0,79.24,80.1,78.26,78.34,712182
20070507,0,78.37,78.68,76.3,76.67,692600
20070508,0,76.25,78.07,76,77.72,453100
20070509,0,77.62,78.2,76.84,77.67,311900
20070510,0,77.46,81.54,76.85,80.5,1052050
20070511,0,80.5,82.9,80.25,81.61,645100
20070514,0,82.1,83.42,81.55,82.61,469600
20070515,0,83.5,83.5,80.87,81.11,472500
20070516,0,81.98,82.6,80.5,82.42,446700
20070517,0,81.48,81.99,80.49,81.35,557182
20070518,0,82,82.96,80.82,81.9,351904
20070521,0,82.48,82.49,81.07,81.8,258900
20070522,0,82,82.35,81.29,82.01,232900
20070523,0,82.15,82.25,80.41,80.71,498185
20070524,0,81.2,82.72,80.98,82.3,483800
20070525,0,82.5,86.63,82.5,86.28,751720
20070529,0,87.25,87.54,85.2,85.65,494570
20070530,0,85.5,86.26,85,85.99,249700
20070531,0,86.06,87,86,86.55,279900
20070601,0,87,88.7,86.72,87.76,480000
20070604,0,87.82,88.33,86.16,87.6,253700
20070605,0,87.65,87.7,85.96,86.33,247500
20070606,0,85.7,85.7,84.37,84.79,331000
20070607,0,82.85,84.45,82.53,83.01,507750
20070608,0,82.65,84.77,82.61,84.6,313800
20070611,0,84.65,85.09,84.01,84.48,139000
20070612,0,84.49,84.72,82.25,82.62,305884
20070613,0,82.65,83.71,82.25,83.43,332785
20070614,0,83.79,85.23,83.69,83.97,215200
20070615,0,84.55,85.25,84.48,85.05,170900
20070618,0,85,87,84.27,85.7,198200
20070619,0,85.78,86.18,84.75,85.87,145600
20070620,0,86.18,86.5,84.51,84.57,212600
20070621,0,84.45,84.45,83,83.5,237600
20070622,0,81.2,81.75,79.04,79.68,972900
20070625,0,80,81.4,79.62,80.53,431300
20070626,0,80.73,81.36,80.45,81.01,195300
20070627,0,80.42,82.75,80.09,82.25,271000
20070628,0,82.5,82.99,81.86,82.27,205000
20070629,0,84,86.91,83.81,85.29,745400
20070702,0,86.15,87,85.31,85.96,409700
20070703,0,86.01,86.01,84,84.13,303000
20070705,0,84.65,85,82.43,82.68,356400
20070706,0,82.95,85.27,82.76,85.25,443400
20070709,0,85.46,86,84.7,85.65,265100
20070710,0,85.3,86.24,84.83,85.2,288200
20070711,0,85.23,85.56,84.59,85.15,199300
20070712,0,86.15,90.49,86.04,89.9,658500
20070713,0,90,91.1,88.13,90.74,404500
20070716,0,91.98,92,88.8,88.84,265600
20070717,0,89,89.39,85.75,86.2,376200
20070718,0,85.14,86.97,84.6,86.6,380300
20070719,0,86.79,87.94,86.71,87.67,214700
20070720,0,87.5,87.5,85.29,85.72,215700
20070723,0,86.23,87.59,86.02,86.78,151900
20070724,0,86.22,86.47,80.77,82.07,672600
20070725,0,83.1,83.8,78.49,79.84,721594
20070726,0,78.34,81.74,77.51,78.25,840300
20070727,0,79,83.14,78.51,81.49,855700
20070730,0,82,88.23,81.92,87.38,788300
20070731,0,88,90.5,86.46,87.83,1020300
20070801,0,94.1,99.85,88.34,98.9,1944600
20070802,0,99.5,100.7,97.06,100.08,992100
20070803,0,98.32,101.16,97.5,97.98,578500
20070806,0,98.26,99.5,96.66,99.27,686700
20070807,0,99,110.05,98.61,108.34,1449600
20070808,0,110.3,114.22,106.68,107.27,1266300
20070809,0,104.11,107.78,102.26,104.08,893000
20070810,0,101,103,100.17,101.65,1033400
20070813,0,103.95,104.8,101.03,102.12,351300
20070814,0,102.01,103.16,95.73,96.2,862300
20070815,0,95.86,98.05,95,95.15,560500
20070816,0,93.77,96.5,92,96.08,938000
20070817,0,99.45,101.5,98.25,99.97,657300
20070820,0,99.95,102.75,99.5,101.13,420525
20070821,0,101.89,102,99.5,99.61,369600
20070822,0,100.93,102,99.93,102,270500
20070823,0,102.01,103.52,100.65,101.2,195300
20070824,0,101.81,103.72,100.53,103,170100
20070827,0,102.7,103.64,99.52,99.69,352000
20070828,0,98.1,99.27,96.8,97.24,326300
20070829,0,98,101.83,97.51,100.75,305800
20070830,0,100.29,100.82,99.25,99.99,156700
20070831,0,100.98,104.53,100.23,103.91,460800
20070904,0,104.49,109.39,102.51,108.03,401900
20070905,0,107.25,107.38,104.5,105.69,246400
20070906,0,106,106.77,103.22,105.13,276400
20070907,0,103.67,104,101.01,101.72,285600
20070910,0,101.55,103,99.25,100.47,230800
20070911,0,102.09,103.75,101.89,103.35,353400
20070912,0,103.51,106.79,102.87,103.72,269200
20070913,0,103.95,107.12,102.82,105.68,337700
20070914,0,104.9,105.91,104,105.53,284400
20070917,0,105.5,108.94,105.38,108.74,398100
20070918,0,109.5,112.4,105.46,111.82,819400
20070919,0,112.5,115.27,112.25,112.96,478100
20070920,0,112.88,114,110.25,110.83,252900
20070921,0,112,114.96,111.57,114.06,374100
20070924,0,114.99,118.45,113.25,114.49,752900
20070925,0,114,115.18,112.77,114.69,343500
20070926,0,116,118,114.93,116.8,527700
20070927,0,117.83,119.97,116.88,119.2,270300
20070928,0,116.73,119.89,116.72,118.1,528800
20071001,0,117.61,123.25,117.61,122.16,561700
20071002,0,121.09,127.26,120.62,124.36,743200
20071003,0,123.9,126.7,123.52,126.06,565700
20071004,0,126.95,126.95,122.88,123.74,365300
20071005,0,124.9,128.57,124.5,127.44,323500
20071008,0,125.57,130,124.76,129.64,394500
20071009,0,129.81,130.01,127.1,129.55,479200
20071010,0,128.11,132.25,128.11,132.02,372300
20071011,0,133,133.63,127.5,128.81,477500
20071012,0,124.33,125.79,113.51,122.33,1047100
20071015,0,120.83,122.43,120.39,122.01,448200
20071016,0,121,124.84,120.63,122.91,338500
20071017,0,123.35,126,122.39,122.99,304000
20071018,0,122.55,126.5,122.55,126.07,302900
20071019,0,127.05,127.88,123,123.09,347700
20071022,0,122,125.96,121.01,125.59,291000
20071023,0,125.99,127.28,124.01,127.2,242100
20071024,0,127.35,127.35,122.09,123.65,264300
20071025,0,127.53,129.91,126.8,128.5,1159600
20071026,0,129.95,134.3,129.45,134.27,1687100
20071029,0,134.01,135,132,134.18,839400
20071030,0,134.8,136.47,133.02,133.75,839500
20071031,0,137.85,141.3,132.4,138.74,1360900
20071101,0,137.89,138.75,133.33,135.11,645600
20071102,0,135.4,136,129.22,131.69,638000
20071105,0,131,131.68,129.57,131.05,566810
20071106,0,132,133.01,130,131.76,488792
20071107,0,131.8,134,130,131.39,635926
20071108,0,131.81,132.95,123.51,127.03,797555
20071109,0,124,126.32,121.54,121.68,683178
20071112,0,119.93,125.11,116.31,117.38,546340
20071113,0,117.66,126.99,117.66,126.14,600308
20071114,0,132.7,132.7,125.85,129.45,661788
20071115,0,130,130,127.4,129.38,390880
20071116,0,129.9,129.9,124.02,124.72,751500
20071119,0,124.21,124.21,119.11,121.59,610460
20071120,0,122.25,126.29,120.65,125.4,445016
20071121,0,123.42,125.62,120.22,123.46,334020
20071123,0,124.55,125.52,122.5,125.17,114700
20071126,0,125.37,128.77,124.53,126.04,302552
20071127,0,126.83,128.04,121,127.73,478427
20071128,0,127.91,135.64,127.19,134.75,489113
20071129,0,134.31,136.9,132.18,134.39,624242
20071130,0,138.03,138.03,131.39,133.02,506060
20071203,0,134,136.7,131.67,132.86,342328
20071204,0,131.52,138.61,131.52,137.52,559100
20071205,0,139.53,140.46,136.17,138.51,506604
20071206,0,138.88,149.5,138.01,149.4,767142
20071207,0,149.18,151.51,144.59,145.99,451878
20071210,0,146.73,152,146.73,149.81,564516
20071211,0,150.72,150.72,143.63,145.56,465896
20071212,0,147.88,148.9,142.5,145.2,386468
20071213,0,142.19,143.94,139.55,142.86,478550
20071214,0,143.99,143.99,140.29,141.5,395150
20071217,0,140.44,141.34,135.3,135.61,458300
20071218,0,136.41,145.96,136.07,144.94,649236
20071219,0,146.14,146.14,139.79,140.6,606930
20071220,0,140.01,143.23,138.82,143.01,494600
20071221,0,145.4,145.91,141.76,145.1,865960
20071224,0,147,150,146.6,148.45,263792
20071226,0,148.44,153.9,146.99,152.52,444646
20071227,0,152.36,154.95,148.51,150.74,454374
20071228,0,151.38,152.99,150.48,151.53,266318
20071231,0,151.96,155.49,146.43,147.25,414091
20080102,0,147.1,150,142.48,146.5,667115
20080103,0,146.64,147.72,140.11,141.61,518146
20080104,0,140.08,140.08,126.83,127.13,1316699
20080107,0,126.5,129.45,119.28,123.32,1056296
20080108,0,122.33,125,117.42,118.7,729936
20080109,0,117.26,118.9,108,118.7,1399674
20080110,0,117.5,124,115.17,123.03,1133863
20080111,0,124.79,124.79,113.5,116.8,1120335
20080114,0,116.5,117.6,113.2,116.92,947823
20080115,0,115.96,122,113,116.19,1198129
20080116,0,115.24,120.59,113.38,118.05,721194
20080117,0,122.29,123.78,118.16,120.02,999294
20080118,0,122.19,123.55,119.5,122.06,1305908
20080122,0,114.01,125.45,112.3,123.63,827509
20080123,0,120.76,127.55,119.11,126.54,1093008
20080124,0,126.84,135.4,126.01,132.9,1008334
20080125,0,135.47,135.47,128.59,129.37,738634
20080128,0,128.06,128.06,120.44,125,925291
20080129,0,126.3,127.36,118.5,119.22,876885
20080130,0,119,119.65,114.85,115.22,914735
20080131,0,113.59,122.28,110.5,120.01,1052901
20080201,0,123.97,124,120.07,122.65,580582
20080204,0,122.6,122.84,116.71,116.98,572465
20080205,0,115.99,120,114.29,115,1003395
20080206,0,114.51,115.03,108.06,108.82,982180
20080207,0,107.74,109.58,101.54,107.83,1753369
20080208,0,107.28,111,106.81,108.04,764122
20080211,0,109.99,111.95,107.91,110.03,878852
20080212,0,110.99,110.99,105.41,105.86,817010
20080213,0,106.45,112.41,104.23,109.38,815630
20080214,0,112.49,114.38,108.35,108.5,1181395
20080215,0,97.07,106,95.55,105.1,4034103
20080219,0,105,106.27,101.08,102.84,1096162
20080220,0,101.1,104.53,100.36,103,595640
20080221,0,103.05,104.83,100.52,100.86,417996
20080222,0,101.52,101.56,97.27,99.67,646029
20080225,0,99.99,102.83,97.66,102.54,711700
20080226,0,102.97,106.57,101.57,104.53,802562
20080227,0,103.63,106.09,102.08,103.22,509070
20080228,0,101.25,104.49,100.41,102,395425
20080229,0,102.87,103.13,98.43,99.51,455535
20080303,0,99,99.75,96.39,97.68,439510
20080304,0,96.45,97.74,94.02,97.25,845380
20080305,0,96.78,102.95,96.53,102.03,981035
20080306,0,101.48,101.48,95.17,95.43,869194
20080307,0,94.62,97.92,94.05,96.47,719853
20080310,0,96.94,96.94,90.09,90.53,741387
20080311,0,93.01,98.82,92.37,96.11,763724
20080312,0,96.37,101.2,96.33,99.14,715032
20080313,0,98.44,103,95.76,100.88,651158
20080314,0,101.65,102.54,97.58,99.68,604222
20080317,0,97.8,100,95.22,98.52,349257
20080318,0,99.69,102.11,97.66,101.4,372781
20080319,0,100.93,105.38,99.74,100,1229039
20080320,0,100.14,109.75,100.14,109.7,1056793
20080324,0,109.9,117.98,109.77,114.94,970133
20080325,0,113.77,115.54,112.17,114.1,366751
20080326,0,113.31,116,111.23,114.7,373018
20080327,0,115.08,116.43,112.51,112.78,503014
20080328,0,114.61,114.61,108.77,109.27,592794
20080331,0,108.74,114.59,105.28,113.25,750208
20080401,0,113.51,120,113.32,119.61,842020
20080402,0,119.9,121.29,116.56,119,576445
20080403,0,117.79,120.23,115.15,119.14,648603
20080404,0,118.84,120.5,116,116.62,496162
20080407,0,117.56,117.78,114.05,114.28,365954
20080408,0,117.5,117.5,113.22,114.68,339576
20080409,0,115,116.17,110,111.36,758797
20080410,0,110.43,115.91,110.43,113.95,615543
20080411,0,113.58,113.58,110.01,110.63,859990
20080414,0,110.31,111.64,107.1,107.83,484409
20080415,0,109.99,110.24,107.59,108.6,706184
20080416,0,109.2,113.23,108.59,112.65,550671
20080417,0,112.65,112.65,110.29,111.6,317872
20080418,0,112.89,115.91,112.89,115.07,461538
20080421,0,116,119.22,114.75,118.15,635063
20080422,0,118.05,118.05,110.6,112.95,617538
20080423,0,116,116,110.16,110.41,730792
20080424,0,107.21,109.9,99.5,100,1863838
20080425,0,104.38,104.38,99.29,102.57,597942
20080428,0,105.41,105.41,100.29,100.76,533716
20080429,0,100.5,101.62,97.81,98.88,479497
20080430,0,98.5,100.4,97.51,98.13,726749
20080501,0,98.17,100.65,96.75,99.95,688345
20080502,0,103.99,103.99,97.4,97.81,624643
20080505,0,98.99,99.77,96,99.1,458674
20080506,0,98.98,98.98,97.12,98.6,207324
20080507,0,98.33,99.5,95.08,95.37,286934
20080508,0,96,97.33,92.7,93.65,683734
20080509,0,93.5,95.35,92.09,94.67,1144443
20080512,0,95.23,97.9,94,97.53,435967
20080513,0,97.49,101,96.04,100.77,704490
20080514,0,101.27,101.75,99,100.33,603957
20080515,0,99.69,99.91,98,98.63,360921
20080516,0,99.99,99.99,94.7,95.61,553477
20080519,0,95.65,95.99,90.57,90.61,1223959
20080520,0,90.44,90.44,87.17,89.25,786400
20080521,0,89.38,91.26,85.7,87.42,609517
20080522,0,87.5,88.74,85.43,86.02,519318
20080523,0,85.75,86.09,83.68,85.08,470271
20080527,0,85.43,88.09,85.01,86.86,436349
20080528,0,87.05,90.43,87.05,90.31,681738
20080529,0,90.15,91.47,88.9,90.55,680843
20080530,0,91.1,92,90.48,91.65,480137
20080602,0,92.09,92.09,89.54,90.53,694273
20080603,0,90.64,91.22,88.95,90.38,526210
20080604,0,91.21,93.65,91.21,92.34,603573
20080605,0,93.19,95.64,92.5,94.66,775347
20080606,0,94.11,94.61,91.34,92.28,458388
20080609,0,93.28,93.28,90.06,91.08,1170765
20080610,0,90.32,92.56,90,92.12,330800
20080611,0,91.92,91.92,87.21,87.21,750882
20080612,0,87.73,88.6,86.42,86.99,437548
20080613,0,87.03,88.46,85.69,87.59,416812
20080616,0,87.07,88,85.95,86.99,664170
20080617,0,87.66,90,87.44,89.69,502660
20080618,0,89.52,91.9,89.4,90.65,572067
20080619,0,90.49,93.28,88.96,93.15,591074
20080620,0,92.9,92.9,89.3,90.04,434571
20080623,0,90.49,90.82,88.23,88.68,495500
20080624,0,88.4,91.61,87.5,88.95,418411
20080625,0,89.8,93.84,88.93,92.89,393861
20080626,0,91.81,91.9,89.5,90.67,398211
20080627,0,90.52,92.44,86.91,89.17,1157176
20080630,0,89.27,89.27,81.83,82.57,1297084
20080701,0,83.03,83.03,79.08,81.52,810430
20080702,0,83.74,83.74,80.14,80.34,560587
20080703,0,79.81,81.81,79.13,80.77,184935
20080707,0,82.73,83.47,77.13,78.64,616418
20080708,0,78.62,83.95,77.84,83.55,704253
20080709,0,83.85,83.85,78.26,79.16,975293
20080710,0,80.69,80.69,70.46,71.45,1293728
20080711,0,71.69,73.75,69.73,72.46,1066690
20080714,0,73.08,73.99,69.35,69.93,1426327
20080715,0,69.18,74.87,69.12,72.25,974968
20080716,0,72.71,77.55,71,76.96,858356
20080717,0,79.55,81.28,74.98,80.83,754032
20080718,0,82.08,82.08,78.44,79.85,754611
20080721,0,79.39,81.04,75.81,76,620867
20080722,0,75.82,82.29,74.22,82,805860
20080723,0,82.11,89.27,80.09,85.19,1504649
20080724,0,74.5,76,67.1,67.28,3536522
20080725,0,68.5,69.33,66,66.36,1753414
20080728,0,67.3,67.33,65.15,65.29,825136
20080729,0,65.99,70.3,65.41,69.66,896833
20080730,0,70.01,70.63,67.74,68.98,773912
20080731,0,69.29,70.74,67.85,68.71,415825
20080801,0,69.37,69.53,66.54,67.31,464565
20080804,0,67.05,68.68,66,67.6,579169
20080805,0,68.46,73.16,67.74,72.72,1174592
20080806,0,72.27,74.5,70.79,74.42,554175
20080807,0,73.99,73.99,70.9,71.07,453953
20080808,0,72.35,74,71.65,73.24,1213895
20080811,0,73.57,77.98,73.57,76.73,895624
20080812,0,76.69,76.78,75.4,75.58,370317
20080813,0,75.66,75.66,71.74,72.05,605532
20080814,0,72.18,76.42,71.59,75.62,690407
20080815,0,76.13,77.75,75.5,76.16,406391
20080818,0,76.93,76.93,73.6,74.09,465025
20080819,0,74.67,74.67,70.31,71.96,684471
20080820,0,72.25,73.33,69.7,69.98,411512
20080821,0,70.42,71.4,69,70.37,527247
20080822,0,71.37,72.86,71,71.82,366830
20080825,0,71.56,72.42,69.28,70.16,344451
20080826,0,70.12,70.47,66.4,70.29,766192
20080827,0,70.87,71.32,68.64,69.06,410984
20080828,0,69.3,70.69,68.47,70.04,692455
20080829,0,69.68,70.22,69.05,69.14,165616
20080902,0,70.29,74.74,69.52,73.88,1005935
20080903,0,73.6,73.6,71.15,71.71,1028659
20080904,0,70.81,73.36,68.56,68.7,535898
20080905,0,69.32,70.38,67.08,69.98,589293
20080908,0,72.99,73,69.58,70.13,508485
20080909,0,69.55,70.65,67.07,67.07,413656
20080910,0,67.99,68.79,66.25,67.76,321133
20080911,0,67.5,71.49,66.22,70.93,726175
20080912,0,59.18,59.5,55.42,56.72,4176952
20080915,0,53.57,57.82,53.57,55.82,779504
20080916,0,54.67,59,53,57,1047306
20080917,0,56.53,57.77,55.6,55.81,1485184
20080918,0,57.9,60.91,54.79,60.02,1554758
20080919,0,62.83,66,59.59,59.97,1141494
20080922,0,59.5,59.89,57.68,57.89,284622
20080923,0,57.79,59.74,56.64,57.22,440340
20080924,0,57.19,59.71,56.22,57.18,340928
20080925,0,57.16,59.77,56.92,57.3,245352
20080926,0,56.51,58.94,56.01,58.66,440582
20080929,0,58,61,55,55.84,453504
20080930,0,57.7,58.25,54.16,54.81,466139
20081001,0,55.25,59.25,54,57.53,334696
20081002,0,57.38,58.2,53.25,54.46,305304
20081003,0,55.43,57.5,50.55,50.8,490439
20081006,0,49.95,49.95,45.19,48.43,803938
20081007,0,49.89,49.92,46.83,47.91,416114
20081008,0,47.08,53,46.5,52,610997
20081009,0,51.31,52.74,49.22,49.22,305593
20081010,0,46.67,50.8,45,48.8,586207
20081013,0,52.36,52.36,49.34,50.5,243471
20081014,0,52.29,52.55,43.66,46.5,869711
20081015,0,48.5,48.5,40.44,41.04,872423
20081016,0,43.38,45.12,40.98,44.43,468592
20081017,0,44.49,46.85,42.11,44.35,535520
20081020,0,44.91,46.36,44.17,45.6,463249
20081021,0,46.64,46.64,42.74,43.57,596932
20081022,0,44.13,44.13,40,40.83,678807
20081023,0,42.28,47.23,41.94,44.56,1158496
20081024,0,41.63,46.41,40.77,44.85,554907
20081027,0,43.8,49,43.29,47.46,379377
20081028,0,48.52,52.79,48.06,52.06,516268
20081029,0,51.7,54.97,51.7,54.62,405633
20081030,0,56,57.45,50,50.91,613305
20081031,0,51.03,51.91,47.62,48.79,548657
20081103,0,50.73,50.73,48.33,48.88,318875
20081104,0,49.27,53.22,49.21,50.5,365851
20081105,0,50.59,51.12,48.59,48.59,126745
20081106,0,49.07,50.43,48.03,48.56,153049
20081107,0,49.17,49.52,47.67,48.33,142899
20081110,0,49.64,50,44.57,45.42,441274
20081111,0,44.86,45.72,43.94,44.74,650980
20081112,0,44,44.39,41.82,42.19,548231
20081113,0,42.38,45.23,40.93,44.28,444937
20081114,0,44.19,45.49,42.35,44.28,290525
20081117,0,44.06,45.39,43.59,44.06,265363
20081118,0,44.14,44.99,41.53,43.33,326590
20081119,0,43.87,44.04,40.25,40.79,323471
20081120,0,40.06,41.63,38.58,38.58,337619
20081121,0,39.99,40,36.86,39.12,543532
20081124,0,39.69,43.87,39.08,42.58,391238
20081125,0,43.8,44.9,42.68,44.69,389948
20081126,0,44.03,48.43,42.82,48.05,333658
20081128,0,47.66,49.88,47.21,49.58,146456
20081201,0,48.09,48.76,45.4,45.66,344162
20081202,0,46,48.64,45.24,45.94,452920
20081203,0,45.26,49.99,45.25,49.19,560799
20081204,0,48.52,51.76,48.18,50.73,488383
20081205,0,50,53.21,49.1,52.98,383373
20081208,0,53.27,58.04,53.27,56.83,529774
20081209,0,56.45,57.31,52.72,53.31,355641
20081210,0,54.18,59.5,54.18,59.11,654901
20081211,0,58.52,59.15,53.32,55.06,332094
20081212,0,53.92,58.43,53.42,57.43,367226
20081215,0,57.91,58.25,55.3,56.61,325697
20081216,0,57.49,60.97,56.97,60.95,525166
20081217,0,60.39,66.05,59.04,64.43,761020
20081218,0,64.62,67.92,63.01,63.97,648801
20081219,0,63.6,66.18,63.23,64.12,773819
20081222,0,63.4,64,61.5,63.22,557053
20081223,0,63.86,63.86,58.48,59.16,557738
20081224,0,59.67,60.39,58.41,58.74,273323
20081226,0,58.98,60.45,57.55,58.19,259068
20081229,0,58.38,58.38,56.03,57.28,348572
20081230,0,57.97,60.84,57.68,60.56,468494
20081231,0,60.51,63.24,60.51,61.84,410550
20090102,0,61.89,64.48,60.4,64.14,460034
20090105,0,64.68,64.85,61.31,62.63,582427
20090106,0,63.48,63.55,59.84,60.27,614170
20090107,0,59.61,59.9,58.11,58.39,631952
20090108,0,56.83,57.81,54.85,57.2,613280
20090109,0,57.4,57.4,53.36,53.37,510408
20090112,0,53.41,55.55,52.67,54.19,583024
20090113,0,54.28,54.28,51.13,52.25,426748
20090114,0,51.26,51.5,49.12,49.97,503354
20090115,0,50,52.34,48.33,51.46,483011
20090116,0,53.14,53.66,51.48,53.05,438230
20090120,0,52.88,52.88,48.99,49.67,417279
20090121,0,50.51,51,48.51,50.11,294169
20090122,0,49.23,51,48.64,49.03,501106
20090123,0,48.51,50.14,48.1,48.95,435899
20090126,0,49,49.7,47.18,48.49,414544
20090127,0,49.55,49.86,47.6,48.05,355937
20090128,0,49.5,50.96,49.01,50.37,586971
20090129,0,50,50.3,48.71,48.89,287414
20090130,0,49.38,49.38,46.46,47.61,448602
20090202,0,48.47,48.94,47.19,48.07,543578
20090203,0,48.35,49.85,47.96,49.15,544001
20090204,0,49,50.98,48.99,49.28,588291
20090205,0,49.73,51.89,48.87,51.49,554338
20090206,0,51.41,53.53,50.78,51.2,553464
20090209,0,51.42,51.65,49.82,50.46,441932
20090210,0,49.9,51.49,47.68,48.18,926775
20090211,0,48.17,49.06,46.88,47.34,1146935
20090212,0,50.71,53.97,49.34,53.59,3178192
20090213,0,53.47,55.36,52.43,55.12,935300
20090217,0,54.88,54.94,52.85,53.27,638931
20090218,0,53.49,54.65,52.43,54.47,550284
20090219,0,55.31,56,53.44,53.65,435498
20090220,0,52.7,55.9,52.41,55.75,851010
20090223,0,56.07,56.71,54.3,54.59,851488
20090224,0,54.98,57.38,54.97,56.15,732760
20090225,0,56.49,56.99,54.95,55.7,780174
20090226,0,55.82,57.26,53.75,54.16,540107
20090227,0,53.43,55.42,53,54.46,278636
20090302,0,53.83,54.28,51.88,52.48,673228
20090303,0,53.21,53.21,49.75,50.78,626736
20090304,0,51.25,52.35,50,50.63,346387
20090305,0,49.9,51.08,49.3,49.89,429949
20090306,0,50.27,50.27,47.89,49.01,441049
20090309,0,48.61,51.05,48.47,49,362922
20090310,0,49.76,52.92,49.76,52.28,620920
20090311,0,52.64,54.71,51.79,52.68,422528
20090312,0,52.85,55.89,52.02,55.2,470965
20090313,0,55.68,56.61,54.5,56.39,425590
20090316,0,56.8,57.8,55.76,56.13,375581
20090317,0,56.45,60,56.15,59,481230
20090318,0,59.69,65.16,59.2,63.56,929089
20090319,0,63.6,63.71,62.08,62.31,642086
20090320,0,62.48,62.68,60.39,60.93,320677
20090323,0,62.01,63.67,60.65,63.37,383896
20090324,0,63.01,67.12,63.01,64.46,492543
20090325,0,65.25,67.49,61.98,65.16,368864
20090326,0,65.91,70.3,65.58,69.35,722416
20090327,0,69.9,69.95,67.34,68.45,606669
20090330,0,67.38,67.38,63.1,64.9,376238
20090331,0,65.5,68.3,64.84,66.27,387851
20090401,0,67.06,68.19,66.08,67.36,571145
20090402,0,69.04,73.59,68.25,69.44,822465
20090403,0,70.01,72.55,69.21,70.84,348269
20090406,0,70.73,71.33,68.5,69.36,281406
20090407,0,70.13,70.45,66.76,66.76,336589
20090408,0,67.71,69.95,67.71,69.61,504099
20090409,0,71,72.24,70.05,71.49,428947
20090413,0,71.08,74,70.55,73.86,474060
20090414,0,72.82,73.55,71.84,72.88,435209
20090415,0,72.5,75.6,71.51,74.55,774684
20090416,0,74.9,80.39,74.54,79.04,889604
20090417,0,79.41,80.02,77.18,79.24,712529
20090420,0,78.2,79.1,76.73,77.9,490991
20090421,0,77.65,81.74,76.3,81.39,752321
20090422,0,80,86.74,80,85.95,1904871
20090423,0,92.39,92.39,82.54,85.27,2817003
20090424,0,83.09,83.83,80.2,81.83,1860884
20090427,0,80.67,86.55,80.59,83.58,1171908
20090428,0,82.96,85.5,82.41,84.03,775891
20090429,0,84.98,86,81,81.33,1001204
20090430,0,82.43,84.45,80.61,80.96,968754
20090501,0,80.77,81.9,79.66,79.96,577067
20090504,0,80.26,84.1,79.48,82.56,582644
20090505,0,82.65,86,82.65,84.16,628781
20090506,0,84.82,85.13,80,80.55,577610
20090507,0,81.48,81.9,75.66,76.75,937824
20090508,0,77.5,78.35,75.27,77.26,635574
20090511,0,76.35,77.65,74.65,76.46,302662
20090512,0,77.14,77.42,72.87,74.5,666524
20090513,0,73.66,73.83,71.3,72.57,694855
20090514,0,72.15,77.42,72.15,75.1,831213
20090515,0,75.19,77.35,74.5,74.78,547628
20090518,0,75.75,77.51,73.99,77.21,469650
20090519,0,77.39,79.03,76.39,77.94,724668
20090520,0,78.85,78.96,74.75,75.19,700007
20090521,0,75.88,77.12,74.34,75.34,370033
20090522,0,75.85,76,73.79,74.39,218466
20090526,0,73.67,80.08,73.33,79.19,581514
20090527,0,79.89,83.64,79.4,80.7,669580
20090528,0,82.79,82.79,78.66,79.9,395894
20090529,0,80.54,80.54,77.8,79.33,507138
20090601,0,80.53,84.83,80,84.65,573717
20090602,0,83.94,87.27,83.32,86.48,470348
20090603,0,85.68,88.28,85.2,86.9,463196
20090604,0,89.06,89.24,87.32,88.8,418136
20090605,0,87.01,89.55,85.11,85.41,774635
20090608,0,84.51,84.83,82,83.08,968555
20090609,0,83.77,84.88,82,84.6,716441
20090610,0,85.9,86.35,81.38,83,644208
20090611,0,83.33,83.59,80.74,80.86,416814
20090612,0,80.54,81.96,79.22,81.8,535140
20090615,0,82.55,82.55,79.58,80.82,443834
20090616,0,81.34,81.76,78.44,78.53,681927
20090617,0,80.57,80.57,77.21,79.16,714060
20090618,0,79.43,83.17,79.43,81.85,596397
20090619,0,83.21,84.9,82.78,84.1,587233
20090622,0,83.39,83.58,80.78,81.06,369194
20090623,0,81.02,81.65,78.65,78.65,355048
20090624,0,79.31,81.5,78.74,79.02,387480
20090625,0,78.73,82,78.1,80.68,363457
20090626,0,80.53,80.88,79.8,80.06,429093
20090629,0,80.65,81,78.62,79.39,301536
20090630,0,79.45,80.8,79.45,79.97,454565
20090701,0,81.21,82.67,79.5,82.57,571206
20090702,0,81.76,82.75,78.78,78.99,510683
20090706,0,78.78,79.42,77.38,79.22,285498
20090707,0,79.3,79.9,76.75,76.8,334163
20090708,0,76.87,78.47,76.76,78.34,262987
20090709,0,78.53,79.86,78.21,79.46,275087
20090710,0,79.42,81.37,79.24,79.58,450055
20090713,0,79.97,81.59,78.47,80.53,371321
20090714,0,80.9,82.36,79.92,82.03,333559
20090715,0,83.19,83.6,81.39,81.79,409553
20090716,0,82.99,85.39,82.5,85.23,510320
20090717,0,85.46,85.46,83.98,84.9,266292
20090720,0,85.21,90,85.21,88.31,953118
20090721,0,89.91,90.9,87.55,88.82,722650
20090722,0,88.3,91.68,87.44,88.48,1176460
20090723,0,86.85,93.35,83.64,91.76,1719111
20090724,0,91,91.8,89.94,91.14,511937
20090727,0,91.23,92,90,91.97,491562
20090728,0,91.73,96.96,91.69,95.46,1087237
20090729,0,95.36,97.21,93.79,94.19,628670
20090730,0,94.76,95.9,93.81,93.87,460205
20090731,0,94.05,95.39,93.45,93.92,270805
20090803,0,94.86,95.64,93.41,94.83,490935
20090804,0,94.96,97.15,94.85,96.71,379592
20090805,0,97.29,97.29,95.97,96.5,241745
20090806,0,96.63,96.85,92.55,93.12,597906
20090807,0,93.74,94.5,91.57,93.69,628025
20090810,0,93.49,93.76,92.3,93.57,285516
20090811,0,92.96,93.88,91.8,92.31,327935
20090812,0,90.71,92.53,89.59,91.16,441035
20090813,0,91.13,91.34,89.6,90.63,398714
20090814,0,90.75,90.91,86.8,87.88,621473
20090817,0,86.72,86.72,83.15,86.5,449045
20090818,0,86.44,86.94,84.98,86.15,341779
20090819,0,85.31,87.25,84.6,86.26,480940
20090820,0,86.41,89.8,86.2,88.47,475420
20090821,0,89.25,89.7,88.33,88.6,244896
20090824,0,89.49,89.49,86.81,86.95,355839
20090825,0,87.14,87.98,85.71,85.96,238607
20090826,0,85.85,86.94,85,85.14,394239
20090827,0,85.83,85.84,83.65,85,328170
20090828,0,85.39,85.99,84.16,84.96,176601
20090831,0,84.23,85.39,83.57,83.9,205525
20090901,0,83.51,85.1,80.86,81.25,620419
20090902,0,80.88,82.24,80.15,81.35,394207
20090903,0,82.16,84.5,81.13,84.5,545660
20090904,0,84.68,86.08,84,85.83,506490
20090908,0,86.14,88.62,85.6,87.39,517205
20090909,0,87.65,88.33,86.43,88.05,333802
20090910,0,88.16,89.85,87.63,88.82,344566
20090911,0,89.24,89.47,87,87.75,374500
20090914,0,87.12,88.3,86.81,87.9,260454
20090915,0,87.82,89.68,87.52,89.48,244453
20090916,0,90.01,91.56,89.3,89.75,383705
20090917,0,89.9,91.4,89.46,91.11,296830
20090918,0,91.15,95.18,90.91,93.8,591969
20090921,0,92.84,93.39,91.64,92.78,257200
20090922,0,93.16,93.49,92,92.8,271112
20090923,0,93.36,94,92.3,92.34,254504
20090924,0,92.54,93.53,91.57,92.86,358569
20090925,0,92.94,92.94,91.51,91.89,240208
20090928,0,92.03,92.99,91.7,92.54,165107
20090929,0,92.6,98.66,92.6,96.33,979747
20090930,0,96.32,97.81,95.25,97.19,627686
20091001,0,97.01,97.11,93.07,93.12,825331
20091002,0,92.07,93.35,90.79,92.06,395764
20091005,0,92.52,94.1,91.79,92.36,314815
20091006,0,92.83,93.62,91.46,91.69,428830
20091007,0,91.99,93.2,90.57,91.42,343976
20091008,0,92.1,92.79,91.18,91.52,279251
20091009,0,91.45,92.27,91.11,91.79,181451
20091012,0,91.97,92.2,90.35,90.61,342050
20091013,0,90.66,92.2,89.41,91.65,425176
20091014,0,92.64,93,91.36,92.1,365467
20091015,0,91.99,92.48,90.33,90.94,493585
20091016,0,90.74,91.18,89.55,90.37,567078
20091019,0,90.88,91.76,90,91.28,462215
20091020,0,91.54,91.67,88.54,89.03,730871
20091021,0,89,89.02,85.08,85.12,723131
20091022,0,82.82,90.33,82.58,89.79,2541768
20091023,0,87.1,88.74,81.72,82.01,2504779
20091026,0,82.68,84,81.13,81.27,796187
20091027,0,81.58,82.08,79.02,79.71,901547
20091028,0,80.09,81.76,79.61,80.16,784081
20091029,0,80.93,81.89,80.47,81.85,488921
20091030,0,81.74,83.7,81.48,81.51,889563
20091102,0,81.64,83.56,81.06,82.72,606986
20091103,0,82.51,83.2,81.88,82.67,487527
20091104,0,82.93,83.88,82.24,82.47,685559
20091105,0,83.02,85.77,82.98,85.65,689480
20091106,0,84.95,86.73,84.7,86.52,494654
20091109,0,87,88.35,86.37,88.23,437035
20091110,0,88.17,90,88.09,89.95,791810
20091111,0,89.94,90.9,89.3,90.21,595772
20091112,0,89.81,90.45,86.85,87.43,666038
20091113,0,87.77,89.16,87.7,88.87,506256
20091116,0,89.67,90.02,88.72,89.47,447952
20091117,0,89.62,89.62,88.58,89.03,288793
20091118,0,89.08,89.08,87.12,87.47,449563
20091119,0,87.19,87.19,84.8,85.47,421441
20091120,0,85,85.74,83.72,83.8,459852
20091123,0,84.51,86.07,84.51,85.02,306510
20091124,0,85,85.23,83.62,83.98,258804
20091125,0,84.05,84.62,83.62,84.46,230019
20091127,0,83,84.46,82.99,83.33,145802
20091130,0,83.09,84.16,82.42,83.58,283353
20091201,0,84.04,85.3,83.65,84.55,297762
20091202,0,85.12,85.84,84.64,85.57,308547
20091203,0,85.42,85.95,83.11,83.17,306494
20091204,0,84.23,85.6,82.67,84.84,248029
20091207,0,86.18,86.18,83.25,83.86,143567
20091208,0,83.21,84.41,81.85,83.82,165724
20091209,0,83.56,85.29,83.1,85.27,522388
20091210,0,85.74,86.74,85.12,86.07,351254
20091211,0,87.08,87.65,86.47,87.31,217610
20091214,0,87.99,89.86,87.57,89.82,343619
20091215,0,89.73,90.48,88.81,89.7,339934
20091216,0,90.42,90.46,88.62,88.9,225982
20091217,0,88.47,89.99,88.15,89.26,324993
20091218,0,89.47,90.17,88.58,89.24,322528
20091221,0,89.65,90.2,89.31,89.74,314267
20091222,0,89.89,91.4,89.83,90.66,244169
20091223,0,91.02,91.02,89.67,90.08,160124
20091224,0,90.18,90.34,89.91,90.19,33324
20091228,0,90.35,91.13,89.05,91.08,239973
20091229,0,91.02,92,90.64,91.28,155405
20091230,0,90.81,91.56,89.21,90.09,213254
20091231,0,90.24,90.34,87.92,88.08,284927
20100104,0,89.19,89.6,87.18,87.79,297789
20100105,0,87.52,90,87.11,89.15,498238
20100106,0,88.59,89.6,86.6,87.36,271223
20100107,0,87.15,88.11,86,86.49,392920
20100108,0,90.57,92.73,90,91.83,1168299
20100111,0,93.86,98,92.5,96.74,1387339
20100112,0,96.52,96.68,94.82,95.31,527517
20100113,0,95.27,95.96,94.25,95.61,305380
20100114,0,97.23,99.71,96.86,99.37,828102
20100115,0,99.56,99.58,96.83,98.13,567419
20100119,0,98,99.97,97.54,99.5,413928
20100120,0,98.61,99.8,97.38,97.92,434637
20100121,0,97.95,102.9,97.95,99.81,894647
20100122,0,100.02,100.79,97.64,97.84,280250
20100125,0,98.23,98.47,95.39,95.96,359421
20100126,0,95.53,98.73,95.53,97.54,378786
20100127,0,97.63,98.98,96.13,98.42,375067
20100128,0,98.78,99.65,96.63,98.6,487436
20100129,0,99.01,99.65,96.44,96.72,226028
20100201,0,96.89,100.41,96.86,100.33,386627
20100202,0,100.38,101.4,99.32,100.77,464888
20100203,0,100.65,101.13,100.01,100.45,214355
20100204,0,99.61,100,97.9,98.55,541613
20100205,0,98.11,98.68,93.81,95.28,765035
20100208,0,95.55,100.86,95.17,99.95,937345
20100209,0,100.54,100.88,99.17,100.54,542576
20100210,0,100.74,101.81,99.45,99.54,344636
20100211,0,99.5,101.48,98.39,101.06,627835
20100212,0,98.63,105.13,98,104.74,2064151
20100216,0,105.72,106.49,103.17,103.72,586792
20100217,0,103.8,104.7,103.49,104.52,344206
20100218,0,104.1,105,103.55,104.06,275415
20100219,0,103.56,105.46,103.32,104.93,308219
20100222,0,105,105.48,103,103.91,356588
20100223,0,103.94,104.6,102.88,103.54,279700
20100224,0,103.68,105.29,103.54,104.89,242623
20100225,0,103.62,104.36,102.93,103.77,208452
20100226,0,104.1,105.72,103.5,104.56,274242
20100301,0,104.99,108.5,104.99,107.82,637130
20100302,0,108.41,110.22,107.88,110.05,791343
20100303,0,110.15,111.75,109.4,110.12,419019
20100304,0,110.29,110.29,108.86,109.01,301454
20100305,0,109.16,111.55,109.07,110.69,307589
20100308,0,110.87,112.55,110.62,111.39,354600
20100309,0,111.5,113.22,110.9,112.03,348198
20100310,0,112.25,112.51,110.71,112.28,252982
20100311,0,111.46,113.17,111.31,113,223406
20100312,0,113.54,115.64,113,114.84,458569
20100315,0,114.88,115.63,112.93,114.1,286567
20100316,0,114.13,115.27,114,114.7,381638
20100317,0,115.11,115.53,114.3,114.92,325744
20100318,0,115.27,115.51,113.86,114.29,311237
20100319,0,114.33,115.36,113.36,113.76,296740
20100322,0,113.02,114.5,110.71,114.32,321251
20100323,0,114.76,115.61,114.25,115.23,270461
20100324,0,115.07,115.5,114.19,114.31,175179
20100325,0,114.99,117.12,114.05,115.05,484300
20100326,0,115.43,115.89,113.7,114.17,236967
20100329,0,114.62,115,114.04,114.54,138209
20100330,0,115.01,116.47,113.62,114.35,260710
20100331,0,114.15,114.91,112.53,112.77,284572
20100401,0,113.27,115.12,113,114.44,204727
20100405,0,114.97,119.82,114.87,119.21,682164
20100406,0,119.59,122.62,118.7,122.15,793400
20100407,0,122.88,124.56,121.46,122.26,626874
20100408,0,122.32,123.2,121.25,122.61,246894
20100409,0,123.31,123.43,120.78,122.48,512991
20100412,0,123.22,124.74,122.72,123.11,250454
20100413,0,123.24,125.99,123.22,125.65,438202
20100414,0,127.04,127.15,125.01,125.96,301586
20100415,0,126.13,127.2,124.71,125.19,215319
20100416,0,125.01,125.4,122.86,124.03,291703
20100419,0,123.78,124.95,120.25,123.77,395969
20100420,0,124.12,125.23,122,124.05,535174
20100421,0,123.79,126.6,123.56,126.4,818228
20100422,0,136.27,145.11,133.01,144.74,2708067
20100423,0,145,145,140.77,142.9,962834
20100426,0,142.95,145.39,141.83,142.06,499110
20100427,0,141.58,143.5,139,139.26,611838
20100428,0,141.9,141.95,134.74,135.25,839595
20100429,0,136,140.23,136,139.17,635056
20100430,0,139.69,142.84,134.97,134.97,482145
20100503,0,135.27,139.79,135.04,138.84,686693
20100504,0,137.55,138.31,133,133.36,720344
20100505,0,131.33,137.15,128.02,135.12,713801
20100506,0,134.74,137.02,124,131.56,967574
20100507,0,130.39,133.35,126.36,129.08,913825
20100510,0,134.99,137.6,134.13,136.81,540252
20100511,0,136.07,141.24,135.75,138.18,591407
20100512,0,139.5,142.78,139.26,142.17,517445
20100513,0,143.9,148.87,141.19,141.92,1057591
20100514,0,141.42,141.99,136.08,138.59,649846
20100517,0,139.21,140.87,134.34,138.97,499970
20100518,0,140.25,144.49,137.39,139.73,685344
20100519,0,138.08,140.79,135.91,138.86,676182
20100520,0,134,137.04,132.77,134,691418
20100521,0,131.6,137.43,129.07,135.77,744505
20100524,0,136.77,140.94,135.78,137.22,555211
20100525,0,136,136.74,130.04,136.31,656929
20100526,0,139.29,142.4,137.47,137.87,597704
20100527,0,140.77,143.95,139.6,143.74,617811
20100528,0,144.8,146,142.05,142.46,499929
20100601,0,141.35,143.71,140.27,141.43,546400
20100602,0,142.36,147.61,140.4,147.61,720908
20100603,0,148.45,152.79,147.79,148.67,1157756
20100604,0,147.04,149.98,143.35,143.86,1022311
20100607,0,146.25,146.25,138.59,138.93,753177
20100608,0,139.72,142.21,135.36,142.04,962408
20100609,0,143.59,146.97,142.58,143.36,664345
20100610,0,145.99,146.5,142.48,145.99,632351
20100611,0,144.88,149.5,144.02,149.31,743899
20100614,0,151.63,153.7,148.35,148.84,758846
20100615,0,150.74,154.25,148.76,152.83,852379
20100616,0,153.28,155.42,152,152.62,590155
20100617,0,153.84,153.99,149.6,151.81,646195
20100618,0,153.14,153.45,150.73,152.86,440019
20100621,0,154.5,155,150.4,151.45,575753
20100622,0,152.2,152.84,145,145.2,756420
20100623,0,144.44,148.71,144.31,147.34,764652
20100624,0,147.67,147.67,144.32,144.61,544590
20100625,0,145.53,148.89,142.95,146.8,525733
20100628,0,147.12,148.67,145.79,145.84,313976
20100629,0,144,144,137.37,138.58,910384
20100630,0,138.5,141.3,136.57,137.02,580614
20100701,0,136.15,139.59,133.6,138.77,840585
20100702,0,138.64,140.53,136.4,137.17,352938
20100706,0,138.8,142.13,134.56,135.28,627954
20100707,0,135.61,138.6,133.4,138.19,869518
20100708,0,139.55,141.23,137.5,139.52,585054
20100709,0,139.98,141.3,138.7,140.58,432044
20100712,0,139.42,141.15,137.32,139.74,388246
20100713,0,140.35,143.94,140.3,142.79,586014
20100714,0,142.62,144.97,141.69,143.62,467451
20100715,0,144.17,144.17,139.88,142.52,476652
20100716,0,141.91,142.21,136.62,136.86,986515
20100719,0,136.17,137.79,128.53,130.04,1524933
20100720,0,128.45,134.3,127.3,134.08,1128759
20100721,0,135.75,135.75,129.48,129.74,894608
20100722,0,131.49,133.53,130.43,133,989589
20100723,0,137.01,145.99,137,145.92,3007324
20100726,0,145.6,148.63,144.06,148.53,904255
20100727,0,149.56,150,146.67,148.09,889354
20100728,0,147.68,148.46,146.27,147.98,737557
20100729,0,148.89,149.48,144.1,145.91,695414
20100730,0,144,147.92,143.31,147.88,464234
20100802,0,150.06,150.98,148.99,150.23,603027
20100803,0,150.29,152.56,147.5,151.17,704598
20100804,0,151.64,154.43,150.73,152.59,753748
20100805,0,151.21,152.48,149.5,150.73,488555
20100806,0,148.96,152,148.19,151.63,425129
20100809,0,152.1,152.88,150.06,151.24,406498
20100810,0,150.03,152.08,149,149.76,412910
20100811,0,147.01,147.92,145.2,146.3,474083
20100812,0,144.31,147.3,143.02,146.07,351236
20100813,0,146.16,146.16,142.36,142.75,470945
20100816,0,142.27,146.06,141.01,144.91,392077
20100817,0,146.7,149.71,145.36,148,460726
20100818,0,147.71,150.68,146.69,149.64,421032
20100819,0,148.93,150.51,147.09,147.88,347469
20100820,0,147.11,149.91,146.52,149.85,328266
20100823,0,150.92,152.3,149.25,149.51,457422
20100824,0,147.22,148.87,144.79,145.72,554442
20100825,0,144.4,147.89,142.82,147.59,491926
20100826,0,148.14,151.34,147.17,148.49,539754
20100827,0,150.35,153.13,147.06,153.1,567513
20100830,0,153.68,153.87,148.93,148.98,509661
20100831,0,148.27,151.85,148.2,150.78,418898
20100901,0,152.88,159.5,151.63,159.41,1497711
20100902,0,161.49,164.09,159.98,164.08,1040911
20100903,0,165.88,166.52,162.29,163.46,711386
20100907,0,163.21,164.99,161.13,164.5,539429
20100908,0,165.35,167.04,164.41,166.08,525661
20100909,0,165.05,166.29,162.09,162.88,595202
20100910,0,163.4,167.28,162.24,166.02,583030
20100913,0,167.5,169.18,167,168.15,613466
20100914,0,167.69,170,166.45,168.55,756606
20100915,0,167.71,169.8,167.17,169.5,445739
20100916,0,169.45,169.61,165.01,166.86,799384
20100917,0,167.74,168.72,165.5,168.47,440847
20100920,0,168.66,170.95,167.04,170.12,491960
20100921,0,170.54,171.46,167.85,168.14,442670
20100922,0,167.68,169.17,165.18,165.87,440303
20100923,0,164.37,168.25,164.19,166.43,430292
20100924,0,168.5,173.1,168.5,172.91,776244
20100927,0,173.58,176.41,172.83,175.91,650437
20100928,0,175.86,176.99,172.06,176.78,768369
20100929,0,175.95,177.18,175.2,176.06,654246
20100930,0,176.56,177.69,172.03,172.05,658722
20101001,0,173.04,175,172.26,174.41,637127
20101004,0,173.77,174.72,171.24,173.08,542704
20101005,0,174.37,179.5,174.37,178.83,693403
20101006,0,177.2,178.24,173.55,174.68,964748
20101007,0,175.36,177.5,174.38,177.25,610677
20101008,0,177,177.79,174.84,176.43,507986
20101011,0,176.11,180.55,176.11,178.75,529854
20101012,0,178.36,181.4,176.5,180.77,567187
20101013,0,182.94,182.96,180.05,180.67,694774
20101014,0,180.69,181.33,179.41,181.14,359961
20101015,0,182.47,182.67,179.21,181.81,580384
20101018,0,182.03,184.47,182.03,183.53,512122
20101019,0,181.56,183.98,180.18,181.61,681252
20101020,0,182.21,182.99,180.46,180.64,714175
20101021,0,181.72,182.99,178.09,179.36,1083486
20101022,0,188.85,207.94,188.5,205.07,3921032
20101025,0,207.63,208.37,203.52,205.85,1413680
20101026,0,205.19,215.38,204.6,213.14,1616810
20101027,0,210.7,212.35,209.11,212.28,771387
20101028,0,213.78,213.8,207.55,210.27,622127
20101029,0,209.82,211.98,208.75,210.29,371489
20101101,0,211.59,213.25,209,210.72,425504
20101102,0,212.5,215.15,211.13,215.02,546314
20101103,0,215.5,219.25,215.09,219.12,797311
20101104,0,221.24,223.32,220.03,222.85,824588
20101105,0,222.97,232.33,222.5,230.36,1334975
20101108,0,230.69,232,227.43,229.52,648718
20101109,0,230.69,231.5,225.2,226.84,826179
20101110,0,227.31,236.33,225.35,236.21,1053159
20101111,0,234.66,240.78,234.36,237.9,1009533
20101112,0,236.51,239.88,230.7,234.22,1039371
20101115,0,236.14,236.65,230.02,230.47,640917
20101116,0,229.61,232.95,223.01,225,884094
20101117,0,225.01,231.8,224.5,230.69,632953
20101118,0,230.69,231.99,226.8,227.41,1073273
20101119,0,229.94,232.96,228.01,232.11,714085
20101122,0,231.15,243.43,231.09,243.31,1137970
20101123,0,240.85,244.1,238.66,243.6,871639
20101124,0,248.02,250,247.22,249.99,872308
20101126,0,248.31,256.49,248.31,255.95,782138
20101129,0,254.69,257.79,250.13,257.21,901455
20101130,0,256.14,262.78,255.36,258.89,1698405
20101201,0,261.54,262,255,258.32,1188937
20101202,0,258.33,258.75,249.18,250.71,1623565
20101203,0,244.14,247.38,231,236.07,3966140
20101206,0,235.04,242.22,233.42,240.75,1397084
20101207,0,245.97,245.97,239.04,241.1,987376
20101208,0,242.39,242.79,234.25,236.21,812319
20101209,0,238.73,238.89,232.02,235.34,784711
20101210,0,236.21,239,234.39,238.25,484031
20101213,0,239.67,239.75,225.73,226.32,1150287
20101214,0,226.67,230.6,221.41,227.82,1291525
20101215,0,227.32,234.85,225.5,226.91,1076578
20101216,0,229.57,235.64,229.23,234.8,1005725
20101217,0,236.18,239.95,233.23,238.23,901094
20101220,0,240.09,240.4,233.5,235.88,662281
20101221,0,236.77,237.7,232.68,233.81,632071
20101222,0,234.17,234.61,231.3,231.67,527347
20101223,0,231.7,233.96,227.36,228.28,509983
20101227,0,223.5,225.46,219.37,222.47,1134099
20101228,0,222.72,224.99,219.03,220.18,903564
20101229,0,220.67,223.52,219.41,220.92,539669
20101230,0,220.14,221.98,217.05,217.86,506189
20101231,0,217.41,217.91,212.64,212.76,616617
20110103,0,215.26,224.84,214.16,223.7,1181298
20110104,0,222.61,228.47,216.96,222.16,1284186
20110105,0,221.82,224.85,220.03,221.04,508605
20110106,0,227.21,229.8,225.43,226.31,1005796
20110107,0,227.53,227.98,220,223.83,576283
20110110,0,223.39,224.94,219.04,223.49,452595
20110111,0,226.15,227.36,218.56,220.85,1027056
20110112,0,222.83,223.3,217,217.51,749842
20110113,0,220.01,229.56,219.05,229.33,1365246
20110114,0,228.49,234.91,228.22,234.73,1151363
20110118,0,235.61,237.12,230.11,232.59,501694
20110119,0,232.51,233.3,228,229.29,597394
20110120,0,227.34,227.63,222.01,223.35,606510
20110121,0,225.32,225.99,221.7,223.53,525507
20110124,0,224.83,224.85,217.36,220.39,506478
20110125,0,220,221.99,217.81,221.96,361261
20110126,0,217.53,219.28,213.06,217.44,779794
20110127,0,218.08,227.49,216.06,225.5,784934
20110128,0,225.16,227.98,217,219.67,609930
20110131,0,221.14,224.45,218.09,219.74,438835
20110201,0,219.94,223.81,217.2,221.15,563909
20110202,0,221.62,229.25,220.1,228.61,655088
20110203,0,228.4,240,228.35,239.62,1098102
20110204,0,240.41,251.69,239.55,246.29,1637423
20110207,0,248.27,251.75,245.11,246.72,896478
20110208,0,244.6,248.69,243.3,247.23,862542
20110209,0,247.6,256.9,247.02,252.35,1106175
20110210,0,253.45,258.42,252.28,256.29,1449702
20110211,0,248.91,274.85,243.36,268.85,6672617
20110214,0,269.88,275,265.9,273.09,1393410
20110215,0,270.8,273.27,264.4,265.28,1204838
20110216,0,267.64,270.51,262.45,264.04,1304260
20110217,0,264.43,268,262.84,265.34,775170
20110218,0,267.95,267.95,258.78,259.98,1167104
20110222,0,256.27,259.55,251.17,252.07,845336
20110223,0,251.06,251.88,235,244,1623186
20110224,0,244,246.98,238.14,245.54,988877
20110225,0,247,255,246.29,248.91,799364
20110228,0,250.85,252.73,243.64,244.7,677781
20110301,0,243,244.44,238.67,240.76,618607
20110302,0,242.16,243.38,234.48,242.99,994711
20110303,0,246.11,250.95,246,246.95,760046
20110304,0,247.6,255.94,247,254.87,1158723
20110307,0,255.48,258.64,246.66,252.95,1061539
20110308,0,245.42,252.55,242.19,249.78,977224
20110309,0,248.7,253.09,245.1,251.75,662402
20110310,0,247.35,256.27,244,253.13,1212681
20110311,0,251.55,255.66,248.33,252.9,675664
20110314,0,251.5,256.85,248.6,255.57,699081
20110315,0,249.73,259.99,249,257.89,1097317
20110316,0,258.29,264.1,255.4,258.04,1269446
20110317,0,263,263,251.02,251.6,981365
20110318,0,254.5,256.02,243.71,247.38,1014380
20110321,0,250,250.78,245.04,247.78,652991
20110322,0,248.5,250,243.09,244.26,727401
20110323,0,244.32,247.46,240.09,246.69,703596
20110324,0,249.21,251,245.45,250.97,749693
20110325,0,251.82,259,250.01,256.99,844909
20110328,0,257.86,263.53,254.05,257.7,985125
20110329,0,256.99,266.54,256.21,266.54,1138252
20110330,0,271.52,272.95,266.55,272.43,1161179
20110331,0,270.3,273.92,268.32,272.42,582629
20110401,0,273.26,278,271,274.09,1046508
20110404,0,276,277.77,270.21,273.67,643274
20110405,0,272.14,280.58,271.03,278,849850
20110406,0,280.3,282,272.07,275.36,806049
20110407,0,274.91,277.88,272.16,274.34,552269
20110408,0,275.97,277.18,267.31,268.84,848021
20110411,0,268.6,271.59,265,268.65,468574
20110412,0,265.65,277.15,265.07,274.07,1134271
20110413,0,277.72,282.76,275.12,281.25,1088092
20110414,0,279.2,285.97,278.55,283.05,917130
20110415,0,283.99,285.45,280.5,285.18,874892
20110418,0,282.24,285.08,279,283.22,753969
20110419,0,284.99,285.95,279.27,279.35,849003
20110420,0,283.39,289.35,280.45,288.37,1410918
20110421,0,282.34,283,270.81,277.07,3304554
20110425,0,275.54,276.91,271.39,272.73,918998
20110426,0,273.05,273.88,264.01,264.98,1094314
20110427,0,265.61,268.9,263.13,265.72,1826163
20110428,0,261.9,267.87,260.12,265.33,1060500
20110429,0,265.66,268,264.29,266.81,612362
20110502,0,268.8,270,264.05,266.9,724067
20110503,0,266.14,267.76,257.79,260.36,877790
20110504,0,257.1,261.4,249.58,260.51,1356800
20110505,0,258.4,269.08,257.39,266.08,1057426
20110506,0,270.1,272.46,266.51,268.32,820036
20110509,0,268.63,268.82,264.04,266.41,629103
20110510,0,266.35,269.98,266.28,269.63,474149
20110511,0,269.8,275.9,269,274.11,1142368
20110512,0,272.07,278.91,271.33,275.48,903044
20110513,0,275.44,281.98,275.44,280.51,1003272
20110516,0,278.7,279.88,272.12,272.67,787175
20110517,0,271,275.11,268.25,274.9,752189
20110518,0,275.17,280.03,274.38,278.78,488792
20110519,0,279.97,282.61,277.54,281.37,521812
20110520,0,279.99,281.17,276.04,279.96,655062
20110523,0,277.52,285.25,275.51,283.42,899034
20110524,0,284.24,284.43,279.32,280.6,531030
20110525,0,280.3,285.98,279,284.42,532501
20110526,0,284.8,291.21,282.22,290.88,822311
20110527,0,291.06,293.99,288.25,293.05,745793
20110531,0,294.53,295.99,287.23,288.86,673220
20110601,0,288.66,291.4,285,285.39,556652
20110602,0,288.1,288.69,282.08,285.51,806378
20110603,0,281.95,291.89,281.02,286.61,992143
20110606,0,286.65,290.19,280.26,280.5,654532
20110607,0,282.57,284.87,280.24,281.48,389097
20110608,0,279.82,283.92,276.12,276.93,642398
20110609,0,277.51,279.06,273.62,278.15,405752
20110610,0,276.37,279.02,271.3,271.93,740767
20110613,0,271.99,275.64,268.09,270.93,618663
20110614,0,273.81,277.94,272.45,276.98,491573
20110615,0,274.75,278.78,273.07,277.29,628532
20110616,0,277.3,277.3,269.42,271.87,771078
20110617,0,274,275.44,268.87,269.31,875942
20110620,0,267.75,277.25,267.43,276.17,613426
20110621,0,276.78,285.9,276.78,285.36,817704
20110622,0,285.12,289.82,284.52,284.65,525978
20110623,0,282.05,291.55,280.8,291.22,985614
20110624,0,292.38,297,290.51,293.81,981690
20110627,0,293.25,302.72,291.08,301.46,1125444
20110628,0,302.88,305.3,300.33,304.81,809093
20110629,0,306.5,308.93,303.19,304.59,645291
20110630,0,305.01,308.55,304.25,308.1,559631
20110701,0,307.24,316.85,305.88,315.77,806395
20110705,0,315.98,322.63,314.28,321.35,854935
20110706,0,320.49,325.76,319.56,324.98,832260
20110707,0,326.66,329.8,323.94,328.49,884279
20110708,0,324.75,328.17,321.7,324.99,967141
20110711,0,321.98,326.46,318.38,320.5,767816
20110712,0,320.66,323.5,318.54,319.75,629867
20110713,0,322,328.28,321.33,324.99,905392
20110714,0,327.44,329.69,320.31,324.77,794489
20110715,0,325.06,326.18,320.12,324.61,806656
20110718,0,324.78,328.36,322.62,327.83,743142
20110719,0,330.17,333.63,325.3,333.33,1080132
20110720,0,324.1,332,323.67,330.08,1813433
20110721,0,330.5,332.43,325.76,328.58,800087
20110722,0,328.9,336.71,328.09,335.39,1001424
20110725,0,332.58,337.32,332,334.88,520558
20110726,0,333.44,336.88,330.75,331.51,445689
20110727,0,329.74,329.79,321.8,323.18,791838
20110728,0,323,329,323,324.19,510495
20110729,0,320.89,327.57,317.85,325.21,727755
20110801,0,328.97,329.99,323.09,327.69,499642
20110802,0,325.62,330.59,320.29,320.68,588166
20110803,0,320.7,327,313.08,325.73,953256
20110804,0,322.5,325.88,311.69,312,1220786
20110805,0,315.71,317.81,301.11,311.67,1218543
20110808,0,302.75,305.21,291.2,292,1362945
20110809,0,294.94,304,287.52,302.6,1360717
20110810,0,298.61,309.2,295,298.99,1304754
20110811,0,303.36,318.66,301.99,316.25,1144223
20110812,0,318.65,320.97,314.63,317.67,630605
20110815,0,319,321.58,314.02,319.45,504990
20110816,0,317.35,318.83,312.27,315.78,521608
20110817,0,317.05,317.87,305.51,309.2,671947
20110818,0,301.25,301.94,279,284.71,1837175
20110819,0,281.61,292.43,277,279.38,1733725
20110822,0,283.44,286.6,271.53,272.23,1531178
20110823,0,275.49,295.6,275.49,294.38,1444744
20110824,0,294.78,299.98,290.02,297.28,1061548
20110825,0,298.36,299.99,288.2,289.2,674065
20110826,0,288.96,300.79,285,298.63,873171
20110829,0,300.75,307.57,300.75,304.89,711461
20110830,0,304.7,313.17,302.65,311.42,727459
20110831,0,313.9,318,310.23,312.52,855461
20110901,0,314.03,316,308.05,309.35,520484
20110902,0,302.59,309.93,300.57,305.75,605613
20110906,0,298.97,310.98,297.7,310.83,836167
20110907,0,313.88,313.9,307.1,308.55,746355
20110908,0,306.38,315.85,306.34,311.36,750035
20110909,0,309.2,309.6,300.53,305.81,900182
20110912,0,301.81,309.44,300.82,307.51,687338
20110913,0,306.31,312.18,306.31,311.17,579010
20110914,0,312.98,319.66,308.9,316.28,926419
20110915,0,317.99,319,312.25,315.49,636964
20110916,0,317.47,318.19,314.02,317.99,504683
20110919,0,315.5,338.32,314.2,336.26,1547809
20110920,0,337.03,346.78,332,333.91,1990319
20110921,0,331.03,343.48,329.34,333.3,1979715
20110922,0,325.03,334.74,320.75,326.66,1708817
20110923,0,322.79,323.83,313.58,320.52,1220224
20110926,0,324.74,329.97,310,329.51,1025928
20110927,0,334.48,334.48,319.53,320.35,913661
20110928,0,322.47,328.35,318,319.27,764425
20110929,0,324.14,324.65,303.34,312.68,1155722
20110930,0,308.09,312.94,301.8,303.08,814012
20111003,0,300.73,306.6,291.48,293.01,928153
20111004,0,290.29,302.96,285.39,300.93,1340009
20111005,0,300.92,302.36,292,300.91,1009254
20111006,0,292.5,301.22,289.08,298.91,1514469
20111007,0,296.98,298.56,290.54,294.32,970253
20111010,0,298.77,311.84,298.5,307.72,719522
20111011,0,305.02,315,305.01,310.54,659587
20111012,0,313.47,318.06,311,314.19,800275
20111013,0,311.36,318.98,311.36,317.14,671663
20111014,0,320,321.66,314.72,320.96,677983
20111017,0,319.97,324.33,317.09,318.72,569146
20111018,0,320.5,321.06,310.28,319.56,567982
20111019,0,319.47,319.99,309.17,310.22,743832
20111020,0,308.97,312.29,306.06,307.69,952885
20111021,0,320.07,333.25,318.41,333.24,2567036
20111024,0,334.6,342.98,332.4,341.98,1080126
20111025,0,339.59,343,334.16,334.3,847889
20111026,0,338.96,339.5,330.02,332.8,712808
20111027,0,341.25,345.92,335.02,343.3,712733
20111028,0,341.32,344.98,338.33,341.29,475838
20111031,0,338.98,347.94,336.22,336.23,971612
20111101,0,326.64,334.27,324,327.89,857168
20111102,0,332.99,332.99,324.93,329.29,535873
20111103,0,333.63,338.66,329.06,337.46,852728
20111104,0,334.26,339.94,334.26,338.6,474917
20111107,0,337.64,341.61,336.09,339.29,411313
20111108,0,341.27,342.74,335,339.82,426277
20111109,0,333.01,338.07,331.68,332.53,454452
20111110,0,336.92,336.95,324.53,325.97,733284
20111111,0,329.82,333.16,325.28,332.1,490778
20111114,0,330.75,334.34,326.33,326.84,449325
20111115,0,326,329.11,322.51,327.73,487079
20111116,0,325.03,326.95,315.01,316.35,754255
20111117,0,316.71,319.64,310,312.92,687084
20111118,0,314.39,315.9,308.26,311.58,481255
20111121,0,306.43,308.48,302.68,306.27,484097
20111122,0,304.19,312.22,304.19,308.35,504943
20111123,0,306.9,308.75,300.57,300.59,442409
20111125,0,301.27,304.89,300,302.33,219927
20111128,0,307.55,313.38,307.25,309.39,455277
20111129,0,310.02,313.82,309.31,313.08,382297
20111130,0,320.21,321.7,316.27,321.52,638523
20111201,0,318.5,324.09,315.93,323.01,571499
20111202,0,325.01,333.33,323.81,331.08,771128
20111205,0,334.15,338.68,333.03,336.26,801328
20111206,0,333.85,334.83,329.26,331.63,440523
20111207,0,330.15,338.1,328.15,337.32,578698
20111208,0,334.91,339.23,333.54,334.78,570141
20111209,0,334.85,339.98,332.91,338.81,461819
20111212,0,335.49,341.28,334.35,340.6,511397
20111213,0,340.06,340.11,328.5,329.29,640118
20111214,0,327,329.93,319.21,321.16,581781
20111215,0,324.48,324.5,316.74,318.77,465171
20111216,0,319.7,321.94,316.8,318.66,498244
20111219,0,320.68,321.51,317.19,317.76,350190
20111220,0,322.68,332,321.47,331.45,496357
20111221,0,331.6,334.6,330.09,333.88,326848
20111222,0,334.98,336.15,329.8,331.44,230967
20111223,0,331,335.25,331,335.25,194171
20111227,0,335,339.94,333.12,339.1,259713
20111228,0,338.64,340.5,336.67,340.04,389281
20111229,0,340,342,338.66,340.71,281311
20111230,0,340.98,341.81,338.33,338.35,199634
20120103,0,343.07,350.49,340,340.83,688057
20120104,0,346.4,349.98,345.01,348.97,694785
20120105,0,346.88,351.98,342.57,350.16,629336
20120106,0,351.24,352.63,347.35,349.02,356590
20120109,0,349.02,349.49,336.29,339.47,713759
20120110,0,343.54,344.34,336.55,341.18,489260
20120111,0,340,347.92,338.24,347.34,560965
20120112,0,347.61,348.51,343.8,347.86,369215
20120113,0,350.22,355,350,354.53,660566
20120117,0,355.77,357.75,353.16,353.76,336038
20120118,0,354.2,357.75,351.9,356.96,309109
20120119,0,356.76,359.48,355.54,358.03,315536
20120120,0,356.6,358.55,354.1,356.21,356320
20120123,0,355.64,363.32,355.64,360.53,465390
20120124,0,358.07,361.1,357.02,360.58,361468
20120125,0,359.89,364.85,359,363.43,474529
20120126,0,364.12,370.35,363.02,365.9,480917
20120127,0,363.88,368.36,362.31,367.4,253339
20120130,0,364.9,368.25,364.1,367.92,278150
20120131,0,368.36,369.72,365.52,367.7,320725
20120201,0,368,371.62,364.41,370.25,694428
20120202,0,366.19,373.37,358.6,363.02,1388483
20120203,0,367.18,373.2,366.03,371.48,779750
20120206,0,370,374.92,369.51,371.63,517988
20120207,0,371.63,374.97,370.07,373.43,371798
20120208,0,374.03,375.25,370.5,373.8,395455
20120209,0,375.28,377.75,372.27,376.05,472475
20120210,0,372.93,376.63,372.46,376.4,294968
20120213,0,377.84,379.91,375.19,377.59,367366
20120214,0,377.23,379.45,375.01,378.9,379021
20120215,0,380.49,383.38,373.6,375.84,741823
20120216,0,375.25,383.06,375,381.83,493321
20120217,0,381.47,385.34,380,385,553469
20120221,0,382.8,387,380.14,383.46,673066
20120222,0,383,386.73,381.12,385.2,382788
20120223,0,383.65,387.75,383.5,386.88,319346
20120224,0,387.76,387.99,384.85,387.16,299828
20120227,0,385.94,390.41,385.21,389.05,336356
20120228,0,389.6,392.35,387.51,391.84,331309
20120229,0,390.9,392,387.34,390.53,330541
20120301,0,391.85,394.75,388,394.2,374138
20120302,0,393.48,394.97,391.98,394.64,285080
20120305,0,394.29,396.64,391.58,392.96,370788
20120306,0,389.5,389.5,386.44,387.7,497233
20120307,0,388.04,393.48,387.09,392.33,286768
20120308,0,393,399.56,392.23,397.85,331482
20120309,0,398.97,400,396.51,397.82,349059
20120312,0,399.37,401.37,395.66,397.7,353301
20120313,0,400.5,400.5,396.44,399.99,297319
20120314,0,400.88,401.52,397.65,399.96,263479
20120315,0,400.17,408.31,399.59,407.5,519805
20120316,0,409.77,410.95,405.53,410.72,485249
20120319,0,410.29,414.23,407.15,413.64,355842
20120320,0,412.5,414.45,409.27,413.29,338211
20120321,0,413.86,417.18,412.97,415,306061
20120322,0,414.98,418.81,413.53,418.6,418978
20120323,0,416.37,417.57,411.97,415.79,402264
20120326,0,417.49,425.58,417,424.65,430689
20120327,0,424.98,426.57,421.12,421.12,512930
20120328,0,422.04,424.4,416.72,419.92,350823
20120329,0,419.11,421.03,415,420.46,327193
20120330,0,424.73,424.84,418,418.06,311761
20120402,0,417,421.41,413.54,418.5,355478
20120403,0,417.58,422.42,417.58,422.17,451203
20120404,0,419.23,420.91,411.12,416.31,654948
20120405,0,415.09,424.99,414.97,424.73,524045
20120409,0,420.51,427.13,420.5,426.13,447020
20120410,0,425.06,428.95,414.59,417.14,727475
20120411,0,421.4,426.66,421,422.75,680972
20120412,0,423.97,433.53,423.05,432.85,770892
20120413,0,433.8,442.4,429.02,440.28,919421
20120416,0,439.47,441.78,428.76,432.55,803413
20120417,0,434.95,434.95,429.04,432.64,608643
20120418,0,432.25,440.93,431.99,437.9,483726
20120419,0,438.91,439.42,428.26,431.4,713543
20120420,0,429.48,433.3,416.01,418.63,1949630
20120423,0,413.9,419.26,406.38,417.37,1226773
20120424,0,411.96,414,401.03,403.61,1145704
20120425,0,407,413.65,405.03,412.75,566730
20120426,0,412.18,418.49,410.03,415.3,568260
20120427,0,417.05,421,412.25,419.53,521766
20120430,0,417.79,419.39,412.78,414.19,297131
20120501,0,415.41,424.15,414.59,419.5,491543
20120502,0,417.28,424.41,416.11,422.68,427169
20120503,0,422.5,423.64,413.37,415.31,489833
20120504,0,412.76,413.04,406.3,407.55,693325
20120507,0,405.96,410.6,403.25,406.78,381045
20120508,0,405.25,405.8,392.1,403.46,780669
20120509,0,400.3,405.73,396,401.99,617653
20120510,0,404.25,409.5,402.67,406.76,542355
20120511,0,406.28,413.29,403.68,408.63,443106
20120514,0,405.8,407.22,399.01,399.83,457133
20120515,0,399.45,407,399.45,403,443489
20120516,0,405.1,409.33,402.51,404.76,405541
20120517,0,406.24,407,394.71,395.15,615942
20120518,0,394.42,399.9,390,392,544212
20120521,0,391.5,395.38,384.49,393.4,645317
20120522,0,401.35,405.73,391.59,394.99,1121432
20120523,0,393.25,406.29,390.56,405.11,658224
20120524,0,408.04,408.63,397.69,400.6,529889
20120525,0,400.76,404.18,398.63,400.25,351563
20120529,0,403.58,417.9,403.58,417.6,822541
20120530,0,413.95,415.97,410.21,413.31,402751
20120531,0,412.44,413.81,407.36,412.73,308912
20120601,0,404.87,408.94,394,396.28,616757
20120604,0,396.16,397.96,387.87,397.34,464753
20120605,0,394.1,403.36,392.68,402.85,441650
20120606,0,405.65,412.79,405.65,411.04,466862
20120607,0,414.99,414.99,403.31,403.81,463463
20120608,0,401.33,408.19,399.46,407.52,494554
20120611,0,410.3,410.99,398.31,398.5,460181
20120612,0,399.61,402.73,395.5,400,416918
20120613,0,398.23,402.95,394.25,395.46,389513
20120614,0,397.18,400.91,393.65,397.84,515803
20120615,0,398.82,404.41,396.41,403.11,716346
20120618,0,401.08,414.37,399,414.12,482315
20120619,0,416.86,419.43,414.89,416.75,346290
20120620,0,416.25,419.69,413.01,417.13,419384
20120621,0,417.75,418,410.01,410.07,350982
20120622,0,412.5,415.75,410.5,415,284780
20120625,0,412.01,413.79,409.12,412.05,265541
20120626,0,413.24,416.74,411.36,415.99,269863
20120627,0,414.99,414.99,390.66,393.01,1916189
20120628,0,387.97,387.97,370.19,377.5,1614624
20120629,0,382.01,382.93,373,379.58,1046093
20120702,0,386.03,386.03,376.26,383.02,834371
20120703,0,381.9,384.1,378.04,380,310800
20120705,0,379,386.69,379,382.85,427195
20120706,0,379.51,384.5,378.5,383.95,404501
20120709,0,382.14,392.66,381.99,387,720954
20120710,0,388.59,391,378.17,379.64,631737
20120711,0,380.58,382.61,375.38,380.41,396106
20120712,0,378.02,384.77,377.19,384,485314
20120713,0,383.34,394.16,382.86,392.17,762351
20120716,0,390.44,398.54,390.44,394.75,556843
20120717,0,400,402,394.11,399.09,603459
20120718,0,396.51,399.44,393.03,398.11,368962
20120719,0,397.24,404.59,396.98,404.35,673822
20120720,0,328.45,335.8,307.2,317.72,9341000
20120723,0,308.26,312.83,301.1,306.04,1761878
20120724,0,302.44,304.78,292.33,294.16,1823674
20120725,0,297.54,300.55,294.88,296.57,897540
20120726,0,300,302.87,289.91,290.07,1106332
20120727,0,291.8,297.12,287.03,295.64,1283862
20120730,0,296.28,298.79,290.03,291.11,901997
20120731,0,290.65,294.99,289.14,292.53,616451
20120801,0,292.7,293.88,280.7,280.7,758752
20120802,0,277.39,286.99,277.26,283.74,888560
20120803,0,288.74,298.67,283.77,296.94,1324465
20120806,0,299.5,299.98,292,292.13,685268
20120807,0,292.2,307.28,292.2,304.59,946981
20120808,0,301.5,303.55,297.48,297.73,554755
20120809,0,298.76,301.75,296.47,297,375638
20120810,0,296.94,300.08,290.64,295.24,554040
20120813,0,297.35,297.98,291.77,292.5,362897
20120814,0,292.94,298.46,292.76,297.04,535540
20120815,0,297.13,300,293.03,298,636584
20120816,0,298.84,304.23,298.09,300.41,651554
20120817,0,301.5,302.09,297.5,300.31,619833
20120820,0,298.63,300.28,295,299.56,553546
20120821,0,298.92,302,296.17,298.07,491013
20120822,0,296.83,298.81,296.46,297.87,255068
20120823,0,297.3,298.16,292.69,293.02,455639
20120824,0,290.87,296.82,290.87,295.29,570487
20120827,0,294.39,296.82,293,294.24,325042
20120828,0,291.94,295.73,290.26,293.88,270961
20120829,0,294.89,296.9,292.39,293.08,320447
20120830,0,292.67,293.31,289.2,289.77,412194
20120831,0,291.75,292.82,286.49,288.85,468975
20120904,0,287.87,289.74,283.68,285.74,436616
20120905,0,287.49,292.84,286.54,288.38,587134
20120906,0,290.77,303,290.77,302.55,914948
20120907,0,303.25,326.3,303.25,326.18,2084591
20120910,0,326.61,337.52,322.44,332.62,1511397
20120911,0,333.56,340.39,330.01,332.34,1146466
20120912,0,333.84,339.5,331.56,337.61,809302
20120913,0,334.33,343.89,334.33,340.58,718664
20120914,0,341.82,343.94,335.08,336.59,835411
20120917,0,338,351.8,338,346.91,1070645
20120918,0,346.06,347.97,340.25,341.72,570266
20120919,0,343.85,346.05,341.56,343.51,458970
20120920,0,341.18,342.48,336.4,338.27,528558
20120921,0,342.37,342.97,335.52,336.38,587964
20120924,0,332.87,337.83,332.54,333.31,376518
20120925,0,335.71,336.89,322.55,322.99,707244
20120926,0,321.69,321.69,312.71,318.78,896980
20120927,0,319.25,323.8,315.53,320.3,673016
20120928,0,319.46,320.86,312.23,318.21,588819
20121001,0,318.16,322.92,314.57,315.73,496909
20121002,0,319.87,319.87,290.15,302.26,3294282
20121003,0,302.38,305,298.01,301.12,897000
20121004,0,302.17,302.4,293.73,294.37,1039091
20121005,0,294.9,295.99,278.01,281.06,2333977
20121008,0,280.37,291.81,279.65,286.27,1276936
20121009,0,284.94,289.9,280.57,285.61,874308
20121010,0,288.43,292.15,284.16,286.67,651724
20121011,0,283.15,290.33,280.75,286.63,1144887
20121012,0,285.72,291.5,285.41,290.15,865116
20121015,0,289,297,286.45,295.52,969660
20121016,0,295.14,296.31,290.05,291.95,687931
20121017,0,288.3,292.87,288.3,290.32,610902
20121018,0,293.57,293.57,283.11,286.02,1334301
20121019,0,251.95,252.86,239.54,243,6155645
20121022,0,244.2,244.2,234.08,238.06,1896785
20121023,0,234.37,243,233.82,236.21,1752910
20121024,0,238.13,243.42,235.14,242.9,1787773
20121025,0,243.8,248.69,243.4,247.7,1624747
20121026,0,248.1,252.43,245.52,251.29,1172544
20121031,0,252.81,255.55,250.09,254.53,712717
20121101,0,251.56,263.38,251.56,262.9,1060551
20121102,0,264.22,268.27,261.93,262.27,750432
20121105,0,262.64,266.12,259.82,265.01,459780
20121106,0,271.25,281.32,271.25,279.65,1242700
20121107,0,275.97,284.57,272.58,273.36,1032852
20121108,0,273.53,274.61,260,261.11,1153500
20121109,0,260,264.9,258,259.68,851296
20121112,0,260.85,264.97,258.85,263.29,524763
20121113,0,262.07,266.32,261.59,262.57,521505
20121114,0,263.89,264.72,255.63,256.24,567106
20121115,0,255.56,260.89,253.39,260.7,596840
20121116,0,259.15,264.44,257.86,263.08,627336
20121119,0,266.31,270.86,265.14,270.31,566293
20121120,0,270.18,275.26,266.69,268.29,654582
20121121,0,272.3,278,271.68,275.52,620572
20121123,0,276.06,278.1,271.1,275.46,201572
20121126,0,273.72,274.17,266.61,270.59,577506
20121127,0,270.13,274.1,261.34,261.73,1044580
20121128,0,260.31,268.42,257.24,266.73,733114
20121129,0,267.6,268.47,263.82,267.19,403729
20121130,0,266.1,267.73,260.14,263.82,440058
20121203,0,265.05,267,261.73,263.69,356893
20121204,0,261.84,271.54,260.01,271.24,824434
20121205,0,271.2,271.84,263.97,264.92,543466
20121206,0,264.75,270.19,263.09,266.44,403002
20121207,0,268.2,272.98,267.08,268.5,327535
20121210,0,271.1,274.2,266.97,272.49,435067
20121211,0,273.63,277.74,273.01,274.09,494950
20121212,0,275.56,278.31,274.36,275.34,667632
20121213,0,275.84,281,274.01,277.63,694558
20121214,0,275.91,280.33,274.41,277.27,245381
20121217,0,278.4,287.21,278.12,286.62,649103
20121218,0,287.57,295.33,287.57,293.84,787991
20121219,0,293.94,296.87,287.76,289.1,510788
20121220,0,287.01,289.86,284.62,288.59,386677
20121221,0,285.64,293.18,280.55,293.02,711958
20121224,0,292.03,294.99,290.22,294.08,232256
20121226,0,294.08,294.98,287.24,289.12,392832
20121227,0,288.64,296.27,288.64,295.59,533148
20121228,0,293.02,294.88,289.46,290.3,433246
20121231,0,289.51,298.2,289.31,296.82,421736
20130102,0,304.25,306.73,298.36,301.38,484644
20130103,0,297,305.08,296.81,300.5,465443
20130104,0,301.44,304.25,300.15,300.2,394848
20130107,0,299.96,301,295.37,299.48,390504
20130108,0,300.35,301.5,295.48,297.52,352145
20130109,0,298.45,299.57,292.18,293.96,419964
20130110,0,296,298.26,291.7,297.65,358088
20130111,0,298.96,302.14,296,299.17,443010
20130114,0,299.97,301.95,294.53,296.01,277246
20130115,0,292.2,298.8,290.61,297.41,200965
20130116,0,267.22,283.35,266.02,281.29,2901388
20130117,0,281.68,293.82,281.68,290.52,1886244
20130118,0,290.48,296.34,290.01,295.04,736195
20130122,0,294.59,296.53,290.65,293.47,627727
20130123,0,292.79,297.12,291.04,293.61,406434
20130124,0,293.49,300.46,292.87,299.89,363513
20130125,0,299.98,305.97,298.95,303.27,740336
20130128,0,309.5,314.99,307.61,311.85,639216
20130129,0,311.99,312.97,307.27,309.94,383797
20130130,0,311.06,311.78,307.18,308.25,363850
20130131,0,307.78,309,302.5,307.09,407959
20130201,0,308.5,313.925,308.1,312.46,515993
20130204,0,311.03,313.535,309.55,309.7,616358
20130205,0,309.47,311.8,303.5,303.91,917115
20130206,0,304.94,324.72,304,322.23,1875240
20130207,0,321.46,322.79,314.44,318.468,741777
20130208,0,316.77,321.49,316.73,320.432,387768
20130211,0,320.97,325.64,320.11,323.94,349398
20130212,0,323.99,326.99,322.05,322.27,338327
20130213,0,322.2,322.57,316.16,317.2,595818
20130214,0,316.28,319.08,314.44,317.54,469835
20130215,0,316.46,319.03,310.78,314.03,640866
20130219,0,314.4,317.57,311.32,312.96,580321
20130220,0,312.81,315.09,308,309.67,569170
20130221,0,307.17,313.72,307.17,308.69,558709
20130222,0,310.75,315.35,310.5,315.33,607496
20130225,0,316.51,318.32,311.22,311.56,491730
20130226,0,312.4,316.66,309.02,311.73,398340
20130227,0,312.48,318.71,311.96,316.175,314522
20130228,0,315.29,319.88,313.6,317.02,284406
20130301,0,316.75,319.73,314.501,319.73,275083
20130304,0,318.72,322.43,317.55,322,313915
20130305,0,323.35,332.48,322.53,328.99,505937
20130306,0,331.35,334.89,328.11,328.79,353240
20130307,0,331.38,331.38,325.08,327.42,330481
20130308,0,328.27,328.88,320.68,321.97,473384
20130311,0,320.08,327.12,319.39,322.08,385483
20130312,0,322.38,323.98,317,318.77,316057
20130313,0,321.07,322.06,319.33,321.95,294386
20130314,0,321.61,324.21,319.53,322.33,313375
20130315,0,320.95,323.98,318.54,321.1,267988
20130318,0,317.43,321.85,317.25,319.96,164786
20130319,0,320.1,324.53,315.5,317.3,388213
20130320,0,319.75,323.7,318.25,322.64,297466
20130321,0,321.97,322.52,318.38,319.47,348008
20130322,0,320.28,320.68,317.47,318.38,237247
20130325,0,318.7,321.7,316.04,317.03,327795
20130326,0,318.75,320.29,316.35,318.4,221321
20130327,0,318.49,320.84,316.34,320.47,200686
20130328,0,320.17,325.5,319.02,325.35,297430
20130401,0,327.42,328.47,320.01,321.1,417865
20130402,0,321.91,323.6,321.65,322.76,221744
20130403,0,327.1,329.95,321.87,323.64,439503
20130404,0,323.63,326.34,321.86,323.16,429528
20130405,0,318.11,328.78,316.87,328.62,479492
20130408,0,327.01,337.92,326.8,337.57,718644
20130409,0,337.18,337.22,330.57,333.02,526943
20130410,0,334.18,349.99,334.18,343.61,905010
20130411,0,340,344.24,330.5,331.44,1424096
20130412,0,329.84,341.99,327.28,341.9,741362
20130415,0,348.25,349.87,337.03,337.89,838526
20130416,0,340.99,343.85,337.67,342.42,444312
20130417,0,339.62,343.77,337.44,340.36,318767
20130418,0,341.5,341.5,328.52,331.14,714795
20130419,0,344.91,366.26,343.31,366.2,2501352
20130422,0,366.81,372.99,362.66,362.89,958848
20130423,0,363.63,365.72,358.29,361.59,687317
20130424,0,358.71,365.61,358.71,362.82,438106
20130425,0,363.3,365.86,361.14,362.88,322559
20130426,0,362.01,364.22,359.47,361.9,331195
20130429,0,362.18,367,359.52,363.64,256445
20130430,0,365.49,365.52,360.71,363.22,547571
20130501,0,360.93,364.83,358.5,361.17,385343
20130502,0,361.75,369.29,361.64,365.01,551328
20130503,0,368.25,369.5,365.65,367.71,352674
20130506,0,367.45,376.27,367.45,374.64,616561
20130507,0,372.57,374.14,359,361.1,1147653
20130508,0,361.81,366.5,359.09,366.22,625254
20130509,0,363.97,372.98,363.65,367.59,745071
20130510,0,366.96,371.2,366.08,369.94,318298
20130513,0,369.88,370.6,366.12,367.81,200165
20130514,0,368,376.19,367.99,375.37,471672
20130515,0,375.31,378.39,372.81,374.97,506483
20130516,0,374.93,375.76,370.65,372.09,406097
20130517,0,371.92,375.37,371.92,375.1,258658
20130520,0,374.82,379.14,374.46,376.85,272431
20130521,0,376.51,378.76,373.78,377.97,259423
20130522,0,377.33,379.15,369.7,370.78,345167
20130523,0,367.53,370.23,362.8,368.19,391447
20130524,0,366.62,369.27,363.55,368.4,305711
20130528,0,371.58,374,370.12,371.01,355262
20130529,0,368.99,371.48,366.23,370.17,170512
20130530,0,370.93,373.42,369.22,369.72,184224
20130531,0,366.21,370.76,361.12,361.46,300215
20130603,0,361.01,363.28,354.53,358.79,437641
20130604,0,356.05,363.35,355.05,358.54,441415
20130605,0,358.64,359.45,350.66,352.61,281985
20130606,0,354.42,359.03,351.68,359,191683
20130607,0,361,365.54,354.25,365.21,508216
20130610,0,366.45,369.08,363.54,364.1,340530
20130611,0,361.46,367.69,361.46,364.61,225394
20130612,0,368.55,368.57,362.38,364.21,387934
20130613,0,369.5,372.56,365.44,371.15,267977
20130614,0,369.44,372.54,365.25,367.75,316518
20130617,0,370.5,372.1,365,368,227032
20130618,0,369.02,372.65,368.79,372.22,251904
20130619,0,371.79,372.5,366,367.3,256479
20130620,0,363.62,368.14,360.07,360.97,376071
20130621,0,363.26,363.26,355.94,361.91,629139
20130624,0,357.79,360.74,352.27,358.51,396173
20130625,0,361.06,363.98,357.06,358.82,261428
20130626,0,364,365.69,362.27,363.72,334263
20130627,0,364.95,366.9,361.23,363.99,332781
20130628,0,363.335,368.39,360.99,364.98,393570
20130701,0,366.37,369.19,362.34,363.68,368994
20130702,0,364.67,371.75,364.67,371.09,441560
20130703,0,374.8,386.83,374.75,386.83,687298
20130705,0,386,386.78,383.01,386.09,404712
20130708,0,387.39,388.18,383.95,385.79,367984
20130709,0,387.85,389.8,385.67,386.44,285509
20130710,0,385.74,385.74,379.88,381.96,369112
20130711,0,382.5,386.5,380.5,383.38,321433
20130712,0,384.27,387.49,383.29,386.14,303979
20130715,0,385.34,386.58,383.14,384.16,354356
20130716,0,383,383.3,374.45,378.96,554614
20130717,0,379.86,379.93,372.14,375.79,487985
20130718,0,375.99,377.4,372.78,375.96,593307
20130719,0,399.03,410.12,395.09,408.41,2173508
20130722,0,405.32,407.99,400.8,401.8,572691
20130723,0,401.34,404.84,396.49,397.16,380148
20130724,0,396.75,402.85,396.75,399.74,478680
20130725,0,400.41,404.72,395.89,404.28,565835
20130726,0,402.83,407.69,402.83,406.04,348389
20130729,0,404.46,408.35,402.1,404.24,185021
20130730,0,406.29,409.74,405.27,407.51,279032
20130731,0,407.89,414.89,406.7,412.74,436993
20130801,0,415.02,418.23,412.63,413.54,285074
20130802,0,414.67,414.74,411.07,411.99,230971
20130805,0,411.52,413.02,410.44,412.15,189896
20130806,0,411.61,412.89,405.26,406.6,281870
20130807,0,404.65,407.89,403.78,404.73,228780
20130808,0,404.92,411.25,404.92,407.92,219464
20130809,0,406.09,409.25,405.47,405.89,242880
