20061117,0,24.5,25.18,23.5,24.84,18658202
20061120,0,24.7,25.67,24.29,25,1654234
20061121,0,24.9,25.19,24.31,24.7,1152129
20061122,0,24.57,26.81,24.5,26.73,1258595
20061124,0,26.99,27.96,26.88,27.75,355167
20061127,0,28.38,28.5,27.92,28.35,902091
20061128,0,28.53,28.9,27.75,28.29,551387
20061129,0,28.5,28.95,28,28.34,379323
20061130,0,28.8,28.8,28,28.29,244523
20061201,0,28.3,28.3,27.56,28,230272
20061204,0,28,28.4,27.56,27.66,462369
20061205,0,27.62,27.89,26.4,27.03,746037
20061206,0,26.8,27.63,26.77,27.3,95101
20061207,0,27.7,27.74,27.34,27.34,153876
20061208,0,27.5,27.57,27.2,27.42,55389
20061211,0,27.74,28.4,27.32,27.95,216766
20061212,0,28.2,28.2,26.91,26.94,367649
20061213,0,27.3,28.11,26.5,28.05,545434
20061214,0,27.62,28.62,27.32,27.8,808705
20061215,0,28.36,29.28,27.77,28.16,426449
20061218,0,29.32,29.87,28.42,28.59,668001
20061219,0,28,28.2,26.54,27.86,421531
20061220,0,27.88,28.92,27.01,27.78,246765
20061221,0,27.5,27.85,26.67,26.78,607693
20061222,0,26.69,27.7,26.69,27.45,147930
20061226,0,27.63,28.34,27.04,27.16,82173
20061227,0,28.24,28.8,27.74,28.75,719668
20061228,0,28.87,29.98,28,29.87,564314
20061229,0,29.97,30,29.02,29.83,280787
20070103,0,30.14,30.29,28.2,28.5,468274
20070104,0,28.5,28.84,28,28.69,319185
20070105,0,28.65,28.66,27.73,28.15,512604
20070108,0,28.26,29,28.26,28.94,231712
20070109,0,29,29.77,28.95,29.18,218738
20070110,0,29.22,29.67,29.09,29.14,259148
20070111,0,29.19,29.73,28.75,29.37,290292
20070112,0,29.27,29.61,29.27,29.47,150936
20070116,0,29.56,30.47,29,29.13,199398
20070117,0,29.26,29.26,28.85,29.02,219045
20070118,0,29.12,29.56,28.05,28.25,257024
20070119,0,28.24,28.32,27.7,27.77,330719
20070122,0,27.75,28.13,27.54,27.96,337585
20070123,0,28,29.38,27.87,28.84,440718
20070124,0,29.07,29.13,28.42,29.11,196071
20070125,0,29.21,30.3,29.21,29.42,371037
20070126,0,29.71,29.73,28.89,29.19,201642
20070129,0,29.15,31.44,29,31.17,512198
20070130,0,30.93,33.89,30.78,32.8,794331
20070131,0,33.19,33.2,32.06,32.46,422352
20070201,0,32.53,33.03,32.09,32.63,138146
20070202,0,32.79,33.19,31.16,31.18,451605
20070205,0,31.2,33.99,31.14,32.79,449143
20070206,0,33.11,33.93,32.5,32.68,245381
20070207,0,32.79,33.73,32.55,33.4,206508
20070208,0,33.73,34.47,32.96,33.79,348212
20070209,0,33.91,33.99,32.6,32.77,400594
20070212,0,32.91,33.77,32.6,33.02,337507
20070213,0,33.52,34.74,33,34.26,708022
20070214,0,40.38,44.85,40.01,43.67,5649624
20070215,0,44.08,46.86,42.87,45.09,2123774
20070216,0,45.02,45.75,44.53,45.17,408456
20070220,0,44.97,49.95,44.9,49.33,1211622
20070221,0,49,51.89,48.34,51.05,1722140
20070222,0,51.2,51.57,48.25,49.17,1021488
20070223,0,49.02,49.97,47.26,49.38,910708
20070226,0,49.99,52.7,49.7,51.9,1242160
20070227,0,49.5,51.19,48.27,49.2,1640839
20070228,0,49.55,51,46.89,47.82,1381952
20070301,0,46.15,48.86,45.2,47.84,809063
20070302,0,47.53,48.82,45.85,46.36,653910
20070305,0,45,45.21,43.35,44.13,1113341
20070306,0,45.59,46.44,45,46.41,1065849
20070307,0,46.24,47.96,45.77,47.65,684599
20070308,0,49.73,52.07,49.64,51.81,1841258
20070309,0,52.69,54.1,51.94,52.1,1462828
20070312,0,51.6,57.93,51.58,57.9,2357346
20070313,0,57.59,57.59,52.73,53.9,2583588
20070314,0,53.53,55.45,51.4,54.37,2058793
20070315,0,55.65,55.66,52.1,52.67,1564391
20070316,0,52.82,52.83,50.23,51.48,1666731
20070319,0,53.21,53.75,52,52.5,1070864
20070320,0,52.49,54.14,51.71,52.27,1122293
20070321,0,52.3,54.71,52,54.35,1252264
20070322,0,55.32,59.23,55.28,58.2,2966367
20070323,0,58.98,59.88,57.9,58.3,1627939
20070326,0,59.09,59.58,55.74,56.98,1320322
20070327,0,58.18,58.48,54.89,55.48,2458555
20070328,0,54.9,55.65,54.06,54.43,1175576
20070329,0,55.86,56.25,53,53.2,1357888
20070330,0,53.29,54.02,51.5,52.03,1137523
20070402,0,52.35,55.84,52.08,55.8,1618132
20070403,0,55.88,56.75,54.49,55.68,1111418
20070404,0,55.43,57.7,55.01,57.27,1176234
20070405,0,57.09,58.46,56.3,56.36,835913
20070409,0,57.43,58.4,56,57.53,931960
20070410,0,57.47,61.2,57.04,60.17,2551170
20070411,0,61.28,63.19,60.72,62.19,2947483
20070412,0,61.73,63.5,60.85,62.9,1317295
20070413,0,63.29,63.7,60.9,61.27,1483821
20070416,0,61.87,65.13,61.34,65.08,2097436
20070417,0,64.24,64.24,62.12,62.49,1880539
20070418,0,61.69,63.24,60.63,61.85,1691333
20070419,0,60.55,62.3,59.25,60.11,1490247
20070420,0,61.73,62,59.93,60.89,1076835
20070423,0,61.16,64,61.02,63.06,1345034
20070424,0,63.66,64.1,62.2,63.69,1028113
20070425,0,64,65.6,63.1,64.88,1661518
20070426,0,65.06,65.56,63.48,64,1011694
20070427,0,63,63.74,61.77,63.65,822491
20070430,0,63.68,63.8,59.47,60,1477570
20070501,0,58.99,58.99,54.2,55.46,3201144
20070502,0,56.57,59.49,56.28,58.83,2103796
20070503,0,58.82,59.62,57.1,57.84,1496467
20070504,0,61.6,67.5,61.48,66.77,5787397
20070507,0,66.95,70.44,65.77,69.56,4053144
20070508,0,68.95,70.09,67.92,68.76,2002146
20070509,0,68.01,69,67.68,68.61,1357566
20070510,0,68,72.48,67.95,68.77,2927644
20070511,0,69.17,69.95,66.92,67.82,1998703
20070514,0,68.8,68.95,64.99,65.21,1907063
20070515,0,64.93,66.7,62.98,63.38,2169501
20070516,0,63.62,64.83,61.9,64.05,2249835
20070517,0,63.97,65.99,63.46,65.19,1537897
20070518,0,63.94,64.4,62.31,63.42,3469316
20070521,0,62.44,63.8,61.48,61.91,2470903
20070522,0,62.03,65.63,61.43,65,2542777
20070523,0,65.72,67.71,65.16,65.99,2367115
20070524,0,66.02,67.42,64.25,64.91,1655502
20070525,0,65.44,66.85,65.3,66.74,959578
20070529,0,67.1,67.57,65.36,67.05,1250078
20070530,0,65.87,68.5,65.39,68.33,1428281
20070531,0,68.62,69.11,66.98,67.9,1699390
20070601,0,68.55,68.64,67.33,68.17,692433
20070604,0,67.34,69.89,67.22,68.79,1121545
20070605,0,68.73,71.85,68.32,71.72,1559176
20070606,0,71.5,73.26,70.05,71.38,1911799
20070607,0,71.71,72.03,69.42,70.47,1240589
20070608,0,70.25,71.68,69.75,71.29,893104
20070611,0,71.24,72.85,70.64,70.86,1049597
20070612,0,70.22,71.52,68.35,71.05,1967965
20070613,0,72.03,74.73,71.46,74.43,1779564
20070614,0,74.7,76.22,74.5,74.95,1576416
20070615,0,75.99,78.33,75,78,1695083
20070618,0,78.68,79.49,77,78.11,1152929
20070619,0,78.62,79.88,77.66,79.2,1389988
20070620,0,79.66,81.88,78.23,80.8,2150403
20070621,0,80.59,81.4,79.51,80.29,1776576
20070622,0,80,84.65,79.05,84.64,2576701
20070625,0,84.84,88.29,84.65,86.3,2534728
20070626,0,87.17,88.49,85.26,88.28,2358750
20070627,0,87.33,88.8,84.92,88.63,2358981
20070628,0,88.84,90.87,87.54,90.27,1727864
20070629,0,90.7,91.1,87.65,89.22,2091973
20070702,0,89.5,94.33,88.6,93.87,1505369
20070703,0,95,98.6,94.39,97.93,2071133
20070705,0,97.95,98.87,92.51,94.48,2355720
20070706,0,94.82,96.47,93.25,96.34,1250135
20070709,0,105.43,119.85,105.43,119.33,8565835
20070710,0,116.28,117,113.01,114.94,3949272
20070711,0,113.5,115.88,110.54,113.13,2756623
20070712,0,113.97,116.28,111.06,114.57,2492512
20070713,0,114.73,118.39,113.3,115.8,2522028
20070716,0,114.28,116.3,110.2,111.98,3831344
20070717,0,114.5,115.5,108.03,109.25,3618873
20070718,0,108.12,112.25,105.5,109.95,2958452
20070719,0,111.79,112.9,109.04,111.51,1789987
20070720,0,108.09,110.45,106.51,110.08,1888773
20070723,0,110.41,111.37,107.27,108.67,970117
20070724,0,107.06,114,106.8,107.78,2105407
20070725,0,107.7,111.45,105.6,108.05,1740070
20070726,0,106.44,110.5,105.02,107.2,1793016
20070727,0,107.59,112.9,107.54,110.63,1746600
20070730,0,112,121.42,106.48,120.47,3052630
20070731,0,122.97,123.21,106,112.52,2998239
20070801,0,102.87,111.42,101.36,107.59,5081202
20070802,0,106.36,107,96.41,104.37,4231272
20070803,0,101.65,105,99.5,100.03,2211022
20070806,0,100.6,102.4,93.15,98.15,3202791
20070807,0,96.88,107.48,95.5,105.32,3128320
20070808,0,106.97,112.8,106.97,109.29,2290979
20070809,0,105.78,109.2,102,102.94,2237176
20070810,0,95.22,98.27,92.79,94.31,5874306
20070813,0,95.9,98.07,94.08,95.22,2132031
20070814,0,96.25,96.55,91.05,91.45,1972389
20070815,0,90.64,92.15,86.39,87.23,3001815
20070816,0,87.85,88,74.77,82.37,5161872
20070817,0,85,87.8,79.23,85.13,3508757
20070820,0,89.85,94.99,88.21,93.73,4138093
20070821,0,94.01,97.38,92.26,96.29,2269171
20070822,0,97.8,99,93.56,99,1828267
20070823,0,99,99.85,93.81,94.06,1880915
20070824,0,94.3,97.85,92,97.6,1486242
20070827,0,97.2,98,95.26,96.22,686246
20070828,0,94,95.22,90.78,91.1,1335089
20070829,0,92.25,95.96,91.58,95.74,1569395
20070830,0,95.34,102.92,93.62,102.42,3111370
20070831,0,102.7,104.9,100.52,103.63,3008182
20070904,0,103.45,108.33,102.02,106.89,1747473
20070905,0,106.4,108.49,103.26,106.41,1608350
20070906,0,107.29,108.32,103.6,104.33,1461840
20070907,0,102.89,102.89,97.86,100.05,2085602
20070910,0,101.24,102.5,96.29,100.41,1511234
20070911,0,101.38,105.68,99.54,102.34,2811041
20070912,0,105.74,108.51,97.3,98.06,5506074
20070913,0,98.85,100.94,96.71,99.97,2544647
20070914,0,98.44,99.91,97.4,98.2,1046622
20070917,0,99,99.2,94.35,94.83,1556934
20070918,0,96.38,101.5,93.69,101.1,2167916
20070919,0,102.41,105,99.25,100.96,2176942
20070920,0,101.18,105.5,99.3,103,2739901
20070921,0,104.6,112.77,103.61,112.44,3875200
20070924,0,113.71,117.46,110,112.57,3245391
20070925,0,111.28,117.35,111.09,113.81,2124118
20070926,0,115,117,110.02,114.42,2000992
20070927,0,115.52,121.49,108.45,109.91,5442976
20070928,0,115.08,119.51,109.66,117.82,5410306
20071001,0,119.86,127.98,119.09,126.99,4708553
20071002,0,129.53,132.55,127.73,131.21,3525235
20071003,0,129.49,131.8,124.36,127.76,3268917
20071004,0,128.29,131.65,125.3,131.5,2172244
20071005,0,135.28,139,134.5,137.01,2687289
20071008,0,135.4,137.43,133.39,137.17,1590600
20071009,0,139.9,141.98,134.29,137.23,2303820
20071010,0,137.25,138.25,132.45,136.03,1718767
20071011,0,138.89,142.29,125.54,129.95,2815697
20071012,0,131.05,137.29,127.45,135.5,1861203
20071015,0,138.08,140.65,132,134.87,1725622
20071016,0,132.76,138.69,131.8,138.69,1773917
20071017,0,142.84,147.54,138.55,138.99,4931521
20071018,0,136.98,141.7,134.83,140.51,2369445
20071019,0,141.22,142.59,133.01,133.45,2273779
20071022,0,128.8,137,124.96,136.66,2541318
20071023,0,141.2,152.6,139.04,149.95,4087206
20071024,0,149.84,151.59,140.35,148.25,3915220
20071025,0,150,156,146.09,150.02,2939804
20071026,0,154.45,154.5,149.02,149.99,1848520
20071029,0,154.5,159.78,150.51,156.13,2030993
20071030,0,154.49,156.53,148.62,149.93,1928935
20071031,0,152.93,159.29,150.84,158.58,2501336
20071101,0,156.84,158.06,151.86,155.4,2440169
20071102,0,152.81,152.85,144.06,146.56,2927352
20071105,0,142.6,149.46,141.49,148.2,1722634
20071106,0,163.86,170.22,163.46,168.29,5669737
20071107,0,171.03,173.94,160.91,167.07,3687244
20071108,0,221.85,230,205.87,225.14,10800864
20071109,0,216.43,226.32,200.56,206.55,6490970
20071112,0,200.53,202.16,174.22,177.49,7073816
20071113,0,188,199.77,187.1,187.72,6090561
20071114,0,196.34,199.58,184.56,185.8,4991405
20071115,0,187,195.89,184.77,190.78,4264679
20071116,0,192.83,212.47,191.18,211.75,6321826
20071119,0,210.02,220.21,207.6,215.66,8126649
20071120,0,216.88,219.9,200,207.96,5448908
20071121,0,200,217.92,198.43,212.87,3822372
20071123,0,215.77,215.9,207.5,210.8,1535060
20071126,0,209.97,221.75,209.19,212.73,3904030
20071127,0,214.51,216.24,201.91,207.49,3690061
20071128,0,210.93,218.5,210.27,215.75,4259649
20071129,0,215.92,239.39,215.06,238.08,6040137
20071130,0,247.5,252.39,233.97,236.29,4694505
20071203,0,237.11,249,227.86,229.46,4669033
20071204,0,228.52,231.46,213.91,214,5760237
20071205,0,222.94,226.83,219,225.88,4097521
20071206,0,225.22,226.49,211,218.5,4333775
20071207,0,220.36,235,213.47,234.85,5637892
20071210,0,237.31,251.17,233.3,249.91,4667444
20071211,0,249.66,252.64,229.01,235.99,4562010
20071212,0,244.57,247.5,233.79,241.67,3942909
20071213,0,246.1,256.45,242,248,5344624
20071214,0,244.96,255,243.62,251.42,3405525
20071217,0,252.08,255.76,230,232,4300851
20071218,0,239.97,248.21,232.61,246.4,4988150
20071219,0,246,251.76,242.64,248,3327725
20071220,0,249,251.24,241.24,245.54,2779710
20071221,0,249.91,265.15,248,265.06,5125572
20071224,0,268.27,275.89,264.1,272.05,1871618
20071226,0,272.4,281.61,267.24,280.79,2255651
20071227,0,278.26,283,272.8,275.15,2512124
20071228,0,278.42,279,265,266.25,2864714
20071231,0,265.74,273.73,265.11,267.5,2043273
20080102,0,269.02,272.79,260.5,267.23,2847951
20080103,0,268,271.62,263.03,266.73,2326917
20080104,0,255.59,262.51,243.36,245.8,5231796
20080107,0,249.21,254.7,223,236.11,6324758
20080108,0,237.5,245.7,228.74,231.44,4116583
20080109,0,229.21,234.8,208.33,234.2,6698272
20080110,0,226.13,233.16,216.55,226.64,5670520
20080111,0,227.89,231.93,215.63,221.16,4390566
20080114,0,222.32,229.99,213.33,224,4114633
20080115,0,217.75,220,203.42,205.25,5557377
20080116,0,200.45,203.39,177.5,182.15,10116452
20080117,0,182.93,185.53,166.87,167.06,7002403
20080118,0,172.92,180.92,166.79,175.49,8458334
20080122,0,156.81,184.96,150.53,181.5,7098292
20080123,0,175.22,179.14,143.31,161.3,13138017
20080124,0,159.39,174.45,148.6,171,10696636
20080125,0,179.71,183.97,169.01,171,7389908
20080128,0,169.48,180.43,164.36,177.05,6161028
20080129,0,180.5,194.71,177.3,191.75,9384505
20080130,0,191,191.39,180.59,184.36,7324493
20080131,0,179.77,183.5,172.77,182.51,5160177
20080201,0,182.6,189.38,177.5,185.4,4618577
20080204,0,186.68,198.09,183.9,192.38,5147655
20080205,0,188,191.5,178.09,178.48,4726696
20080206,0,182.17,187,169.71,171.8,6012587
20080207,0,168.3,173.43,157.66,165.78,8551214
20080208,0,164.93,175.35,163.94,173.2,4358590
20080211,0,180.25,190.84,176.51,188.87,7094524
20080212,0,193.25,198.41,172.38,176.44,10715882
20080213,0,214.55,228.29,207.5,227.26,15754994
20080214,0,231.51,236.57,221.5,223.97,8889090
20080215,0,221.96,227.58,213,219.43,7008750
20080219,0,219.1,220.8,210.02,211.75,6180282
20080220,0,205.31,217.4,201.32,216.87,7626992
20080221,0,218.21,219.01,209.64,210.9,4661510
20080222,0,207.27,212.25,206.5,211.77,3742134
20080225,0,211.01,220.42,207.6,219.3,4713952
20080226,0,217,225.86,212.66,220.7,5046726
20080227,0,216.37,225.3,215.76,217.91,4200121
20080228,0,215.02,216.9,204.69,204.92,4987948
20080229,0,202.68,210.6,202.21,205.2,4085303
20080303,0,204.05,211.44,202.29,207.51,3442915
20080304,0,208.03,210.66,196.01,202.57,4906743
20080305,0,204.56,213.42,204.47,212.84,4801986
20080306,0,212.88,216,206.67,207.77,4038917
20080307,0,204.42,207.68,195.07,197.32,5356320
20080310,0,197.9,199.26,176.01,176.33,6721608
20080311,0,184.45,199.04,180.4,198.11,6241299
20080312,0,203.88,207.7,195.1,205.71,5273195
20080313,0,199.01,210.27,193.84,206.2,6214795
20080314,0,211.35,214.93,195.01,201.26,5648550
20080317,0,190.5,197.21,185.58,193.71,4301126
20080318,0,201.33,205.74,196.8,204.54,3557445
20080319,0,203.99,208.28,195.27,196.51,4190088
20080320,0,197.7,198.62,192.01,194.88,2939866
20080324,0,195,213.69,194.76,209.3,4069495
20080325,0,211.64,223.99,207.41,219.66,4630253
20080326,0,218.55,225,215.5,220.41,3549303
20080327,0,226.59,233.42,225.4,227.5,6158280
20080328,0,233.39,237.35,227.13,229.14,4079275
20080331,0,227.83,234.95,225.82,231.09,3048223
20080401,0,237.17,239.7,232.2,237.76,3330562
20080402,0,238.9,251.09,236.67,249.71,4345677
20080403,0,246.65,254.5,243.11,251.99,5221147
20080404,0,255.79,283.9,254.66,277.38,11883491
20080407,0,286.56,291.49,269.25,271.89,8022991
20080408,0,266.95,277.63,263,272.01,5858286
20080409,0,273.63,278.85,269.1,269.68,4128247
20080410,0,269.47,274.42,264.54,271.37,4157349
20080411,0,267.69,274.25,265.87,268.14,3317123
20080414,0,272,277.5,268.11,274.46,3977419
20080415,0,283.28,290.7,281.7,287.65,7370256
20080416,0,292.42,297.68,291.39,295.55,4516508
20080417,0,292.5,300,278.71,287.5,6476054
20080418,0,292.62,294.6,283.76,285.96,3806029
20080421,0,285.66,292.89,284.5,291.6,2620814
20080422,0,300.67,308.24,295.71,298.66,5030559
20080423,0,302.49,303,285.07,285.91,2892718
20080424,0,290.26,290.9,275.25,283.12,3156808
20080425,0,284.75,290,277.5,288.33,2312104
20080428,0,287.52,288.99,282,285.13,2013505
20080429,0,284,285.99,277.5,284.4,3596348
20080430,0,297.76,307.8,286.14,291.55,11138218
20080501,0,285.06,285.2,261.12,263.86,7787749
20080502,0,268,278.9,266.7,275.87,4601230
20080505,0,274.22,274.94,262.16,268.63,3331342
20080506,0,269.65,284.3,266.24,278.2,3793061
20080507,0,284.32,287.2,275.23,276.51,3408716
20080508,0,277.41,281.69,273.19,275.42,2292844
20080509,0,284,287.65,278.55,284.79,3264744
20080512,0,285.56,288,278,284.16,2227663
20080513,0,292.95,306.89,289.78,302.7,5466600
20080514,0,307.5,317,303.7,307.03,5482621
20080515,0,311.86,315.43,302.7,306.71,4353968
20080516,0,309.68,313.43,306.21,311.19,2947277
20080519,0,311.87,312.85,290.82,296.01,3908184
20080520,0,294.35,299.68,290.25,298.8,3030728
20080521,0,292.75,293.8,279.59,280.01,4859788
20080522,0,280.5,283.99,267.67,270.98,3309470
20080523,0,268.7,278.67,268.25,277.99,2510725
20080527,0,277.98,277.98,262.82,265.2,3212770
20080528,0,261.92,273.2,253.3,273.07,5389523
20080529,0,263.48,263.95,251.81,252.02,6317596
20080530,0,272.97,276.82,265.8,267.46,5450040
20080602,0,259.87,261.95,251,256.32,5239128
20080603,0,255.7,262.54,251.53,257.02,4280059
20080604,0,253.75,255.49,241.5,242.56,5341411
20080605,0,246.58,257.53,241.64,256.53,4744483
20080606,0,254.88,262.77,251,251,3549268
20080609,0,252.98,253.8,237.63,244.2,2919257
20080610,0,237.02,247.79,233.97,245.2,4536919
20080611,0,247.32,259.42,243.37,253.03,4353261
20080612,0,261.93,272.49,260.43,261.78,5450307
20080613,0,265.73,273.94,264.11,273.69,3286577
20080616,0,278.65,281.33,274.5,276.5,2363971
20080617,0,279.57,288.38,278.16,281.97,4937790
20080618,0,279.35,281.7,272.02,275.15,3014789
20080619,0,276.78,278.81,270.56,274.42,2199258
20080620,0,270.99,272.96,265.2,268,2642142
20080623,0,274.9,288,274.56,287.77,4026000
20080624,0,286.16,292.88,283,288.02,2774856
20080625,0,292.6,292.6,281.44,290,2158374
20080626,0,286.99,286.99,271.05,273.5,2302525
20080627,0,269.97,271.78,261.29,265.54,2503154
20080630,0,268,277.2,267.86,271.55,2423042
20080701,0,265.9,271.78,260.25,270.83,2707289
20080702,0,274.9,274.9,246.84,247.74,3684634
20080703,0,246.12,254.33,234,254,3303154
20080707,0,255.87,260,246.51,256.68,2367112
20080708,0,255.3,263.24,248.41,261.83,2711567
20080709,0,264.6,273.73,264.5,265.92,2535792
20080710,0,267.59,280.54,263.29,280.01,3373004
20080711,0,276,285,271.67,279.34,2390717
20080714,0,285.02,288,281.31,286,2238473
20080715,0,282.09,283.26,269.13,277,3256970
20080716,0,291.04,291.04,282,288.51,2965702
20080717,0,285,293.27,276.27,278,2570910
20080718,0,279.99,281.49,271.01,278.72,1671734
20080721,0,280.22,282.5,275,280.72,1433117
20080722,0,276.35,277.87,259.06,266.25,2892170
20080723,0,268.4,268.4,258.1,260.21,1732716
20080724,0,263.65,268.78,255.89,264.86,2265419
20080725,0,260,265.88,257.72,262.15,1584599
20080728,0,261.47,271.37,259.38,265.9,1551226
20080729,0,270.03,281.26,261.79,275.47,2644643
20080730,0,279.08,286,271,284.66,3215709
20080731,0,298.46,301.3,284.18,284.48,4945453
20080801,0,286.64,290.4,278.18,280.73,2506428
20080804,0,277,284,266.2,267.17,2442453
20080805,0,267.03,272.5,261.56,263.39,1972504
20080806,0,263.69,270.39,263.1,268.94,1982020
20080807,0,268.61,269.29,265.11,265.83,1452144
20080808,0,265.01,265.67,251.66,257.68,2127541
20080811,0,257.02,262.57,243.03,247.36,2486030
20080812,0,251.47,257.56,248.65,250.08,1792027
20080813,0,250.75,259.9,245.16,259.9,2100949
20080814,0,257.29,263,255,260.05,1826768
20080815,0,265.11,271.45,263.55,264.8,2758399
20080818,0,266.35,266.6,254.27,256.43,1826005
20080819,0,259.83,261.58,255.15,258.86,1539077
20080820,0,259.81,273.8,258.45,273.46,2700019
20080821,0,271.12,282.41,271.12,278.52,2380225
20080822,0,279.01,282.67,276.52,282.65,1269090
20080825,0,273.56,277,268.38,270.97,2771131
20080826,0,270.26,275.5,268,273.01,1613982
20080827,0,272.23,279.95,271.02,276.76,1919422
20080828,0,277.51,280.56,274.35,277.74,1302375
20080829,0,276.94,283.45,275.49,276.47,1080445
20080902,0,270.4,271.48,258,260.5,2402913
20080903,0,260.26,261.75,245.35,247.09,2636929
20080904,0,247.95,255.17,233.82,236.62,3300626
20080905,0,231.99,237,219.02,236.32,4404286
20080908,0,246.99,246.99,214.31,223.12,3390603
20080909,0,215.75,218.91,199,199.98,4959112
20080910,0,201.9,212.32,195.5,211.36,3761109
20080911,0,198.14,215.89,196.8,209.97,3646730
20080912,0,210.29,218.82,207.51,213.96,2618423
20080915,0,200.98,211.25,198,203.57,2955326
20080916,0,193.3,214.49,186.82,213.78,3459208
20080917,0,214.03,219.91,200.11,212.87,3326029
20080918,0,214.82,229.2,206.31,225,3061384
20080919,0,242.37,249.9,228.57,240.89,2999703
20080922,0,240,240.47,221.5,222.48,2864645
20080923,0,224.35,225.53,210,211.45,2854299
20080924,0,220.79,229.56,218.02,220.91,3997043
20080925,0,220.01,226.39,216.63,220.43,1569818
20080926,0,215.47,215.73,200,207.44,2750746
20080929,0,195.38,196.33,175.48,179.99,3188746
20080930,0,186.48,188.97,180.22,187,2289670
20081001,0,198,202.93,188.66,197.53,3264210
20081002,0,198.19,198.23,170.68,177.11,3263688
20081003,0,181.95,194.3,153.62,163.34,4412978
20081006,0,153.58,161.18,134.5,160.63,5894826
20081007,0,139.01,147.66,125.52,126.86,7613500
20081008,0,116.68,138.9,112.46,127,7830254
20081009,0,132.43,139.91,115.71,118.28,3669508
20081010,0,105.5,124.44,102.5,116.54,4679326
20081013,0,130.27,143.74,126.68,143.41,4140337
20081014,0,158.91,160.7,141.67,144,4844254
20081015,0,136.36,140.39,123.11,123.4,3446708
20081016,0,128.5,144.42,120.05,142.75,6169229
20081017,0,134.36,149.5,133,135.19,4504918
20081020,0,139.9,144.92,132.84,144.37,3737243
20081021,0,139.31,146.99,138,141.19,3663294
20081022,0,136.71,141.63,131.54,136.63,6382559
20081023,0,136.75,139,119.01,124.75,6310635
20081024,0,107.47,125.99,106,119.4,4069129
20081027,0,116.37,119.61,106,107.07,3772274
20081028,0,113.76,115.53,95.32,113.57,6606205
20081029,0,116.48,131.58,115.1,117.24,5516955
20081030,0,134.43,144,131,143.69,7594825
20081031,0,141.61,148.06,137.61,144,4843541
20081103,0,145.85,162.42,143.5,162.35,5243475
20081104,0,169.99,179.6,166.34,177.39,8502897
20081105,0,168.59,172.21,152,152.01,7622596
20081106,0,146.45,148.76,135.77,144.23,6853827
20081107,0,146.45,154.45,142.3,149.8,4891341
20081110,0,149.46,151,134.47,138.77,4091262
20081111,0,132,137.64,123,130.65,5062739
20081112,0,121.7,122.34,110.1,110.21,6087096
20081113,0,113.49,127.7,105.05,125.43,7893495
20081114,0,120.86,124.97,115,116.62,4734423
20081117,0,111.78,117.83,107.02,115.41,4789253
20081118,0,114.31,118.24,105,110.27,5656900
20081119,0,107.03,107.4,100,101.02,7569753
20081120,0,93.88,96.8,86,87.35,7509440
20081121,0,90.01,93.4,85.28,91.74,5913387
20081124,0,98.58,116,98.58,111.9,6586927
20081125,0,115.94,118.75,106.61,117.16,4588674
20081126,0,114.18,130.8,113.05,127.86,5115552
20081128,0,126.32,127.39,122.1,124.84,1463955
20081201,0,118.6,118.73,109.75,109.88,3540858
20081202,0,113.34,117.23,111.14,116.4,2997722
20081203,0,111.1,134.24,110,133.1,5901935
20081204,0,130.57,138.11,117.53,122.12,5369980
20081205,0,118.52,128.55,115,128.17,3842807
20081208,0,137,138.9,133.06,134.23,4626172
20081209,0,127.11,130.7,116.78,116.9,5511076
20081210,0,116.39,123.2,112.78,119.87,4958057
20081211,0,116.9,126.45,115.37,117.8,4087542
20081212,0,113.93,120.35,110.99,116.99,3690993
20081215,0,118.75,119.42,111,111.2,3882805
20081216,0,115.49,127.96,114.9,127.77,5152031
20081217,0,124.58,144.93,123.5,142.31,8223752
20081218,0,147.69,149,135.22,137.27,5665862
20081219,0,138.43,142.2,135,138.39,4278805
20081222,0,141.02,141.44,130.74,133.4,3434344
20081223,0,134.92,140.43,133.81,137.32,2974028
20081224,0,136.05,137.8,133.41,133.6,1153020
20081226,0,134.95,136.1,131.77,134.82,1130024
20081229,0,136.11,139.68,134.03,135.98,2448776
20081230,0,136.61,137.3,131.5,135.9,2313092
20081231,0,135.3,138.66,134.61,137.91,2477693
20090102,0,137,151.99,136.87,151.59,3786663
20090105,0,149.69,163.76,148.47,157.93,5771508
20090106,0,157.46,160,150.19,153.51,4612194
20090107,0,151.15,152.15,145.79,148.35,3554479
20090108,0,146.39,157.24,145.62,155,3824071
20090109,0,159.48,165.2,155.77,162.53,4636779
20090112,0,159.45,159.53,148.16,150,3921688
20090113,0,141.83,146.97,136.17,141,5019275
20090114,0,137.02,138.49,130.88,133.67,4429065
20090115,0,137.95,146.48,134.88,142.75,4164279
20090116,0,146.95,150.45,139.55,145.17,4730488
20090120,0,145.01,146.37,137.82,138.2,3421111
20090121,0,141.38,143.84,135.5,141.24,3510676
20090122,0,138.5,139.97,132.03,137.47,3129276
20090123,0,131.97,142.31,128.89,137.4,3391946
20090126,0,139.89,145.5,136.72,138.75,3109011
20090127,0,143.46,145,139.38,140.86,2755007
20090128,0,145.09,148.41,142.53,145.82,2900319
20090129,0,143.42,143.98,135.88,136.8,3178958
20090130,0,142.69,146.44,137.75,142.66,4463433
20090202,0,139.8,140.59,135.29,138.03,3180371
20090203,0,141.28,143.84,138.27,140.12,2982560
20090204,0,142.35,148.08,141.69,144.76,3399379
20090205,0,143.9,151.91,142.76,149.38,3890173
20090206,0,150.5,152.72,145.26,146.19,3215887
20090209,0,145.54,150.49,142.58,148.73,2466009
20090210,0,150.3,154.92,144.12,145.74,3903309
20090211,0,147.99,149.8,140.63,147.18,3161823
20090212,0,144.26,146.37,139.78,146,3396070
20090213,0,145.25,147.9,144.37,144.76,2369744
20090217,0,138.2,142.87,133.18,133.54,4287171
20090218,0,135.75,135.91,128.71,128.98,3795524
20090219,0,132.68,135,130.59,131.41,3433222
20090220,0,128,134.75,123.76,134.45,4507022
20090223,0,138.06,138.3,124.8,124.93,3452321
20090224,0,127.39,137.93,124.89,137.15,4474060
20090225,0,115.74,117.38,105.1,107.47,13185240
20090226,0,109.59,110.5,101.53,105.19,7576437
20090227,0,101.48,108.31,101.1,106.44,4716478
20090302,0,103.53,107.5,100.9,103.82,4933099
20090303,0,109.19,114.8,105.48,110.64,5847445
20090304,0,116.19,117.79,110.83,113.47,4753477
20090305,0,110.52,111.7,106.81,109.52,4355311
20090306,0,110.89,113.5,105.61,108.9,2948087
20090309,0,107.08,112.01,106.72,108.16,2265245
20090310,0,110.91,123.65,110.13,120.34,5548427
20090311,0,120.4,127,116.5,119.46,5841597
20090312,0,116.69,127.99,115.05,126.03,4733714
20090313,0,129.3,133.6,126.83,129.29,4243833
20090316,0,131.47,132.37,124.07,124.92,3175895
20090317,0,118.32,118.79,109.84,115.44,5769733
20090318,0,114.9,123.2,112.37,118.44,4219215
20090319,0,121.23,127.78,119,124.79,3396819
20090320,0,125.7,127.75,119.93,120.54,3230137
20090323,0,123.99,131.65,122.39,130.86,3738242
20090324,0,130.16,133.92,128.02,128.62,3015542
20090325,0,132.49,137.8,128,133.44,3223847
20090326,0,136.76,158.49,135.65,148.95,8712509
20090327,0,143.51,154.16,141,147.12,4673909
20090330,0,137.01,141.79,136.28,136.94,3753040
20090331,0,132.67,140.02,129.78,132.41,5350027
20090401,0,131.95,137.4,130,135.25,3051204
20090402,0,138.47,142.93,135.5,137.31,3315486
20090403,0,137,137.65,130.51,134.16,3815419
20090406,0,131.19,139.24,129.88,138.53,3347044
20090407,0,134.23,137.02,132.35,133.19,2391667
20090408,0,134.78,138.28,133.17,135.48,2328064
20090409,0,139.64,144.29,139.23,141.96,3032971
20090413,0,140.56,148.11,139.5,144.48,2478547
20090414,0,143.75,151,142.1,148.76,3506684
20090415,0,151.17,151.6,147.17,149.38,2435496
20090416,0,150.64,151.99,145.56,146.76,2216740
20090417,0,146.65,147.25,142.61,143.75,2088496
20090420,0,140.46,142.38,138.07,138.77,2012673
20090421,0,136.68,142.33,135.6,140.29,1690699
20090422,0,139.4,151.44,138.5,145.01,2998110
20090423,0,147.04,147.65,140.75,143.19,2524108
20090424,0,143,150.5,142.64,147.34,2661852
20090427,0,144.95,154.1,144.62,152.15,2903963
20090428,0,152.97,154.47,146.04,146.22,3066203
20090429,0,149.98,156.36,147.82,151.38,3977357
20090430,0,175,190.63,174.9,188.62,11365410
20090501,0,187,190,176.36,181.09,5482370
20090504,0,181.6,195.18,179.09,193.63,4662529
20090505,0,192.7,195.66,188.83,192.03,2775915
20090506,0,194.25,200.47,194.13,199,3321147
20090507,0,205.99,207.51,190.5,194.82,3773811
20090508,0,198.49,199,187,190.67,2586951
20090511,0,188.09,196.48,185.39,193.75,3126284
20090512,0,195.25,197.25,188.78,190.82,2312048
20090513,0,186.61,187.05,177.5,179.11,3465181
20090514,0,179.37,184.63,177.65,180.35,2753548
20090515,0,181.72,183.63,176.84,177.48,2127752
20090518,0,178.94,184.98,176.87,184.51,2459558
20090519,0,183.09,194.29,181.75,189.16,3510045
20090520,0,193.88,205.43,193.01,201.51,5835613
20090521,0,198,199.98,190.77,192.4,2724754
20090522,0,196,196.86,191.47,191.83,1922263
20090526,0,182.3,185.75,176.26,179,5875653
20090527,0,180.3,186.25,177.67,180.14,3635105
20090528,0,184,186,179.99,184.22,2772233
20090529,0,186,191.75,184.5,189.47,2620994
20090601,0,194.29,196.25,185,188.69,3492889
20090602,0,187.61,188.8,183.21,183.93,2584911
20090603,0,182.5,183.48,175,178,3042968
20090604,0,179.85,185.1,178.25,183.72,2711891
20090605,0,187,187.28,179.5,181.82,2259688
20090608,0,178.89,185.3,173.58,183.42,3083839
20090609,0,185,185.72,182.4,183.04,2454276
20090610,0,184.55,186.85,180.16,186.51,3221946
20090611,0,186.49,187.5,183.5,184.06,2284725
20090612,0,182.84,184.73,180.5,183.44,1861081
20090615,0,180.25,182,177.51,178.54,1804070
20090616,0,180.41,182.75,171.51,171.67,2950822
20090617,0,171.33,174.78,164.45,168.32,3358318
20090618,0,169.98,172.42,165.62,170.21,2174941
20090619,0,173.3,175.71,171.69,172.6,2179802
20090622,0,171.03,171.78,161.99,162.13,3213291
20090623,0,164.23,166.98,158.77,164.1,3460280
20090624,0,166.44,174.69,164.25,171.01,4879068
20090625,0,163.65,168.8,158.15,160.21,6437043
20090626,0,158.33,163.66,156.8,160.31,3017484
20090629,0,162.74,164.5,156.85,157.22,2868854
20090630,0,158.67,162.5,155.73,162.15,3335987
20090701,0,163.64,164.11,154.55,155.01,4505136
20090702,0,151.87,157.99,151.4,154.02,3255147
20090706,0,152.09,152.64,145.2,149.77,3853200
20090707,0,149.98,152.26,144.67,145.04,3014912
20090708,0,146.76,150.44,143.36,149.81,3640225
20090709,0,150.7,151.86,145.55,145.83,3450017
20090710,0,146.62,147.69,142.78,143.43,1879829
20090713,0,144.09,145.96,139.9,145.46,2566690
20090714,0,142.74,145.02,140.09,141.36,2892293
20090715,0,143,150.3,142.13,148.86,3405159
20090716,0,148.4,150.47,144.73,145.35,2857522
20090717,0,145.06,147.44,143,144.56,2633002
20090720,0,145.8,149.47,145.5,146.43,1949580
20090721,0,150.41,157.83,150,155.12,4073250
20090722,0,153.21,153.49,149.55,151.27,2848004
20090723,0,154.64,159.9,152.73,157.63,2938898
20090724,0,164.73,173.1,162.76,169.75,4721630
20090727,0,172.55,176.05,170.35,171.27,2869089
20090728,0,168.07,171.5,163.8,167.6,2472208
20090729,0,166,171.7,163.5,167.43,3057064
20090730,0,175,175.88,167.99,174.2,3599517
20090731,0,154.97,158.94,153.14,154.63,8440985
20090803,0,155.88,158.5,153.76,155.72,3792107
20090804,0,154.48,156.38,146.11,147.54,4543978
20090805,0,146.5,151,146,149.33,2977590
20090806,0,152.02,152.02,142.03,142.54,3803864
20090807,0,145.52,146.95,141.76,146.32,2632740
20090810,0,146.25,147.87,144.63,147.68,1918355
20090811,0,146.07,149.83,145.12,146.28,1920283
20090812,0,145.48,147.4,144.72,144.85,1913502
20090813,0,144.78,148.4,142.5,145.03,2738364
20090814,0,144.11,144.63,140.63,141.75,2545853
20090817,0,135.88,138.41,132.51,134.16,3395661
20090818,0,138.52,138.81,132.61,133.02,3401184
20090819,0,130.99,133.2,127.84,131.03,4903574
20090820,0,130.36,135,130,130.03,3343259
20090821,0,129.52,129.55,121.69,121.69,6944370
20090824,0,123.5,127,120.43,123.83,6020690
20090825,0,124.45,127.92,124.08,127.71,4447530
20090826,0,127.15,128.8,124.6,126.65,3341858
20090827,0,124.99,125.74,122.18,125.61,3966036
20090828,0,126.89,127.85,123.28,124.05,2128268
20090831,0,121.89,122.97,118.85,121.25,2365872
20090901,0,121,122.35,114.47,114.93,3492324
20090902,0,114.78,119.79,112.09,118.37,3593311
20090903,0,121.25,121.79,118.16,119.99,2326866
20090904,0,121.01,121.4,117.69,121.4,1699319
20090908,0,123.9,134.5,123.43,134.42,6997040
20090909,0,136.6,144.82,134.79,136.46,7837973
20090910,0,138.55,140.96,136.61,140.4,3193392
20090911,0,141.47,143.5,136.14,136.69,3378195
20090914,0,131.78,133.4,130.12,132.96,3218217
20090915,0,133.63,142.81,133.57,140.02,4337027
20090916,0,143.44,147.8,143.44,146.8,3850785
20090917,0,150.26,157.1,149.45,150.55,4177557
20090918,0,155.48,156.81,151.08,155.72,2973041
20090921,0,153.39,157.5,151.5,157.15,2011452
20090922,0,160.01,163.32,155.7,156.01,2594898
20090923,0,157.51,157.53,152.21,152.86,2764675
20090924,0,155.58,155.83,147.14,150.9,2490182
20090925,0,148.5,154.13,146.43,152.61,2324458
20090928,0,148.47,150.74,146.64,147.98,2778439
20090929,0,148.1,153.05,147.21,151.59,2485044
20090930,0,153.74,157.15,151.77,153.3,3105738
20091001,0,148.04,150.35,143.83,144.03,2800799
20091002,0,148.11,154.43,147.5,149.58,4188763
20091005,0,151.02,152.3,148.43,148.82,2161597
20091006,0,149.84,154.04,149,150.52,2301639
20091007,0,150.58,155,150.5,154.74,2028428
20091008,0,155.26,158,155.09,156.56,2449735
20091009,0,155.52,157.28,154.35,156.71,1682693
20091012,0,156.67,162.2,156.67,159.85,2540318
20091013,0,158.26,158.98,154.46,154.49,2738921
20091014,0,155.85,157.45,146.92,154.13,6863496
20091015,0,154,156.09,149.6,151.89,6028905
20091016,0,151.64,151.68,147.27,147.29,4120862
20091019,0,147.75,152.7,145.5,151.91,3479084
20091020,0,151.64,156,146.59,155.09,2744606
20091021,0,154.19,157,153.64,153.75,1815729
20091022,0,151,156.87,150.54,156.03,2174471
20091023,0,152.93,154.92,151.72,152.43,1922653
20091026,0,155.19,158.14,153.06,154.59,2486052
20091027,0,155.26,156,148.45,150.07,2038550
20091028,0,148.92,154.37,148.8,152.02,3064447
20091029,0,127.75,129.23,122.75,126.3,11460289
20091030,0,129.44,130.03,121.32,121.95,5426663
20091102,0,121.93,123.99,120,121.85,2903882
20091103,0,120.5,125.26,120.09,124.41,2387977
20091104,0,126.09,127.1,121,121.25,2674824
20091105,0,122.55,123.7,119.6,120.6,2650043
20091106,0,120,120.37,117.14,117.9,2860695
20091109,0,120.48,120.5,117.75,119.19,2693497
20091110,0,120.58,123.85,119,120.01,2207257
20091111,0,121.89,122,118.23,119.87,1939033
20091112,0,118.56,118.83,115.09,115.29,3626907
20091113,0,116.09,119.54,115.78,118.31,2725539
20091116,0,120.39,125.22,120.02,123.35,3059270
20091117,0,125.88,127.54,123.44,123.97,2285215
20091118,0,127,127.99,123.1,124.71,2758432
20091119,0,123.91,124,120.05,121.17,1960053
20091120,0,119.14,121.79,118.9,121.03,1605930
20091123,0,123.63,124.93,120.8,121.17,1499285
20091124,0,120.87,121.42,118.35,119.05,1347741
20091125,0,120.49,121.38,118.54,121.09,1177047
20091127,0,116.9,121.74,116.51,120.42,1096150
20091130,0,120.79,121.99,118.06,119.22,1503601
20091201,0,121.08,123.86,119.11,122.16,2001252
20091202,0,122.5,123.15,121.16,121.77,1051404
20091203,0,122.98,130.27,121.81,128.07,5140392
20091204,0,131.5,133.44,126.3,129.5,3536555
20091207,0,131.18,135.94,130.69,135.19,3273999
20091208,0,134.72,137.3,133.54,133.58,2135340
20091209,0,132.73,136.2,131.52,135.59,2127439
20091210,0,135.13,135.88,132.55,132.99,1644861
20091211,0,134.6,135.46,132.65,132.76,1481773
20091214,0,134.93,139.98,134.11,138.48,3280253
20091215,0,137.57,142.66,137.54,138.84,3149551
20091216,0,139.7,141.5,136.51,136.81,2968871
20091217,0,137.41,138.8,133.37,135.71,3477353
20091218,0,135.35,136.56,133.25,135.15,2377039
20091221,0,135.74,138.3,133.73,136.99,1874309
20091222,0,137.1,138.7,134.66,135.67,1579468
20091223,0,135.2,136.39,132,132.21,1895515
20091224,0,132.8,134.32,132.19,133.8,568895
20091228,0,134.78,135.43,133.5,134.85,815948
20091229,0,135.5,136.45,134.41,135.57,842413
20091230,0,134.67,136.91,134.07,136.52,887438
20091231,0,137.1,137.11,135.51,135.55,718750
20100104,0,136.4,136.83,133.57,135.22,1436800
20100105,0,135.43,140.6,135.1,137.56,2334354
20100106,0,138.43,140.25,137.65,140.05,2011751
20100107,0,140.99,142.46,138.91,140.42,2005960
20100108,0,139.72,141.5,137.01,139.55,1530790
20100111,0,141.03,141.24,137.77,138.11,1424881
20100112,0,137,137,132.66,132.88,1995480
20100113,0,133.52,134,129.42,132.03,1757510
20100114,0,131.52,136.23,124.72,124.76,6730232
20100115,0,125.89,126.5,122.5,124.52,3597879
20100119,0,123.13,124.68,120,124.03,2802993
20100120,0,120.75,123.94,118.25,119.39,3712514
20100121,0,119.37,121.45,118.19,119.05,2796958
20100122,0,119.18,119.54,109.77,112.7,4824470
20100125,0,114.36,115.75,111.1,111.85,2738488
20100126,0,112,117.88,111.35,115.25,4029801
20100127,0,115.06,115.98,111.02,113.93,2145179
20100128,0,115.3,115.78,112.07,114.14,2326674
20100129,0,114.64,120.03,113,113.38,2838387
20100201,0,114.05,119.84,114.05,117.52,1726487
20100202,0,117.95,118.68,115.29,117.12,1279462
20100203,0,117.86,120.3,117.74,118.98,1250659
20100204,0,116.76,117.86,113.25,113.33,1499641
20100205,0,113.9,114.4,110.84,114.01,1920717
20100208,0,111.96,113.32,110.57,111.08,1842712
20100209,0,112.94,114.9,111.25,113.19,2386269
20100210,0,112.65,113.04,107.25,109.41,2605806
20100211,0,110.85,114.45,109.33,113.89,2135565
20100212,0,113.21,115.9,110.44,115.1,1760780
20100216,0,116.84,122.79,116.04,121.56,2441435
20100217,0,123.47,124.75,121.36,124.53,2520375
20100218,0,125.63,127,124.05,126.17,3173538
20100219,0,116.69,118.49,115.12,115.9,5286314
20100222,0,114.88,115.12,110.32,112.76,5506144
20100223,0,108.75,109.64,105.08,105.26,5240077
20100224,0,106.6,107.7,103.58,105,3595114
20100225,0,100.63,103.46,98.71,102.89,4932475
20100226,0,105.25,105.9,102.53,105.53,2297217
20100301,0,107.58,107.9,104.36,105.52,1708405
20100302,0,106.28,109.34,104.7,107.04,2798565
20100303,0,108.5,110.15,107.46,107.63,1741440
20100304,0,108.79,109.7,107.95,108.21,1257538
20100305,0,108.73,109.5,108.11,108.78,1270996
20100308,0,109.2,109.49,106.52,108.51,1433448
20100309,0,105.97,107.28,104.83,106.24,2447066
20100310,0,106.17,112.25,106.11,110.92,3065242
20100311,0,110.95,115.7,109.95,113.9,2951990
20100312,0,114.5,117.44,114.29,115.36,2011038
20100315,0,115.56,118.64,114.21,114.95,1947388
20100316,0,115.81,116.7,114.4,115.31,901670
20100317,0,115.82,116.49,114.39,114.6,1051637
20100318,0,114.3,115.82,113.45,115.05,1421096
20100319,0,114.49,114.9,112.55,113.2,2181423
20100322,0,110.16,110.93,108.97,109.33,2345124
20100323,0,109.93,112.68,109.52,112.02,1455865
20100324,0,111.24,111.97,109.42,109.5,1655077
20100325,0,112.81,113.7,111.77,112,1950631
20100326,0,113.59,118.58,113.06,116.37,3698718
20100329,0,118.22,120.5,117.3,119.34,2075192
20100330,0,120,122.89,119.41,122.4,2003614
20100331,0,121.68,123.4,121.31,122.35,1548216
20100401,0,122.33,123.35,118.88,121.17,1570552
20100405,0,122.47,124,120.83,122.19,1034343
20100406,0,121.27,122.26,120.11,120.55,1040425
20100407,0,122.98,126.73,122.51,126.57,2603295
20100408,0,125.4,127.56,124.15,126.43,1513376
20100409,0,127.09,127.09,123.78,124.12,1410809
20100412,0,123.94,129.95,123.76,127.87,1892836
20100413,0,128,128.5,126.31,126.77,971951
20100414,0,128.25,132.58,128,132.48,2387000
20100415,0,133.33,139.46,132.49,137.8,2826273
20100416,0,138.02,138.09,132.17,134.47,1739224
20100419,0,132.09,134.9,130.15,132.41,1494992
20100420,0,134.46,135.72,131.9,133.97,1136547
20100421,0,132,132.08,128,130.42,2029268
20100422,0,129.05,134.29,129.05,134.12,1454514
20100423,0,132.48,133.8,130.27,133.78,1284639
20100426,0,132.96,135.42,130.88,132.06,1054356
20100427,0,131.94,133.79,127.78,128.15,1828255
20100428,0,128.38,131.56,128.05,128.22,1959742
20100429,0,142.01,152.53,141.69,150.99,9386744
20100430,0,148.09,150.87,143.49,143.91,3261117
20100503,0,145.75,148.11,144,146.59,1814313
20100504,0,143.54,143.72,137.91,139.83,2261481
20100505,0,135.32,137.5,132,134.07,2590165
20100506,0,132.5,136.24,118.01,121.09,4364966
20100507,0,124.52,127.2,117.27,122.54,3335230
20100510,0,130.31,134.24,128.29,130.15,2139251
20100511,0,129.8,129.97,126.61,127.74,1525233
20100512,0,128.72,129.06,125.25,128.5,1648966
20100513,0,126.86,129.45,125.93,126.14,1028234
20100514,0,123.68,124.5,118.75,120.45,1987557
20100517,0,119.71,120.31,110.12,113.11,4680595
20100518,0,115.89,115.89,108.24,110.09,3121705
20100519,0,108.15,110.93,105.35,110.15,3399813
20100520,0,107.99,114,105.5,109.61,4142373
20100521,0,107.32,115.88,106.36,113.96,3269698
20100524,0,115.37,115.41,108.72,109.21,1977617
20100525,0,105.94,112.98,103.7,112.66,2575776
20100526,0,115.11,117,109.61,110.36,2209590
20100527,0,114.71,115.9,112.2,115.59,1945367
20100528,0,115.64,115.95,110.56,112.4,1545880
20100601,0,112.22,112.51,107.05,107.2,2065345
20100602,0,108.31,110.91,106.67,110.91,1785777
20100603,0,112.62,114.5,110.57,113.04,1851020
20100604,0,109.97,115.34,108.59,109.66,2540857
20100607,0,109.57,110.08,104.56,105.05,2056676
20100608,0,105.35,106.85,100.19,104.28,3559877
20100609,0,105.96,108.97,102.5,102.94,1953752
20100610,0,106.33,109.62,104.5,109.29,2059787
20100611,0,105.52,108.96,105.31,107.18,2112603
20100614,0,108.95,110,107.2,107.49,1710658
20100615,0,109.29,117.55,109.26,117.08,3674780
20100616,0,115.81,120.44,114.61,118.84,3228525
20100617,0,124.93,125.88,122.52,123.53,3090864
20100618,0,125.1,125.37,121.68,123.8,2388795
20100621,0,125.5,126.49,121.52,122.39,2050271
20100622,0,122.67,124.5,119.7,119.9,1682328
20100623,0,120.02,121.9,116.75,120.58,1380745
20100624,0,118.75,120.36,116.26,116.71,1499543
20100625,0,117.62,120.25,115.16,119.22,1302229
20100628,0,121.88,123.91,119.29,119.45,1809599
20100629,0,116.45,117.41,113.55,114.53,2126140
20100630,0,114.46,118,113.67,113.84,1680692
20100701,0,113.83,117.96,112.06,117.59,2005591
20100702,0,119.44,121.68,118.33,120.66,2014768
20100706,0,123.51,126.6,121.12,121.57,2427238
20100707,0,122.56,128.73,122.56,128.5,2343187
20100708,0,129.53,131.81,127.5,130.61,2126557
20100709,0,130,132.26,129.23,132.03,1237885
20100712,0,131.58,132.51,128.35,129.49,1175056
20100713,0,131.36,131.86,129.5,130.63,1360843
20100714,0,129.77,135.4,129.58,133.02,2122212
20100715,0,133.01,133.46,129.42,131.31,1703346
20100716,0,131.38,131.46,128.18,128.82,1380375
20100719,0,129.14,131.59,128.75,131.55,1232214
20100720,0,128.7,137.21,128.31,136.29,1953226
20100721,0,136.38,136.98,133.86,134.9,1191025
20100722,0,136.49,139.07,136.49,137.47,1217520
20100723,0,137.53,140,135.67,139.97,1504931
20100726,0,137.48,139.9,137.44,139.32,1002289
20100727,0,139.98,139.98,135.45,136.6,1205908
20100728,0,137.08,138.92,135.7,137.08,1377162
20100729,0,137.84,139.2,132.79,135.74,2032738
20100730,0,129.05,130,124.33,125.54,4932466
20100802,0,126.26,127.8,125.1,125.92,1701405
20100803,0,127.02,127.78,124.91,126.54,1619193
20100804,0,127.33,132,126.81,131.37,2415120
20100805,0,130.8,131.74,128.77,129.75,919766
20100806,0,128.08,129.97,126.29,129.22,870981
20100809,0,130.35,130.95,128.28,129.51,679579
20100810,0,128.06,129.95,127.09,129.04,771255
20100811,0,126.56,127.97,123.87,125.3,1735422
20100812,0,123.01,125.75,123.01,124.3,1257811
20100813,0,124.07,126.85,124.07,124.71,672907
20100816,0,123.91,126.4,122.48,125.02,581008
20100817,0,127.41,127.41,124.89,125.72,947985
20100818,0,126.47,126.8,124.31,125.22,692600
20100819,0,124.21,124.74,122.13,123.38,1147244
20100820,0,122.82,125.04,121.72,124.91,1098637
20100823,0,128.25,130.47,126.27,126.3,1660496
20100824,0,123.41,127.92,122.1,125.02,1879650
20100825,0,123.68,125.25,122,125.01,1098534
20100826,0,126.96,130.14,126.31,126.7,1332953
20100827,0,127.98,129.55,124.84,128.66,1037067
20100830,0,128.14,129.49,126.35,126.4,739017
20100831,0,125.12,128.53,124.71,127.59,735645
20100901,0,129.3,130.57,127.71,129.98,1208304
20100902,0,130.01,135.53,129.89,134.93,2101840
20100903,0,136.68,137.8,135.25,136.17,1331320
20100907,0,134.67,136.37,134,134.96,1115976
20100908,0,135.55,139.15,135.21,137.07,1240728
20100909,0,139.22,139.64,137.8,138.54,1030293
20100910,0,137.49,140,136.94,138.22,810291
20100913,0,140.07,141.24,137.51,138.63,1067886
20100914,0,138.08,142.75,137.58,141.41,1730074
20100915,0,141.27,141.34,138.7,140,952553
20100916,0,140.6,145.75,140.49,144.98,2070293
20100917,0,144.95,144.99,142.88,144.4,1781132
20100920,0,146.13,146.7,144,145.92,1167949
20100921,0,145.19,148.16,145.19,145.75,955481
20100922,0,146.6,146.9,142.92,143.56,761666
20100923,0,142.9,145.4,142,142.73,899213
20100924,0,145.27,147.5,144.5,147.13,1211253
20100927,0,147.24,149.3,145.85,147.93,997897
20100928,0,149.8,151,146.31,148.32,1114364
20100929,0,147.99,151.39,146.82,149.16,1467478
20100930,0,150.9,151.17,146.07,147.4,1487998
20101001,0,148.96,149.65,144.41,147.25,1420232
20101004,0,146.1,146.32,141.38,142.06,1232886
20101005,0,143.61,144.08,140.96,142.36,1442953
20101006,0,141.8,142.75,138.49,138.55,2232385
20101007,0,142.29,143.18,139.3,140.43,2102916
20101008,0,140,140.2,136.98,137.45,1738067
20101011,0,138.8,140.75,137.82,139.48,1392334
20101012,0,138.41,138.9,136.2,136.8,1584641
20101013,0,137.65,138.38,136.5,136.78,1636778
20101014,0,138.95,145.56,138.25,142.47,3226348
20101015,0,143.43,144.68,140.11,144.65,2200115
20101018,0,143.96,148.64,143.8,147.07,2121490
20101019,0,143.81,145.2,142.75,143.77,1901439
20101020,0,143.72,145.56,142.86,143.41,936991
20101021,0,143.53,146.62,142.21,144.7,1093776
20101022,0,145.15,146.49,144.14,145.27,656964
20101025,0,146.87,148.3,146.7,147.11,883331
20101026,0,147.26,148.89,145.44,148.18,625039
20101027,0,147.5,150.4,147.01,150.12,1297978
20101028,0,151.88,153.3,149.12,151.17,1544289
20101029,0,139.15,142.45,136.21,137.47,4694812
20101101,0,137.84,137.84,133.8,134.36,2798965
20101102,0,134.42,138.43,134.08,137.35,1739870
20101103,0,137.64,138.44,134.2,137.47,1590216
20101104,0,140.13,140.19,134.72,136.36,2440436
20101105,0,135.83,140.79,135.7,138.69,1828845
20101108,0,138.21,141.34,137.81,140.33,1408979
20101109,0,140.77,141,138.5,138.88,1360943
20101110,0,138,140.5,137.65,140.13,1137966
20101111,0,137.86,141.4,136.84,140.86,1262281
20101112,0,139.65,142.42,137.7,138.6,1437451
20101115,0,138.4,140.2,137.86,139.75,936345
20101116,0,138.06,138.5,129.72,130.62,3244099
20101117,0,129.19,129.25,122.51,122.83,4885668
20101118,0,124.23,126.36,121.34,123.63,3044218
20101119,0,123.77,128.08,123.16,126.59,2692508
20101122,0,126.45,126.45,123.88,124.51,1791999
20101123,0,123,125.2,122.12,124.44,2205055
20101124,0,125,127.15,124.4,126.21,1125440
20101126,0,126,126.28,125.15,125.95,464993
20101129,0,127.45,127.75,121,122.33,2803558
20101130,0,121.04,123.95,120.9,122.94,1559029
20101201,0,124.99,127.99,124.56,126.67,1646668
20101202,0,126.73,132.1,126.5,131.51,1804878
20101203,0,129.95,131.8,129.12,131.32,1199053
20101206,0,131.97,134.24,131.06,133.98,1184726
20101207,0,134.96,135.95,130.66,131.11,1196998
20101208,0,132.08,134.39,131.11,133.65,984974
20101209,0,134.79,135.5,132.5,133.1,920070
20101210,0,134.34,139.66,133.86,138.41,2236658
20101213,0,139.07,139.5,136.78,137.05,994047
20101214,0,137.05,139.99,136.7,136.91,1290546
20101215,0,140,140.73,134.73,135.06,2734131
20101216,0,135.28,136.23,131.65,135.64,1646644
20101217,0,134.93,135.6,131.39,132.43,2049487
20101220,0,133.95,134,131.28,132.04,1273126
20101221,0,132.54,133.95,131.61,132.97,1066424
20101222,0,133.65,133.77,131.38,131.69,865485
20101223,0,131.75,132.45,131.42,131.83,538341
20101227,0,131.35,131.74,129.23,131.21,975883
20101228,0,130.92,131.18,128.89,129.16,1053220
20101229,0,129.35,130.55,129.09,129.77,723590
20101230,0,129.72,131.25,129.23,130.96,668365
20101231,0,130.74,131.47,129.61,130.17,524597
20110103,0,131.8,133.2,131.73,132.64,991102
20110104,0,133.5,133.51,130.42,131.08,1084412
20110105,0,130.52,132.7,130.24,131.55,716085
20110106,0,131.49,135.84,131,134.28,1368551
20110107,0,134.75,135.5,132.4,133.76,681874
20110110,0,133.77,137.38,133.77,136.61,1466622
20110111,0,137.39,138.47,135.39,137.47,1014710
20110112,0,139,140.14,138.12,139.75,1207789
20110113,0,139.5,142.11,139,141.46,1276457
20110114,0,140.77,141.49,139.21,140.75,925213
20110118,0,140.01,148.43,139.97,148.1,2078925
20110119,0,146.29,148.67,143.19,143.71,1885016
20110120,0,141.98,147.9,141.91,147.21,1262412
20110121,0,148.03,148.6,144.45,147.35,1555781
20110124,0,150.25,157.5,150.22,156.3,3505013
20110125,0,154.51,158.71,149.65,150.6,2975238
20110126,0,150.88,153.7,148.64,151.54,1931543
20110127,0,151.55,153.38,150.69,151,1069044
20110128,0,150.71,153,147.42,147.42,1167072
20110131,0,147.77,154.81,147,154.51,1675977
20110201,0,155.61,159.23,153.45,156,1966412
20110202,0,157.32,165.9,157.32,164.4,2992017
20110203,0,162.19,163,159.48,162.16,1346355
20110204,0,159.23,160.72,157.16,157.63,1320834
20110207,0,159,163,158.62,159.38,1102437
20110208,0,156.36,158.67,155.77,158.66,1332837
20110209,0,159.49,159.75,154.06,155.28,1065417
20110210,0,154.97,158.87,154.14,157.47,912690
20110211,0,157.93,167.4,156.29,165.76,2568965
20110214,0,164.89,172.3,164.01,167.69,2292791
20110215,0,167.95,170.14,165.27,166.07,1030886
20110216,0,167.43,169.32,166.3,168.95,1120018
20110217,0,169.89,171.96,169,170.76,1530982
20110218,0,174.71,175.45,167.39,167.78,1889636
20110222,0,166.17,169.91,163.2,164.01,1406964
20110223,0,164.78,167.14,159.9,163.19,1534384
20110224,0,164.35,168.74,163,164.92,2240000
20110225,0,161.51,161.51,155,155.77,3212452
20110228,0,154.12,155.21,146.79,147.4,3201345
20110301,0,148.2,150.65,145.01,147.12,2342321
20110302,0,148.19,149,144.59,145.64,1915055
20110303,0,149.01,150.6,143.9,145.95,2860757
20110304,0,146.18,148.39,145.22,146.71,1908316
20110307,0,147.45,147.7,141.71,142.82,1430661
20110308,0,142.66,143.87,139.51,143.04,1855900
20110309,0,143.59,144.3,141.03,142.7,1393490
20110310,0,141.17,142.19,138,140.11,1520973
20110311,0,137.95,141.08,137.1,139.84,1424230
20110314,0,146.7,147.3,144.1,146.98,2817161
20110315,0,151.82,159.3,150.28,159.19,6086747
20110316,0,157.58,158.5,152.3,155.4,2999715
20110317,0,156.37,158.5,152.54,153.8,1913506
20110318,0,154.46,155,149.51,149.9,1951532
20110321,0,151.6,152.18,149.83,150.2,1150365
20110322,0,151.82,152.01,147.69,148.88,883463
20110323,0,148.82,150.81,147.81,149.86,937801
20110324,0,151.49,151.96,149.25,150.08,665254
20110325,0,151,151,147.93,150.37,1154531
20110328,0,153,156.87,152.95,153.21,1718939
20110329,0,153.4,157.82,152.25,156.02,1045329
20110330,0,158,158.53,154.2,155.22,989332
20110331,0,155.42,161.01,155.42,160.52,1599591
20110401,0,162.27,163,156.77,159.16,1681354
20110404,0,161.38,161.4,155.1,155.8,887021
20110405,0,156,156.78,151.8,152.23,941797
20110406,0,154.38,154.45,148.07,150.32,1510405
20110407,0,147.95,149.64,146.6,148.69,1272158
20110408,0,150.68,150.69,145.1,147.02,1083535
20110411,0,148.21,148.54,143.66,144.29,1026130
20110412,0,144.19,145.2,142.29,143.43,1029138
20110413,0,145.24,147.2,143.4,144.51,1514401
20110414,0,141.57,142.05,137.18,140.82,2752256
20110415,0,141.97,142.04,137.31,137.51,2261231
20110418,0,136.46,137.78,133.75,136.87,1494104
20110419,0,137.46,137.46,132.17,134.36,2289163
20110420,0,135.3,139.57,133.88,138.56,1695166
20110421,0,140,140,135.9,137,1061342
20110425,0,137.59,137.59,134.52,134.62,937917
20110426,0,135.55,137.92,133.63,136.45,1280283
20110427,0,136.7,139.84,136.28,138.54,1648893
20110428,0,138.33,139.64,136.21,138.38,1864897
20110429,0,144.39,144.99,138,139.5,2958127
20110502,0,140.84,140.87,136.82,137.44,1145587
20110503,0,136.97,137,133.85,134.5,1769811
20110504,0,126.89,129.7,124.3,126.29,4285777
20110505,0,125.51,130.95,125.5,127.91,2331057
20110506,0,129.55,132.65,128.2,129.95,1695537
20110509,0,131.57,131.6,127.7,130.07,1262637
20110510,0,129.14,130.48,125.6,128.45,1631319
20110511,0,128.94,128.95,123.39,124.21,1885799
20110512,0,124.54,132.29,124.41,132.02,2636974
20110513,0,131.28,131.74,125,125.6,1812214
20110516,0,125,127.03,124.09,125.16,973707
20110517,0,124.3,126.98,122.51,126.55,1873141
20110518,0,126.92,130.44,126.62,129.26,1582865
20110519,0,129.73,131.88,127.22,128.27,1403153
20110520,0,128.65,128.75,125.19,126.42,1385825
20110523,0,124.01,125.26,123.8,124.17,1334725
20110524,0,125.08,126.61,123.65,123.88,1094682
20110525,0,122.97,124.29,120,120.44,2761862
20110526,0,120.12,120.49,115.88,117.82,2975844
20110527,0,118.97,121.6,117.15,121.26,2025363
20110531,0,126.31,128.95,122.08,124.14,2541991
20110601,0,125.83,125.83,119.5,119.68,1790207
20110602,0,122.27,122.27,119.7,120.57,1599534
20110603,0,119,120.56,118.15,118.75,1148441
20110606,0,118.27,119.49,116.16,116.65,955403
20110607,0,117.14,118.59,116.71,117.85,819711
20110608,0,117.75,117.75,111.4,114.22,1935350
20110609,0,114.8,117.43,113.68,114.02,1258306
20110610,0,113.41,119.44,113,117.09,1432193
20110613,0,118.48,120.25,115.33,116.32,1313459
20110614,0,117.76,120.5,117.01,119.25,985000
20110615,0,117.39,119.56,116.08,116.8,926152
20110616,0,116.69,118.93,116.69,118.79,1278072
20110617,0,120.64,122.99,119.75,121.52,1703602
20110620,0,121.27,125.76,121,125.09,1692740
20110621,0,125.31,126,123.12,124.57,859628
20110622,0,123.87,125.09,120.94,122.94,1353343
20110623,0,120.37,122.69,116.5,122.45,2007708
20110624,0,121.65,121.65,116.29,116.29,1488470
20110627,0,116.15,117.7,115.06,116.69,1283781
20110628,0,117.21,124.66,117.02,124.59,2107493
20110629,0,124.27,129.6,123.29,129.26,2160249
20110630,0,135.12,142.22,131.5,132.44,6684914
20110701,0,130.66,133.48,129.11,133.14,1646494
20110705,0,132.03,133.21,131.21,132.04,831145
20110706,0,132,133.2,130.68,131.37,1126013
20110707,0,132.28,134.21,130.24,132.84,1938401
20110708,0,130.5,132.78,130.26,132.47,933053
20110711,0,130.32,130.98,126.55,126.86,1211213
20110712,0,126.58,126.84,123.25,124.1,1147424
20110713,0,125.43,127.01,123.55,125.13,854133
20110714,0,125.28,125.32,122.62,123.24,1069925
20110715,0,123.21,125.06,122.35,124.64,1132114
20110718,0,124.17,124.38,121.12,121.95,725019
20110719,0,123.13,125.94,122.57,123.73,917892
20110720,0,123.94,124.54,122.1,123.38,851906
20110721,0,123.46,125.25,123.01,125.24,770757
20110722,0,125.39,126.14,123.87,123.99,991435
20110725,0,123.02,124,120.58,120.59,1219685
20110726,0,121.05,122.29,119.52,120.13,900092
20110727,0,119.86,119.98,116.34,116.54,933564
20110728,0,116.55,119.79,116,117.63,985629
20110729,0,116.45,119.36,115.62,118.17,870856
20110801,0,121.35,123.86,116.75,117.48,1245016
20110802,0,116.47,117.93,115.01,115.09,1047663
20110803,0,115.6,116.35,112.69,115.43,1198027
20110804,0,112.06,113.92,107.5,107.92,2372080
20110805,0,106.14,111.69,99.03,105.41,4029532
20110808,0,96.9,101.4,96.17,100.11,3932092
20110809,0,101.4,102.3,92.75,99.65,3371249
20110810,0,100.68,107.99,97.1,100.25,3738398
20110811,0,101.16,103.92,99,103.09,2872843
20110812,0,104.3,105.54,103.6,104.1,1049626
20110815,0,104.31,106.81,104.13,106.12,1650153
20110816,0,104.48,105.25,102.26,104.36,1522178
20110817,0,101.09,101.95,96.32,99.37,3198615
20110818,0,96.41,98,94.17,94.77,1720704
20110819,0,93.43,95.35,87.62,88.75,3339471
20110822,0,90.75,91.82,87.29,87.7,1887405
20110823,0,89.18,95.36,88.71,94.18,2253970
20110824,0,94.49,95.73,91.12,95.62,1119457
20110825,0,96.19,98.46,95.58,96.62,1655978
20110826,0,98.41,101.55,96.18,100.54,1598881
20110829,0,102.48,103.6,100.62,102.26,977859
20110830,0,101.62,102.81,100.58,101.9,1238350
20110831,0,102.38,103,99.61,99.82,1176787
20110901,0,99.34,99.5,96.6,96.93,1698413
20110902,0,94.07,95.33,88.82,90.12,2904195
20110906,0,87.21,89.82,86.14,87.64,2681125
20110907,0,90,90.33,88.66,90,2100149
20110908,0,90.18,91.09,85.96,86.7,2271352
20110909,0,86.65,87.99,82.11,85,3180145
20110912,0,86.23,86.81,83.57,86.02,2376425
20110913,0,86.35,91.81,84.73,90.76,2840597
20110914,0,91,92,89.21,91.43,2111136
20110915,0,92.18,93.64,88.31,90.48,1851963
20110916,0,90.22,90.91,84.78,85.62,2863720
20110919,0,83.99,84.82,80.59,83.97,2276623
20110920,0,84.07,84.14,78.68,79.2,2255882
20110921,0,77.5,79.59,72.59,73.57,6143247
20110922,0,68.95,72.38,66.19,66.91,5176516
20110923,0,66,72.49,61.55,70.06,7590340
20110926,0,71.62,73.49,67.8,71.75,2310841
20110927,0,73.71,76,71.66,72.17,1951211
20110928,0,72.11,72.33,64.54,64.85,3766654
20110929,0,66.2,66.98,62.75,64.92,2181289
20110930,0,63.57,66.64,62.08,63.17,4030292
20111003,0,61.83,63.75,58,58,4129478
20111004,0,56.7,63.3,55.68,57.75,5854202
20111005,0,58.93,63.25,58.08,60.88,3665622
20111006,0,61.25,67.72,60.39,64.62,4550868
20111007,0,64.85,65.2,58.53,59.68,3314357
20111010,0,60.79,61.68,58.13,59.64,2312578
20111011,0,58.99,60,54.92,55.85,5585864
20111012,0,53.57,57.95,53.05,57.05,3937079
20111013,0,56.49,57,54.89,56.81,2423092
20111014,0,57.67,59.13,55.6,56.25,2778032
20111017,0,55.05,55.22,52.32,52.8,3246497
20111018,0,53.88,56.65,52.32,55.83,4432953
20111019,0,56.28,56.3,50.88,51.12,3565249
20111020,0,51.45,53.26,50.87,52.34,2786356
20111021,0,52.94,55.12,52.14,53.76,3137578
20111024,0,54.31,60.99,53.71,57.96,4412080
20111025,0,58.11,58.61,42.5,43.12,23029069
20111026,0,47.54,52.44,44.76,46.13,12355501
20111027,0,48.4,55.28,46.84,52.71,7891548
20111028,0,52.73,54.81,51.55,53.99,3747700
20111031,0,52.2,52.22,49.12,49.8,4073546
20111101,0,47.5,48.07,46.12,46.8,3363243
20111102,0,47.66,50.1,46.75,47.16,3599562
20111103,0,48.32,48.99,45.55,48.11,3020952
20111104,0,48.68,52.7,48.18,49.49,4819069
20111107,0,49.5,49.6,46.64,47.72,3031189
20111108,0,48.88,48.89,46.82,47.52,2314972
20111109,0,46.1,46.87,44.65,44.96,2680249
20111110,0,45.98,46,43.46,45.13,4046031
20111111,0,44.62,46.63,44.2,46.1,1892867
20111114,0,45.34,46.28,44.01,44.67,1862970
20111115,0,44.05,45.27,43.8,45.05,3153747
20111116,0,44.58,45.87,43.8,44.13,3543056
20111117,0,44.09,47.3,43.53,45.61,5316898
20111118,0,45.75,46.44,44.71,45.48,2158588
20111121,0,44.05,44.5,42.81,43.6,2804849
20111122,0,43.37,43.9,40.64,40.79,3173573
20111123,0,40.75,42.99,40.05,41.68,3701923
20111125,0,41.31,41.63,40,40.3,1369020
20111128,0,41.95,44.55,41.9,44.5,2823632
20111129,0,44.05,45.33,43.62,43.78,2074899
20111130,0,45.99,47.92,45.75,47.85,2909930
20111201,0,47.63,48.38,46.71,47.48,2271562
20111202,0,48.13,49.47,47.33,47.85,2298700
20111205,0,48.51,49.17,47.12,47.68,1762676
20111206,0,47.77,47.95,45.93,46.18,1543284
20111207,0,49.03,51.89,47.56,48.06,6871271
20111208,0,48.17,48.17,45.11,45.26,2949353
20111209,0,45.61,46.5,44.71,45.77,1939119
20111212,0,45,45.39,43.83,44.36,1930318
20111213,0,44.84,45.25,42.07,42.59,3193409
20111214,0,37.3,37.3,33.08,33.36,16171654
20111215,0,33.66,33.66,30.04,31.37,12341575
20111216,0,31.8,32.19,29.9,31.86,7471332
20111219,0,31.64,33.35,29.87,30.59,6655733
20111220,0,31.15,33.3,31.15,32.82,4855611
20111221,0,32.72,33.05,31.44,31.88,3175136
20111222,0,32.21,34.59,32.19,34.19,5077606
20111223,0,34.8,35.96,33.8,34.7,5456971
20111227,0,34.69,34.69,32.71,32.95,2860451
20111228,0,33.05,33.5,31.75,32.06,1775967
20111229,0,32.35,33.03,31.45,32.85,2446011
20111230,0,32.88,33.84,32.74,33.8,1859809
20120103,0,35,36.64,34.76,35.83,3812790
20120104,0,35.57,35.57,33.5,34.73,4338625
20120105,0,34.34,35.89,33.93,35.5,2531090
20120106,0,35.69,35.8,34.89,35.24,1842922
20120109,0,35.12,37.18,35.12,36.83,2842692
20120110,0,37.6,38.95,36.97,38.77,3642768
20120111,0,39.45,43.49,39.02,41.81,9046662
20120112,0,42.18,42.44,39.39,41.54,4100540
20120113,0,40.82,41.24,39.55,39.84,2574047
20120117,0,41.21,41.34,39.73,39.93,2598817
20120118,0,40.51,43.74,39.94,42.98,4210738
20120119,0,43.3,44.16,38.36,38.74,10436249
20120120,0,38.78,39.61,37.9,38.43,3819109
20120123,0,38.56,39.63,37.67,37.91,3031187
20120124,0,37.55,38.42,36.33,38.04,2692335
20120125,0,38.41,38.96,37.61,38.66,2440486
20120126,0,38.9,41.75,38.9,40.89,4469102
20120127,0,40.89,46.27,40.89,45.62,7691567
20120130,0,44.49,47.1,43.29,43.93,4918627
20120131,0,45.36,45.48,42.07,42.32,4735796
20120201,0,43.49,43.78,42.1,42.62,2910346
20120202,0,42.98,45.58,42.11,44.73,3677588
20120203,0,45.87,46.24,44.94,45.14,2560309
20120206,0,45.21,47.28,44.54,46.45,4052528
20120207,0,46.12,47.99,46,46.56,3044863
20120208,0,46.71,47.36,45.39,45.8,2569112
20120209,0,46.3,50.2,45.61,49.05,7977783
20120210,0,46.56,46.79,43.67,43.89,7148053
20120213,0,44.44,44.79,41.3,41.72,5289952
20120214,0,40,40.01,37.88,39.19,7306179
20120215,0,39.98,40.33,39,39.07,3392949
20120216,0,39.24,39.8,38.95,39.68,2208441
20120217,0,43.05,45.2,42.23,42.61,8843902
20120221,0,43.16,43.48,42,42.38,3070127
20120222,0,42.05,42.05,40.25,40.47,3720379
20120223,0,38.76,39,36.65,37.22,7651447
20120224,0,37.72,37.93,35.48,35.52,6859050
20120227,0,35.1,36.35,34.5,36.17,4844429
20120228,0,36.45,37.18,35.91,36.43,5758195
20120229,0,33.56,34.01,31.86,32.12,12383640
20120301,0,32.46,32.55,30.19,30.44,11599500
20120302,0,30.36,30.76,29.9,30.02,8250551
20120305,0,29.95,30.07,27.5,28.08,10642021
20120306,0,27.59,28.53,27.5,27.63,6829896
20120307,0,28,28.25,25.5,25.76,11497012
20120308,0,25.54,26.89,25.29,26.15,6943419
20120309,0,26.05,27.88,26.04,27.49,6574635
20120312,0,27.6,27.97,25.6,25.81,6762352
20120313,0,26.05,27.42,25.83,27.31,4964349
20120314,0,28,28.45,26.86,27.1,4517037
20120315,0,27.19,28.14,27.1,27.86,3528677
20120316,0,28.38,29.37,28.08,29.08,4777973
20120319,0,28.98,29.63,28.36,28.61,3144527
20120320,0,28.31,28.62,27.08,27.44,6139120
20120321,0,27.25,27.43,25.73,26.32,6939083
20120322,0,26.33,27.35,26.3,26.93,4819923
20120323,0,26.88,26.98,25.85,26.12,4739672
20120326,0,26.43,26.99,26.22,26.38,3259847
20120327,0,26.25,26.85,26.01,26.1,3174500
20120328,0,26.06,26.23,24.5,25.06,6441328
20120329,0,24.83,25.32,24.5,25.15,4226501
20120330,0,25.29,25.47,24.61,25.1,2402531
20120402,0,25.14,25.16,24.51,24.51,3413264
20120403,0,24.34,24.35,22.42,22.57,8414818
20120404,0,22.09,23.05,21.5,21.78,8699566
20120405,0,21.6,22,20.5,20.98,8124002
20120409,0,20.49,20.92,20.05,20.19,4606507
20120410,0,20.25,21.84,20.02,21.35,8881716
20120411,0,21.7,23.88,21.37,22.54,13295119
20120412,0,22.62,22.96,21.6,22,7341643
20120413,0,21.82,22.47,20.75,20.88,5989784
20120416,0,21.31,21.55,20.55,20.76,4975102
20120417,0,21.6,23.8,20.53,22.96,15908551
20120418,0,23.7,23.75,21.28,21.38,9330878
20120419,0,21.3,21.88,20.99,21.4,5163551
20120420,0,21.47,22.08,20.65,20.72,4628454
20120423,0,20.01,20.13,18.97,19.24,5845795
20120424,0,19.19,19.36,18.57,18.7,5473207
20120425,0,18.87,18.96,18.05,18.38,5096133
20120426,0,18.3,18.84,18.11,18.3,3737551
20120427,0,18.4,18.7,17.81,18.38,3623743
20120430,0,17.93,18.94,17.84,18.42,5140279
20120501,0,19.17,19.48,18.35,18.41,6992199
20120502,0,18.26,18.38,17.65,18.2,4262171
20120503,0,18.05,18.33,17.5,18.08,5591564
20120504,0,18.53,19.2,16.8,16.95,11010668
20120507,0,16.88,17.67,16.62,17.67,6261286
20120508,0,17.56,17.58,16.5,16.51,6106056
20120509,0,16.25,17.25,16.05,16.94,5258357
20120510,0,17.16,17.4,16.18,16.2,5928063
20120511,0,15.94,16.44,15.75,16.22,4863722
20120514,0,15.87,16.65,15.68,16.24,3755141
20120515,0,16.11,16.34,15.15,15.2,4719455
20120516,0,15.37,15.63,13.75,14.01,8363107
20120517,0,13.96,15.25,13.91,14.93,10121214
20120518,0,15.05,15.1,13.66,13.69,6493766
20120521,0,13.7,14.2,13.37,13.91,4535531
20120522,0,13.84,13.93,13.21,13.57,5252861
20120523,0,13.46,14.32,13.27,14.31,3707567
20120524,0,14.53,14.54,13.58,14.1,3383809
20120525,0,14.14,14.85,14.05,14.33,4345860
20120529,0,14.23,14.7,14.08,14.2,3457241
20120530,0,13.95,13.97,13.37,13.41,3274479
20120531,0,13.37,13.4,12.19,12.56,6874670
20120601,0,12.13,12.25,11.54,11.77,6435741
20120604,0,11.83,12.39,11.43,12.26,6164986
20120605,0,12.14,12.97,12.1,12.64,4071482
20120606,0,12.73,13.77,12.71,13.32,4927333
20120607,0,13.51,13.84,12.77,12.83,4396498
20120608,0,12.7,12.84,12.51,12.75,2711828
20120611,0,13.1,13.19,12.29,12.32,3205951
20120612,0,12.54,15.43,12.5,14.98,21052737
20120613,0,14.76,14.77,13.64,13.83,16283118
20120614,0,13.97,14.13,13.28,13.42,6502439
20120615,0,13.45,14.15,13.25,13.93,6259023
20120618,0,13.85,15.17,13.76,14.48,8396698
20120619,0,14.87,15.62,14.48,15.25,9374914
20120620,0,15.3,15.56,14.8,14.92,5222174
20120621,0,15,15.34,14.52,14.55,5606414
20120622,0,15.12,16.42,15.06,15.8,11310902
20120625,0,15.57,15.65,14.9,15.2,4928512
20120626,0,15.32,15.7,14.83,14.9,3780366
20120627,0,14.87,15.49,14.85,15.35,3013110
20120628,0,15.25,15.3,14.5,14.74,5085597
20120629,0,15.35,15.36,14.62,15.04,4354765
20120702,0,15.19,15.55,15.01,15.26,4429832
20120703,0,15.45,16.19,15.35,15.67,3815474
20120705,0,15.88,15.97,15.35,15.44,2622469
20120706,0,15.23,15.38,14.8,14.99,2428153
20120709,0,15,15.18,14.5,14.58,2143750
20120710,0,14.68,15.05,13.87,14.13,3203852
20120711,0,14.12,14.72,14.07,14.65,2549570
20120712,0,14.19,14.47,13.86,13.99,3295463
20120713,0,14.01,14.24,13.87,14.14,2261750
20120716,0,14.22,15.51,13.98,14.98,5831138
20120717,0,15.02,15.11,14.28,14.43,2960747
20120718,0,14.3,14.76,14.15,14.46,2144203
20120719,0,14.55,15.7,14.46,15.13,4129622
20120720,0,15,15.09,14.74,14.81,2198728
20120723,0,14.4,14.44,14.01,14.25,2499490
20120724,0,13.84,14.3,13.81,14.06,2391466
20120725,0,14.15,14.59,13.86,14.17,2484546
20120726,0,14.42,14.6,13.97,13.98,2856727
20120727,0,14.09,14.54,13.91,14.47,2741075
20120730,0,14.49,14.58,13.93,14.2,3847864
20120731,0,14.33,15.59,14.32,15.57,5894603
20120801,0,15.59,15.78,14.59,14.87,6805067
20120802,0,17,19.12,16.71,17.97,26371361
20120803,0,18.3,18.48,17.01,17.04,9833046
20120806,0,17.16,19.37,17.11,19.1,11825103
20120807,0,19.53,21.15,19.43,20.65,12744310
20120808,0,21.15,21.8,20.68,21.32,8082234
20120809,0,21.35,22.12,20.82,21.67,6994181
20120810,0,21.54,21.63,20.92,21.42,4850878
20120813,0,21.37,21.39,20.03,20.46,5463127
20120814,0,20.7,20.84,19.59,20.02,4779355
20120815,0,19.56,21.27,19.56,21.07,5119498
20120816,0,21.14,22.19,21.11,21.48,5186258
20120817,0,21.55,21.98,21.09,21.26,4399264
20120820,0,21.29,23.16,21.02,22.48,8100973
20120821,0,23.08,25.06,22.77,24.07,14166292
20120822,0,23.92,24.82,23.31,23.89,8234675
20120823,0,24.4,25.16,24,24.59,7652824
20120824,0,24.73,24.98,24.28,24.78,5741831
20120827,0,25.13,25.91,24.86,25.51,6357940
20120828,0,25.49,26.31,25.36,25.68,5078563
20120829,0,25.61,25.79,24.01,24.18,6154358
20120830,0,23.4,23.5,19.65,19.66,24322492
20120831,0,20.39,21.18,19.83,20.02,11186476
20120904,0,19.8,19.94,18.3,18.9,10836419
20120905,0,19.26,19.45,18.57,18.6,6415312
20120906,0,19,21.05,18.71,20.01,13335051
20120907,0,20.12,20.67,19.38,20.44,10150719
20120910,0,20.74,21.71,20.64,20.81,7322743
20120911,0,21.64,22.23,21.26,21.81,7907643
20120912,0,22.04,22.69,21.85,22.44,6622676
20120913,0,22.52,22.8,21.71,22.58,6783898
20120914,0,23.01,24.93,22.85,24.6,10051386
20120917,0,24.67,24.67,23.03,23.2,6134548
20120918,0,23.21,23.95,22.6,23.09,5729073
20120919,0,23.42,24.6,23.22,23.47,7035897
20120920,0,23.49,23.58,22.32,22.55,6086253
20120921,0,22.33,22.78,21.02,21.3,8560639
20120924,0,20.93,21.15,20.32,21.03,5527079
20120925,0,21.41,21.73,20.5,20.53,5300325
20120926,0,20.55,21.33,20,20.89,4855314
20120927,0,21.6,24.33,21.56,23.08,14089700
20120928,0,22.51,23,22.02,22.17,5713263
20121001,0,22.43,22.65,21.81,21.91,4602517
20121002,0,22.39,23.29,21.92,22.89,6105163
20121003,0,23,23.39,21.8,21.98,5430655
20121004,0,22.27,23.15,21.6,22.56,6229875
20121005,0,21.9,22.12,19.68,20.04,14446233
20121008,0,20.31,20.94,20.14,20.26,4489031
20121009,0,20.4,21.13,20.12,20.79,5708364
20121010,0,20.85,21.29,20.56,21,5026299
20121011,0,21.88,22.21,21.5,21.72,6075453
20121012,0,21.8,22.33,21.74,22.14,3524730
20121015,0,22.22,22.4,21.82,22.22,3321719
20121016,0,22.4,24.3,22.22,24.08,7927355
20121017,0,24.6,25.94,24.5,25.22,10459273
20121018,0,24.94,25.55,24.6,25.17,4478946
20121019,0,24.85,25,23.21,23.57,6024946
20121022,0,23.79,24.28,23.4,23.8,2636881
20121023,0,22.99,23.52,22.56,23.34,3027201
20121024,0,23.54,23.73,22.84,23.38,2309851
20121025,0,23.6,24.08,22.75,23.8,3818204
20121026,0,23.77,24.5,23.6,23.97,2753432
20121031,0,24.2,24.37,23.83,24.31,2188709
20121101,0,24.5,24.9,24.14,24.75,3893083
20121102,0,22.85,23.53,22.2,22.6,7357343
20121105,0,22.38,23.44,22.37,23.33,3086023
20121106,0,23.45,25.28,23.25,24.84,5872035
20121107,0,25.15,25.64,23.63,23.71,6737991
20121108,0,24.08,24.7,24.02,24.17,3837064
20121109,0,24.45,25.37,24.39,24.53,4046719
20121112,0,24.75,25.97,24.67,25.45,4814012
20121113,0,25.26,25.41,24.34,24.41,3422694
20121114,0,24.78,24.86,23.28,23.41,3069046
20121115,0,23.55,23.75,22.52,23.26,3001800
20121116,0,23.45,23.72,22.62,23.56,3323482
20121119,0,24.16,24.37,23.7,24.1,2683139
20121120,0,24.03,24.05,23.41,23.84,1750060
20121121,0,24.29,24.52,24.06,24.46,1779571
20121123,0,24.49,24.98,24.35,24.49,1309755
20121126,0,24.75,25.48,24.41,25.24,3074905
20121127,0,25.2,27.27,25.1,26.32,10326410
20121128,0,26.28,27.75,25.2,27.21,8161768
20121129,0,27.46,27.69,26.7,27.03,4371676
20121130,0,26.86,27.48,26.74,27,3743832
20121203,0,27.23,27.96,26.92,27.5,4503272
20121204,0,27.58,29.73,27.32,29.6,9607011
20121205,0,29.29,30.49,29.15,29.94,6882542
20121206,0,29.86,30.84,29.8,30.72,4644753
20121207,0,30.98,31.36,29.29,29.9,6100690
20121210,0,29.9,30.45,29.37,30.07,2904852
20121211,0,30.37,31.27,30.2,31.08,3290418
20121212,0,31.39,33.15,31.39,32,7991903
20121213,0,32.4,32.5,31.31,31.82,5737388
20121214,0,32.09,33.17,32.02,32.51,5153391
20121217,0,32.57,32.71,31.4,32,2730079
20121218,0,32.22,32.54,31.7,31.99,3155243
20121219,0,32.1,33.38,31.89,33.06,4345663
20121220,0,32.9,33.2,32.12,32.28,3159438
20121221,0,31.53,31.75,30.67,30.98,4001389
20121224,0,30.67,31.38,29.58,30.25,2024565
20121226,0,30.26,31.22,30.25,30.59,2365052
20121227,0,30.75,30.75,29.57,30.03,2321396
20121228,0,29.74,30.55,29.48,29.81,2198053
20121231,0,29.61,30.91,29.49,30.83,2963503
20130102,0,32.02,32.5,31.42,31.97,2954828
20130103,0,32.6,35.6,32.3,34.39,9581010
20130104,0,33.305,34.3,33.01,33.61,4287084
20130107,0,33.09,33.2,31.05,31.32,6389720
20130108,0,31.6,31.93,30.43,30.99,4158602
20130109,0,31.45,32.45,31.45,31.9,3504910
20130110,0,32.3,32.62,31.66,31.95,3250090
20130111,0,32.08,32.65,31.95,32,1972605
20130114,0,31.84,32,30.57,31.16,3150424
20130115,0,31.34,31.77,30.76,31.61,1982834
20130116,0,31.4,31.64,30.18,30.71,3233930
20130117,0,30.9,31.68,30.46,30.59,3154889
20130118,0,30.69,30.87,29.93,30.04,2737287
20130122,0,30.22,31.67,30.21,31.57,3650623
20130123,0,31.83,31.99,30.99,31.13,2181553
20130124,0,30.84,31.9,30.05,30.29,3400658
20130125,0,30.34,30.93,30.08,30.2,2582784
20130128,0,30.62,30.62,29.52,29.705,2619607
20130129,0,29.7,29.76,27.73,27.94,6648325
20130130,0,27.95,28.46,27.67,27.9,2586943
20130131,0,27.92,28.3999,27.82,28.175,2253634
20130201,0,28.41,28.77,27.86,28.365,3286893
20130204,0,27.91,29.39,27.6,28.3401,3508143
20130205,0,28.69,30.55,28.26,28.9801,6761805
20130206,0,29.82,31.25,29.62,31.17,6536827
20130207,0,31.5,31.64,30.6601,31.06,3271660
20130208,0,30.78,30.8,30.04,30.37,2148425
20130211,0,30.54,32.58,30.51,32.39,6406229
20130212,0,32.36,33.88,32.1,33.75,6358525
20130213,0,34.06,34.07,32.2,32.44,4434104
20130214,0,32.23,35.44,32.16,34.93,7759628
20130215,0,34.87,35.4199,33.75,34.0601,6070070
20130219,0,34.14,36.98,34.14,36.16,9949348
20130220,0,36.31,36.82,35.07,35.08,6908617
20130221,0,34.89,35.44,33.88,34.44,5037983
20130222,0,34.31,34.7,32.85,33.81,5996968
20130225,0,34.2,34.79,32.7,32.77,4375034
20130226,0,33,33,31.08,31.41,6795733
20130227,0,26.81,27.38,25.5,27.02,20711880
20130228,0,27.38,27.8,25.61,25.85,9068589
20130301,0,25.42,25.79,24.92,25.32,5292902
20130304,0,25.31,25.42,24.46,24.69,4924196
20130305,0,24.79,25.62,24.79,25.09,4350002
20130306,0,25.84,27.22,25.71,25.88,7823184
20130307,0,26.01,26.27,25.35,26.09,5618055
20130308,0,26.4,26.7,26.11,26.26,3086997
20130311,0,26.24,26.94,25.76,26.6,3097564
20130312,0,26.72,27.48,26.38,27.46,4414049
20130313,0,27.23,27.54,26.7,26.91,3630718
20130314,0,26.87,27.32,26.33,27.24,3491076
20130315,0,27.2,27.28,26.4,26.56,3691632
20130318,0,26.06,26.98,25.8,26.92,3143347
20130319,0,26.9,27.9,26.49,27.85,5357846
20130320,0,27.99,29.71,27.85,29.49,7331714
20130321,0,28.92,29.56,28.7,28.98,4002742
20130322,0,29.06,29.24,28.33,28.8,3641139
20130325,0,28.91,29,27.8,28.02,3133562
20130326,0,28.17,28.19,27,27.6,3618870
20130327,0,27.35,27.48,26.92,27.43,2970165
20130328,0,27.33,27.94,26.81,26.99,2625362
20130401,0,27.27,27.5,26.75,26.8,1782137
20130402,0,26.87,27.07,26.13,26.21,2123856
20130403,0,26.22,26.86,25.81,26.08,2884615
20130404,0,25.98,26.69,25.71,26.47,2805557
20130405,0,26.03,26.87,25.66,26.43,2377613
20130408,0,26.78,27.72,26.32,27.07,4985657
20130409,0,27.13,41,26.76,39.47,45366818
20130410,0,36.99,38.49,35.95,36.34,23174499
20130411,0,36.37,38.1,36.1,37.16,11286394
20130412,0,36.94,38.64,36.51,37.15,7575927
20130415,0,36.97,37.64,35.15,36.03,7050209
20130416,0,36.52,38.01,36.1,37.57,6404323
20130417,0,36.88,39.47,36.26,37.38,10390366
20130418,0,37.49,38.39,36.77,37.65,5100382
20130419,0,37.96,38.74,37.75,38.07,4643352
20130422,0,38.68,39.87,37.41,38.74,6559194
20130423,0,39.11,40.61,38.87,40.31,6105393
20130424,0,40.92,45.93,40.75,45.06,16218926
20130425,0,44.17,45.63,43.37,44.49,8815823
20130426,0,44.82,45.95,43.62,44.09,7460266
20130429,0,44.68,46.24,44.3,45.55,6777499
20130430,0,45.74,47.46,45.65,46.54,6509463
20130501,0,46.7,46.8,45.38,45.78,3977146
20130502,0,45.91,46.72,44.11,46.52,7038274
20130503,0,47,47.2,45.62,45.97,4621426
20130506,0,46.63,47.78,46.15,47.65,6603845
20130507,0,46.62,46.72,42.61,43.44,12251214
20130508,0,43.54,45.72,42.9,45.21,6186172
20130509,0,45.02,48.66,44.76,47.12,6799080
20130510,0,47.02,49.55,47,49.32,7127545
20130513,0,50,52.69,49.7,50.43,7804444
20130514,0,49.96,50.88,48.63,50.58,7167744
20130515,0,51.41,51.9,49.6,50.1,4793700
20130516,0,50.56,50.95,48.24,48.39,4829732
20130517,0,49.41,50.62,48.75,50.01,4663190
20130520,0,50.15,55.5,50.1,54.91,11315299
20130521,0,55.51,59,53.87,55.6,13913097
20130522,0,55.77,55.96,50.68,52.35,10125909
20130523,0,50.5,53.1,49.5,51.58,8087199
20130524,0,52.05,53.46,50.86,51.48,4994062
20130528,0,53.18,53.6255,50.51,51.06,6015971
20130529,0,50.4,52.99,50,51.75,5485489
20130530,0,55.25,56.75,54.41,55.12,8771889
20130531,0,54.67,56.49,54.47,54.51,5374269
20130603,0,54.24,54.92,51.05,53.27,5276483
20130604,0,53.72,54.67,51.82,52.61,4466324
20130605,0,51.6,52.7,50.33,50.99,4005422
20130606,0,51.14,53.22,51.05,53.2,4152171
20130607,0,53.81,54.75,52.07,53.14,3607342
20130610,0,53.6,56.7,52.85,56.35,6232349
20130611,0,55,55.1,52.07,52.27,7243100
20130612,0,49.49,51.66,46.71,46.72,13271434
20130613,0,45.43,46.49,45.15,45.98,15627707
20130614,0,46.56,46.81,44.34,44.68,8531076
20130617,0,45.31,46.5,44.8,45.29,6765280
20130618,0,45.61,46.5,45.55,46,4497880
20130619,0,46.15,46.15,44,44.58,5369404
20130620,0,43.46,44.07,41.67,42.09,4840032
20130621,0,42.34,42.84,40.46,41.45,6853418
20130624,0,41.9,42.56,40.82,41.29,6824005
20130625,0,42.04,44.89,42.04,44.52,9838053
20130626,0,45.21,46.15,45,45.13,7036307
20130627,0,45.75,45.81,44.44,44.49,4519078
20130628,0,44.845,45.85,44.12,45.01,6103864
20130701,0,45.39,47.44,45.28,46.33,6120055
20130702,0,46.1,47.43,44.65,45.12,4883593
20130703,0,44.96,45.97,44.71,45.69,2724621
20130705,0,46.29,46.8,45.51,46.34,3336004
20130708,0,46.8,47.57,45.6,46.04,4010638
20130709,0,46.2,46.55,44.75,44.97,3886638
20130710,0,44.82,45.67,44.17,44.65,3305347
20130711,0,45.36,46.7,44.91,46.49,3952464
20130712,0,46.47,48.65,46.3,47.65,5681561
20130715,0,48.99,51,48.84,50.31,7678950
20130716,0,50,51.6,48.69,48.91,7820127
20130717,0,49.16,49.82,48.33,49.08,3711645
20130718,0,49.32,50.17,48.6,48.89,3092883
20130719,0,48.65,48.92,47.7,48.25,2791704
20130722,0,48.56,50,48.4,49.03,3548677
20130723,0,49.57,50.45,47.96,48,4086980
20130724,0,49,49.01,46.3,46.76,4054909
20130725,0,46.82,47.62,46.48,47.54,3211908
20130726,0,46.99,47.93,46.82,47.49,2370838
20130729,0,48.1,48.45,47.22,47.28,2409956
20130730,0,47.38,48.94,47.21,48.51,4005789
20130731,0,48.59,49.75,48.26,49.24,3861560
20130801,0,49.64,49.9,47.83,48.14,3382546
20130802,0,48.03,48.3,46.94,47.27,3216193
20130805,0,47.47,48.72,47.41,47.81,2947898
20130806,0,48.23,48.45,45.8,46.76,6539302
20130807,0,42.17,42.25,39.84,40.46,19171907
20130808,0,40.91,41.41,40.08,40.52,5059168
20130809,0,40.56,41.19,40.52,41.02,3313071
