20050210,0,1.61229,1.72477,1.17842,1.20519,31052405.677
20050211,0,1.20519,1.20519,0.776681,0.835602,45341789.27
20050214,0,0.937371,0.996303,0.862385,0.88381,14236725.724
20050215,0,0.964154,0.985594,0.91594,0.937371,13527483.129
20050216,0,0.958798,0.964154,0.819533,0.840959,19618668.34
20050217,0,0.889168,0.889168,0.819533,0.830246,7156078.52200001
20050218,0,0.814177,0.830246,0.755256,0.787396,10151725.036
20060718,0,6.15955,6.69516,5.96137,6.43271,26697644.92
20060719,0,6.15955,6.48091,6.15955,6.32023,24265291.316
20060720,0,6.26667,6.32559,6.19168,6.21846,19948559.018
20060721,0,6.18633,6.26667,6.1167,6.21846,13533847.512
20060724,0,6.12205,6.25596,6.08456,6.23453,11389203
20060725,0,6.11134,6.19704,6.02564,6.13277,13923300.92
20060726,0,6.031,6.22382,5.97208,6.17026,9541967.89
20060727,0,6.15955,6.50769,6.14348,6.45949,22722755.624
20060728,0,6.42735,6.59339,6.37915,6.57197,10404158.018
20060731,0,6.56661,6.74872,6.51305,6.7273,10413491.294
20060801,0,6.69516,6.69516,6.47556,6.57197,5886155.916
20060802,0,6.42735,6.75408,6.37379,6.74336,8768088.33199999
20060803,0,6.75408,6.95225,6.67373,6.93083,9418930.16399999
20060804,0,6.96297,7.02188,6.89334,6.98439,8593521.142
20060807,0,6.96297,7.01653,6.88262,7.01653,8289384.94999999
20060808,0,7.01653,7.04331,6.91476,7.02188,7288847.774
20060809,0,7.00581,7.02188,6.72194,6.78621,6773737.66799999
20060810,0,6.74872,6.85584,6.73265,6.80764,6739011.18
20060811,0,6.71658,6.82906,6.6041,6.7273,7569462.224
20060814,0,6.82906,6.96297,6.80764,6.88798,6260865.948
20060815,0,7.00581,7.11294,6.89869,7.02188,6754694.256
20060816,0,7.02188,7.04866,6.9094,6.95761,6729302.192
20060817,0,6.9094,6.94154,6.87727,6.93618,4550116.13
20060818,0,6.9469,6.9469,6.86655,6.92012,3897405.852
20060821,0,6.95225,7.02724,6.89334,7.02188,4828489.482
20060822,0,6.93083,6.96297,6.80764,6.81835,7510649.226
20060823,0,6.81835,6.98439,6.7273,6.96297,8438933.196
20060824,0,6.97903,7.04331,6.88798,6.9094,7485819.282
20060825,0,6.92547,6.96297,6.9094,6.9469,3613618.688
20060828,0,6.89334,7.0808,6.88798,7.03795,7873226.296
20060829,0,7.04866,7.08616,6.97368,7.02724,5881488.30600001
20060830,0,7.01653,7.03259,6.88798,7.00581,7669534.702
20060831,0,6.96297,7.08616,6.95761,7.07544,5876261.056
20060901,0,7.06473,7.13972,6.98975,7.12901,2701204.936
20060905,0,7.17185,7.2147,7.09151,7.14507,2963708.446
20060906,0,7.04331,7.18792,7.02724,7.15579,4637864.274
20060907,0,7.12901,7.19328,7.11294,7.16114,3037082.054
20060908,0,7.15579,7.24148,7.09151,7.09687,5194238.938
20060911,0,7.15043,7.22006,7.12365,7.13436,3203993.948
20060912,0,7.17721,7.25755,7.10222,7.12901,4627410.974
20060913,0,7.14507,7.20935,7.03795,7.0808,4700598.00800001
20060914,0,7.09687,7.1665,7.00581,7.03795,3799946.924
20060915,0,7.05402,7.07009,6.93083,6.93618,5296364.776
20060918,0,6.96297,7.04331,6.86655,6.91476,3487407.19
20060919,0,6.88262,6.95761,6.88262,6.90405,3041562.83
20060920,0,6.96297,7.07544,6.93083,7.05402,3169080.352
20060921,0,7.05402,7.07009,6.93618,7.01117,6036266.586
20060922,0,7.01653,7.04866,6.94154,6.96297,4176897.956
20060925,0,6.98975,7.17721,6.98975,7.07544,5700759.39
20060926,0,7.12365,7.3004,7.07009,7.27362,6843564.256
20060927,0,7.26508,7.31946,7.12369,7.17807,2950200.637
20060928,0,7.22158,7.27596,7.053,7.08019,4849079.633
20060929,0,7.06932,7.23245,7.02581,7.18351,3633180.484
20061002,0,7.21614,7.29771,7.12369,7.28683,4929443.69400001
20061003,0,7.30315,7.43366,7.30315,7.42278,6352962.698
20061004,0,7.44997,7.56961,7.3684,7.51523,7069412.429
20061005,0,7.44997,7.44997,7.22158,7.27052,4383282.278
20061006,0,7.25964,7.33034,7.2107,7.3249,5083364.417
20061009,0,7.29771,7.37928,7.27596,7.34121,3556497.069
20061010,0,7.35209,7.35209,7.2107,7.27596,2808970.57
20061011,0,7.30858,7.3684,7.23245,7.33034,3965107.858
20061012,0,7.3249,7.45541,7.29227,7.43366,3487169.175
20061013,0,7.39559,7.48804,7.35209,7.4826,2710587.901
20061016,0,7.50435,7.53154,7.41734,7.52066,4453528.832
20061017,0,7.39559,7.49347,7.34121,7.46628,3607067.462
20061018,0,7.49891,7.50435,7.39559,7.41734,2406060.455
20061019,0,7.37384,7.44997,7.29227,7.3249,3856794.807
20061020,0,7.34121,7.45541,7.26508,7.4391,3280473.369
20061023,0,7.42822,7.52066,7.39015,7.50435,4134473.379
20061024,0,7.52066,7.52066,7.40647,7.47172,3852565.584
20061025,0,7.47172,7.5261,7.42278,7.50979,3950028.145
20061026,0,7.51523,7.56417,7.46628,7.56417,3130600.079
20061027,0,7.55873,7.62399,7.50435,7.53154,3239648.357
20061030,0,7.58592,7.61311,7.54242,7.55873,3780111.165
20061031,0,7.60767,7.61855,7.44997,7.47172,3649179.423
20061101,0,7.50435,7.50435,7.3684,7.44997,4371880.997
20061102,0,7.5261,7.5261,7.28683,7.4391,7080996.968
20061103,0,7.44997,7.47716,7.3684,7.40103,2648983.603
20061106,0,7.41191,7.49347,7.39559,7.44997,2972635.936
20061107,0,7.48804,7.53154,7.4391,7.44997,2651190.323
20061108,0,7.46085,7.47716,7.30858,7.40647,3876660
20061109,0,7.50435,7.50979,7.33034,7.37384,3291320
20061110,0,7.39559,7.42822,7.25964,7.42278,2679693.927
20061113,0,7.46085,7.48804,7.4391,7.47716,5507605.81
20061114,0,7.47172,7.47172,7.40647,7.44997,5124555.759
20061115,0,7.44453,7.47716,7.39559,7.39559,3452229.174
20061116,0,7.45541,7.57504,7.43366,7.4391,3944879.705
20061117,0,7.44453,7.50435,7.39559,7.50435,3143104.129
20061120,0,7.51523,7.63486,7.50979,7.53698,5731587.11800001
20061121,0,7.55329,7.63486,7.51523,7.5968,6304782.99100001
20061122,0,7.60223,7.6403,7.55873,7.58592,4635951.687
20061124,0,7.56417,8.7007,7.52066,8.7007,1266657.168
20061127,0,7.55329,7.58048,7.37384,7.41191,3478157.292
20061128,0,7.41191,7.42278,7.35209,7.35753,3304011.847
20061129,0,7.39559,7.5968,7.38472,7.5261,6066273.783
20061130,0,7.50979,7.65117,7.47716,7.57504,5188182.532
20061201,0,7.58592,7.60223,7.44997,7.47172,4046572.473
20061204,0,7.50435,7.56961,7.45541,7.53154,3445793.212
20061205,0,7.57504,7.5968,7.50435,7.58592,5111132.808
20061206,0,7.59136,7.65661,7.56417,7.63486,4139071.164
20061207,0,7.66205,7.71643,7.6403,7.67836,3705450.778
20061208,0,7.69468,7.71099,7.63486,7.66749,3214823.258
20061211,0,7.6838,7.69468,7.60223,7.61311,3811741.065
20061212,0,7.61855,7.70012,7.58592,7.66205,5845601.109
20061213,0,7.76537,7.8415,7.66205,7.74906,3140530.809
20061214,0,7.74362,7.78169,7.72187,7.74906,2368545.991
20061215,0,7.76537,7.82519,7.7545,7.81431,3750504.685
20061218,0,7.83063,7.84694,7.70555,7.71099,2317423.704
20061219,0,7.66205,7.67293,7.53154,7.58592,3205444.538
20061220,0,7.60223,7.65661,7.55873,7.56417,2218121.192
20061221,0,7.57504,7.58592,7.42822,7.4391,3288931.734
20061222,0,7.41734,7.57504,7.36296,7.53154,4266508.619
20061226,0,7.49347,7.5968,7.49347,7.58048,1691267.098
20061227,0,7.63042,7.68579,7.58612,7.64703,3178797.681
20061228,0,7.64149,7.76885,7.61381,7.73563,4411344.951
20061229,0,7.7467,7.87406,7.74116,7.85745,4764766.821
20070103,0,7.86852,7.91836,7.70794,7.85745,8433150.945
20070104,0,7.82976,7.85191,7.73009,7.7467,4781922.23
20070105,0,7.75224,7.75778,7.63595,7.70794,4226960.016
20070108,0,7.68025,7.85191,7.59166,7.81315,4915019.077
20070109,0,7.81869,7.8796,7.7467,7.8353,4827974.663
20070110,0,7.80761,7.80761,7.68025,7.75778,4187771.2
20070111,0,7.77439,7.89067,7.73009,7.84084,4114631.019
20070112,0,7.86298,7.89067,7.791,7.82422,3927716.875
20070116,0,7.86852,7.90175,7.791,7.87406,4738759.432
20070117,0,7.89621,7.96266,7.87406,7.91836,6032528.637
20070118,0,8.41672,8.41672,7.90728,8.03464,5547456.06
20070119,0,8.08448,8.2506,8.02357,8.13431,4574601.361
20070122,0,8.13985,8.13985,7.99034,8.00142,3035407.18
20070123,0,7.99588,8.05679,7.90728,8.04572,2796844.156
20070124,0,8.04572,8.13431,8.02357,8.12878,2644061.558
20070125,0,8.10109,8.162,7.95712,7.99034,2674401.908
20070126,0,7.98481,8.10663,7.96266,8.09001,1737124.333
20070129,0,8.10663,8.14539,8.01803,8.06787,2419946.123
20070130,0,8.0734,8.12878,8.03464,8.06787,1789134.927
20070131,0,8.07894,8.2506,8.07894,8.22291,3516146.141
20070201,0,8.23952,8.23952,8.12324,8.17861,3033782.012
20070202,0,8.17307,8.19522,8.08448,8.16754,5844711.763
20070205,0,8.16754,8.22845,8.16754,8.20076,2093072.816
20070206,0,8.20076,8.23952,8.17307,8.19522,3913812.234
20070207,0,8.19522,8.22291,8.0734,8.10109,3160188
20070208,0,8.15646,8.36134,8.14539,8.22845,6796639
20070209,0,8.25613,8.33366,8.17861,8.19522,4164113.075
20070212,0,8.17861,8.19522,8.0734,8.1177,2918672.136
20070213,0,8.13985,8.23952,8.09555,8.22291,2675124.281
20070214,0,8.27275,8.30597,8.23398,8.30043,2448270.564
20070215,0,8.30043,8.35581,8.27828,8.30597,3254827.095
20070216,0,8.30043,8.36134,8.23398,8.30043,3093739.34
20070220,0,8.33919,8.38903,8.2949,8.35581,2901768.721
20070221,0,8.32812,8.42225,8.31151,8.38903,3621973.385
20070222,0,8.42225,8.65482,8.38903,8.49424,5504294.25
20070223,0,8.50531,8.56622,8.41118,8.55515,5420318.083
20070226,0,8.57176,8.58837,8.48316,8.49424,3621497.069
20070227,0,8.47763,8.48316,8.0291,8.12324,4189577.744
20070228,0,8.38349,8.38349,8.10663,8.33366,5541316.35000001
20070301,0,8.15646,8.32258,8.07894,8.23952,4678983.696
20070302,0,8.22291,8.24506,7.92943,7.97373,6747135.378
20070305,0,7.9239,8.00142,7.89067,7.93497,3667843.364
20070306,0,7.95712,8.21184,7.95712,8.15646,4542636.451
20070307,0,8.1177,8.15646,7.97927,8.00142,6110182.49
20070308,0,8.04572,8.12324,8.01803,8.06233,3141776.76
20070309,0,8.08448,8.162,7.97927,8.00696,3875345.365
20070312,0,8.01249,8.0291,7.86298,7.95712,5795951.93999999
20070313,0,7.95158,7.95712,7.78546,7.80207,6146844.807
20070314,0,7.77993,7.85745,7.76885,7.84637,2803887.303
20070315,0,7.85191,7.96819,7.8353,7.92943,3472080.688
20070316,0,7.95712,8.03464,7.91836,7.97373,6144491.927
20070319,0,8.01803,8.06233,7.97927,8.04018,4033003.435
20070320,0,8.03464,8.09001,7.97373,8.0734,4007178.471
20070321,0,8.08448,8.17307,8.04572,8.12878,4007540.074
20070322,0,8.0291,8.22291,8.0291,8.19522,2699143.71
20070323,0,8.21737,8.21737,8.18415,8.21184,2139160.04
20070326,0,8.20076,8.22291,8.12324,8.16754,3367697.947
20070327,0,8.13985,8.20076,8.10663,8.162,7484134.491
20070328,0,8.10558,8.18443,8.08868,8.1619,3773445.561
20070329,0,8.08868,8.27456,8.08868,8.22386,2980586.609
20070330,0,8.25203,8.31962,8.20696,8.28019,4342081.538
20070402,0,8.27456,8.34778,8.25203,8.32525,3117263.925
20070403,0,8.36468,8.39848,8.32525,8.37032,3484778.331
20070404,0,8.37032,8.42101,8.31962,8.38158,2606349.183
20070405,0,8.39848,8.40975,8.35342,8.38721,3224338.10199999
20070409,0,8.42101,8.42101,8.31962,8.37032,3083732.937
20070410,0,8.37032,8.39848,8.30836,8.35905,2959088.53799999
20070411,0,8.34778,8.37032,8.28019,8.31399,3035327.403
20070412,0,8.5055,8.5055,8.21823,8.22386,5145236.867
20070413,0,8.26893,8.26893,8.145,8.1957,7382851.28799999
20070416,0,8.31962,8.31962,8.21823,8.25766,4302608.315
20070417,0,8.25203,8.28582,8.1957,8.24076,6150262.149
20070418,0,8.2295,8.28019,8.20133,8.2464,3013254.996
20070419,0,8.31962,8.44917,8.22386,8.28582,2273912.887
20070420,0,8.42664,8.44917,8.29146,8.32525,4306280.092
20070423,0,8.36468,8.40975,8.29709,8.30836,3134855.59099999
20070424,0,8.29709,8.33089,8.2295,8.28582,3260226.098
20070425,0,8.29146,8.40411,8.26893,8.38158,3429180.276
20070426,0,8.30836,8.48297,8.16754,8.35342,2912331.112
20070427,0,8.34215,8.37595,8.30836,8.33652,4567110.957
20070430,0,8.34778,8.37032,8.22386,8.22386,4067016.43
20070501,0,8.2464,8.28582,8.16754,8.25203,4535777.124
20070502,0,8.29709,8.34778,8.25203,8.33089,3635130.926
20070503,0,8.33652,8.38158,8.27456,8.32525,5074807.443
20070504,0,8.37595,8.38721,8.30836,8.37032,5909041.43
20070507,0,8.40975,8.42101,8.31399,8.32525,3964515.806
20070508,0,8.31399,8.48297,8.25203,8.47734,6086730.739
20070509,0,8.4886,8.57873,8.46044,8.51677,4993797
20070510,0,8.5224,8.5562,8.34778,8.36468,6918407
20070511,0,8.41538,8.42101,8.24076,8.28019,9450617.728
20070514,0,8.30272,8.33652,8.25766,8.26893,7468775.804
20070515,0,8.28019,8.33652,8.2126,8.23513,5333584.225
20070516,0,8.18443,8.25203,8.1788,8.25203,3489633.875
20070517,0,8.25203,8.26329,8.20133,8.25766,3181375.325
20070518,0,8.27456,8.30836,8.20696,8.29709,3804157.02399999
20070521,0,8.39848,8.47734,8.36468,8.40975,4342129.981
20070522,0,8.43791,8.45481,8.40411,8.43791,3591657.685
20070523,0,8.44917,8.51114,8.43228,8.45481,5344579.354
20070524,0,8.49987,8.61816,8.40411,8.40975,5894781.669
20070525,0,8.45481,8.47734,8.33089,8.38721,2985203.008
20070529,0,8.44917,8.53367,8.38158,8.39285,3306536.171
20070530,0,8.40411,8.4886,8.34778,8.44917,4930778.217
20070531,0,8.49424,8.5562,8.41538,8.46044,4195876.574
20070601,0,8.46044,8.52803,8.44917,8.52803,3515124.945
20070604,0,8.5224,8.5731,8.47734,8.56746,2404097.5
20070605,0,8.57873,8.58999,8.46044,8.56746,5226723.361
20070606,0,8.5393,8.54493,8.47734,8.51677,2741806.19
20070607,0,8.4886,8.51677,8.33652,8.33652,3707048.66899999
20070608,0,8.31399,8.39848,8.20696,8.39848,6696511.901
20070611,0,8.39848,8.42664,8.33652,8.35342,5112925.662
20070612,0,8.34215,8.35905,8.25203,8.28582,4844799.137
20070613,0,8.28019,8.36468,8.26893,8.36468,3413409.911
20070614,0,8.38721,8.40411,8.33089,8.34215,3682370.666
20070615,0,8.28019,8.41538,8.26893,8.38721,6155749.77999999
20070618,0,8.43791,8.52803,8.37032,8.51114,4975364.869
20070619,0,8.51114,8.52803,8.46607,8.49424,3473988.261
20070620,0,8.55056,8.55056,8.42101,8.43228,3058878.846
20070621,0,8.44354,8.52803,8.42101,8.49987,2204594.008
20070622,0,8.48297,8.53367,8.40975,8.46044,5740325.408
20070625,0,8.44917,8.51114,8.42664,8.44354,4323507.382
20070626,0,8.51677,8.56746,8.43228,8.44917,5844947.23899999
20070627,0,8.41481,8.50073,8.40335,8.50073,3447122.012
20070628,0,8.51219,8.54083,8.46636,8.47209,3799585.976
20070629,0,8.47782,8.55801,8.39762,8.44918,5189989.691
20070702,0,8.48355,8.52937,8.3919,8.42626,4282834.009
20070703,0,8.43199,8.50646,8.43199,8.50073,3023713.848
20070705,0,8.51792,8.52365,8.41481,8.48355,4724760.333
20070706,0,8.495,8.54083,8.46063,8.50073,4073317.134
20070709,0,8.5351,8.5351,8.41481,8.43772,3793117.92
20070710,0,8.43199,8.47782,8.33461,8.35753,4170859.537
20070711,0,8.34034,8.39762,8.3117,8.34607,3100769.218
20070712,0,8.34607,8.44345,8.32316,8.43199,4531415.787
20070713,0,8.44918,8.47782,8.40908,8.42626,3662719.966
20070716,0,8.44345,8.50646,8.37471,8.3919,2477368.438
20070717,0,8.36898,8.50646,8.36325,8.43772,3395426.429
20070718,0,8.39762,8.41481,8.20859,8.2716,5360269.156
20070719,0,8.30597,8.5351,8.28306,8.51219,5361318.319
20070720,0,8.50646,8.50646,8.3919,8.44918,5637287.718
20070723,0,8.46636,8.50646,8.42054,8.44345,2434591.936
20070724,0,8.56374,8.56374,8.2716,8.29451,3180848.049
20070725,0,8.32888,8.38617,8.25442,8.2716,3626985.381
20070726,0,8.50073,8.54083,7.91072,7.97373,6956172.809
20070727,0,7.99092,8.01956,7.83053,7.85344,6922358.781
20070730,0,7.84771,7.95655,7.8248,7.95082,5374585.861
20070731,0,7.95082,8.05966,7.88208,7.89354,4371736.878
20070801,0,8.17422,8.17422,7.64722,7.95082,6515778.953
20070802,0,8.16276,8.16276,7.90499,7.98519,5543528.116
20070803,0,7.968,8.01383,7.73887,7.7446,5045237.23
20070806,0,7.96228,7.96228,7.61858,7.71596,7330084.842
20070807,0,7.7045,8.06538,7.68159,8.06538,10938073
20070808,0,8.24296,8.64967,7.91645,8.04247,8820494
20070809,0,7.95655,8.09975,7.80761,7.968,8717579.532
20070810,0,7.88781,7.99665,7.81907,7.91072,5903407.686
20070813,0,7.88208,7.95082,7.76179,7.83053,4016056.434
20070814,0,7.79043,7.88781,7.67014,7.68159,4785748.805
20070815,0,7.64722,7.69305,7.45819,7.46965,4581679.215
20070816,0,7.39518,7.47537,7.13741,7.30353,7537197.892
20070817,0,7.53838,7.73315,7.43528,7.64722,5102076.646
20070820,0,7.7045,7.7446,7.54984,7.67014,3251076.65
20070821,0,7.58421,7.85344,7.50402,7.67014,3206735.72
20070822,0,7.79043,7.8248,7.64149,7.73315,3354947.919
20070823,0,7.79616,7.97373,7.7446,7.95655,5607467.068
20070824,0,7.96228,8.03674,7.93936,8.00237,2789505.298
20070827,0,7.98519,8.01956,7.88208,7.91072,2783919.408
20070828,0,7.91645,7.93363,7.67014,7.71023,4174742.828
20070829,0,7.73315,8.05393,7.72169,8.0482,4484610.456
20070830,0,7.95082,8.10548,7.91072,7.99665,3315494.276
20070831,0,8.0482,8.22005,8.01383,8.19141,2999691.138
20070904,0,8.11694,8.29451,8.07684,8.25442,4931867.423
20070905,0,8.15704,8.24296,8.02529,8.07111,5143799.454
20070906,0,8.11121,8.15704,8.03102,8.08257,3639676.511
20070907,0,8.01383,8.1284,7.968,8.11694,5263207.914
20070910,0,8.09403,8.17995,8.00237,8.00237,3173566.537
20070911,0,7.968,8.07111,7.91645,8.03674,2952556.838
20070912,0,8.0081,8.07684,7.97373,8.01956,2530438.489
20070913,0,8.11121,8.15704,7.99092,8.0482,2746210.737
20070914,0,7.96228,8.03674,7.93936,7.968,2504077.949
20070917,0,7.968,8.11694,7.968,8.08257,2641467.582
20070918,0,8.09975,8.19141,8.0081,8.18568,3701825.097
20070919,0,8.20286,8.30024,8.19141,8.28879,3130796.218
20070920,0,8.29451,8.30597,8.13985,8.20859,3135334.671
20070921,0,8.07111,8.34607,8.01383,8.2716,4408148.189
20070924,0,8.24869,8.30597,8.15131,8.19713,4767838.314
20070925,0,8.12267,8.30597,8.11694,8.30024,4676815.588
20070926,0,8.25964,8.452,8.2305,8.29461,4964690.59
20070927,0,8.34707,8.41119,8.27713,8.3121,3924540.882
20070928,0,8.32376,8.3529,8.15472,8.21884,3443665.586
20071001,0,8.25381,8.31793,8.07311,8.16055,5108798.955
20071002,0,8.12557,8.24215,8.09643,8.16638,5011355.617
20071003,0,8.11392,8.14889,8.07894,8.11975,3864494.883
20071004,0,8.12557,8.24215,8.11392,8.21884,4575256.501
20071005,0,8.25381,8.28296,8.17803,8.20135,3603385.415
20071008,0,8.21301,8.23632,8.13723,8.17803,3881136.289
20071009,0,8.17221,8.24215,7.99151,8.18969,8401837.945
20071010,0,8.18386,8.2713,8.16055,8.26547,4207266.579
20071011,0,8.25381,8.32959,8.15472,8.2305,4078598.892
20071012,0,8.21301,8.38788,8.20718,8.37039,4703126.577
20071015,0,8.30627,8.39371,8.16055,8.22467,6028192.385
20071016,0,8.21301,8.26547,8.01482,8.04397,4915282.595
20071017,0,8.12557,8.20718,8.02065,8.14889,5495832.463
20071018,0,8.13723,8.24798,8.10809,8.20135,4663952.093
20071019,0,8.13723,8.2305,8.1314,8.16638,5684029.987
20071022,0,8.0906,8.16055,8.03231,8.1314,5617294.792
20071023,0,8.1314,8.16055,7.95653,8.06728,6861083.195
20071024,0,8.05563,8.11975,7.87493,8.03814,5555363.109
20071025,0,8.01482,8.07311,7.93322,8.00317,4090264.793
20071026,0,7.99151,8.06728,7.93322,7.99151,4833964.714
20071029,0,8.01482,8.03231,7.81081,7.83995,5954059.208
20071030,0,7.81081,7.82247,7.70006,7.74669,7599637.002
20071031,0,7.76418,7.86327,7.70006,7.83413,4305306.232
20071101,0,7.79915,7.83995,7.63011,7.65926,4345198.53
20071102,0,7.65343,7.72338,7.58931,7.67674,3931231.926
20071105,0,7.67092,7.67092,7.54851,7.61263,4849113.338
20071106,0,7.59514,7.72921,7.59514,7.71755,5239594.602
20071107,0,7.6476,7.65926,7.44359,7.46107,6188968
20071108,0,7.57765,8.11975,7.43193,8.02065,10245410
20071109,0,7.95071,8.09643,7.79332,7.90407,8199915.689
20071112,0,7.93322,8.01482,7.88076,7.89242,8233771.658
20071113,0,7.92156,8.1314,7.9099,8.11975,6542602.488
20071114,0,8.11975,8.20718,7.85744,7.87493,8920441.176
20071115,0,7.86327,7.89242,7.73503,7.80498,7993060.719
20071116,0,7.66509,7.81081,7.63594,7.73503,9136321.399
20071119,0,7.67674,7.75835,7.6476,7.67092,6999260.789
20071120,0,7.68257,7.74086,7.35032,7.46107,9205869.405
20071121,0,7.43193,7.60097,7.39695,7.53102,5859491.696
20071123,0,7.57765,7.60097,7.49605,7.59514,2664858.3569
20071126,0,7.59514,7.59514,7.4261,7.45524,6852321.722
20071127,0,7.43776,7.49022,7.21626,7.37364,8811349.19900001
20071128,0,7.44359,7.56016,7.40278,7.54851,5942452.376
20071129,0,7.50188,7.6476,7.40861,7.55434,6934586.849
20071130,0,7.66509,7.67674,7.43776,7.53685,7247263.455
20071203,0,7.65343,7.71172,7.54851,7.65343,5199878.58
20071204,0,7.62428,7.77001,7.58931,7.71755,6236350.645
20071205,0,7.74669,7.87493,7.74669,7.86327,6575804.32
20071206,0,7.85161,7.89242,7.71755,7.85744,6588222.555
20071207,0,7.85744,7.89242,7.74669,7.77584,6211318.53114
20071210,0,7.81081,7.82247,7.70006,7.75252,5966005.973
20071211,0,7.77584,7.78749,7.57765,7.60097,6644730.38
20071212,0,7.71755,7.83995,7.65926,7.83413,8345262.847
20071213,0,7.80498,7.83995,7.72338,7.78749,5247041.884
20071214,0,7.74086,7.78749,7.6884,7.75252,4916659.62114
20071217,0,7.6884,7.79915,7.61263,7.61263,4099944.236
20071218,0,7.66509,8.21884,7.39113,7.6068,9825383.24000001
20071219,0,7.63011,7.64177,7.49022,7.49605,6072061.343
20071220,0,7.53102,7.57765,7.39113,7.50188,5564887.317
20071221,0,7.60097,7.6476,7.54851,7.57765,7654901.203
20071224,0,7.61263,7.84578,7.57182,7.75835,2101709.911
20071226,0,7.72943,7.80072,7.55714,7.60466,3258691.089
20071227,0,7.56308,7.66408,7.56308,7.64031,3652552.168
20071228,0,7.6819,7.73537,7.59872,7.61655,4037681.255
20071231,0,7.58684,7.77696,7.56902,7.72349,5436415.844
20080102,0,7.7829,7.7829,7.49178,7.55119,6189390.026
20080103,0,7.53931,7.58684,7.34325,7.36702,7484291.40900001
20080104,0,7.33731,7.36108,7.09967,7.12937,6848283.552
20080107,0,7.14126,7.42049,7.11155,7.35514,8027718.59
20080108,0,7.3789,7.41455,6.96302,6.96302,9459505.305
20080109,0,7.01055,7.01649,6.56496,6.8442,19880503.441
20080110,0,6.80261,6.98084,6.74914,6.93926,8821563.1204
20080111,0,6.85014,6.98084,6.76696,6.89767,6744202.591
20080114,0,6.93332,6.9749,6.79667,6.96302,5403180.19300001
20080115,0,7.0759,7.16502,6.8739,6.8739,8257134.322
20080116,0,6.83232,6.96896,6.76696,6.79073,7833238.12
20080117,0,6.80261,6.88579,6.73132,6.75508,12188611.974
20080118,0,6.82043,6.89767,6.48179,6.58873,9073747.719
20080122,0,6.36891,6.58279,6.17879,6.51744,9974887.961
20080123,0,6.35702,6.58279,6.21444,6.58279,9064779.806
20080124,0,6.6422,6.67785,6.43426,6.61843,8273571.203
20080125,0,6.69567,6.70755,6.53526,6.55902,6032122.681
20080128,0,6.53526,6.68973,6.46396,6.65408,5911645.799
20080129,0,6.73132,6.85014,6.6719,6.82043,4990169.997
20080130,0,6.79073,6.90361,6.68973,6.70755,5087804.343
20080131,0,6.63032,6.95114,6.60061,6.88579,6582591.953
20080201,0,6.91549,6.99273,6.86796,6.96302,3933796.887
20080204,0,6.96896,6.98084,6.82637,6.87985,5118431.315
20080205,0,6.8739,6.88579,6.60655,6.60655,6020874.429
20080206,0,6.69567,6.69567,6.51744,6.51744,5466638.466
20080207,0,6.52932,6.55308,6.39861,6.51149,5690676
20080208,0,7.00461,7.11749,6.78479,6.89767,10742957
20080211,0,6.95114,6.99273,6.85608,6.91549,6802912.89
20080212,0,6.96302,7.00461,6.89767,6.90955,6834776.634
20080213,0,7.00461,7.11155,6.95114,7.06996,7039807.847
20080214,0,7.08779,7.12343,6.96896,6.9749,6521352.18399999
20080215,0,6.9749,7.20067,6.92737,7.1769,7776623.584
20080219,0,7.28384,7.28384,7.0759,7.09967,10265434.353
20080220,0,7.12343,7.12343,6.8739,7.06402,7427744.885
20080221,0,7.05214,7.12343,6.89173,6.91549,5244202.122
20080222,0,6.93332,7.05808,6.85608,7.04026,6348682.349
20080225,0,7.02243,7.32543,7.02243,7.31355,13568183.491
20080226,0,7.28978,7.3492,7.20661,7.30761,5794602.619
20080227,0,7.31355,7.31355,7.09373,7.1769,7176979.924
20080228,0,7.16502,7.3789,7.13531,7.22443,4826241.482
20080229,0,7.17096,7.18878,6.9749,6.98679,5058016.903
20080303,0,6.98679,7.14126,6.96302,7.11749,6020618.099
20080304,0,7.1472,7.15314,7.04026,7.11749,6301873.84700001
20080305,0,6.95708,7.27196,6.95708,7.14126,7445777.859
20080306,0,7.20661,7.20661,7.01649,7.05808,7749603.70300001
20080307,0,7.13531,7.13531,7.02243,7.08779,6542473.114
20080310,0,7.09373,7.12937,6.89173,6.91549,5194565.17
20080311,0,7.0759,7.24225,6.96302,7.23631,8972781.82699999
20080312,0,7.25414,7.2779,7.00461,7.02837,7156314.953
20080313,0,6.9749,7.16502,6.88579,7.05808,7043580.981
20080314,0,7.10561,7.10561,6.83826,6.96302,6489413.17
20080317,0,6.92143,7.18878,6.85608,7.08779,8481799.253
20080318,0,7.25414,7.39078,7.10561,7.3789,9062895.684
20080319,0,7.46208,7.46208,7.16502,7.20661,10725764.657
20080320,0,7.21255,7.25414,7.10561,7.23631,10384691.005
20080324,0,7.2482,7.48584,7.21849,7.43831,8251100.566
20080325,0,7.44425,7.44425,7.23037,7.31949,8554719.641
20080326,0,7.33731,7.38484,7.06996,7.17096,7453377.58
20080327,0,7.25628,7.29875,7.09246,7.1046,7353916.328
20080328,0,7.09853,7.23201,7.06213,7.08033,4656652.322
20080331,0,7.0682,7.26841,7.03786,7.23808,7380555.07500001
20080401,0,7.141,7.41402,7.141,7.30481,7200452.78899999
20080402,0,7.33515,7.42009,7.23201,7.26234,5854490.209
20080403,0,7.28055,7.39582,7.18954,7.35942,6919557.195
20080404,0,7.38369,7.40795,7.26841,7.32301,6852830.069
20080407,0,7.38369,7.38369,7.23201,7.23808,4072913.545
20080408,0,7.26234,7.28661,7.16527,7.25628,4592065.492
20080409,0,7.22594,7.31088,7.11673,7.17134,5425814.367
20080410,0,7.18347,7.21987,7.0864,7.14707,6101899.712
20080411,0,7.141,7.24414,7.09853,7.15314,6019239.37
20080414,0,7.18954,7.21381,7.11673,7.12887,4001177.818
20080415,0,7.16527,7.31088,7.14707,7.18954,7087961.438
20080416,0,7.26234,7.34122,7.17134,7.32301,4856583.155
20080417,0,7.32301,7.38975,7.0682,7.0864,8658752.824
20080418,0,7.18954,7.26841,7.1774,7.25021,7092206.896
20080421,0,7.22594,7.25021,7.12887,7.1774,4110268.671
20080422,0,7.15314,7.1592,6.88618,6.93472,7584884.389
20080423,0,7.03179,7.03179,6.86191,6.92865,5087086.368
20080424,0,6.92865,6.98326,6.86798,6.95292,6096922.973
20080425,0,6.98932,7.03179,6.91652,7.02573,5773185.068
20080428,0,6.98932,7.1592,6.98932,7.08033,5552630.52
20080429,0,7.04999,7.19561,7.04393,7.1592,5833725.414
20080430,0,7.20167,7.23808,7.0864,7.13493,8195633.285
20080501,0,7.12887,7.46863,7.12887,7.45042,8543181.92200001
20080502,0,7.49289,7.52323,7.42009,7.48683,5663060.861
20080505,0,7.5475,7.5475,7.23808,7.31695,5486844.575
20080506,0,7.28055,7.54143,7.28055,7.47469,7567795.19
20080507,0,7.48683,7.55963,7.40189,7.41402,5668879.898
20080508,0,7.49289,7.57783,7.36549,7.51716,6228727
20080509,0,7.92366,8.03287,7.5293,7.76591,9316611
20080512,0,7.87512,7.87512,7.55963,7.72344,9078545.764
20080513,0,7.71738,7.89939,7.71131,7.81445,7935909.274
20080514,0,7.83872,8.09354,7.83265,7.94793,11576502.758
20080515,0,7.93579,8.07534,7.89939,8.05714,4861057.014
20080516,0,8.05107,8.05107,7.91153,8.00253,4203187.143
20080519,0,8.0632,8.09961,7.94793,8.03287,4809973.73700001
20080520,0,8.03894,8.045,7.85692,7.91153,4800137.39
20080521,0,7.88119,8.02073,7.85085,7.88726,7197768.844
20080522,0,7.89939,7.96006,7.81445,7.89332,4469149.892
20080523,0,7.84479,7.92366,7.72344,7.79625,6315957.363
20080527,0,7.80232,8.0632,7.80232,8.0268,5233186.235
20080528,0,8.02073,8.14208,7.96613,8.06927,6250681.35
20080529,0,8.05107,8.12388,7.94793,8.11781,6688641.508
20080530,0,8.19061,8.19668,8.05107,8.06927,5822046.649
20080602,0,8.12388,9.10068,7.94793,8.08747,6965948.261
20080603,0,8.03894,8.16028,7.87512,7.99647,8579206.344
20080604,0,8.00253,8.03287,7.90546,7.99647,5343090.885
20080605,0,8.03287,8.19061,7.96006,8.11781,5408342.66500001
20080606,0,8.3969,8.52431,8.17241,8.19668,14385400.63
20080609,0,8.25735,8.29375,8.09961,8.19061,6992341.044
20080610,0,8.24522,8.24522,8.07534,8.09354,8770103.60100001
20080611,0,8.08747,8.11781,7.89332,7.89939,6626904.66299999
20080612,0,7.92366,7.9904,7.71131,7.76591,8619991.28699999
20080613,0,7.79625,7.96613,7.78412,7.90546,5593104.883
20080616,0,7.84479,8.03287,7.82659,8.0086,7886799.001
20080617,0,8.03894,8.05714,7.92973,7.954,6077872.616
20080618,0,7.94793,8.0086,7.68097,7.72344,8069158.064
20080619,0,7.74771,7.93579,7.73558,7.91759,7262552.047
20080620,0,7.954,7.954,7.71738,7.74165,8645390.279
20080623,0,7.79018,7.86906,7.68704,7.74771,5759164.701
20080624,0,7.64457,7.94793,7.63851,7.88726,11599770.474
20080625,0,7.92973,7.9904,7.88726,7.89939,7766256.312
20080626,0,7.94876,7.94876,7.70132,7.73844,7006275.999
20080627,0,7.81267,7.81267,7.45389,7.51575,10741699.334
20080630,0,7.46626,7.7137,7.45389,7.63328,7496191.12200001
20080701,0,7.52194,7.70751,7.42296,7.64565,11720740.9
20080702,0,7.75081,8.00443,7.52194,7.52194,7644276.51800001
20080703,0,7.57761,7.59617,7.39203,7.47863,6415313.37
20080707,0,7.49719,7.57142,7.26832,7.39822,7552988.608
20080708,0,7.39822,7.47863,7.29306,7.46008,10146039.0381
20080709,0,7.49719,7.60235,7.39203,7.41059,7862462.845
20080710,0,7.42296,7.53431,7.36729,7.44771,7469594.313
20080711,0,7.36729,7.52812,7.26832,7.49719,9353883.115
20080714,0,7.56524,7.58998,7.35492,7.37966,5503567.968
20080715,0,7.33018,7.49719,7.28687,7.39203,6056720.02
20080716,0,7.42296,7.48482,7.31162,7.42915,7298722.741
20080717,0,7.44771,7.46008,7.31162,7.36729,7612811.09999999
20080718,0,7.39822,7.48482,7.30543,7.46626,5719785.008
20080721,0,7.52812,7.52812,7.34255,7.37348,5124857.423
20080722,0,7.41678,7.41678,7.26213,7.41059,7860999.31700001
20080723,0,7.41059,7.59617,7.39822,7.45389,6435275.897
20080724,0,7.47863,7.48482,7.3178,7.3178,5920653.121
20080725,0,7.3611,7.40441,7.23739,7.34873,6025333.808
20080728,0,7.39203,7.40441,7.3178,7.3178,5176852.861
20080729,0,7.35492,7.37348,7.25595,7.26832,4887560.23
20080730,0,7.32399,7.47863,7.29925,7.44152,5298824.821
20080731,0,7.39822,7.50956,7.24357,7.3611,4830584.669
20080801,0,7.42915,7.42915,7.29925,7.3178,3893135.832
20080804,0,7.37966,7.38585,7.24976,7.30543,4755881.981
20080805,0,7.36729,7.41059,7.23739,7.37348,5245699.881
20080806,0,7.37348,7.56524,7.30543,7.53431,5133003.837
20080807,0,7.50338,7.57142,7.42915,7.50956,6490636
20080808,0,7.35492,7.83123,7.33018,7.78174,7009349
20080811,0,7.71988,7.97968,7.71988,7.79411,6116329.54
20080812,0,7.80648,7.9302,7.7137,7.85597,5204508.23
20080813,0,7.8436,7.86215,7.73225,7.78174,5027052.866
20080814,0,7.74462,7.92401,7.65802,7.91783,6743679.3802
20080815,0,7.94876,7.97968,7.77555,7.94257,6440049.743
20080818,0,7.88071,7.9735,7.78793,7.82504,5081950.962
20080819,0,7.80648,7.81267,7.48482,7.50956,7458781.74800001
20080820,0,7.51575,7.52812,7.37348,7.45389,6580009.81
20080821,0,7.37966,7.43533,7.33018,7.37966,4201747.24
20080822,0,7.39822,7.45389,7.37348,7.43533,4656110.76
20080825,0,7.42296,7.44152,7.35492,7.39203,4450572.203
20080826,0,7.41678,7.44152,7.34873,7.40441,4200878.537
20080827,0,7.41059,7.54668,7.39203,7.49101,3121372.189
20080828,0,7.52194,7.70132,7.50956,7.67039,4170338.76261
20080829,0,7.65184,7.78793,7.65184,7.69514,4214145.726
20080902,0,7.68277,7.86834,7.67039,7.73844,4490137.562
20080903,0,7.70132,7.86215,7.70132,7.84978,4108172.552
20080904,0,7.86834,7.86834,7.65184,7.70132,6592234.053
20080905,0,7.66421,7.69514,7.47863,7.52194,4922260.31
20080908,0,7.59617,7.81885,7.57761,7.72607,7225006.776
20080909,0,7.67039,7.84978,7.52812,7.54049,6525899.339
20080910,0,7.57761,7.62709,7.47245,7.50338,5264184.061
20080911,0,7.44771,7.49101,7.34255,7.44771,5819177.843
20080912,0,7.42915,7.49719,7.33636,7.46626,5272832.69
20080915,0,7.3178,7.45389,7.24976,7.2745,5859047.90299999
20080916,0,7.2312,7.23739,6.9714,7.17553,8715050.971
20080917,0,7.09512,7.18172,6.91573,6.92191,7773403.234
20080918,0,6.90954,7.12604,6.7116,7.12604,12432690.092
20080919,0,7.30543,7.42296,7.22502,7.28687,7455537.74800001
20080922,0,7.30543,7.30543,7.03326,7.08893,4223734.891
20080923,0,7.13223,7.30543,7.02089,7.058,4918871.481
20080924,0,7.06419,7.13223,6.96521,6.98377,3979862.219
20080925,0,7.1013,7.26832,7.03326,7.1879,5366110.979
20080926,0,7.20041,7.20041,7.04869,7.12455,5046181.036
20080929,0,7.0803,7.14351,6.79582,6.82111,9020119.632
20080930,0,6.878,6.95386,6.76421,6.90961,5695760.268
20081001,0,6.91593,7.01708,6.82743,6.9349,4986524.705
20081002,0,6.90329,7.03604,6.79582,6.85272,6564231.708
20081003,0,6.81479,6.97915,6.61881,6.63778,10167854.06
20081006,0,6.51134,6.52399,6.09411,6.33434,11527250.67
20081007,0,6.41652,6.61249,6.0625,6.10043,13111348.45
20081008,0,6.00561,6.13836,5.66424,5.81596,12696847.45
20081009,0,5.85389,5.91078,5.51252,5.5947,15180377.83
20081010,0,5.3039,5.55677,4.98782,5.31654,15887452.932
20081013,0,5.53148,6.09411,5.38608,6.09411,9386391.089
20081014,0,6.42284,6.51767,5.80964,5.974,11199268.559
20081015,0,5.96768,6.06883,5.50619,5.50619,8444447.596
20081016,0,5.43033,5.63263,5.27861,5.57573,12518731.412
20081017,0,5.51252,5.6832,5.3924,5.49355,7643709.302
20081020,0,5.56309,5.75274,5.49355,5.75274,5255176.95799999
20081021,0,5.68952,5.81596,5.51252,5.52516,5538610.16
20081022,0,5.50619,5.58206,5.05735,5.18379,6712057.808
20081023,0,5.17747,5.28493,4.88035,5.07632,10992427.13
20081024,0,4.81713,5.00046,4.74127,4.84242,10719415.842
20081027,0,4.82977,4.91828,4.52633,4.59587,11071885.946
20081028,0,4.65909,4.72863,4.43151,4.61484,14304404.11
20081029,0,4.64644,4.69702,4.47576,4.48208,12545489.797
20081030,0,4.58323,4.67805,4.02692,4.13439,18022340.7
20081031,0,4.17232,4.9246,4.09646,4.74127,17016311.375
20081103,0,4.79184,5.20275,4.74127,5.19011,10818478.412
20081104,0,5.26597,5.87285,5.20907,5.61366,15953431.506
20081105,0,5.55677,5.80331,5.26597,5.31022,10238014.924
20081106,0,5.25333,5.43666,4.96885,4.98149,9602241
20081107,0,5.37344,5.50619,5.12057,5.39873,8575905
20081110,0,5.81596,5.81596,5.22804,5.35447,8235055.464
20081111,0,5.38608,5.45562,5.12689,5.39873,8414206.981
20081112,0,5.34183,5.61999,5.29758,5.43666,13106566.194
20081113,0,5.43033,5.76538,5.14586,5.76538,10907301.836
20081114,0,5.61999,5.69585,5.29126,5.34183,12060069.883
20081117,0,5.27861,5.64527,5.22172,5.37344,7872493.112
20081118,0,5.5378,5.56941,5.13954,5.3608,10396305.706
20081119,0,5.34183,5.48723,4.88667,4.88667,7725920.093
20081120,0,5.01942,5.20275,4.55794,4.56426,12952329.793
20081121,0,4.6338,4.70966,4.29243,4.66541,13255201.523
20081124,0,4.74127,5.27229,4.70966,5.12689,6944366.449
20081125,0,5.23436,5.32287,5.05103,5.24068,6350862.199
20081126,0,5.20275,5.57573,5.08896,5.5378,5339058.788
20081128,0,5.5378,5.63895,4.33668,5.60102,2388286.442
20081201,0,5.49987,5.49987,5.15218,5.1585,6017553.784
20081202,0,5.23436,5.50619,5.04471,5.48723,8062058.86299999
20081203,0,5.38608,5.56309,5.24701,5.55677,8413448.501
20081204,0,5.46194,5.52516,5.03207,5.12057,9528882.301
20081205,0,5.10793,5.45562,5.05735,5.32287,8573122.495
20081208,0,5.31654,5.61366,5.3039,5.56309,6494181.004
20081209,0,5.39873,5.84757,5.39873,5.54413,7441259.93200001
20081210,0,5.56941,5.78435,5.47459,5.70217,6303241.503
20081211,0,5.84124,5.84124,5.43033,5.47459,6799174.185
20081212,0,5.36712,5.5378,5.31022,5.45562,6775860.954
20081215,0,5.46826,5.60734,5.31654,5.3924,7020326.564
20081216,0,5.4493,5.7401,5.36712,5.70849,6544479.784
20081217,0,5.5947,5.75274,5.56309,5.65792,4600123.683
20081218,0,5.72745,5.89182,5.62631,5.65792,5320886.57
20081219,0,5.70849,6.05618,5.70849,5.82228,6748683.949
20081222,0,5.81596,5.9171,5.75274,5.87285,5376276.912
20081223,0,5.87917,5.94239,5.76538,5.77171,3588497.804
20081224,0,5.76538,5.87917,5.69585,5.81596,1896022.37
20081226,0,5.86653,5.92343,5.84124,5.89814,1992521.539
20081229,0,5.91728,5.91728,5.67045,5.76789,3337314.446
20081230,0,5.78737,5.80686,5.69644,5.78737,3974385.795
20081231,0,5.79387,6.00172,5.7484,5.98873,3132102.408
20090102,0,5.96924,6.15761,5.89779,6.13163,3291886.884
20090105,0,6.15111,6.15111,5.84583,5.89779,5610192.788
20090106,0,5.99522,6.12513,5.91078,6.06018,4748997.957
20090107,0,6.0212,6.0212,5.80686,5.83933,3614644.33
20090108,0,5.83284,6.01471,5.81335,5.99522,3376822.587
20090109,0,6.00821,6.0277,5.84583,5.87831,3041099.199
20090112,0,5.87831,5.8913,5.61849,5.70293,4315140.337
20090113,0,5.63798,5.70293,5.58602,5.68994,4520462.54
20090114,0,5.52106,5.63148,5.39115,5.43662,5615174.08700001
20090115,0,5.43013,5.69644,5.30671,5.6055,7654035.374
20090116,0,5.70943,5.79387,5.54704,5.68345,5361318.203
20090120,0,5.63798,5.70293,5.44312,5.44312,6101166.128
20090121,0,5.64447,5.65097,5.44312,5.61849,5834325.05
20090122,0,5.51457,5.76789,5.4691,5.70943,4991392.01
20090123,0,5.6055,5.80036,5.51457,5.7419,5146535.426
20090126,0,5.72891,5.91078,5.72242,5.86532,4904726.855
20090127,0,5.85232,5.97574,5.7484,5.92377,3731268.337
20090128,0,5.98873,6.04069,5.90429,5.97574,4449559.75
20090129,0,5.92377,5.99522,5.75489,5.80036,3334836.791
20090130,0,5.81335,5.89779,5.58602,5.63148,5404532.364
20090202,0,5.56003,5.67045,5.52756,5.63798,4124307.572
20090203,0,5.66396,5.8848,5.65097,5.85882,4956622
20090204,0,5.83284,5.84583,5.612,5.63798,5573096
20090205,0,5.71592,5.80686,5.66396,5.71592,8189790.24200001
20090206,0,5.7419,5.85232,5.68994,5.83933,5603705.282
20090209,0,5.82634,5.84583,5.67695,5.77438,5242081.344
20090210,0,5.76139,5.76789,5.52106,5.57302,6658781.268
20090211,0,5.63148,5.63798,5.3327,5.36517,6965850.766
20090212,0,5.29372,5.47559,5.28073,5.47559,5175266.048
20090213,0,5.4691,5.50807,5.31321,5.36517,6063324.421
20090217,0,5.31321,5.31321,5.03391,5.05989,5036134.136
20090218,0,5.10536,5.12484,4.9105,4.95596,5151286.09
20090219,0,5.05339,5.05339,4.85204,4.87152,6400462.12999999
20090220,0,4.83905,5.06639,4.83905,5.00793,6107702.873
20090223,0,5.0469,5.08587,4.75461,4.7611,7141619.315
20090224,0,4.78708,4.92349,4.70264,4.89751,6484268.733
20090225,0,4.88452,5.00793,4.78708,4.92998,6985657.026
20090226,0,4.98195,5.02741,4.74811,4.7676,8401640.193
20090227,0,4.72863,4.97545,4.69615,4.87152,5075206.949
20090302,0,4.77409,4.77409,4.37788,4.42334,12642684.414
20090303,0,4.41685,4.44933,4.08559,4.13755,12536868.47
20090304,0,4.22848,4.61171,4.22848,4.50778,15153364.592
20090305,0,4.38437,4.49479,4.28694,4.31292,8372614.885
20090306,0,4.3389,4.4818,4.16353,4.28045,7688610.02799999
20090309,0,4.18302,4.31292,4.07909,4.09208,7807297.851
20090310,0,4.18302,4.42334,4.15703,4.40386,7995722.86699999
20090311,0,4.44283,4.63769,4.41035,4.50778,7199065.22699999
20090312,0,4.52077,4.70914,4.47531,4.65068,6289606.432
20090313,0,4.69615,4.73512,4.58573,4.69615,7019558.653
20090316,0,4.74162,4.89751,4.74162,4.80657,6064746.764
20090317,0,4.84554,5.05339,4.72213,5.02092,6835758.699
20090318,0,5.08587,5.28073,4.92349,5.24176,12933337.823
20090319,0,5.3197,5.3262,5.07288,5.1898,6849860.412
20090320,0,5.20279,5.35218,5.13783,5.20928,10697202.106
20090323,0,5.34569,5.41714,5.17681,5.41714,8627011.909
20090324,0,5.50158,5.51457,5.35218,5.39115,4256897.481
20090325,0,5.45611,5.49508,5.23527,5.37167,6184514.665
20090326,0,5.40414,5.45611,5.24826,5.42363,6385107.531
20090327,0,5.45002,5.45002,5.33619,5.36298,4653770.987
20090330,0,5.25585,5.44332,5.25585,5.36967,7305396.1
20090331,0,5.42323,5.49688,5.33619,5.40984,7138611.062
20090401,0,5.41654,5.53036,5.25585,5.49019,6620570.178
20090402,0,5.49019,5.68435,5.49019,5.60401,6526265.48
20090403,0,5.59062,5.71113,5.57053,5.69105,5091003.384
20090406,0,5.67766,5.79148,5.52366,5.69105,6517444.30900001
20090407,0,5.63079,5.63079,5.4701,5.52366,4840183.192
20090408,0,5.55045,5.63079,5.46341,5.50358,3629801.367
20090409,0,5.63748,5.69105,5.57053,5.66427,3768439.834
20090413,0,5.71783,5.71783,5.51697,5.58392,4328196.388
20090414,0,5.55045,5.59731,5.4701,5.53036,4037130.884
20090415,0,5.49688,5.62409,5.42993,5.59731,3261065.087
20090416,0,5.67096,5.67096,5.51697,5.57053,5081086.493
20090417,0,5.59731,5.67096,5.57053,5.64418,5145124.616
20090420,0,5.59731,5.65757,5.51027,5.55045,6580337.712
20090421,0,5.53036,5.63748,5.49688,5.58392,4496314.71
20090422,0,5.55714,5.65088,5.51027,5.51697,3562875.862
20090423,0,5.54375,5.56384,5.45671,5.53036,5288481.739
20090424,0,5.58392,5.63748,5.51027,5.55045,3721496.172
20090427,0,5.53705,5.57723,5.43662,5.50358,4103785.599
20090428,0,5.50358,5.59062,5.43662,5.54375,3527642.263
20090429,0,5.56384,5.66427,5.53705,5.56384,3395556.404
20090430,0,5.63748,5.65757,5.53036,5.55714,4047943.524
20090501,0,5.56384,5.65757,5.50358,5.65088,3446769.861
20090504,0,5.65757,5.81156,5.65757,5.72452,3469843.289
20090505,0,5.758,5.9053,5.67766,5.87852,6712135.018
20090506,0,5.97225,6.01912,5.73791,5.85174,6026567.796
20090507,0,5.97225,6.02582,5.81826,5.87182,5910564
20090508,0,5.97225,6.11285,5.91199,6.07268,5396210
20090511,0,5.92538,6.10616,5.83165,5.83165,6636953.863
20090512,0,5.85174,5.91869,5.75131,5.758,5563330.30000001
20090513,0,5.86513,5.8986,5.6107,5.62409,6608002.72499999
20090514,0,5.64418,5.65757,5.54375,5.6174,6010953.39
20090515,0,5.64418,5.64418,5.4701,5.52366,4550605.285
20090518,0,5.54375,5.67766,5.53705,5.65757,4984312.541
20090519,0,5.71113,5.72452,5.62409,5.65088,3425259.739
20090520,0,5.65757,5.79148,5.59731,5.6174,4856075.436
20090521,0,5.57053,5.59731,5.45671,5.49688,4543947.294
20090522,0,5.49688,5.54375,5.42993,5.44332,3043308.883
20090526,0,5.44332,5.62409,5.42323,5.55045,3949638.267
20090527,0,5.56384,5.62409,5.51027,5.56384,4746543.634
20090528,0,5.59062,5.67766,5.53036,5.62409,3785953.145
20090529,0,5.69105,5.71783,5.51027,5.6107,5226134.877
20090601,0,5.71113,5.72452,5.6174,5.69105,6511003.313
20090602,0,5.66427,5.7647,5.66427,5.75131,3962260.295
20090603,0,5.73791,5.78478,5.6107,5.62409,4358575.05
20090604,0,5.65088,5.69105,5.6174,5.65088,3367174.611
20090605,0,5.74461,5.74461,5.62409,5.64418,4311842.457
20090608,0,5.65088,5.68435,5.55714,5.57723,5479852.666
20090609,0,5.59062,5.67096,5.57053,5.62409,4276770.621
20090610,0,5.64418,5.71113,5.63748,5.68435,5127576.743
20090611,0,5.71783,5.77139,5.69105,5.69774,5442770.462
20090612,0,5.69105,5.72452,5.66427,5.71113,3958674.553
20090615,0,5.69774,5.70444,5.63079,5.65088,4694766.821
20090616,0,5.67766,5.70444,5.57723,5.59731,5072096.132
20090617,0,5.64418,5.65757,5.57723,5.59731,3135940.942
20090618,0,5.63079,5.66427,5.59062,5.59731,2974608.801
20090619,0,5.68435,5.68435,5.49019,5.49688,8851748.269
20090622,0,5.51027,5.59731,5.49019,5.55714,5406520.366
20090623,0,5.54375,5.71113,5.53705,5.6174,10161615.275
20090624,0,5.68435,5.80487,5.63079,5.69774,7406357.325
20090625,0,5.73791,5.758,5.67096,5.758,5376608.41
20090626,0,5.69614,5.78579,5.66855,5.67545,5826177.974
20090629,0,5.68924,5.7651,5.66855,5.7582,3937185.629
20090630,0,5.75131,5.79268,5.64097,5.772,6999502.87800001
20090701,0,5.79268,5.88923,5.772,5.83406,4839937.02
20090702,0,5.82716,5.83406,5.72372,5.73751,4645952.517
20090706,0,5.71683,5.772,5.65476,5.73062,4285970.77
20090707,0,5.73751,5.772,5.5927,5.59959,4175629.984
20090708,0,5.63407,5.64097,5.4134,5.48236,6964129.163
20090709,0,5.50995,5.55132,5.44788,5.47547,5908416.841
20090710,0,5.45478,5.57201,5.31686,5.46857,8362049.46200001
20090713,0,5.46167,5.53753,5.4134,5.53753,3201700.205
20090714,0,5.55132,5.5858,5.46167,5.51684,3050780.101
20090715,0,5.59959,5.59959,5.49615,5.53063,7115111.446
20090716,0,5.52374,5.5858,5.49615,5.53753,9179747.43
20090717,0,5.54443,5.64787,5.53063,5.61339,4609833.028
20090720,0,5.65476,5.71683,5.62718,5.70304,3854458.164
20090721,0,5.70993,5.74441,5.67545,5.73751,3468101.257
20090722,0,5.74441,5.75131,5.66855,5.68235,2565533.48
20090723,0,5.68235,5.83406,5.68235,5.78579,4073729.497
20090724,0,5.7582,5.78579,5.70993,5.772,2774244.095
20090727,0,5.78579,5.84096,5.73062,5.79958,3138835.588
20090728,0,5.79268,5.88233,5.79268,5.87544,4134592.293
20090729,0,5.86164,5.90992,5.82716,5.89612,5221386.187
20090730,0,5.92371,6.02025,5.89612,5.99267,4693701.447
20090731,0,6.03405,6.12369,5.9444,6.06163,6990750.12100001
20090803,0,6.13059,6.24093,6.04784,6.24093,7018040.134
20090804,0,6.21334,6.26161,6.09611,6.15817,5386975.498
20090805,0,6.14438,6.20645,6.06853,6.17886,4522106
20090806,0,6.23403,6.23403,5.90992,5.97888,8663587
20090807,0,5.98577,6.1099,5.97198,6.08232,3769584.105
20090810,0,6.06853,6.08232,5.97888,6.02715,4100537.489
20090811,0,6.04094,6.1168,5.89612,5.91681,4114399.94
20090812,0,5.90302,5.96508,5.86164,5.86854,6114573.157
20090813,0,5.90992,5.9375,5.83406,5.92371,5491908.488
20090814,0,5.91681,5.95129,5.82716,5.89612,3801923.42
20090817,0,5.84785,5.86854,5.69614,5.73062,5059415.763
20090818,0,5.75131,5.7651,5.63407,5.64097,5692793.669
20090819,0,5.74441,5.74441,5.66166,5.73751,4451999.05
20090820,0,5.75131,5.79958,5.72372,5.79958,3611769.996
20090821,0,5.82716,5.9375,5.80648,5.9375,4373087.83599999
20090824,0,5.9375,5.97888,5.9306,5.9375,3568507.57
20090825,0,5.95129,5.98577,5.87544,5.88923,5756261.943
20090826,0,5.89612,5.9306,5.86164,5.90992,2988645.216
20090827,0,5.90302,5.99267,5.84785,5.9375,3164425.477
20090828,0,5.99267,5.99267,5.84785,5.89612,3985389.533
20090831,0,5.92371,5.92371,5.84785,5.88233,5859648.66
20090901,0,5.90992,5.92371,5.86164,5.86854,6946627.49200001
20090902,0,5.86164,5.88233,5.79268,5.81337,6974125.724
20090903,0,5.83406,5.84785,5.72372,5.82027,5678084.48
20090904,0,5.80648,5.89612,5.77889,5.89612,3497236.09
20090908,0,5.9375,5.98577,5.90302,5.95819,4143995.783
20090909,0,5.99957,6.09611,5.97888,6.07542,7638309.007
20090910,0,6.08232,6.22024,6.05473,6.21334,5955533.511
20090911,0,6.24782,6.26851,6.19265,6.22024,5201249.529
20090914,0,6.20645,6.23403,6.16507,6.22024,5058871.67
20090915,0,6.23403,6.42022,6.19955,6.42022,7971570.6
20090916,0,6.44781,6.62711,6.42022,6.52366,9065326.386
20090917,0,6.52366,6.62021,6.52366,6.55815,7180886.93699999
20090918,0,6.57194,6.70986,6.55125,6.70296,6698803.962
20090921,0,6.71675,6.72365,6.59952,6.61331,6828405.379
20090922,0,6.68227,6.68227,6.59952,6.60642,6933348.524
20090923,0,6.66159,6.75123,6.62711,6.62711,8352645.313
20090924,0,6.70986,6.72365,6.634,6.69607,7022996.993
20090925,0,6.71675,6.89605,6.66159,6.8202,10448835.45
20090928,0,6.82763,6.92668,6.79225,6.8913,8877369.383
20090929,0,6.89838,7.01158,6.863,6.94083,7595306.738
20090930,0,7.22384,7.31582,7.01158,7.16016,15586428.561
20091001,0,7.18847,7.18847,7.02573,7.03281,9624729.89
20091002,0,7.02573,7.02573,6.90545,6.91253,9548357.251
20091005,0,7.00451,7.19554,6.94083,7.16724,11281330.269
20091006,0,7.22384,7.3512,7.12479,7.23799,12940309.823
20091007,0,7.21677,7.23799,7.11064,7.20969,5250714.61
20091008,0,7.19554,7.19554,7.06111,7.10356,7288005.519
20091009,0,7.08941,7.14601,7.07526,7.11771,3404806.865
20091012,0,7.17431,7.17431,7.11771,7.13894,3189379.44
20091013,0,7.13894,7.15309,7.01158,7.08941,6162906.29
20091014,0,7.16724,7.16724,7.06111,7.11064,4626424.208
20091015,0,7.13894,7.24507,7.11771,7.23092,4600857.892
20091016,0,7.18847,7.21677,7.13894,7.19554,3842381.662
20091019,0,7.19554,7.27337,7.16724,7.17431,6335762.918
20091020,0,7.20969,7.20969,7.08234,7.12479,4873995.056
20091021,0,7.13894,7.22384,7.07526,7.07526,5203805.116
20091022,0,7.11064,7.15309,7.07526,7.13186,3415233.347
20091023,0,7.11771,7.16724,7.03988,7.04696,4894587.607
20091026,0,7.05404,7.15309,7.00451,7.01866,4959577.415
20091027,0,7.03281,7.06819,6.87715,6.88423,7195823.19900001
20091028,0,6.92668,6.96913,6.8064,6.8064,5577405.906
20091029,0,6.82763,6.96206,6.82763,6.9196,7566783.504
20091030,0,6.9196,6.94791,6.82055,6.82763,5810801.95399999
20091102,0,6.863,6.96206,6.84885,6.9196,5928414.894
20091103,0,6.93376,6.98328,6.84178,6.94791,4671591.691
20091104,0,7.09649,7.11771,6.95498,7.04696,5346943.714
20091105,0,7.13186,7.23799,7.12479,7.19554,4367101.091
20091106,0,7.20262,7.27337,7.16016,7.26629,5676400
20091109,0,7.23799,7.26629,6.95498,7.11064,12042577
20091110,0,7.11771,7.16016,7.06819,7.08941,6382872.936
20091111,0,7.12479,7.20262,7.06111,7.11064,5693575.896
20091112,0,7.10356,7.13894,6.97621,6.99036,6077304.041
20091113,0,6.99743,7.06111,6.99036,7.02573,4532462.395
20091116,0,7.08234,7.14601,7.06819,7.09649,5921218.653
20091117,0,7.13186,7.14601,7.07526,7.10356,4775116.051
20091118,0,7.11771,7.13186,7.06111,7.08234,4708909.039
20091119,0,7.07526,7.11064,7.06111,7.10356,4525786.466
20091120,0,7.09649,7.11771,7.07526,7.11064,4863800.006
20091123,0,7.13894,7.18139,7.11064,7.16724,6858445.78
20091124,0,7.07526,7.18139,7.00451,7.13186,14498401.883
20091125,0,7.11771,7.18847,7.08941,7.16724,9987846.068
20091127,0,7.09649,7.19554,7.03281,7.16016,3516781.111
20091130,0,7.14601,7.20262,7.00451,7.01866,8488256.77400001
20091201,0,7.07526,7.17431,7.03988,7.16724,6111638.662
20091202,0,7.18139,7.42195,7.17431,7.40072,7880958.024
20091203,0,7.42902,7.4927,7.40072,7.42902,6065587.338
20091204,0,7.49978,7.55638,7.42902,7.51393,6400213.372
20091207,0,7.57053,7.69081,7.54223,7.59883,7634037.805
20091208,0,7.77571,7.77571,7.5776,7.69081,10524611.64
20091209,0,7.75449,7.78279,7.64128,7.70496,7945037.34
20091210,0,7.78279,7.78986,7.69788,7.72618,6325980.36300001
20091211,0,7.76156,7.78279,7.65543,7.74741,6686463.71799999
20091214,0,7.81816,7.81816,7.70496,7.71203,6464970.483
20091215,0,7.69788,7.73326,7.53515,7.59175,8161054.95900001
20091216,0,7.69081,7.74033,7.64128,7.66251,5404942.464
20091217,0,7.69788,7.71911,7.59175,7.62006,5196853.013
20091218,0,7.68373,7.74741,7.65543,7.68373,6854035.995
20091221,0,7.74033,7.88892,7.74033,7.84646,5723772.497
20091222,0,7.88892,7.98797,7.82524,7.95259,5172036.145
20091223,0,8.03042,8.08702,7.96674,8.02335,6004700.517
20091224,0,8.05165,8.13655,8.0375,8.13655,2977006.879
20091228,0,8.1507,8.24268,8.14363,8.2073,4819899.651
20091229,0,8.2433,8.27223,7.99745,8.01914,8195831.118
20091230,0,8.01191,8.01914,7.8239,7.98299,5366086.383
20091231,0,7.91791,8.02637,7.78775,7.94683,4766254.72299999
20100104,0,7.94683,8.11314,7.93237,8.04083,7182715.36
20100105,0,8.0553,8.12761,7.99745,8.01191,6747642.448
20100106,0,8.02637,8.07699,7.9396,7.96129,7201708.955
20100107,0,7.95406,7.99022,7.91791,7.92514,6601400.96
20100108,0,7.93237,7.94683,7.81667,7.86729,4348250.834
20100111,0,7.85283,7.88898,7.73713,7.8456,7609684.653
20100112,0,7.79498,7.83837,7.69375,7.73713,7637661.146
20100113,0,7.7299,7.80944,7.70821,7.75883,5656692.131
20100114,0,7.78775,7.88175,7.7516,7.80944,5624868.911
20100115,0,7.88175,7.89621,7.65036,7.69375,6891343.918
20100119,0,7.80221,7.92514,7.74436,7.88898,6396707.97600001
20100120,0,7.89621,7.94683,7.79498,7.80944,4805377.687
20100121,0,7.78052,7.85283,7.62867,7.66482,6757099.645
20100122,0,7.67205,7.74436,7.62867,7.6359,7079939.616
20100125,0,7.66482,7.78775,7.62867,7.74436,4853954.348
20100126,0,7.75883,7.77329,7.55636,7.62144,7231523.941
20100127,0,7.59251,7.62867,7.43343,7.54913,5550256.761
20100128,0,7.59251,7.61421,7.48405,7.53467,5376241.181
20100129,0,7.57082,7.60698,7.4479,7.46236,5161650.632
20100201,0,7.4262,7.49128,7.38282,7.41897,6155295.311
20100202,0,7.4262,7.65036,7.41897,7.62144,5622120.786
20100203,0,7.62144,7.65759,7.57082,7.59975,3732865.505
20100204,0,7.59251,7.59251,7.36112,7.36112,5051319.998
20100205,0,7.33943,7.33943,7.14419,7.23097,14778470.75
20100208,0,7.15866,7.34666,7.13696,7.22373,7373143.506
20100209,0,7.31051,7.39728,7.27435,7.31051,4803522.584
20100210,0,7.27435,7.4262,7.27435,7.36835,4702154.543
20100211,0,7.36112,7.36835,7.24543,7.31051,7474183.67
20100212,0,7.33943,7.36835,7.2382,7.36835,4909447.97
20100216,0,7.4262,7.49128,7.36112,7.44066,5394017.646
20100217,0,7.54913,7.59251,7.39005,7.57805,6420068
20100218,0,7.46959,7.73713,7.46236,7.72267,8492126
20100219,0,7.5419,7.59975,7.34666,7.46236,15006676.7
20100222,0,7.49128,7.49128,7.34666,7.36835,6423678.19599999
20100223,0,7.39728,7.41174,7.32497,7.32497,7863554.386
20100224,0,7.36112,7.39728,7.33943,7.35389,5324700.564
20100225,0,7.35389,7.35389,7.25266,7.27435,8078232.883
20100226,0,7.30328,7.36835,7.25989,7.3322,8127802.556
20100301,0,7.36112,7.46959,7.33943,7.44066,6765828.315
20100302,0,7.48405,7.55636,7.46959,7.5202,7298584.737
20100303,0,7.57082,7.59251,7.37559,7.40451,9231534.52400001
20100304,0,7.41174,7.50574,7.41174,7.43343,11147502.833
20100305,0,7.5419,7.5419,7.39728,7.49851,8063701.498
20100308,0,7.5202,7.74436,7.47682,7.67929,11922380.236
20100309,0,7.64313,7.79498,7.60698,7.7516,6015831.06
20100310,0,7.79498,7.85283,7.74436,7.8239,5903622.15
20100311,0,7.83114,7.83114,7.78052,7.81667,5645579.652
20100312,0,7.86006,7.93237,7.81667,7.92514,5073301.591
20100315,0,7.93237,8.0553,7.87452,8.04083,7940722.566
20100316,0,8.01914,8.06253,7.97576,7.99745,5897042.93800001
20100317,0,8.04083,8.1493,8.02637,8.11314,5344455.316
20100318,0,8.11314,8.18545,8.06976,8.16376,7411149.465
20100319,0,8.20715,8.2433,7.93237,7.94683,13900117.95
20100322,0,7.9396,8.16376,7.87452,8.12037,6423869.085
20100323,0,8.19268,8.19992,8.11314,8.17099,4309729.929
20100324,0,8.18545,8.19992,8.10591,8.12037,5096535.532
20100325,0,8.12761,8.19268,8.09868,8.10591,4913493.565
20100326,0,8.15653,8.17099,8.10591,8.12761,5928607.822
20100329,0,8.135,8.16458,8.07584,8.09802,6072689.36699999
20100330,0,8.06105,8.12761,8.02407,8.06844,4793883.448
20100331,0,8.09063,8.16458,8.00928,8.06105,4011564.999
20100401,0,8.1424,8.15719,8.06105,8.07584,3281464.255
20100405,0,8.1424,8.23114,8.10542,8.19417,4042760.408
20100406,0,8.20896,8.20896,8.08323,8.15719,4157683.317
20100407,0,8.24593,8.24593,8.12021,8.12021,3948541.88
20100408,0,8.135,8.15719,8.06105,8.12761,4298945.835
20100409,0,8.1424,8.1424,8.03886,8.09802,5687230.999
20100412,0,8.1424,8.17198,8.09063,8.135,3884535.487
20100413,0,8.14979,8.16458,8.07584,8.1424,3840828.91
20100414,0,8.1424,8.17937,8.09063,8.17198,5046888.35
20100415,0,8.17937,8.23854,8.11281,8.20896,4607165.43
20100416,0,8.17198,8.23854,8.06105,8.12021,5625134.653
20100419,0,8.06105,8.135,8.06105,8.12021,4846603.1
20100420,0,8.17198,8.20896,8.135,8.20156,4146241.419
20100421,0,8.22375,8.23114,8.1424,8.17937,3550795.715
20100422,0,8.15719,8.20156,8.08323,8.18677,5753940.607
20100423,0,8.23114,8.23114,8.135,8.20896,4331849.47
20100426,0,8.20896,8.25333,8.15719,8.16458,4802326.061
20100427,0,8.16458,8.20896,8.11281,8.12761,6056377.678
20100428,0,8.11281,8.17198,8.09802,8.12761,4457798.018
20100429,0,8.20896,8.23854,8.1424,8.23114,2755309.788
20100430,0,8.23114,8.27551,8.17198,8.17937,3966357.762
20100503,0,8.23114,8.29031,8.17198,8.25333,5461298.077
20100504,0,8.21635,8.23114,8.09063,8.14979,6575525
20100505,0,8.14979,8.20156,8.06844,8.135,7204402
20100506,0,8.17937,8.20156,4.45206,7.61732,20015209.145
20100507,0,7.58034,7.72825,7.43243,7.56555,14227348.097
20100510,0,7.89835,8.03886,7.8096,7.88356,8220865.274
20100511,0,7.89835,7.95751,7.80221,7.83179,8366842.427
20100512,0,7.89095,8.06844,7.82439,8.03886,5845795.27699999
20100513,0,8.03886,8.12021,7.96491,8.01667,4318603.454
20100514,0,7.9797,8.01667,7.86877,7.92793,4324460.484
20100517,0,7.95012,8.00928,7.85397,8.00188,4661914.578
20100518,0,8.12761,8.12761,7.91314,7.94272,5948735.12
20100519,0,7.89095,7.98709,7.85397,7.95012,6597814.493
20100520,0,7.83918,7.84658,7.62472,7.68388,9496284.794
20100521,0,7.52857,7.80221,7.50639,7.80221,9720401.461
20100524,0,7.75044,7.9723,7.66909,7.79481,6150429.896
20100525,0,7.6543,7.78742,7.55816,7.77262,7553685.991
20100526,0,7.83179,7.95751,7.79481,7.817,7353653.04100001
20100527,0,7.89835,8.02407,7.87616,8.02407,7192232.275
20100528,0,8.06105,8.09802,7.90574,7.91314,8504248.032
20100601,0,7.83918,8.01667,7.817,7.90574,6264248.654
20100602,0,7.89835,8.09063,7.89835,8.08323,6759858.506
20100603,0,8.10542,8.15719,8.06105,8.1424,5881246.636
20100604,0,8.00188,8.11281,7.95012,7.9797,7326746.482
20100607,0,8.07584,8.09802,7.817,7.82439,9326145.88899999
20100608,0,7.83918,7.89835,7.76523,7.83179,8121063.862
20100609,0,7.89835,8.05365,7.82439,7.95012,7393375.083
20100610,0,7.96491,8.11281,7.95012,8.11281,4955453.382
20100611,0,8.07584,8.17937,8.02407,8.17937,4016343.313
20100614,0,8.21635,8.31989,8.20896,8.24593,4937446.061
20100615,0,8.25333,8.35686,8.24593,8.33468,4234338.002
20100616,0,8.32728,8.45301,8.29031,8.44561,5274927.81
20100617,0,8.4604,8.49738,8.31989,8.49738,5051422.869
20100618,0,8.50477,8.50477,8.35686,8.37166,8381919.32700001
20100621,0,8.4678,8.50477,8.38645,8.43822,4899544.947
20100622,0,8.4604,8.48259,8.35686,8.36426,4495733.394
20100623,0,8.39384,8.41603,8.28291,8.31989,5158134.531
20100624,0,8.34207,8.36426,8.24593,8.24593,4300290.351
20100625,0,8.27551,8.28291,8.20156,8.22375,5027721.984
20100628,0,8.23888,8.31453,8.13296,8.26157,5519526.04399999
20100629,0,8.18592,8.19348,8.0573,8.09513,6074411.677
20100630,0,8.08757,8.14053,7.98921,7.99678,4690762.3
20100701,0,7.98165,8.0573,7.82277,7.99678,6133614.658
20100702,0,7.98165,8.11026,7.94382,8.02704,5018475.237
20100706,0,8.07244,8.19348,7.98921,8.04974,4649326.048
20100707,0,7.97408,8.26157,7.97408,8.25401,4327701.163
20100708,0,8.08757,8.45071,8.08757,8.44315,5652238.074
20100709,0,8.2767,8.45071,8.2767,8.42045,3390489.586
20100712,0,8.38262,8.5415,8.37506,8.46584,5391456.373
20100713,0,8.50367,8.54907,8.45828,8.52637,4164472.78
20100714,0,8.52637,8.63229,8.46584,8.63229,5230402.781
20100715,0,8.63985,8.66255,8.54907,8.60959,4083409.198
20100716,0,8.59446,8.60959,8.43558,8.45071,5020964.64
20100719,0,8.48098,8.5415,8.42045,8.48854,3521745.281
20100720,0,8.40532,8.63985,8.39775,8.61716,4200509.987
20100721,0,8.60202,8.63985,8.50367,8.52637,3911065.791
20100722,0,8.59446,8.70038,8.57933,8.63985,3970948.30800001
20100723,0,8.67768,8.7382,8.62472,8.69281,4175333.386
20100726,0,8.70794,8.82899,8.70038,8.80629,3855879.223
20100727,0,8.83656,8.92734,8.79873,8.79873,5087187.959
20100728,0,8.85169,8.91221,8.81386,8.82899,6625946.03
20100729,0,8.88951,8.94247,8.71551,8.7382,8163126.595
20100730,0,8.69281,8.69281,8.52637,8.61716,10298726.264
20100802,0,8.73064,8.79873,8.69281,8.7382,7589397.075
20100803,0,8.75333,8.77603,8.67768,8.70038,6350694.753
20100804,0,8.73064,8.75333,8.63229,8.70794,5381041
20100805,0,8.69281,8.71551,8.62472,8.63985,6394941
20100806,0,8.84412,8.84412,8.69281,8.7382,11221823.186
20100809,0,8.81386,8.85169,8.75333,8.7609,5765233.483
20100810,0,8.7382,8.81386,8.70794,8.73064,7706696.171
20100811,0,8.69281,8.72307,8.58689,8.60202,5128584.545
20100812,0,8.52637,8.57176,8.49611,8.52637,6382826.63599999
20100813,0,8.55663,8.64742,8.5188,8.57176,4762928.18
20100816,0,8.5642,8.62472,8.55663,8.61716,5083107.948
20100817,0,8.63985,8.73064,8.60202,8.70794,5998243.042
20100818,0,8.7609,8.85169,8.61716,8.62472,19733058.4
20100819,0,8.62472,8.63229,8.45071,8.51124,7001439.28399999
20100820,0,8.47341,8.50367,8.41288,8.46584,8071713.47399999
20100823,0,8.50367,8.52637,8.38262,8.38262,5845209.445
20100824,0,8.33723,8.49611,8.2994,8.45828,8776543.607
20100825,0,8.52637,8.60202,8.42045,8.5415,7345370.793
20100826,0,8.60202,8.62472,8.45828,8.45828,6097097.415
20100827,0,8.5188,8.60959,8.40532,8.60959,3815502.279
20100830,0,8.59446,8.63985,8.57176,8.57176,2963273.873
20100831,0,8.54907,8.74577,8.52637,8.70794,5761282.35
20100901,0,8.77603,8.87438,8.70794,8.86682,5892361.145
20100902,0,8.87438,8.94247,8.83656,8.93491,5089513.517
20100903,0,8.99543,9.04082,8.95004,9.03326,4598895.899
20100907,0,9.04082,9.06352,8.96517,9.04082,3925723.237
20100908,0,9.04082,9.09378,9.03326,9.06352,4031611.63
20100909,0,9.13161,9.19214,9.07865,9.177,4017522.974
20100910,0,9.11648,9.33588,9.11648,9.33588,4717792.545
20100913,0,9.44936,9.50989,9.32832,9.37371,7788085.09799999
20100914,0,9.29805,9.34345,9.16187,9.32075,7503052.22099999
20100915,0,9.38884,9.39641,9.27536,9.35858,5601030.749
20100916,0,9.34345,9.35858,9.29049,9.32832,8226177.918
20100917,0,9.38127,9.43423,9.32075,9.39641,6208723.084
20100920,0,9.45693,9.62337,9.43423,9.60068,5848189.77599999
20100921,0,9.63094,9.76712,9.58554,9.74442,9214505.49000001
20100922,0,9.75199,9.78981,9.6839,9.75955,7243038.73100001
20100923,0,9.72929,9.76712,9.6839,9.72929,5687164.897
20100924,0,9.78981,9.87304,9.77468,9.8579,6703228.951
20100927,0,9.84277,9.87304,9.75955,9.76712,8157516.781
20100928,0,9.72854,9.7594,9.57425,9.72854,9202445.303
20100929,0,9.68225,9.7054,9.58968,9.64368,5878293.411
20100930,0,9.65911,9.7054,9.43538,9.48167,8893036.345
20101001,0,9.50481,9.58196,9.45852,9.51253,5872057.68199999
20101004,0,9.50481,9.58196,9.45081,9.47395,3567331.658
20101005,0,9.52024,9.64368,9.51253,9.55882,6380970.31
20101006,0,9.60511,9.63596,9.48167,9.48938,5510102.335
20101007,0,9.54339,9.5511,9.41995,9.48167,4969513.501
20101008,0,9.45081,9.48938,9.33508,9.37366,5098075.921
20101011,0,9.38137,9.47395,9.36594,9.47395,3092161.01
20101012,0,9.47395,9.48938,9.40452,9.47395,5596514.263
20101013,0,9.50481,9.52796,9.46624,9.48938,3579694.358
20101014,0,9.4971,9.61282,9.4971,9.5511,3752743.579
20101015,0,9.60511,9.65911,9.51253,9.52024,5139166.299
20101018,0,9.57425,9.62053,9.53567,9.57425,3473472.986
20101019,0,9.52796,9.5511,9.42766,9.4971,4502309.744
20101020,0,9.52796,9.62825,9.48167,9.59739,3274123.768
20101021,0,9.60511,9.68225,9.55882,9.62053,3741668.814
20101022,0,9.58196,9.60511,9.52796,9.59739,2953300.834
20101025,0,9.65911,9.68997,9.60511,9.65139,4860528.394
20101026,0,9.61282,9.72083,9.58968,9.67454,4131798.978
20101027,0,9.60511,9.66682,9.56653,9.62053,3673228.681
20101028,0,9.68225,9.72083,9.64368,9.67454,3050506.201
20101029,0,9.67454,9.78255,9.64368,9.7594,2854640.091
20101101,0,9.79798,9.82884,9.72083,9.74397,3351844.11
20101102,0,9.80569,9.89056,9.79026,9.87513,3966799.183
20101103,0,9.89827,9.99085,9.87513,9.98314,5816183
20101104,0,10.0294,10.23,9.96771,10.2223,7867949
20101105,0,10.1837,10.2069,10.0603,10.1992,4964942.074
20101108,0,10.1143,10.1297,9.8597,9.98314,7472964.584
20101109,0,10.0526,10.1066,9.98314,10.0371,5414648.724
20101110,0,10.0217,10.3072,10.014,10.3072,6039409.447
20101111,0,10.2223,10.2532,10.0989,10.1683,4775132.187
20101112,0,10.1452,10.1452,9.96771,10.0449,4550240.809
20101115,0,10.0526,10.1529,10.0371,10.0757,3202373.634
20101116,0,10.0294,10.0757,9.82884,9.92142,4704399.989
20101117,0,9.95228,10.0989,9.88284,10.0526,5326422.33
20101118,0,10.1143,10.3072,10.1066,10.3072,4881855.854
20101119,0,10.2377,10.2917,10.1914,10.2223,5603628.273
20101122,0,10.1837,10.1992,10.0911,10.176,3548673.644
20101123,0,10.1066,10.1452,10.0294,10.0449,4242112.263
20101124,0,10.0989,10.1992,10.0911,10.1374,3441504.212
20101126,0,10.0989,10.1837,10.0603,10.1374,1556025.41
20101129,0,10.0834,10.1066,9.95999,10.068,4760808.959
20101130,0,9.98314,10.122,9.95999,10.0757,3406600.096
20101201,0,10.1452,10.2686,10.1066,10.2069,4369168.177
20101202,0,10.1992,10.4075,10.1837,10.3689,5606212.31600001
20101203,0,10.392,10.5386,10.3612,10.5309,5751814.54
20101206,0,10.4769,10.5463,10.3457,10.5078,6477985.317
20101207,0,10.5849,10.6543,10.5309,10.5463,6149967.579
20101208,0,10.6158,10.6621,10.5232,10.5618,4944113.245
20101209,0,10.6698,10.8318,10.6235,10.8009,8395192.505
20101210,0,10.8164,10.8626,10.7392,10.8009,4838551.344
20101213,0,10.8472,10.9166,10.7701,10.9012,4936304.239
20101214,0,10.9398,10.9707,10.8318,10.9552,6111566.883
20101215,0,10.9707,11.1095,10.9475,10.9552,5358318.419
20101216,0,10.9398,10.9784,10.8626,10.8704,6846495.507
20101217,0,10.9012,10.9475,10.7932,10.8009,9175722.714
20101220,0,10.8626,10.9321,10.8549,10.9012,5479564.185
20101221,0,10.9321,11.0092,10.8935,10.9321,4974822.866
20101222,0,10.9707,10.9784,10.9089,10.9784,3461216.917
20101223,0,10.9784,10.9938,10.9629,10.9707,2398720.383
20101227,0,10.9629,11.0092,10.8935,10.9861,3290508.779
20101228,0,11.0247,11.0324,10.9475,10.9938,3372272.196
20101229,0,11.0094,11.0565,10.9151,11.0015,4803528.512
20101230,0,10.978,11.0329,10.9623,10.9701,2526167.094
20101231,0,10.9623,10.9937,10.9465,10.9544,2224510.445
20110103,0,10.9937,11.0251,10.9544,10.9701,4829110.02
20110104,0,10.978,11.0015,10.7973,10.9544,6490112.599
20110105,0,10.9151,11.0172,10.8994,11.0015,4706140.321
20110106,0,10.9937,11.0094,10.6874,10.7031,7574853.09299999
20110107,0,10.7502,10.7581,10.5147,10.601,8464054.62500001
20110110,0,10.5853,10.5853,10.3026,10.4283,10375852.478
20110111,0,10.4283,10.4597,10.1613,10.2241,9131082.53
20110112,0,10.2398,10.4989,10.2163,10.4832,7102385.232
20110113,0,10.4832,10.5225,10.3026,10.3419,6199647.026
20110114,0,10.3026,10.3262,10.2398,10.2791,4834353.195
20110118,0,10.2869,10.3262,10.1691,10.1927,5379335.739
20110119,0,10.1299,10.1613,9.99638,10.0435,7274767.734
20110120,0,10.0199,10.177,9.98853,10.1691,6403269.752
20110121,0,10.1691,10.1848,9.98067,10.0042,7491457.87
20110124,0,9.97282,10.1456,9.97282,10.0356,5956185.859
20110125,0,10.0435,10.1063,9.96497,10.0278,7038476.36
20110126,0,10.0513,10.0906,10.0042,10.0513,6410451.71
20110127,0,10.0828,10.1377,10.0199,10.122,4701305.153
20110128,0,10.1142,10.1299,9.92571,9.96497,5922479.638
20110131,0,9.98067,10.1142,9.98067,10.0592,4458782.547
20110201,0,10.1142,10.2791,10.1063,10.2241,5630798.19699999
20110202,0,10.1927,10.2477,10.1142,10.1299,5056750.914
20110203,0,10.1142,10.2634,10.0435,10.2555,4461816.525
20110204,0,10.2712,10.2869,10.1927,10.2398,3087798.806
20110207,0,10.2398,10.2869,10.2163,10.2634,2516361.325
20110208,0,10.2869,10.3497,10.2791,10.334,3037763.396
20110209,0,10.2948,10.3497,10.2634,10.2712,3853347.371
20110210,0,10.2791,10.2948,10.2163,10.2398,3237947.531
20110211,0,10.2241,10.3497,10.2163,10.3419,3005641.085
20110214,0,10.3733,10.4204,10.3105,10.3969,5618704.18999999
20110215,0,10.389,10.4204,10.334,10.4047,3668324.875
20110216,0,10.4126,10.4126,10.2948,10.3812,4080786.78
20110217,0,10.3655,10.389,10.3026,10.3733,6841251
20110218,0,10.3183,10.3812,9.79221,9.88644,17765253
20110222,0,9.81577,9.83148,9.50167,9.60375,14205084.27
20110223,0,9.62731,9.65872,9.4624,9.5959,11436301.09
20110224,0,9.66657,9.69798,9.50167,9.64301,7448151.471
20110225,0,9.72939,9.80792,9.69798,9.77651,6592603.92800001
20110228,0,9.79221,9.93356,9.77651,9.83148,6241283.999
20110301,0,10.0906,10.0985,9.79221,9.79221,7089665.697
20110302,0,9.78436,9.91785,9.69798,9.72939,8092336.721
20110303,0,9.80792,9.94141,9.71369,9.80792,10269883.277
20110304,0,9.80006,9.85503,9.69798,9.73724,6077000.177
20110307,0,9.80792,9.87074,9.75295,9.77651,8432519.469
20110308,0,9.82362,10.0828,9.78436,10.0749,10499777.26
20110309,0,10.0435,10.122,9.97282,10.1063,6228079.19
20110310,0,10.0513,10.1142,9.97282,9.98853,6975351.351
20110311,0,9.99638,10.1063,9.98853,10.0906,6346029.05
20110314,0,10.0513,10.0749,9.94926,9.98853,6269190.932
20110315,0,9.80006,10.0985,9.75295,10.0749,9178255.972
20110316,0,10.0828,10.2005,9.8943,9.98853,11048933.19
20110317,0,10.0906,10.1142,9.86289,9.98853,8140352.965
20110318,0,10.1377,10.1456,9.96497,10.1456,10152165.53
20110321,0,10.2084,10.232,10.0513,10.0592,9118955.60900001
20110322,0,10.0356,10.1691,10.0199,10.1691,6532659.877
20110323,0,10.1613,10.1927,10.1142,10.1456,6310151.489
20110324,0,10.2005,10.2084,10.1299,10.1613,5622192.255
20110325,0,10.1927,10.2241,10.0749,10.122,8250889.498
20110328,0,10.2084,10.3105,10.1691,10.2948,6338181.465
20110329,0,10.2551,10.2631,10.0469,10.215,7126564.54499999
20110330,0,10.2631,10.3751,10.199,10.2711,5540863.312
20110331,0,10.2951,10.3511,10.2471,10.3111,4708301.722
20110401,0,10.3191,10.3511,10.159,10.199,5229337.639
20110404,0,10.207,10.2791,10.151,10.2471,3791332.854
20110405,0,10.2551,10.2871,10.183,10.223,2973753.718
20110406,0,10.223,10.2391,10.095,10.119,5388353.06
20110407,0,10.127,10.199,10.0149,10.0549,5657576.947
20110408,0,10.0709,10.143,10.0229,10.0789,2694869.831
20110411,0,10.095,10.143,10.0389,10.127,4089515.223
20110412,0,10.103,10.111,10.0069,10.0149,4028648.875
20110413,0,10.0309,10.103,10.0069,10.0389,3141655.216
20110414,0,9.99889,10.0309,9.91083,9.98288,5038260.23600001
20110415,0,10.0309,10.159,9.95085,10.143,5576860.99599999
20110418,0,10.151,10.151,9.98288,10.0309,4405777.125
20110419,0,10.0069,10.0229,9.92684,9.97487,6790446.51
20110420,0,10.0629,10.0789,9.97487,9.99889,4552846.068
20110421,0,10.0309,10.127,10.0069,10.119,2821736.732
20110425,0,10.151,10.159,10.0069,10.0469,2921267.574
20110426,0,10.0789,10.2631,10.0709,10.2551,4197936.906
20110427,0,10.2951,10.2951,10.143,10.215,5287952.818
20110428,0,10.199,10.2631,10.175,10.2551,3361035.938
20110429,0,10.2551,10.2711,10.215,10.2471,2955923.921
20110502,0,10.2391,10.2951,10.175,10.2631,5051815.223
20110503,0,10.2791,10.5192,10.2631,10.5032,10059965
20110504,0,10.5192,10.5753,10.4152,10.5753,6509378
20110505,0,10.223,10.4072,10.0469,10.191,18187908.747
20110506,0,10.2631,10.3271,10.191,10.2951,7692529.878
20110509,0,10.3351,10.3591,10.215,10.3351,4666652.443
20110510,0,10.4232,10.6073,10.4072,10.5753,5869692.207
20110511,0,10.6073,10.6794,10.5192,10.6153,6003018.00500001
20110512,0,10.5593,10.6954,10.5433,10.6473,4509753.789
20110513,0,10.6633,10.6794,10.5593,10.6553,4214686.24
20110516,0,10.6553,10.7994,10.5993,10.6633,4256153.804
20110517,0,10.6313,10.7594,10.6073,10.7594,5239938.144
20110518,0,10.7434,10.7994,10.7034,10.7834,3898103.514
20110519,0,10.7994,10.8475,10.7514,10.8395,3140785.957
20110520,0,10.8555,10.8635,10.6874,10.7834,4518003.58
20110523,0,10.7194,10.7274,10.6073,10.6954,4690240.867
20110524,0,10.7354,10.7674,10.6393,10.6954,4792393.422
20110525,0,10.6473,10.6794,10.5753,10.5993,3596296.296
20110526,0,10.6073,10.7594,10.5273,10.7354,3652027.837
20110527,0,10.7514,10.7674,10.6714,10.7514,3198412.85
20110531,0,10.8074,10.8154,10.6473,10.7594,5145783.84
20110601,0,10.7194,10.7674,10.5673,10.5833,6006619.502
20110602,0,10.5673,10.6794,10.5433,10.6553,5532418.312
20110603,0,10.5433,10.6633,10.4872,10.5192,5033183.863
20110606,0,10.4872,10.5112,10.3351,10.3671,4639365.801
20110607,0,10.3832,10.4632,10.2871,10.4072,5580664.624
20110608,0,10.4152,10.4152,10.2471,10.2951,6023932.896
20110609,0,10.3031,10.4952,10.2871,10.4152,4935646.479
20110610,0,10.3832,10.4072,10.2551,10.2631,4707243.904
20110613,0,10.3271,10.3832,10.215,10.215,4652621.057
20110614,0,10.2871,10.4072,10.2631,10.3511,4503120.231
20110615,0,10.2871,10.3351,10.207,10.2551,4578876.784
20110616,0,10.2391,10.3832,10.215,10.3591,8046130.638
20110617,0,10.4792,10.4952,10.3511,10.4712,7153958.732
20110620,0,10.4792,10.5913,10.4632,10.5192,4206957.46
20110621,0,10.5753,10.6393,10.5433,10.5993,3031073.59
20110622,0,10.5993,10.6954,10.5833,10.5833,3199910.499
20110623,0,10.5112,10.5433,10.3751,10.5273,5508791.66
20110624,0,10.5112,10.5673,10.4152,10.4312,3605644.521
20110627,0,10.4632,10.5673,10.4072,10.4952,4799150.641
20110628,0,10.5199,10.5525,10.4219,10.5199,5045500.028
20110629,0,10.5852,10.6096,10.528,10.5444,4049125.586
20110630,0,10.5933,10.6341,10.5362,10.577,3268803.863
20110701,0,10.5688,10.7239,10.5607,10.6994,4622731.221
20110705,0,10.7076,10.8137,10.6586,10.7892,4023494.384
20110706,0,10.7892,10.8055,10.6749,10.7076,4883839.896
20110707,0,10.8055,10.8137,10.6831,10.7565,4414408.92
20110708,0,10.6586,10.7239,10.6341,10.6994,3311745.642
20110711,0,10.6341,10.6341,10.5199,10.5525,3577726.12
20110712,0,10.5362,10.6015,10.4791,10.5199,4466214.974
20110713,0,10.5525,10.5852,10.4301,10.4546,3983561.079
20110714,0,10.4627,10.5525,10.324,10.3403,5641803.325
20110715,0,10.4383,10.4383,10.2587,10.2914,6081693.935
20110718,0,10.2669,10.2832,10.12,10.1934,4985508.518
20110719,0,10.275,10.2995,10.2179,10.275,4081738.05
20110720,0,10.324,10.3403,10.2016,10.2342,4186377.011
20110721,0,10.2424,10.4056,10.2424,10.3648,3756328.056
20110722,0,10.3485,10.3974,10.2832,10.3648,4114050.761
20110725,0,10.2832,10.2914,10.1934,10.2179,4384909.693
20110726,0,10.2342,10.2832,10.1853,10.2097,3292208.62
20110727,0,10.2016,10.2424,10.0873,10.12,4608006.012
20110728,0,10.0955,10.1445,9.99755,10.0139,4622173.426
20110729,0,9.9649,10.022,9.64661,9.9649,6410361.52
20110801,0,10.0955,10.1934,9.80168,9.9241,20492659.868
20110802,0,9.89145,9.89961,9.75271,9.76087,12931149.358
20110803,0,9.79352,9.818,9.43442,9.75271,15554793.681
20110804,0,9.70374,9.74455,9.33648,9.37729,15552475
20110805,0,9.45074,9.58948,8.97739,9.46706,16355140
20110808,0,9.14878,9.26303,8.78152,8.83049,18169624.02
20110809,0,8.99371,9.39361,8.92026,9.39361,19018165.47
20110810,0,9.32832,9.53236,9.18958,9.27936,21051219.61
20110811,0,9.24671,9.75271,9.24671,9.64661,10696336.83
20110812,0,9.86697,9.87513,9.63029,9.68742,9537338.735
20110815,0,9.79352,9.89145,9.73639,9.88329,8132362.694
20110816,0,9.82616,9.83432,9.6711,9.76087,6634835.27899999
20110817,0,9.79352,9.94858,9.79352,9.87513,5902455.915
20110818,0,9.72823,9.72823,9.51603,9.58948,9449879.16899999
20110819,0,9.46706,9.68742,9.42626,9.47523,7642151.058
20110822,0,9.63029,9.7119,9.4589,9.49971,7527060.84899999
20110823,0,9.57316,9.72823,9.54052,9.72006,8083444.203
20110824,0,9.76087,9.90777,9.7119,9.88329,8454326.91499999
20110825,0,9.98122,9.98122,9.72823,9.79352,6854081.305
20110826,0,9.74455,9.86697,9.58948,9.83432,5648134.344
20110829,0,9.93226,10.071,9.91593,10.0628,6284934.95099999
20110830,0,10.0302,10.2342,9.95674,10.2016,7255759.304
20110831,0,10.2914,10.4056,10.2505,10.3485,9238625.077
20110901,0,10.3566,10.4056,10.2587,10.2995,8448201.582
20110902,0,10.1281,10.3322,10.1281,10.2097,8689294.06
20110906,0,9.98939,10.1526,9.93226,10.1445,10141107.24
20110907,0,10.2342,10.3158,10.1689,10.2914,7150220.98
20110908,0,10.2424,10.4056,10.2179,10.373,13044140.27
20110909,0,10.2914,10.3811,10.2016,10.2424,13184824.57
20110912,0,10.1281,10.2261,10.0384,10.2097,8105325.788
20110913,0,10.2261,10.3485,10.1608,10.3322,9350223.16
20110914,0,10.3893,10.4709,10.2424,10.3974,6911344.05199999
20110915,0,10.4709,10.4791,10.373,10.4627,6671297.456
20110916,0,10.5199,10.6096,10.4709,10.5117,7005313.608
20110919,0,10.4464,10.5362,10.3648,10.5035,5096145.646
20110920,0,10.5607,10.6749,10.4791,10.4954,7484330.67600001
20110921,0,10.5035,10.5444,10.1689,10.2261,8645463.76
20110922,0,10.0547,10.1689,9.82616,9.99755,13270794.621
20110923,0,9.99755,10.0547,9.90777,10.0302,8795721.198
20110926,0,10.1118,10.2832,10.0465,10.1771,11052612.56
20110927,0,10.3485,10.3648,10.0547,10.0955,9854683.31000001
20110928,0,10.1205,10.1621,9.86225,9.87891,10575971.455
20110929,0,9.96221,10.0538,9.68733,9.85392,8955812.866
20110930,0,9.82893,9.95388,9.71232,9.72898,6737402.552
20111003,0,9.66234,9.77896,9.3708,9.43744,9306137.071
20111004,0,9.32083,9.33749,9.06261,9.22087,19719996.932
20111005,0,9.24586,9.37913,9.21254,9.3708,6759940.894
20111006,0,9.37913,9.43744,9.29584,9.43744,7280879.385
20111007,0,9.5374,9.5374,9.3125,9.36248,6084033.903
20111010,0,9.4541,9.5374,9.41245,9.49575,5005819.214
20111011,0,9.51241,9.5957,9.46243,9.56239,5661133.171
20111012,0,9.57905,9.82893,9.57905,9.73731,5790759.284
20111013,0,9.70399,9.71232,9.57905,9.65401,5080874.452
20111014,0,9.73731,9.87891,9.72065,9.86225,6194460.714
20111017,0,9.9039,9.99553,9.8206,9.9039,8172988.766
20111018,0,9.96221,10.0705,9.87058,10.0039,7882973.771
20111019,0,10.0372,10.0872,9.95388,9.97054,6055000.259
20111020,0,9.9872,10.0122,9.86225,9.97887,5398986.99400001
20111021,0,10.0788,10.0788,9.87058,10.0122,7054485.496
20111024,0,10.0205,10.0955,9.96221,10.0039,7579391.54
20111025,0,10.0039,10.0288,9.83726,9.84559,5755256.855
20111026,0,9.92056,9.96221,9.82893,9.91223,6576942.757
20111027,0,10.0705,10.2454,10.0288,10.1871,9302640.959
20111028,0,10.1788,10.2871,10.1538,10.2288,4618084.471
20111031,0,10.2038,10.2871,10.1455,10.1455,4329338.27
20111101,0,9.9872,10.0372,9.92056,9.96221,6940854.44
20111102,0,10.0788,10.2204,10.0538,10.2121,6806813.266
20111103,0,10.3037,10.4953,10.2954,10.437,9927313
20111104,0,10.0372,10.0455,9.65401,9.86225,16387519
20111107,0,10.0205,10.0205,9.87058,9.99553,9491906.29
20111108,0,10.0872,10.0872,9.91223,10.0039,7398251.713
20111109,0,9.91223,9.93722,9.80394,9.82893,8817888.565
20111110,0,10.0622,10.0622,9.83726,9.85392,9079883.107
20111111,0,9.95388,10.0039,9.91223,9.97887,4396723.135
20111114,0,9.97054,9.99553,9.78728,9.8206,6647972.262
20111115,0,9.80394,9.87058,9.75397,9.83726,4672866.31
20111116,0,9.80394,9.96221,9.77896,9.78728,7350731.26
20111117,0,9.77063,9.79562,9.66234,9.71232,10425305.527
20111118,0,9.84559,9.84559,9.67067,9.68733,7646633.70000001
20111121,0,9.63735,9.66234,9.49575,9.55406,6313441.277
20111122,0,9.51241,9.51241,9.28751,9.36248,8499407.363
20111123,0,9.32083,9.32083,9.16256,9.24586,7660322.64400001
20111125,0,9.23753,9.36248,9.17089,9.27085,2862167.691
20111128,0,9.49575,9.52907,9.35415,9.42078,6703833.903
20111129,0,9.46243,9.64568,9.41245,9.57071,10506019.184
20111130,0,9.77896,9.84559,9.67067,9.77896,11090554.27
20111201,0,9.78728,9.80394,9.69566,9.72898,8096415.69399999
20111202,0,9.89557,9.94555,9.73731,9.79562,11270518.832
20111205,0,9.96221,10.0372,9.87891,9.92056,8232294.20300001
20111206,0,9.92889,9.94555,9.81227,9.82893,7850861.184
20111207,0,9.81227,9.94555,9.70399,9.89557,7895300.953
20111208,0,9.87891,9.9039,9.66234,9.66234,7253639.314
20111209,0,9.7623,9.8206,9.67067,9.77063,8415884.01999999
20111212,0,9.71232,9.72898,9.51241,9.70399,9525532.77399999
20111213,0,9.70399,9.80394,9.54573,9.60403,6416785.788
20111214,0,9.58737,9.63735,9.38746,9.41245,9410409.707
20111215,0,9.47909,9.55406,9.3708,9.47909,6658389.094
20111216,0,9.50408,9.65401,9.43744,9.64568,9087925.451
20111219,0,9.679,9.73731,9.5374,9.57905,7107315.395
20111220,0,9.74564,9.87058,9.67067,9.77063,8683311.538
20111221,0,9.77063,9.88724,9.74564,9.87891,4428949.061
20111222,0,9.94555,10.0122,9.87891,9.97887,5349426.81000001
20111223,0,10.0122,10.0622,9.95388,10.0122,5183027.034
20111227,0,10.0538,10.1621,10.0122,10.1371,5325854.594
20111228,0,10.0606,10.1711,9.95003,9.96704,7106158.83699999
20111229,0,10.0266,10.0946,9.97554,10.0606,4474188.842
20111230,0,10.0861,10.1116,9.96704,9.97554,5537181.414
20120103,0,10.1626,10.1796,10.0181,10.0351,6726809.362
20120104,0,10.0011,10.0266,9.8905,9.90751,7144745.769
20120105,0,9.89901,9.91601,9.76294,9.86499,9323486.38399999
20120106,0,9.8905,10.0351,9.83947,9.95003,6601831.918
20120109,0,9.96704,10.0096,9.882,9.882,9245260.098
20120110,0,9.94153,10.0436,9.89901,9.99255,8925726.17400001
20120111,0,9.95003,10.1371,9.95003,10.1286,7308602.37
20120112,0,10.1541,10.1711,10.0776,10.1626,4304161.867
20120113,0,10.1371,10.2902,10.1201,10.2732,9544815.714
20120117,0,10.4008,10.5028,10.3327,10.3667,9147171.181
20120118,0,10.4263,10.5368,10.3752,10.5028,7535558.988
20120119,0,10.5198,10.5368,10.4008,10.4093,5814393.233
20120120,0,10.4008,10.5028,10.4008,10.4858,4923246.025
20120123,0,10.4433,10.5113,10.3582,10.4008,5605587.679
20120124,0,10.3582,10.3752,10.2052,10.2817,6432913.151
20120125,0,10.2987,10.3923,10.1882,10.3667,5836972.571
20120126,0,10.3838,10.4348,10.2477,10.2647,4608370.84
20120127,0,10.2392,10.3497,10.1882,10.2052,5021021.398
20120130,0,10.1796,10.2137,10.1116,10.1967,4403045.386
20120131,0,10.2902,10.2902,10.1796,10.2647,5398318.029
20120201,0,10.2732,10.4518,10.2562,10.3923,6182241.126
20120202,0,10.4263,10.4943,10.4008,10.4518,6477557.922
20120203,0,10.5113,10.5368,10.4178,10.4603,5060805.998
20120206,0,10.4518,10.5113,10.3838,10.4433,3918415.714
20120207,0,10.4433,10.5964,10.4263,10.5793,6544817.332
20120208,0,10.5368,10.6049,10.5113,10.5538,4511889.929
20120209,0,10.5623,10.6134,10.4858,10.5964,3501758.777
20120210,0,10.5113,10.5964,10.4688,10.5113,3685493.643
20120213,0,10.5708,10.5964,10.5028,10.5453,3740273.989
20120214,0,10.5538,10.5879,10.4603,10.5793,7876967.09200001
20120215,0,10.6134,10.6219,10.5113,10.5453,5244299.195
20120216,0,10.5538,10.6304,10.5283,10.6134,4706663.878
20120217,0,10.6219,10.6644,10.6049,10.6134,6448099.006
20120221,0,10.6644,10.6729,10.5283,10.5879,8810723
20120222,0,10.6049,10.6134,10.2392,10.3157,12071721
20120223,0,10.3157,10.3327,10.2052,10.2562,10206131.753
20120224,0,10.2987,10.3497,10.2732,10.3327,5059391.24
20120227,0,10.3412,10.3582,10.2647,10.3327,4710935.509
20120228,0,10.3157,10.3923,10.2902,10.3412,4376009.713
20120229,0,10.3412,10.3752,10.2392,10.2817,7411940.76200001
20120301,0,10.2817,10.3327,10.2222,10.2732,8150957.33800001
20120302,0,10.2562,10.3412,10.2477,10.2902,4589583.109
20120305,0,10.2817,10.3327,10.2137,10.2817,4645838.45
20120306,0,10.2307,10.2817,10.2052,10.2307,6188771.95
20120307,0,10.2392,10.2902,10.2052,10.2647,4199918.25
20120308,0,10.3072,10.3412,10.2052,10.2052,5148268.185
20120309,0,10.2052,10.3497,10.2052,10.3412,3881470.804
20120312,0,10.3582,10.4518,10.3327,10.3412,4672162.441
20120313,0,10.3923,10.4093,10.2222,10.3072,7134073.424
20120314,0,10.3157,10.3242,10.2052,10.2392,5758948.042
20120315,0,10.2477,10.3242,10.2052,10.3242,4985216.79
20120316,0,10.3412,10.3752,10.2817,10.2817,5831321.99099999
20120319,0,10.2817,10.3838,10.2562,10.2817,4363269.734
20120320,0,10.2902,10.3072,10.2137,10.2307,6793979.928
20120321,0,10.2562,10.2732,10.2137,10.2392,5939600.165
20120322,0,10.2137,10.2987,10.1711,10.1711,6324331.991
20120323,0,10.1626,10.2052,10.1031,10.1286,7550702.76
20120326,0,10.1541,10.2477,10.0776,10.1456,7509992.96999999
20120327,0,10.2052,10.3072,10.1626,10.2562,9081813.72
20120328,0,10.2649,10.2822,10.0043,10.0478,10336626.13
20120329,0,10.0478,10.1433,9.90882,10.1086,8930672.33
20120330,0,10.1433,10.1867,10.0217,10.1607,9274347.562
20120402,0,10.1693,10.2041,10.0738,10.1693,6714824.43
20120403,0,10.1867,10.2041,10.0304,10.0478,4775853.383
20120404,0,10.0217,10.0564,9.97829,10.0304,5480480.02
20120405,0,10.0043,10.0217,9.92618,9.98697,4215317.195
20120409,0,9.90013,9.95224,9.85671,9.89145,3798623.103
20120410,0,9.86539,9.90013,9.69171,9.73513,7339551.19
20120411,0,9.82197,9.88276,9.76118,9.83934,5945326.31
20120412,0,9.83066,9.92618,9.8046,9.88276,5040741.86700001
20120413,0,9.84803,9.88276,9.70908,9.73513,6084485.852
20120416,0,9.81329,9.84803,9.72645,9.7525,5864967.32
20120417,0,9.82197,9.9175,9.77855,9.88276,4066098.401
20120418,0,9.84803,9.86539,9.79592,9.85671,3140281.424
20120419,0,9.8046,9.88276,9.74381,9.79592,3861560.39
20120420,0,9.81329,9.87408,9.78724,9.79592,4513867.212
20120423,0,9.76987,9.78724,9.68302,9.71776,4538029.07
20120424,0,9.71776,9.8046,9.64829,9.70039,5224416.312
20120425,0,9.71776,9.76987,9.66566,9.76118,5678580.499
20120426,0,9.74381,9.83066,9.73513,9.81329,4534830.474
20120427,0,9.82197,9.83934,9.70908,9.77855,4533690.457
20120430,0,9.77855,9.79592,9.73513,9.76118,5630644.996
20120501,0,9.7525,9.88276,9.72645,9.82197,5999257.28
20120502,0,9.74381,9.82197,9.71776,9.76118,4963873.53
20120503,0,9.73513,9.88276,9.73513,9.86539,4427816.645
20120504,0,9.82197,9.89145,9.79592,9.85671,3799583.619
20120507,0,9.83934,9.93487,9.81329,9.90013,4410783.352
20120508,0,9.84803,9.9175,9.72645,9.83066,5141647.312
20120509,0,9.71776,9.81329,9.64829,9.78724,6884123
20120510,0,9.5875,9.59618,8.18064,8.77985,42955882
20120511,0,8.72775,8.7538,8.57143,8.63222,17410820.99
20120514,0,8.59748,8.62354,8.33695,8.40643,19642106.25
20120515,0,8.4238,8.4759,8.1459,8.17195,17257342.77
20120516,0,8.30222,8.45853,8.09379,8.29353,16980057.78
20120517,0,8.33695,8.34564,8.09379,8.16327,11295559.705
20120518,0,8.24142,8.30222,8.10248,8.1459,10708000.964
20120521,0,8.18064,8.3109,8.16327,8.29353,8280792.638
20120522,0,8.31958,8.38906,8.25011,8.27616,10167087.18
20120523,0,8.27616,8.31958,8.08511,8.24142,9543017.75000001
20120524,0,8.24142,8.28485,8.15458,8.18932,5891803.072
20120525,0,8.198,8.26748,8.17195,8.23274,3881180.638
20120529,0,8.29353,8.29353,8.11985,8.15458,7674569.9
20120530,0,8.12853,8.15458,8.04169,8.08511,7583975.972
20120531,0,8.07642,8.13721,7.96353,8.12853,8085113.563
20120601,0,7.99826,8.16327,7.94616,7.9809,9988424.448
20120604,0,8.05905,8.11116,7.81589,7.93747,11205353.378
20120605,0,7.89405,7.9809,7.868,7.89405,8784602.81
20120606,0,7.98958,8.06774,7.93747,8.01563,8252021.827
20120607,0,8.10248,8.13721,8.02432,8.08511,6072916.82
20120608,0,8.06774,8.1459,8.00695,8.12853,6337180.97
20120611,0,8.198,8.27616,8.1459,8.22406,10072239.04
20120612,0,8.22406,8.26748,8.16327,8.24142,7242673.967
20120613,0,8.20669,8.3109,8.17195,8.22406,7428570.876
20120614,0,8.23274,8.26748,8.16327,8.22406,9028551.20699999
20120615,0,8.24142,8.25879,8.17195,8.22406,12386399.241
20120618,0,8.25011,8.51064,8.22406,8.46722,9802600.78900001
20120619,0,8.52801,8.74512,8.48459,8.64959,10249120.31
20120620,0,8.66696,8.68433,8.50196,8.56275,8717842.239
20120621,0,8.61485,8.6409,8.37169,8.37169,14015392.129
20120622,0,8.4238,8.51064,8.3109,8.41511,8416270.176
20120625,0,8.36301,8.41511,8.31958,8.34564,6246141.203
20120626,0,8.39774,8.50196,8.35432,8.49327,8967277.46
20120627,0,8.5648,8.5648,8.28852,8.30634,10435212.29
20120628,0,8.25287,8.37764,8.07462,8.28852,13479618.874
20120629,0,8.39547,8.6361,8.37764,8.58263,11491674.819
20120702,0,8.60045,8.76087,8.55589,8.75196,8791708.477
20120703,0,8.71631,8.82326,8.68958,8.81435,4227909.638
20120705,0,8.7074,8.81435,8.57371,8.76979,9358613.429
20120706,0,8.68958,8.72523,8.55589,8.7074,7940760.371
20120709,0,8.66284,8.79652,8.65393,8.76087,5389096.842
20120710,0,8.80544,8.80544,8.68958,8.72523,5296002.13499999
20120711,0,8.74305,8.81435,8.68066,8.71631,6323144.398
20120712,0,8.64501,8.72523,8.5648,8.67175,5678405.176
20120713,0,8.66284,8.76087,8.65393,8.7074,6121471.887
20120716,0,8.80544,8.80544,8.7074,8.76979,6293944.379
20120717,0,8.82326,9.01933,8.7074,8.91238,9815523.682
20120718,0,8.88565,8.91238,8.65393,8.87674,8462127.937
20120719,0,8.89456,8.90347,8.79652,8.85891,6225117.067
20120720,0,8.83217,8.83217,8.73414,8.76087,5656344.21
20120723,0,8.68066,8.7787,8.64501,8.71631,5412213.704
20120724,0,8.74305,8.80544,8.46677,8.51133,7132690.268
20120725,0,8.55589,8.58263,8.27961,8.27961,9637980.99
20120726,0,8.44003,8.53806,8.35982,8.51133,7375409.1
20120727,0,8.60936,8.69849,8.52915,8.67175,6597214.58200001
20120730,0,8.67175,8.74305,8.60936,8.72523,5882991.01599999
20120731,0,8.73414,8.90347,8.7074,8.88565,8517054.891
20120801,0,8.91238,9.04607,8.90347,9.01042,9896100.565
20120802,0,8.96586,9.04607,8.7787,8.88565,7743692.519
20120803,0,8.94803,9.01933,8.88565,8.93021,4402684.451
20120806,0,8.97477,9.01933,8.93021,8.96586,5444520.637
20120807,0,8.9926,9.18867,8.97477,9.13519,9607003.881
20120808,0,8.95695,9.09955,8.60045,8.95695,18124785
20120809,0,8.6361,8.64501,8.11918,8.28852,37681896
20120810,0,8.30634,8.41329,8.20831,8.38655,11775197.634
20120813,0,8.39547,8.44003,8.33308,8.38655,7913320.87
20120814,0,8.43112,8.51133,8.38655,8.45785,6630349.27
20120815,0,8.50242,8.57371,8.43112,8.55589,6651403.894
20120816,0,8.5648,8.57371,8.33308,8.54698,12292343.801
20120817,0,8.5648,8.5648,8.46677,8.51133,5623767.89
20120820,0,8.46677,8.53806,8.34199,8.37764,8735341.608
20120821,0,8.4935,8.61828,8.44003,8.52024,10311796.698
20120822,0,8.52024,8.60045,8.4935,8.54698,7304374.433
20120823,0,8.52024,8.58263,8.4222,8.50242,7416812.282
20120824,0,8.52024,8.68066,8.48459,8.65393,6848061.768
20120827,0,8.68958,8.68958,8.57371,8.59154,5220654.06
20120828,0,8.60045,8.7074,8.5648,8.68066,6089179.885
20120829,0,8.69849,8.91238,8.64501,8.88565,16057520.84
20120830,0,8.88565,8.90347,8.73414,8.78761,8477707.367
20120831,0,8.82326,8.82326,8.68958,8.81435,6818380.83
20120904,0,8.89456,8.89456,8.76979,8.89456,8206454.671
20120905,0,8.89456,8.93021,8.86782,8.87674,7529317.167
20120906,0,8.91238,9.0639,8.87674,9.02825,9901470.453
20120907,0,9.01042,9.17976,8.94803,9.10846,7143561.286
20120910,0,9.11737,9.26888,9.09063,9.12628,7576354.051
20120911,0,9.17084,9.40257,9.13519,9.38474,8227062.755
20120912,0,9.36692,9.55408,9.36692,9.54516,8567119.805
20120913,0,9.51843,9.62538,9.5006,9.56299,12613010.065
20120914,0,9.53625,9.76797,9.52734,9.59864,11406119.138
20120917,0,9.62538,9.69668,9.54516,9.65211,6245975.277
20120918,0,9.63429,9.66103,9.47387,9.56299,7344274.636
20120919,0,9.5719,9.73232,9.52734,9.66994,5764859.953
20120920,0,9.6432,9.7858,9.62538,9.68776,4906955.763
20120921,0,9.74124,9.83927,9.7145,9.75015,7576642.773
20120924,0,9.75015,9.82145,9.68776,9.75906,7707508.285
20120925,0,9.76797,9.81254,9.62538,9.6432,8237582.80799999
20120926,0,9.59769,9.62506,9.00468,9.51558,14535507.42
20120927,0,9.48821,9.49733,9.30574,9.38785,6570944.752
20120928,0,9.35136,9.38785,9.12328,9.21451,10243657.399
20121001,0,9.18714,9.27837,9.06854,9.08679,10110383.176
20121002,0,9.09591,9.17802,8.96818,8.99555,7643881.62000001
20121003,0,8.97731,9.19626,8.81309,9.15977,12216726.691
20121004,0,9.20539,9.22363,9.05029,9.16889,6438128.148
20121005,0,9.20539,9.36961,9.17802,9.26925,7904397.98
20121008,0,9.26925,9.31487,9.18714,9.24188,5763664.122
20121009,0,9.24188,9.251,9.05029,9.05942,5657045.624
20121010,0,9.1324,9.29662,9.08679,9.19626,7395688.964
20121011,0,9.29662,9.29662,9.05942,9.18714,5810064.509
20121012,0,9.20539,9.27837,9.05942,9.09591,5110229.44
20121015,0,9.19626,9.19626,9.03205,9.10503,5779880.768
20121016,0,9.12328,9.17802,9.05942,9.11415,5021679.538
20121017,0,9.14153,9.30574,9.09591,9.251,7383805.816
20121018,0,9.29662,9.35136,9.17802,9.23276,4477790.696
20121019,0,9.18714,9.24188,9.03205,9.04117,6032607.035
20121022,0,9.04117,9.12328,8.86783,8.91344,6298522.822
20121023,0,8.87695,8.91344,8.73098,8.82221,11326925.376
20121024,0,8.80396,8.88607,8.77659,8.79484,5176344.234
20121025,0,8.83133,8.87695,8.71273,8.76747,3735157.102
20121026,0,8.77659,8.83133,8.69448,8.79484,3288844.991
20121031,0,8.83133,8.87695,8.68536,8.68536,4780893.968
20121101,0,8.68536,8.78572,8.68536,8.74922,3361494.098
20121102,0,8.77659,8.84958,8.66711,8.70361,3993513.529
20121105,0,8.68536,8.69448,8.54851,8.67624,4981331.687
20121106,0,8.69448,8.71273,8.54851,8.60325,5438928.32
20121107,0,8.56676,8.75835,8.44816,8.61237,11688221
20121108,0,8.21095,8.23832,7.73654,7.77303,34702207
20121109,0,7.72742,7.88251,7.54495,7.74566,15142532.06
20121112,0,7.78216,7.89164,7.67268,7.70005,6707432.982
20121113,0,7.70917,7.74566,7.50846,7.5267,7940702.999
20121114,0,7.49021,7.60881,7.38986,7.46284,8267547.346
20121115,0,7.49021,7.57232,7.36249,7.49933,9415182.63999999
20121116,0,7.37161,7.55407,7.1709,7.5267,21138611.218
20121119,0,7.58144,7.76391,7.57232,7.62706,8345748.249
20121120,0,7.60881,7.64531,7.51758,7.5632,4928496.876
20121121,0,7.55407,7.59969,7.49021,7.50846,3698539.544
20121123,0,7.53583,7.60881,7.51758,7.54495,1594744.915
20121126,0,7.58144,7.60881,7.53583,7.53583,4897392.642
20121127,0,7.55407,7.61794,7.5267,7.57232,5407802.135
20121128,0,7.37161,7.72742,7.36249,7.71829,11367574.397
20121129,0,7.73654,7.75479,7.61794,7.70917,6798476.748
20121130,0,7.70005,7.74566,7.60881,7.65443,7895818.016
20121203,0,7.64531,7.70005,7.53583,7.64531,6395178.946
20121204,0,7.64531,7.8004,7.58144,7.74566,7469727.364
20121205,0,7.75479,7.8369,7.70917,7.78216,6771154.674
20121206,0,7.74566,7.8004,7.64531,7.71829,6197271.197
20121207,0,7.74566,7.75479,7.59969,7.62706,5777651.763
20121210,0,7.61794,7.72742,7.60881,7.64531,5981397.943
20121211,0,7.67268,7.77303,7.63618,7.67268,5733663.418
20121212,0,7.69092,7.92813,7.69092,7.78216,7218987.91900001
20121213,0,7.8004,7.92813,7.8004,7.90076,5326942.893
20121214,0,7.92813,8.0741,7.89164,8.01936,13403774.328
20121217,0,8.01936,8.04673,7.87339,8.03761,11373537.584
20121218,0,8.01936,8.18358,7.98287,8.17446,10208682.776
20121219,0,8.17446,8.21095,8.05585,8.11972,8568170.053
20121220,0,8.11059,8.18358,8.01936,8.11972,7429406.60399999
20121221,0,8.10147,8.11059,7.90076,7.94638,11287692.151
20121224,0,7.90076,7.94638,7.8369,7.91901,2620544.235
20121226,0,7.91901,8.01024,7.87339,7.90076,5936431.134
20121227,0,7.87285,7.93861,7.71314,7.90103,10603686.529
20121228,0,7.80709,7.89164,7.7789,7.80709,7179757.011
20121231,0,7.76011,7.79769,7.68495,7.7883,9806900.87
20130102,0,7.99532,8.25838,7.97652,8.25838,11854087.08
20130103,0,8.2208,8.36172,8.13624,8.33354,9573278.247
20130104,0,8.36172,8.83148,8.32415,8.75633,17218294.87
20130107,0,8.70935,9.16031,8.64359,9.09455,18581959.12
20130108,0,9.08516,9.13213,8.90665,9.02879,8700385.74
20130109,0,9.04757,9.22609,8.9912,9.20729,8559931.686
20130110,0,9.20729,9.32944,9.16972,9.31064,11002968.4
20130111,0,9.30125,9.35762,9.23548,9.34822,5473486.449
20130114,0,9.33883,9.3952,9.31064,9.38581,5550484.33
20130115,0,9.3952,9.3952,9.03818,9.13213,10428907.61
20130116,0,9.06637,9.11335,8.87846,9.01,10639201.88
20130117,0,9.05698,9.08516,8.9912,9.00061,5404176.305
20130118,0,9.00061,9.05698,8.91604,9.04757,9248254.43499999
20130122,0,8.96302,9.20729,8.95363,9.1885,7368858.685
20130123,0,9.16031,9.28246,9.07576,9.09455,8362321.853
20130124,0,9.09455,9.20729,9.07576,9.10394,6457565.973
20130125,0,9.14153,9.16972,9.00061,9.07576,5600698.664
20130128,0,9.09455,9.17911,9.06637,9.13213,5438569.133
20130129,0,9.16972,9.25427,9.11335,9.13213,5369472.62800001
20130130,0,9.13213,9.2167,9.12274,9.15092,4533216.68
20130131,0,9.15092,9.20729,9.05698,9.15092,5225336.719
20130201,0,9.1979,9.25427,9.15092,9.19321,4942668.286
20130204,0,9.17911,9.20729,9.06637,9.16502,6763258.334
20130205,0,9.20729,9.24488,9.09455,9.20729,4834427.033
20130206,0,9.1979,9.28246,9.14153,9.27307,5355195.288
20130207,0,9.27307,9.30125,9.1885,9.26366,4073887.988
20130208,0,9.27307,9.30125,9.1885,9.1885,3553067.25
20130211,0,9.25427,9.29655,9.17911,9.28246,3907592.749
20130212,0,9.26366,9.30125,9.1885,9.27307,4853337.404
20130213,0,9.30125,9.30125,9.1979,9.21199,3366645.86
20130214,0,8.45568,8.61511,7.95773,8.53554,28554433.04
20130215,0,8.54963,8.55902,8.38052,8.38991,19670739
20130219,0,8.4181,8.59661,8.10806,8.39931,20123737
20130220,0,8.26778,8.27717,8.00471,8.05169,15949185.21
20130221,0,8.00471,8.0141,7.84499,7.87317,10157131.898
20130222,0,7.92954,8.03289,7.84499,7.96713,7322958.233
20130225,0,8.04229,8.15504,7.89197,7.89197,6306775.734
20130226,0,7.89197,8.0141,7.88727,7.93895,5393414.25500001
20130227,0,7.95773,8.10806,7.92015,8.06578,6133911.418
20130228,0,8.06108,8.17382,7.97652,8.07987,7638560.935
20130301,0,8.08926,8.20201,7.99532,8.19731,6045627.943
20130304,0,8.20201,8.23019,8.14563,8.18322,6020918.456
20130305,0,8.17382,8.30536,8.12685,8.13624,5321557.66
20130306,0,8.17382,8.19261,8.09867,8.09867,3956305.592
20130307,0,8.10806,8.11745,7.84499,8.0141,14965350.18
20130308,0,8.05169,8.15504,7.96713,8.04229,8506559.57
20130311,0,8.07048,8.23959,8.04229,8.18322,5515838.526
20130312,0,8.18322,8.30536,8.12685,8.27717,4809967.014
20130313,0,8.29596,8.34294,8.19261,8.30536,6635103.91900001
20130314,0,8.33354,8.4181,8.30536,8.35233,5199494.882
20130315,0,8.34294,8.36172,8.24898,8.27717,5904949.103
20130318,0,8.23959,8.31475,8.2208,8.2208,3314803.147
20130319,0,8.26778,8.27717,8.11745,8.16443,5390271.633
20130320,0,8.25838,8.25838,8.04229,8.05169,9159358.955
20130321,0,8.0235,8.07987,7.92954,7.94834,14260997.92
20130322,0,8.0141,8.10806,7.96713,8.07048,8671799.52999999
20130325,0,8.13624,8.15504,7.91076,7.92015,12989475.243
20130326,0,7.93952,7.97825,7.82333,7.86206,14748377.46
20130327,0,7.92983,7.95888,7.70714,7.72651,15314694.44
20130328,0,7.82333,7.82333,7.62,7.71682,18518474.93
20130401,0,7.68778,7.82333,7.65873,7.71682,7919381.82
20130402,0,7.79428,7.96856,7.7846,7.9492,7335023.568
20130403,0,7.9492,8.03634,7.90079,7.93952,11002466.541
20130404,0,7.9492,8.03634,7.93952,7.97825,5074528.546
20130405,0,7.89111,8.08475,7.88142,8.05571,6250257.741
20130408,0,8.1138,8.13316,7.98793,8.13316,6199224.58
20130409,0,8.14285,8.2784,8.09443,8.2784,5600208.479
20130410,0,8.2784,8.46236,8.26872,8.42363,7519568.213
20130411,0,8.43332,8.53014,8.40427,8.51078,7090083.58
20130412,0,8.49141,8.56887,8.36554,8.56887,6739341.36
20130415,0,8.57855,8.59792,8.29776,8.29776,8151237.39699999
20130416,0,8.34618,8.47205,8.2784,8.36554,5865640.215
20130417,0,8.29776,8.31713,8.14285,8.28808,7617524.416
20130418,0,8.32681,8.39459,8.25903,8.31713,5700569.077
20130419,0,8.35586,8.36554,8.25903,8.36554,3029450.89
20130422,0,8.33649,8.35586,8.19126,8.25903,3943756.637
20130423,0,8.29776,8.46236,8.2784,8.443,4620880.263
20130424,0,8.41395,8.443,8.16221,8.43332,7583675.709
20130425,0,8.443,8.55919,8.42363,8.45268,5147959.01
20130426,0,8.33649,8.39459,8.18158,8.18158,8843249.706
20130429,0,8.18158,8.23967,8.15253,8.22999,4211836.007
20130430,0,8.22999,8.26872,8.16221,8.23967,6631967.51
20130501,0,8.24935,8.36554,8.2203,8.23967,5834207.234
20130502,0,8.2203,8.29776,8.09443,8.10412,5585116.58
20130503,0,8.14285,8.18158,8.05571,8.09443,6806491.54
20130506,0,8.05571,8.17189,8.03634,8.10412,6909036.414
20130507,0,8.12348,8.20094,8.07507,8.10412,8409868.734
20130508,0,8.12348,8.41395,8.12348,8.26872,14667809
20130509,0,7.79428,7.97825,7.63936,7.92983,30498109
20130510,0,7.90079,8.1138,7.89111,8.08475,6296985.035
20130513,0,8.10412,8.19126,8.05571,8.1138,4885958.296
20130514,0,8.13316,8.18158,8.08475,8.15253,4928396.987
20130515,0,8.12348,8.36554,8.12348,8.30745,6454347.21
20130516,0,8.30745,8.45268,8.29776,8.33649,5644021.048
20130517,0,8.34618,8.46236,8.33649,8.40427,3542172.45
20130520,0,8.41395,8.47205,8.3849,8.43332,3819257.041
20130521,0,8.43332,8.53014,8.40427,8.49141,4688483.778
20130522,0,8.50109,8.56887,8.21062,8.2203,5943236.968
20130523,0,8.21062,8.42363,8.21062,8.41395,4736652.501
20130524,0,8.33649,8.443,8.2784,8.3849,2934393.585
20130528,0,8.45268,8.48173,8.19126,8.20578,4057186.034
20130529,0,8.22999,8.22999,7.92015,7.99761,6939976.278
20130530,0,8.03634,8.06539,7.90079,7.99761,5381224.088
20130531,0,7.9492,8.06539,7.79428,7.79428,6515087.4
20130603,0,7.86206,7.90079,7.76524,7.7846,7365062.092
20130604,0,7.7846,7.81365,7.63936,7.72651,13589260.54
20130605,0,7.71682,7.80397,7.62968,7.67809,12232379.456
20130606,0,7.64905,7.77492,7.59095,7.66841,11821604.117
20130607,0,7.72651,7.76524,7.59095,7.62968,5909676.671
20130610,0,7.69746,7.74587,7.62968,7.73619,6803436.1
20130611,0,7.72651,7.84269,7.66841,7.70714,5650644.919
20130612,0,7.79428,7.85238,7.74587,7.83301,6229629.866
20130613,0,7.79428,7.96856,7.79428,7.9492,6460985.321
20130614,0,7.89111,8.05571,7.87174,8.04602,4491356.461
20130617,0,8.07507,8.12348,7.80397,7.87174,6160338.769
20130618,0,7.91047,8.01698,7.82333,7.82817,5098815.381
20130619,0,7.88142,7.89111,7.71682,7.72651,6887657.904
20130620,0,7.68778,7.69746,7.53286,7.55222,9166407.72
20130621,0,7.62968,7.74587,7.58127,7.67809,7920395.762
20130624,0,7.68778,7.69746,7.50381,7.58127,8084154.36499999
20130625,0,7.60064,7.70714,7.51349,7.61032,9163491.21899999
20130626,0,7.73,7.74,7.5,7.66,9118265
20130627,0,7.7,7.84,7.69,7.81,5870978
20130628,0,7.82,7.85,7.67,7.72,6149761
20130701,0,7.75,7.9,7.66,7.73,6152675
20130702,0,7.73,7.75,7.5,7.69,9889551
20130703,0,7.69,7.88,7.65,7.8,4031113
20130705,0,7.83,7.9,7.63,7.89,5642680
20130708,0,7.9,7.93,7.78,7.88,6004329
20130709,0,7.93,7.99,7.85,7.99,5306060
20130710,0,7.99,8.22,7.97,8.14,9152828
20130711,0,8.2,8.23,8.02,8.13,4688313
20130712,0,8.13,8.17,8.02,8.15,4513518
20130715,0,8.15,8.2,8,8.01,5588548
20130716,0,8,8.09,7.99,8.07,5559458
20130717,0,8.07,8.17,8.07,8.15,5394790
20130718,0,8.14,8.17,8.05,8.09,3908571
20130719,0,8.11,8.16,8.05,8.09,4099678
20130722,0,8.14,8.35,8.09,8.35,9995862
20130723,0,8.35,8.36,8.01,8.16,19618547
20130724,0,8.2,8.23,8.05,8.14,8891856
20130725,0,8.14,8.17,8.08,8.1,4520300
20130726,0,8.09,8.2,8.07,8.18,3582901
20130729,0,8.18,8.35,8.12,8.27,10156008
20130730,0,8.27,8.44,8.25,8.37,10242796
20130731,0,8.44,8.46,8.33,8.34,5808697
20130801,0,8.44,8.58,8.4,8.51,7347201
20130802,0,8.5,8.6,8.47,8.57,4686129
20130805,0,8.54,8.72,8.54,8.64,7408556
20130806,0,8.63,8.65,8.47,8.56,6803037
20130807,0,8.51,8.58,8.34,8.57,12865071
20130808,0,8.25,8.43,8.15,8.26,12485543
20130809,0,8.2,8.27,8.15,8.19,6543472
