20070103,0,21.1492,22.4594,20.962,21.4486,6836622.148
20070104,0,21.561,22.1599,21.5236,21.823,8415878.33999999
20070105,0,21.9727,22.0026,21.1941,21.6733,4840082.07
20070108,0,21.2615,21.4711,20.6252,20.8647,5795276.228
20070109,0,20.4679,21.1417,20.4679,20.7898,4470479.15
20070110,0,20.7824,20.7824,19.8765,19.9888,4979801.353
20070111,0,19.9139,20.2658,19.6669,19.7567,4151503.945
20070112,0,19.3525,19.7267,18.7985,19.5246,5978538.443
20070116,0,19.023,19.5022,18.9033,19.3375,4910743.39
20070117,0,19.4273,20.2284,19.0905,20.1011,5772699.971
20070118,0,20.0263,20.2134,19.607,20.1011,3456514.326
20070119,0,20.3631,20.4755,19.9738,20.0936,3870863.467
20070122,0,19.7267,20.1386,19.6894,19.9664,2769806.492
20070123,0,19.8765,20.2807,19.8391,20.1535,3925762.595
20070124,0,20.0636,20.176,19.9963,20.0786,3683323.336
20070125,0,19.9813,20.0936,19.5172,19.5471,2663881.776
20070126,0,19.5996,19.6145,19.0905,19.2851,4886966.012
20070129,0,19.3899,19.4947,19.2252,19.3599,3311184.215
20070130,0,19.4647,19.9065,19.4048,19.5696,2601368.21
20070131,0,19.2776,19.7267,19.1653,19.4872,2937842.304
20070201,0,19.5621,19.5996,19.2701,19.4273,2934236.955
20070202,0,19.3599,19.7642,19.315,19.3899,3139941.57
20070205,0,19.4273,20.0412,19.4273,19.8466,3380242.779
20070206,0,19.9888,20.1909,19.9139,20.1011,3419780.861
20070207,0,20.1236,20.2957,20.0636,20.1386,2233236.832
20070208,0,20.0487,20.131,19.7567,20.0487,2101131.081
20070209,0,20.0636,20.3107,19.4273,19.4497,3631230.37
20070212,0,19.315,19.4723,19.1354,19.3226,2798521.022
20070213,0,19.2926,19.6145,19.2027,19.3899,2060591.197
20070214,0,19.4504,19.828,19.4429,19.7298,2550419.488
20070215,0,19.7524,19.8959,19.5184,19.7298,2246567.151
20070216,0,19.609,19.692,19.4882,19.5788,2874197.27
20070220,0,19.4655,19.5561,19.2843,19.3901,2458600.843
20070221,0,19.2541,19.4429,18.9143,19.2541,2246699.817
20070222,0,19.1786,19.3901,19.1031,19.1635,2061681.417
20070223,0,19.1031,19.2541,18.9974,19.1333,1741178.415
20070226,0,19.1182,19.6996,19.1182,19.677,3438559.245
20070227,0,19.692,19.9035,19.1937,19.3901,4099921.146
20070228,0,19.1031,19.5184,19.0804,19.4051,3187149.945
20070301,0,19.2013,19.7298,19.1031,19.6392,2781381.305
20070302,0,19.2918,19.4354,19.0804,19.1031,2963990.417
20070305,0,18.8766,19.0804,18.5444,18.6501,3135630.086
20070306,0,18.7105,19.0201,18.6879,19.0125,1620923.58
20070307,0,18.8841,19.1786,18.8766,18.8841,2287093.481
20070308,0,18.937,18.9898,18.5821,18.6727,3654793.406
20070309,0,18.7785,18.9974,18.6651,18.8464,1613110.137
20070312,0,18.7482,18.8388,18.416,18.5444,2905187.271
20070313,0,18.4235,18.7029,18.0686,18.0989,3876894.266
20070314,0,18.3103,18.3782,18.1216,18.3405,2408010.237
20070315,0,18.4386,18.4386,18.1895,18.2423,2807261.532
20070316,0,18.2498,18.3632,18.046,18.0686,3896556.182
20070319,0,18.1139,18.5066,17.7817,17.9629,4511096.95
20070320,0,18.0309,18.2272,17.895,18.2045,2569617.464
20070321,0,18.1744,19.0654,18.1366,18.8011,5964435.326
20070322,0,18.8766,19.1937,18.8388,19.0577,2624145.078
20070323,0,19.2164,19.4655,19.1408,19.2994,3005045.699
20070326,0,18.9143,19.2918,18.8841,19.239,1998110.719
20070327,0,19.2767,19.4277,19.1711,19.2994,1688327.677
20070328,0,19.2994,19.6317,19.2466,19.4429,3083979.618
20070329,0,19.7071,19.7827,19.4051,19.6317,2581638.114
20070330,0,19.7449,20.0998,19.473,19.8053,2896578.573
20070402,0,19.8355,19.9337,19.6317,19.8733,1584248.898
20070403,0,20.0092,20.0846,19.677,19.7827,1821436.928
20070404,0,19.7977,19.9035,19.5788,19.609,1499900.99
20070405,0,19.6165,19.7298,19.2918,19.5411,1501602.473
20070409,0,19.5259,19.843,19.458,19.6392,1494526.485
20070410,0,19.7223,20.0092,19.677,19.7902,2017610.398
20070411,0,19.828,20.0923,19.6392,19.6392,2516345.595
20070412,0,19.677,19.7676,19.4127,19.4806,1866068.759
20070413,0,20.0771,20.2734,19.2088,19.4202,3116875.674
20070416,0,20.0243,20.0243,19.5561,19.7147,2154322.933
20070417,0,19.692,20.0923,19.677,19.9865,2238839.141
20070418,0,20.0092,20.198,19.5788,19.5788,2264379.623
20070419,0,19.6543,19.7902,19.5335,19.7147,2470397.969
20070420,0,20.3867,20.3867,19.9035,20.3792,4590730.77399999
20070423,0,20.6434,20.6434,20.0393,20.1828,2160837.028
20070424,0,20.1451,20.4245,20.0771,20.0846,1879603.682
20070425,0,20.1602,20.5075,20.13,20.4773,1878986.799
20070426,0,20.3112,20.3867,19.9261,20.0545,2046268.855
20070427,0,19.9714,20.2583,19.7298,19.9412,1641053.087
20070430,0,19.9337,20.1224,19.6467,19.7374,1692610.13
20070501,0,19.6845,19.9412,19.5259,19.9337,2123108.455
20070502,0,19.9111,20.198,19.6317,20.0998,1738115.004
20070503,0,20.1828,20.3187,19.9035,19.9639,1686046.764
20070504,0,20.0092,20.3792,19.8733,20.1074,1741929.197
20070507,0,20.0092,20.213,19.8883,20.0167,1203313.309
20070508,0,19.8582,20.1753,19.1635,19.7751,3520041.298
20070509,0,19.8363,19.9887,19.4328,19.8439,2723160.532
20070510,0,19.8744,20.0191,19.7297,19.7526,2203937.309
20070511,0,19.7297,19.9201,19.6155,19.9201,1953416.085
20070514,0,19.8973,20.1714,19.7526,19.7831,1583380.76
20070515,0,19.8135,20.0572,19.684,19.7221,2362754.906
20070516,0,19.8363,20.0648,19.7678,20.0191,2260096.504
20070517,0,19.9887,20.179,19.9581,20.0724,1764214.8
20070518,0,20.2475,20.5597,20.0953,20.3922,3994407.983
20070521,0,20.2552,20.6131,20.179,20.3922,2076504.985
20070522,0,20.3998,20.5293,20.0648,20.1942,3194208.63
20070523,0,20.3694,20.4074,19.9581,19.9581,3125823.669
20070524,0,19.882,20.08,19.7982,19.8288,3167681.514
20070525,0,19.8592,20.1333,19.7602,19.8592,2010580
20070529,0,19.8059,20.4151,19.7982,20.0953,2706862.375
20070530,0,20.0343,20.3998,19.9124,20.3465,2366415.956
20070531,0,20.2703,20.4303,20.1942,20.2856,3081663.689
20070601,0,20.4608,20.4683,20.0343,20.3009,1876234.988
20070604,0,20.1638,20.3313,19.8059,19.9277,3021608.779
20070605,0,19.8363,20.0572,19.6536,19.8896,3685626.007
20070606,0,19.6993,19.7221,19.2576,19.3338,4753114.77
20070607,0,19.1891,19.4328,19.0749,19.4175,7651488.374
20070608,0,19.0825,19.4403,18.9531,19.4328,4468345.308
20070611,0,19.4556,19.8973,19.4252,19.684,3371271.257
20070612,0,19.6764,19.8059,19.448,19.5927,6334555.604
20070613,0,19.5622,20.0648,19.5546,20.0191,3050277.845
20070614,0,20.179,20.179,19.9734,19.9887,1994295.542
20070615,0,20.1181,20.2399,19.8668,20.2018,3338987.238
20070618,0,19.8896,20.3617,19.8896,20.1486,1877942.212
20070619,0,20.179,20.3617,20.1104,20.2703,1684174.419
20070620,0,20.3237,20.6054,19.7602,19.7678,3175048.132
20070621,0,19.684,20.0572,19.4709,20.0115,2413615.368
20070622,0,19.9581,20.1029,19.6536,20.0648,2916719.72
20070625,0,19.9887,20.2018,19.6079,19.9124,3899752.038
20070626,0,19.9506,20.1257,19.6917,19.7069,3087207.205
20070627,0,19.5317,19.9277,19.4937,19.7982,3722912.961
20070628,0,19.7754,19.9887,19.6308,19.6459,2715932.557
20070629,0,19.6612,19.8211,19.5317,19.7602,2197605.402
20070702,0,19.9506,20.1181,19.9124,20.0267,2351552.741
20070703,0,20.377,20.3846,20.0572,20.1333,1424215.315
20070705,0,19.5622,20.2552,19.5546,20.1029,3251113.943
20070706,0,20.0648,20.2856,19.9506,20.2018,1838363.323
20070709,0,20.2475,20.3541,19.9887,20.1029,2314605.694
20070710,0,20.0724,20.1104,19.7221,19.8363,2941129.282
20070711,0,19.7831,20.0876,19.7602,20.0267,2157532.444
20070712,0,20.179,20.179,19.7982,20.1181,1974991.002
20070713,0,20.1029,20.4989,19.9962,20.3465,2242566.111
20070716,0,20.2552,20.316,19.8896,19.9734,2653545.656
20070717,0,20.0038,20.1714,19.8592,19.981,2273541.859
20070718,0,19.8592,20.1181,19.8516,20.0953,2494933.58
20070719,0,20.141,20.91,20.1029,20.8719,5037158.58
20070720,0,20.2475,21.1156,20.2475,20.6054,4023985.332
20070723,0,20.6359,20.9176,20.2628,20.8643,2765641.364
20070724,0,20.6968,20.9253,20.1714,20.2932,4041932.86
20070725,0,20.4074,20.5293,19.9887,20.3237,2677337.603
20070726,0,19.7982,20.4227,19.2804,19.7297,3360363.337
20070727,0,19.5546,19.981,19.052,19.1738,3454774.031
20070730,0,19.0901,19.5241,18.7931,19.3947,3045876.749
20070731,0,19.5166,19.7982,19.3261,19.3871,2891516.499
20070801,0,19.3795,19.5851,19.0292,19.5166,3717586.274
20070802,0,19.5013,19.6308,19.2272,19.2957,3004283.667
20070803,0,19.311,19.4099,18.8921,18.9073,3148774.044
20070806,0,18.7779,18.8465,16.7905,18.5799,7100926.99
20070807,0,18.3515,18.5723,18.2145,18.42,5277514.704
20070808,0,18.5266,18.915,18.2296,18.5723,2872297.866
20070809,0,18.6485,19.0368,18.1535,18.2145,3852796.738
20070810,0,17.8717,18.321,17.2701,18.283,4170657.53
20070813,0,18.4276,18.5494,18.1001,18.3287,2778041.941
20070814,0,18.283,18.321,17.628,17.6966,2098818.931
20070815,0,17.8427,18.1271,17.366,17.4352,3405372.49
20070816,0,16.9278,17.2814,16.751,17.0124,6811735.9
20070817,0,17.3122,17.7274,16.9048,17.1508,5093524.563
20070820,0,17.2968,17.4122,16.997,17.0355,3612626.813
20070821,0,16.9509,17.1661,16.7664,16.8279,3372102.68
20070822,0,16.8587,17.3891,16.8202,17.3814,3547193.146
20070823,0,17.3506,17.8427,17.3506,17.6812,3056395.197
20070824,0,17.6351,17.8734,17.5582,17.8349,2518247.47
20070827,0,17.7966,17.7966,17.3814,17.4122,2298769.426
20070828,0,17.2738,17.4276,17.0586,17.1739,2422897.986
20070829,0,17.2584,17.8811,17.22,17.8427,3443387.874
20070830,0,17.8196,17.9272,17.5429,17.6812,2752134.134
20070831,0,17.8888,18.2039,17.7657,17.8734,2064524.216
20070904,0,17.8965,18.2501,17.7966,18.1194,2519289.025
20070905,0,17.9502,18.0579,17.7043,17.8811,2215288.128
20070906,0,17.8042,18.2347,17.6889,18.2039,2881435.494
20070907,0,17.9502,18.2655,17.9195,18.1578,3185435.505
20070910,0,18.0733,18.3501,17.9349,18.2578,2157401.921
20070911,0,18.3962,18.7959,18.2809,18.5422,3115582.159
20070912,0,18.6114,18.6421,18.3962,18.5191,2502768.734
20070913,0,18.6037,18.6652,18.4807,18.5346,1466018.518
20070914,0,18.4961,18.6037,18.4038,18.4884,1922823.03
20070917,0,18.4807,18.7191,18.3577,18.4345,3063159.456
20070918,0,18.619,19.1726,18.5268,19.0496,3086701.902
20070919,0,19.1418,19.4416,19.0496,19.3802,3971167.34
20070920,0,19.311,19.8106,19.311,19.7414,3647960.563
20070921,0,19.8337,20.2873,19.58,19.7261,4465427.708
20070924,0,19.68,19.7953,19.5493,19.6415,2897833.651
20070925,0,19.5186,19.68,19.3187,19.3341,2845012.323
20070926,0,19.4494,19.5186,18.842,19.1572,3130833.25
20070927,0,19.4647,19.4647,19.0804,19.1496,1460219.603
20070928,0,18.6421,19.1111,18.6421,18.819,2023575.747
20071001,0,19.065,19.3571,18.8727,19.3033,2157374.686
20071002,0,19.2418,19.3341,18.8958,19.0265,1935092.588
20071003,0,18.9266,19.1649,18.9112,18.988,1660881.118
20071004,0,19.0035,19.3648,18.8805,19.2264,2325595.992
20071005,0,19.4647,19.4647,19.0496,19.1264,1925596.932
20071008,0,18.9189,19.1418,18.8727,18.9343,1279741.959
20071009,0,18.988,19.4801,18.988,19.4263,1527156.832
20071010,0,19.3494,19.68,19.2956,19.5186,1598762.957
20071011,0,19.6953,19.949,19.5339,19.6877,2725696.748
20071012,0,19.6723,20.0643,19.657,19.8952,1947522.239
20071015,0,19.9875,20.0182,19.657,19.803,2272783.931
20071016,0,19.7799,19.9183,19.6723,19.8414,2470378.144
20071017,0,19.9106,20.1028,19.826,19.9337,2543483.711
20071018,0,19.7107,19.9259,19.657,19.8491,1575566.754
20071019,0,19.7184,19.8722,19.1726,19.1726,3144200.512
20071022,0,19.0573,19.4263,18.8958,19.3648,1845726.737
20071023,0,19.3571,19.6185,19.0189,19.3494,1277790.826
20071024,0,19.3802,19.68,19.211,19.6031,1971730.114
20071025,0,19.6108,19.9568,19.5569,19.9106,1818149.554
20071026,0,19.9875,20.1566,19.7953,19.9183,1945792.346
20071029,0,19.9798,20.0259,19.7953,19.8184,1405530.591
20071030,0,19.7953,19.803,19.2341,19.2571,2157237.469
20071031,0,19.3263,20.1028,19.2725,19.9106,2626476.255
20071101,0,19.8414,19.8798,19.1572,19.2418,3417891.15
20071102,0,19.5569,19.5647,19.0419,19.434,4541145.666
20071105,0,19.1957,20.0721,19.1496,19.9414,2584802.909
20071106,0,19.8722,20.2488,19.3571,19.4725,2133019.668
20071107,0,19.2418,19.6108,19.1188,19.1188,2553956.012
20071108,0,19.2188,19.7338,18.819,19.3724,3180100.352
20071109,0,19.2034,19.3879,19.0035,19.0342,2107246.242
20071112,0,18.9727,19.1803,18.5807,18.6037,2934991.646
20071113,0,18.7421,18.9804,18.4884,18.9343,3160965.446
20071114,0,19.2056,19.3685,18.8488,18.8875,2839730.884
20071115,0,18.8565,19.2133,18.8332,19.1668,2148190.499
20071116,0,19.19,19.4382,19.097,19.3995,2592762.997
20071119,0,19.2831,19.3141,18.9961,19.2056,2538721.922
20071120,0,19.1745,19.5468,19.1358,19.3918,2355241.502
20071121,0,19.3297,19.4693,18.9573,18.9729,2433846.052
20071123,0,19.0892,19.1202,18.8255,18.9883,1280556.036
20071126,0,18.9496,19.3685,18.7867,18.7944,2872391.041
20071127,0,18.8488,19.0427,18.6005,18.9573,3193642.485
20071128,0,19.097,19.2987,18.7092,19.2521,2907615.986
20071129,0,19.1745,19.2366,18.9883,19.1202,3649218.594
20071130,0,19.2987,19.4693,18.9883,19.0814,2933656.331
20071203,0,19.0194,19.6244,19.0194,19.5701,3474139.797
20071204,0,19.3918,19.6476,19.2599,19.5546,3235385.293
20071205,0,19.6865,19.9114,19.6244,19.8261,4423348.501
20071206,0,19.7253,19.8106,19.2521,19.2521,4179278.694
20071207,0,19.3529,19.3529,19.0039,19.1512,2998319.167
20071210,0,19.1512,19.2133,18.8798,19.0116,2321193.023
20071211,0,19.0194,19.3219,18.8177,18.9419,3565402.594
20071212,0,19.3064,19.5701,19.066,19.3685,3587304.441
20071213,0,19.3297,19.3918,19.0271,19.3064,2861373.056
20071214,0,19.3064,19.4228,19.1047,19.1279,3535417.546
20071217,0,19.0504,19.2521,19.0349,19.1047,4019569.867
20071218,0,19.0581,19.3762,19.0039,19.2831,2612138.824
20071219,0,19.2754,19.6167,19.2133,19.4228,3404768.24
20071220,0,19.5391,19.5934,19.2987,19.5624,2799821.321
20071221,0,19.7718,20.1208,19.7486,19.9657,4531502.663
20071224,0,19.8881,20.0277,19.8416,19.9657,752973.742049999
20071226,0,20.0123,20.051,19.8416,19.9579,1267616.213
20071227,0,20.0588,20.1131,19.8959,19.9425,1637337.393
20071228,0,19.9502,20.307,19.9502,20.1208,2888616.891
20071231,0,20.0588,20.245,19.989,20.0044,1726181.928
20080102,0,19.9812,20.2294,19.6942,19.8416,2354758.754
20080103,0,19.8571,20.3691,19.8571,20.1286,3078329.308
20080104,0,19.9967,20.2294,19.6399,19.7796,2698375.369
20080107,0,19.9114,19.9192,19.508,19.733,2271164.335
20080108,0,19.8184,20.1054,19.4847,19.6787,4346454.901
20080109,0,19.5934,19.8571,19.4305,19.8028,2840347.469
20080110,0,19.6011,20.2062,19.5391,20.1752,3067756.159
20080111,0,19.9269,19.9812,19.4538,19.5934,4175864.735
20080114,0,19.6942,20.0665,19.6787,19.9346,2751555.241
20080115,0,19.7873,20.0044,19.6244,19.7486,3466474.143
20080116,0,19.6167,20.0433,19.5857,19.5934,3884101.006
20080117,0,19.6244,19.7796,18.9031,18.9496,3845427.149
20080118,0,19.1125,19.4228,18.4532,18.7402,5456461.119
20080122,0,17.4759,17.8637,16.9406,17.6852,8149379.02
20080123,0,17.2431,17.9567,16.6071,17.8481,5211169.43
20080124,0,17.9102,18.0498,17.313,17.4603,6104543.189
20080125,0,17.6542,17.8637,17.2819,17.3749,4397839.084
20080128,0,17.3828,17.6077,16.9949,17.5688,3639053.455
20080129,0,17.6387,17.8404,17.4138,17.468,2540504.01
20080130,0,17.4991,17.8404,17.3982,17.4603,7942150.41999999
20080131,0,17.2431,17.8404,17.2276,17.6852,7497300.861
20080201,0,17.693,17.8171,17.5069,17.7938,5661152.09142
20080204,0,17.8094,18.1972,17.7396,18.1041,2265397.523
20080205,0,18.0343,18.0343,17.5457,17.6387,3001837.422
20080206,0,18.1429,18.1584,17.6154,18.0033,3816773.04
20080207,0,17.7317,18.2205,17.7317,17.8637,3455891.243
20080208,0,17.7783,18.042,17.7628,17.9412,2454641.75
20080211,0,17.9102,18.1662,17.8637,18.0964,2896590.084
20080212,0,18.1972,18.5074,17.9257,18.1041,2792587.158
20080213,0,18.4016,18.7228,18.1352,18.2058,2909336.662
20080214,0,18.2215,18.6131,18.1823,18.3233,2578631.014
20080215,0,18.292,18.3155,17.9081,18.0961,2946439.228
20080219,0,18.1745,18.5269,18.1196,18.4486,3181836.159
20080220,0,18.3233,18.8325,17.9943,18.6994,4871108.428
20080221,0,18.7542,19.0126,18.7307,18.8638,5753339.185
20080222,0,18.9108,18.9421,18.3938,18.6445,4263361.222
20080225,0,18.6524,19.0675,18.5818,18.9578,2664658.269
20080226,0,18.8325,19.1694,18.7463,19.0518,2462322.838
20080227,0,18.9578,19.1146,18.621,18.8247,2438833.113
20080228,0,18.7228,18.95,18.6445,18.856,1823655.434
20080229,0,18.7542,18.7855,18.0178,18.1117,3556263.631
20080303,0,18.0491,18.48,18.0334,18.3703,3371459.731
20080304,0,18.2763,18.3938,17.8455,18.1823,4644050.762
20080305,0,18.0256,18.5348,18.0178,18.4643,3378771.109
20080306,0,18.3625,18.6289,18.3155,18.4251,3673084.497
20080307,0,18.245,18.48,18.0648,18.2763,3026737.269
20080310,0,18.245,18.5504,18.0099,18.2293,2891766.103
20080311,0,18.6053,19.0126,18.4251,19.0048,4947364.588
20080312,0,19.0675,19.2869,18.7542,18.8012,3674609.999
20080313,0,18.5348,18.9421,18.5348,18.8795,2947970.906
20080314,0,18.9578,18.9813,18.0882,18.3938,3974410.259
20080317,0,18.0178,18.4173,17.8611,18.2685,5015744.154
20080318,0,18.5896,18.762,18.2215,18.715,4601294.817
20080319,0,18.7307,18.9891,18.1352,18.1902,3804081.471
20080320,0,18.2058,18.2058,17.6261,17.9551,4908173.065
20080324,0,18.0021,18.0648,17.822,17.8455,4038706.225
20080325,0,17.9394,17.9708,17.6652,17.7828,3404524.033
20080326,0,17.7201,18.0726,17.6495,17.9786,2296488.211
20080327,0,18.0726,18.4095,17.8141,17.8846,3134870.399
20080328,0,17.9394,18.1509,17.6574,17.728,2834567.757
20080331,0,17.7358,19.514,17.6417,17.8063,3435074.856
20080401,0,17.9629,18.0569,17.7593,17.9864,4325461.189
20080402,0,17.9708,18.2685,17.8298,18.1352,7338982.778
20080403,0,17.9786,18.2998,17.9786,18.245,3259041.86003
20080404,0,18.2215,18.6994,18.2215,18.5034,3103178.796
20080407,0,18.5583,18.762,18.4408,18.4565,2061191.278
20080408,0,18.4095,18.7072,18.2293,18.5818,1554758.724
20080409,0,18.4956,18.8403,18.4956,18.715,1890640.941
20080410,0,18.668,18.715,18.3076,18.3703,2499447.254
20080411,0,18.1745,18.4095,18.1745,18.245,1942444.496
20080414,0,18.2137,18.5269,18.1431,18.4173,1332708.618
20080415,0,18.5504,18.6837,18.3546,18.4956,2311499.906
20080416,0,18.5974,19.2242,18.4565,19.2007,3482616.4053
20080417,0,19.1772,19.3339,19.0753,19.2477,3225147.577
20080418,0,19.4513,19.6081,19.1146,19.6002,2834305.331
20080421,0,19.5611,19.8665,19.3339,19.3573,1728471.211
20080422,0,19.3182,19.6629,19.2477,19.6472,3533874.625
20080423,0,19.6472,19.89,19.4827,19.8117,2868195.116
20080424,0,19.8039,19.8665,19.4827,19.7256,3171458.308
20080425,0,19.7177,19.8274,19.373,19.5454,1766808.476
20080428,0,19.5376,19.8822,19.4435,19.6707,2236405.316
20080429,0,19.6786,19.6786,19.232,19.2947,2263943.415
20080430,0,19.3652,19.5767,19.2477,19.3495,3735584.809
20080501,0,19.3573,19.7491,19.2399,19.7021,3958443.096
20080502,0,19.7647,19.8822,19.6629,19.8822,2573850.189
20080505,0,19.8587,20.2661,19.8352,20.2504,3485340.345
20080506,0,20.9477,21.1513,20.2504,20.9006,7095428.358
20080507,0,21.1435,21.1513,20.3522,20.3679,4249981.237
20080508,0,20.5011,21.0417,20.4305,20.8144,4497888.439
20080509,0,20.8458,21.3784,20.6734,21.2531,3708278.395
20080512,0,21.2923,21.3628,20.9633,21.1356,4213220.576
20080513,0,21.2296,21.3079,20.9162,21.2375,2878596.893
20080514,0,21.4819,21.6004,21.0948,21.1027,3605106.033
20080515,0,21.1738,21.3872,21.0158,21.3713,2854712.029
20080516,0,21.4424,21.6794,21.3476,21.553,4272921.2892
20080519,0,21.5373,21.7901,21.4662,21.64,3373167.559
20080520,0,21.5846,21.8612,21.561,21.561,3324087.223
20080521,0,21.6163,22.272,21.3002,21.3792,6547402.12
20080522,0,21.4187,21.7347,21.2133,21.64,4618340.486
20080523,0,21.6004,21.719,21.2212,21.2528,3006865.421
20080527,0,21.2845,21.4345,21.1817,21.2212,3008206.139
20080528,0,21.2923,21.3081,21.0948,21.1738,5472567.069
20080529,0,21.1343,21.4266,20.9051,21.1896,3395534.308
20080530,0,21.2449,21.4109,21.1422,21.3081,4507448.728
20080602,0,21.2291,21.3476,21.0237,21.079,3554193.101
20080603,0,21.1501,21.1738,20.7076,20.8499,4165239.592
20080604,0,20.763,21.1896,20.7313,21.0078,4258786.285
20080605,0,21.0553,21.2212,20.8894,21.2133,3442593.41
20080606,0,21.2686,21.9085,20.8657,20.8657,5316852.58
20080609,0,21.0237,21.5767,20.8657,21.5214,3329000.534
20080610,0,21.4187,21.5688,20.9526,21.2054,3967255.01
20080611,0,21.1817,21.9085,21.1501,21.7427,4303438.348
20080612,0,21.8138,21.8138,21.1896,21.3239,5582688.309
20080613,0,21.4029,21.5373,21.0316,21.4899,4191661.918
20080616,0,21.4345,21.7584,21.3792,21.632,2972542.32
20080617,0,21.6953,22.0586,21.3318,21.9165,3800662.554
20080618,0,21.8375,21.8848,21.2528,21.3635,4129855.84
20080619,0,21.3318,21.6953,20.9447,21.6004,4252839.362
20080620,0,21.4899,21.8612,21.316,21.64,4218790.134
20080623,0,21.6637,22.1219,21.64,22.0349,3357057.699
20080624,0,22.0112,22.5248,21.8375,22.351,5678837.323
20080625,0,22.509,23.0541,22.3747,22.5722,7247240.81900001
20080626,0,22.4063,22.6038,22.1219,22.2878,4521392.644
20080627,0,22.3352,22.6828,22.3352,22.4774,6676886.181
20080630,0,22.4774,22.8566,22.2483,22.7065,3768817.804
20080701,0,22.9119,23.0147,22.6038,22.8803,4983495.496
20080702,0,22.9673,22.9673,22.0586,22.0666,5575237.127
20080703,0,22.4616,22.6749,21.8058,22.1377,4155276.585
20080707,0,22.1219,22.2878,21.8848,22.0586,6422930.641
20080708,0,22.0903,22.1219,21.3713,21.8375,6849995.03
20080709,0,21.9085,22.0271,21.2449,21.2449,5501914.643
20080710,0,21.2845,21.7347,21.0395,21.7031,5144089.515
20080711,0,22.0349,22.114,21.4187,21.5767,4967804.8047
20080714,0,21.8612,21.8928,21.4899,21.7268,4305387.622
20080715,0,21.6478,21.8217,21.0474,21.0632,6013904.95
20080716,0,21.237,21.2845,20.5339,20.763,5658738.406
20080717,0,20.8814,20.8814,20.3205,20.6208,7178206.00000001
20080718,0,20.6603,20.8894,20.4548,20.6682,5335164.928
20080721,0,20.684,21.4503,20.684,21.2528,3456931.266
20080722,0,21.1185,21.4029,20.9605,21.2686,4006031.429
20080723,0,21.2608,21.3792,20.763,20.921,4059576.035
20080724,0,20.8814,21.1896,20.5892,20.6682,4874802.647
20080725,0,20.684,21.0632,20.6603,20.7709,3862169.295
20080728,0,20.755,21.0158,20.6523,20.7867,3532614.122
20080729,0,20.7946,20.9051,20.5892,20.8736,4013591.712
20080730,0,20.842,21.6004,20.842,21.553,5437617.8607
20080731,0,21.5214,21.6083,21.2923,21.4662,3529687.432
20080801,0,21.5688,21.7584,21.3555,21.474,3043949.582
20080804,0,21.7821,21.9165,21.1264,21.1501,5167991.98
20080805,0,21.3239,21.6557,20.9605,21.6004,5113742.093
20080806,0,21.8848,21.9007,20.9526,21.2608,5700093.49299999
20080807,0,21.4899,21.6163,20.5812,20.7235,4934420.838
20080808,0,20.7076,21.0078,20.4865,21,5847921.137
20080811,0,20.9763,21.1817,20.7156,20.9051,9646205.269
20080812,0,20.9605,20.9605,20.21,20.2257,4590952.127
20080813,0,20.3056,20.936,20.2658,20.8163,4980060.649
20080814,0,20.7445,20.8961,20.4572,20.7365,2664263.674
20080815,0,20.7205,20.8881,20.4891,20.7844,3081231.89638
20080818,0,20.8083,21.0637,20.6407,20.6886,2460691.541
20080819,0,20.6647,21.0317,20.6488,20.8961,2377392.913
20080820,0,20.9839,21.1354,20.577,20.7844,2946746.838
20080821,0,20.8003,21.0716,20.6088,20.7365,2604211.342
20080822,0,20.7764,20.9599,20.3535,20.4652,3187638.78
20080825,0,20.3935,20.7605,20.3935,20.6407,2772462.101
20080826,0,20.577,21.0397,20.5211,20.9679,2926280.217
20080827,0,21.1434,21.3588,21.0158,21.1993,2234512.487
20080828,0,21.2312,21.4865,20.9918,21.3668,1896185.147
20080829,0,21.4466,21.4865,21.1035,21.1354,1903999.085
20080902,0,21.1593,21.3588,20.2418,20.2897,3539687.703
20080903,0,20.2339,20.4413,19.9546,20.3935,3638118.307
20080904,0,20.3695,20.6567,20.0902,20.4812,4247919.114
20080905,0,20.4732,20.561,19.7631,19.9786,5014803.081
20080908,0,20.194,20.4572,20.0344,20.3935,3845676.36
20080909,0,20.5211,20.7445,19.42,19.4679,5248555.581
20080910,0,19.5237,19.8907,19.4121,19.5477,3491893.478
20080911,0,19.5237,19.7551,19.1567,19.5956,3532272.3
20080912,0,19.5637,20.0902,19.4121,19.8349,3579087.583
20080915,0,19.4679,19.9466,19.1567,19.3084,3890100.602
20080916,0,17.553,19.9626,17.553,19.7312,7090106.31
20080917,0,19.5556,19.9546,18.7498,18.7578,6007992.037
20080918,0,18.9254,20.194,18.9254,19.5397,7592755.79
20080919,0,19.5876,22.2684,18.5503,20.5051,7122632.525
20080922,0,20.2897,20.5051,19.1488,19.8748,4237876.852
20080923,0,19.811,20.1062,19.3642,19.5317,3272864.468
20080924,0,19.5317,19.5956,18.9732,19.2046,3335676.534
20080925,0,19.3242,20.5291,19.3242,20.4652,5596227.385
20080926,0,20.1381,20.4812,19.9307,20.4652,3618166.813
20080929,0,20.1062,20.21,18.4068,18.9573,5645541.80499999
20080930,0,19.1567,19.3402,18.7897,18.9812,5217149.74000001
20081001,0,18.7578,18.9652,18.0637,18.5424,4913866.204
20081002,0,18.3589,18.3988,17.6966,18.0078,4217086.832
20081003,0,18.0317,18.9652,17.944,17.9679,5899741.419
20081006,0,17.6249,17.7764,15.694,16.2047,8669919.17
20081007,0,16.3801,16.7312,15.4547,15.4786,7479933.95
20081008,0,15.1196,15.8696,14.4972,15.3589,8939061.8
20081009,0,15.8217,15.9094,14.0903,14.3377,6722009.237
20081010,0,12.4866,14.0664,12.1594,13.2924,10786318.96
20081013,0,13.7791,15.5823,13.4361,15.5185,6448379.34
20081014,0,16.2764,16.9626,15.0238,15.7898,6318617.55000001
20081015,0,15.8615,15.8615,14.1382,14.1461,5128428.039
20081016,0,13.9706,14.4972,13.444,14.4972,7599361.478
20081017,0,14.4175,15.4945,13.9307,14.5052,6338369.921
20081020,0,14.7924,15.8137,14.4652,15.8057,4114002.581
20081021,0,15.5026,15.9493,14.8482,14.8642,5421205.16
20081022,0,14.561,15.1275,13.1808,13.6115,5458138.66499999
20081023,0,13.8908,14.7605,13.1648,14.1861,6752828.112
20081024,0,13.835,14.0105,12.8536,13.7631,5170537.07999999
20081027,0,13.5557,13.7631,12.8296,12.9254,4449216.918
20081028,0,13.2366,14.1861,12.4706,14.0743,6727833.376
20081029,0,14.218,14.8243,13.9866,14.0664,6200582.904
20081030,0,14.194,15.5185,13.9626,15.3988,5640499.13
20081031,0,15.1515,15.7817,14.7445,15.3668,3344949.761
20081103,0,15.3031,15.4786,14.585,14.7845,3009503.676
20081104,0,15.1275,15.4387,14.8323,15.3668,5080621.736
20081105,0,15.2951,15.5503,14.4175,14.4892,4455794.9173
20081106,0,14.585,14.7526,13.5637,13.6994,4854277.185
20081107,0,13.8908,14.3536,13.6515,14.0584,4274872.329
20081110,0,14.3696,14.6249,13.452,13.7712,3377681.859
20081111,0,13.5078,13.7871,13.061,13.3483,4574877.796
20081112,0,13.203,13.2597,12.4577,12.5226,4288409.699
20081113,0,12.5793,14.2398,12.474,14.2154,6566655.36499999
20081114,0,14.175,14.4422,13.0814,13.5431,4339950.975
20081117,0,13.2354,13.7294,12.8304,12.9519,5240363.266
20081118,0,13.1139,13.284,12.555,13.0896,5221386.813
20081119,0,13.041,13.3164,12.0609,12.1095,4571583.4729
20081120,0,11.8503,12.1013,10.8215,10.9431,6709593.4
20081121,0,11.1294,12.1419,10.9106,12.1256,7006899.53700001
20081124,0,12.2147,13.1057,12.0933,12.6927,4976572.875
20081125,0,12.806,13.0814,12.2715,12.555,3896730.657
20081126,0,12.555,13.3083,12.2957,13.3001,3108715.774
20081128,0,13.1624,13.3568,12.6683,13.1706,2391519.295
20081201,0,12.8384,12.96,12.1095,12.1256,5723019.3
20081202,0,12.6036,12.717,11.8746,12.4335,5227698.97699999
20081203,0,12.2066,12.3849,11.8098,12.2633,6013487.098
20081204,0,12.069,12.1986,11.2185,11.4615,4849758.652
20081205,0,11.3076,12.1905,10.8864,12.1419,5705148.66
20081208,0,12.4983,13.049,12.0203,12.32,5256970.414
20081209,0,11.7449,12.6522,11.7449,12.393,6648401.43999999
20081210,0,12.5469,13.5674,12.4335,13.1139,6675374.13699999
20081211,0,13.1463,13.5513,12.7089,12.9033,3929408.8931
20081212,0,12.6036,12.8952,12.393,12.798,4030924.65
20081215,0,12.968,13.2273,12.1013,12.3849,4114362.284
20081216,0,12.474,13.0977,12.4659,13.0653,4612999.815
20081217,0,12.9357,13.2354,12.5793,12.6683,5219280.13
20081218,0,12.6683,12.879,12.2066,12.32,5429362.893
20081219,0,12.8304,12.887,12.231,12.4335,5912800.298
20081222,0,12.5063,12.5873,12.1095,12.2796,4236653.754
20081223,0,12.32,12.482,12.1256,12.1823,3444218.454
20081224,0,12.077,12.32,12.069,12.231,1438873.531
20081226,0,12.2957,12.3525,12.1419,12.2715,1702686.89314
20081229,0,12.3606,12.555,12.1337,12.2472,2465586.457
20081230,0,12.2553,12.6683,12.1662,12.636,4526971.321
20081231,0,12.6279,12.8952,12.158,12.7899,3022002.467
20090102,0,12.7899,13.5351,12.5387,13.3974,3097325.526
20090105,0,13.3893,13.9238,13.3568,13.6647,3603149.859
20090106,0,13.7781,14.1507,13.7781,13.9158,4286017.41871
20090107,0,13.7618,13.8428,13.3001,13.4378,2993730.564
20090108,0,13.3164,13.7294,13.3083,13.6808,3259309.674
20090109,0,13.6484,13.9401,13.0896,13.1706,3951569.131
20090112,0,12.7737,12.9843,12.474,12.5954,4026542.733
20090113,0,12.5793,12.7899,12.2957,12.4335,4948144.779
20090114,0,12.0446,12.2715,11.8583,12.0528,7126164.637
20090115,0,12.0528,12.2715,11.7773,12.1662,6119518.98
20090116,0,12.3282,12.4335,11.8016,11.996,6489649.727
20090120,0,11.8098,12.0203,11.4615,11.5101,5443346.447
20090121,0,11.6396,11.988,11.4209,11.9718,4072592.374
20090122,0,11.7936,12.0609,11.5911,11.8422,4198946.89
20090123,0,11.6153,12.1986,11.5263,12.0285,4157455.935
20090126,0,12.0366,12.3849,11.7773,12.0123,4541143.595
20090127,0,12.0123,12.2553,11.8422,12.1662,3495331.768
20090128,0,12.2796,12.6197,12.1905,12.482,3135167.574
20090129,0,12.3039,12.4577,12.0042,12.069,2926771.696
20090130,0,12.1823,12.3687,11.6802,11.7126,4605507.852
20090202,0,11.6153,11.753,11.4291,11.6559,3464992.874
20090203,0,11.6802,11.988,11.5019,11.8826,4441744.521
20090204,0,11.6883,12.069,11.5343,11.907,4756367.01
20090205,0,11.6639,12.2633,11.1779,12.1095,7823402.179
20090206,0,12.3282,13.1867,12.0123,12.7332,6149584.30699999
20090209,0,12.15,12.3282,11.9475,12.0446,7645792.47
20090210,0,11.9475,12.1419,11.7449,11.8665,11131272.717
20090211,0,11.817,12.0725,11.6769,11.85,17262003.674
20090212,0,11.6605,11.7759,11.4544,11.7346,7076826.343
20090213,0,11.6851,11.9406,11.6275,11.8665,5486107.642
20090217,0,11.4462,11.4462,11.1248,11.1496,5142262.89
20090218,0,11.2237,11.3638,10.8282,11.0095,4422305.446
20090219,0,11.0919,11.2813,10.8941,11.0177,4490661.032
20090220,0,10.8199,11.0177,10.4161,10.7951,8498520.967
20090223,0,10.927,11.0342,10.1937,10.276,4718129.99
20090224,0,10.6304,10.9765,10.4408,10.8776,7140530.798
20090225,0,10.8282,11.1825,10.6304,10.8776,6264582.392
20090226,0,11.0177,11.3061,10.9023,10.927,5105171.307
20090227,0,10.6468,11.1412,10.5562,10.7292,5083780.14100001
20090302,0,10.4656,10.5891,9.8228,9.9052,6634034.659
20090303,0,9.96286,10.0783,9.62503,9.76512,5748616.45899999
20090304,0,10.0123,10.2266,9.9052,10.0288,6200007.82
20090305,0,9.84752,9.84752,9.39429,9.4767,4526546.594
20090306,0,9.61678,9.97109,9.23772,9.54261,6668292.512
20090309,0,9.41077,9.8228,9.31188,9.46021,5500693.43
20090310,0,9.69919,10.0947,9.6003,9.89696,5022418.861
20090311,0,10.0865,10.1277,9.75688,9.89696,4819744.005
20090312,0,9.87225,10.1442,9.78983,10.1277,4287901.767
20090313,0,10.1854,10.4079,10.0618,10.3667,5002734.037
20090316,0,10.449,10.9765,10.449,10.6057,5477392.561
20090317,0,10.6468,11.1496,10.4161,11.0506,5916179.552
20090318,0,10.9518,11.3967,10.7375,11.232,5973957.7517
20090319,0,11.5286,11.7017,11.2566,11.5863,5765670.632
20090320,0,11.644,11.9324,11.4709,11.5451,11497801.476
20090323,0,11.8582,12.1137,11.0753,12.1137,6247306.254
20090324,0,11.9242,12.0807,11.7428,11.7593,3618313.893
20090325,0,11.9571,12.2208,11.6851,11.9901,4267501.232
20090326,0,12.1137,12.5258,11.9489,12.3115,6028785.523
20090327,0,12.1631,12.2126,11.8005,11.9406,3491176.826
20090330,0,11.6935,11.8582,11.4132,11.5781,3936251.989
20090331,0,11.6935,11.8912,11.5368,11.644,4271757.083
20090401,0,11.4462,11.9901,11.3308,11.9159,3379554.441
20090402,0,12.1879,12.3444,12.0478,12.0807,5051010.45799999
20090403,0,12.0972,12.3609,12.0312,12.2538,2766555.798
20090406,0,12.0972,12.262,11.9159,12.1302,2590564.229
20090407,0,11.85,12.0312,11.7511,11.85,2407917.457
20090408,0,11.6687,12.0972,11.5781,12.0478,3732695.394
20090409,0,12.3444,12.5175,12.0972,12.2703,2728144.473
20090413,0,12.2373,12.3857,11.8747,12.3032,3119793.025
20090414,0,12.2043,12.2867,11.9983,12.1961,3315236.873
20090415,0,12.1466,12.3115,11.9736,12.1631,2838136.011
20090416,0,12.2373,12.4845,12.0148,12.3857,2845997.184
20090417,0,12.3939,12.6164,12.328,12.5175,3932254.45999999
20090420,0,12.3197,12.4268,11.9489,11.9736,3180662.059
20090421,0,11.8829,12.3444,11.8665,12.1797,4295179.779
20090422,0,12.1137,12.2703,11.9571,12.0396,3877041.5432
20090423,0,12.1631,12.1631,11.6275,11.8912,6361594.24999999
20090424,0,12.0396,12.1961,11.8418,11.9406,4424325.709
20090427,0,11.7593,11.9983,11.6687,11.8582,4353483.566
20090428,0,11.7593,12.0807,11.6687,11.8995,3293881.733
20090429,0,11.9983,12.3032,11.9489,12.1137,2804639.285
20090430,0,12.262,12.3444,11.8665,11.9571,4095109.112
20090501,0,11.9489,12.328,11.85,12.2867,2934887.586
20090504,0,12.3691,12.7318,12.1549,12.7152,3910975.059
20090505,0,13.0202,13.1849,12.5751,12.7482,3731727.052
20090506,0,12.9625,12.9625,12.6328,12.8142,3673122.973
20090507,0,13.0284,13.1849,12.6823,12.8059,3691861.537
20090508,0,12.9707,13.597,12.9707,13.2839,5128101.277
20090511,0,13.1026,13.2262,12.8553,12.946,4443942.661
20090512,0,13.0531,13.1108,12.7647,12.9625,3443696.935
20090513,0,12.8868,12.9789,12.5435,12.7277,4888514.174
20090514,0,12.6524,12.778,12.51,12.6524,4100486.786
20090515,0,12.5687,12.8031,12.351,12.4096,2986262.229
20090518,0,12.5519,12.9789,12.5519,12.9538,3178753.97
20090519,0,12.8617,13.2637,12.845,13.0627,3054223.471
20090520,0,13.0209,13.1045,12.778,12.8115,4829212.545
20090521,0,12.6524,12.7864,12.4011,12.51,3121354.653
20090522,0,12.5603,12.8115,12.5603,12.6022,2641907.22
20090526,0,12.4849,13.0292,12.4598,12.9203,2996555.064
20090527,0,12.9874,13.0543,12.6524,12.6859,3027504.666
20090528,0,12.8533,13.3474,12.7361,13.2386,4113101.939
20090529,0,13.2301,13.5316,13.1799,13.4144,3615193.953
20090601,0,13.6237,14.0927,13.5065,14.0089,6224170.787
20090602,0,13.9671,14.0927,13.833,14.0172,3527197.623
20090603,0,13.7912,13.8665,13.3893,13.6321,3499033.673
20090604,0,13.7912,13.8414,13.6488,13.8079,3350992.252
20090605,0,13.8916,13.9754,13.54,13.8079,3551896.765
20090608,0,13.7828,14.034,13.6237,13.9251,2907668.424
20090609,0,14.0675,14.2517,13.8079,14.0759,5302149.974
20090610,0,14.168,14.3355,14.0842,14.2852,4402725.333
20090611,0,14.3522,14.8713,14.2517,14.6704,4270099.542
20090612,0,14.5867,14.7457,14.4862,14.662,3740415.795
20090615,0,14.4862,14.5615,14.2182,14.3857,3002489.161
20090616,0,14.4862,14.5532,14.0257,14.0759,3661242.362
20090617,0,13.9168,14.1178,13.7995,13.9921,4495213.595
20090618,0,14.0005,14.2434,13.9,14.1513,2696777.745
20090619,0,14.2936,14.3104,13.9084,14.0089,4500686.064
20090622,0,13.8163,14.0424,13.6572,13.7661,3674834.697
20090623,0,13.8163,13.9419,13.5651,13.6656,4644204.256
20090624,0,13.7661,13.9754,13.6656,13.7577,4189886.12
20090625,0,13.7158,14.1513,13.6739,14.0927,4254895.513
20090626,0,14.0675,14.2099,13.9503,13.9838,3739168.766
20090629,0,14.101,14.2769,13.9671,14.1596,2936976.803
20090630,0,14.1345,14.3355,13.9084,14.1513,4834814.853
20090701,0,14.1763,14.4778,14.1763,14.369,4178287.825
20090702,0,14.168,14.168,13.7744,13.8163,3459369.664
20090706,0,13.5651,13.7995,13.4814,13.7995,5123619.546
20090707,0,13.7493,13.7577,13.4228,13.4646,3780463.173
20090708,0,13.4563,13.6321,13.2386,13.4395,4663364.856
20090709,0,13.5149,13.7828,13.3558,13.6153,3523172.60100001
20090710,0,13.5316,13.54,13.3139,13.5149,3074814.041
20090713,0,13.5065,13.7409,13.2804,13.7326,4046727.868
20090714,0,13.8414,13.9419,13.6572,13.9251,3680674.946
20090715,0,14.1931,14.3773,14.0759,14.3355,4038583
20090716,0,14.2099,14.3438,13.9838,14.2684,3974601.108
20090717,0,14.2601,14.3104,14.0592,14.2182,3753016.324
20090720,0,14.3773,14.6034,14.1763,14.595,4487397.849
20090721,0,14.7206,14.7877,14.3941,14.6536,3586453.534
20090722,0,14.5029,14.6788,14.4359,14.5783,2430326.483
20090723,0,14.6034,15.0723,14.5699,14.9634,5108364.008
20090724,0,14.8713,15.0807,14.8044,15.0807,2206119.038
20090727,0,15.1477,15.3319,14.9719,15.2398,2696628.23
20090728,0,15.1561,15.2817,14.9634,15.1896,3793690.061
20090729,0,15.0221,15.1225,14.8295,14.9133,2867248.041
20090730,0,15.0807,15.491,15.064,15.2482,3518066.57
20090731,0,15.1645,15.4659,15.0975,15.3654,2752764.876
20090803,0,15.5832,15.8845,15.4491,15.7254,4260073.572
20090804,0,15.6753,15.8092,15.4826,15.6501,2729600.616
20090805,0,15.6753,15.6753,15.3403,15.5329,2373131.331
20090806,0,15.5329,15.6668,15.4324,15.5161,3379857.15
20090807,0,15.6501,15.8427,15.4575,15.7674,2459154.75
20090810,0,15.6836,16.1776,15.6585,16.1693,4225728.145
20090811,0,16.1525,16.2865,15.9181,15.9516,4137001.742
20090812,0,16.0196,16.1723,15.9856,16.0535,3469305.052
20090813,0,16.1723,16.2232,15.8413,15.9431,4301922.286
20090814,0,15.9856,15.9941,15.5699,15.6801,3193435.272
20090817,0,15.4595,15.5359,15.2728,15.4765,2844546.61
20090818,0,15.485,15.6293,15.4256,15.5699,2089904.036
20090819,0,15.4256,15.9262,15.4001,15.7989,3394587.87
20090820,0,15.7819,15.9347,15.7311,15.9007,2296551.509
20090821,0,15.9941,16.2232,15.9178,16.1892,3083359.235
20090824,0,16.291,16.3759,16.1723,16.342,2863410.18
20090825,0,16.3675,16.4608,16.1383,16.1808,3402668.425
20090826,0,16.0959,16.3589,15.9686,16.3165,2729158.059
20090827,0,16.2486,16.325,15.9347,16.2147,2473991.219
20090828,0,16.3335,16.3675,15.9517,16.1129,1916066.127
20090831,0,15.9431,16.0196,15.7735,15.9517,3289040.424
20090901,0,15.9178,16.0025,15.5528,15.6038,3886792.419
20090902,0,15.5444,15.6293,15.4426,15.5189,2400247.432
20090903,0,15.6632,15.6717,15.3153,15.4681,3225653.867
20090904,0,15.4171,15.6717,15.4086,15.6293,2387341.758
20090908,0,15.8329,16.0025,15.6038,15.9431,3303424.988
20090909,0,15.9262,16.1723,15.8583,15.9686,3798984.766
20090910,0,16.0365,16.2571,15.8923,16.1892,2742744.151
20090911,0,16.2571,16.3589,16.1468,16.1977,2878620.717
20090914,0,16.2741,16.342,16.028,16.2741,2958804.629
20090915,0,16.2741,16.5032,16.1214,16.4947,4161423.39
20090916,0,16.4693,16.7323,16.4183,16.7323,2990840.866
20090917,0,16.6729,16.7407,16.4268,16.4693,4066665.664
20090918,0,16.5711,16.622,16.3759,16.5626,4204400.253
20090921,0,16.2656,16.5456,16.2571,16.4947,2646358.529
20090922,0,16.7323,16.7323,16.4777,16.6813,3145272.269
20090923,0,16.6899,16.7238,16.3675,16.3928,3298686.734
20090924,0,16.3928,16.4777,16.0874,16.1808,3203850.988
20090925,0,16.0874,16.3844,16.028,16.1808,3237442.755
20090928,0,16.2316,16.4098,16.1468,16.2486,2427684.623
20090929,0,16.2995,16.3589,16.1553,16.2486,2877036.077
20090930,0,16.325,16.342,15.9092,16.0535,5153829.049
20091001,0,16.062,16.1383,15.765,15.7735,4499256.562
20091002,0,15.5783,15.7565,15.4934,15.6293,4682698.005
20091005,0,15.6717,16.0535,15.5783,16.0365,3213921.982
20091006,0,16.1977,16.2741,16.079,16.2232,4618900.242
20091007,0,16.2486,16.3589,16.079,16.2826,2842104.781
20091008,0,16.3844,16.6729,16.2571,16.5371,3745485.898
20091009,0,17.3177,17.3516,16.7493,16.7662,6628015.096
20091012,0,16.9698,17.0886,16.8172,16.9019,2961138.28
20091013,0,16.9784,16.9953,16.6729,16.7832,3207768.286
20091014,0,16.9529,17.0462,16.8172,17.0378,3424273.081
20091015,0,16.9444,17.4026,16.8935,17.4026,3877566.912
20091016,0,17.2669,17.3008,17.0123,17.2244,3756555.76
20091019,0,17.2074,17.3602,17.1056,17.3177,2745697.118
20091020,0,17.3602,17.4365,17.0378,17.2159,3738267.741
20091021,0,17.148,17.3263,16.9953,17.1396,5074042.957
20091022,0,17.1226,17.3092,17.0123,17.2583,3629714.568
20091023,0,17.3092,17.3771,16.8425,16.9868,4705643.69499999
20091026,0,16.9698,17.3516,16.7068,16.7323,4880609.823
20091027,0,16.2995,16.6135,15.7819,16.5456,7804586.425
20091028,0,16.4693,16.4693,16.1043,16.1383,5275896.32
20091029,0,16.2486,16.6644,16.1723,16.6135,3344889.181
20091030,0,16.5201,16.622,16.0535,16.2486,6490262.057
20091102,0,16.2656,16.5371,16.045,16.2826,4421672.341
20091103,0,16.2062,16.4014,16.045,16.3759,3681699.791
20091104,0,16.5287,16.7747,16.4014,16.5201,4378232.081
20091105,0,16.7238,16.7493,16.2486,16.4522,5097348.485
20091106,0,16.2316,16.4693,16.1977,16.4098,2802987.829
20091109,0,16.605,16.7153,16.4098,16.7153,4207831.491
20091110,0,16.6982,16.7412,16.5091,16.6037,4052790.381
20091111,0,16.7068,16.8013,16.4576,16.5349,3154837.052
20091112,0,16.4747,16.6122,16.2685,16.3029,3486525.439
20091113,0,16.3201,16.5435,16.2514,16.4662,3408521.546
20091116,0,16.5091,16.7584,16.3458,16.6553,3497902.586
20091117,0,16.6466,16.7154,16.449,16.6466,2802614.615
20091118,0,16.6724,16.7154,16.449,16.5435,1955498.51899
20091119,0,16.3889,16.5006,16.1826,16.3373,3133385.901
20091120,0,16.3802,16.4834,16.2427,16.406,2792412.636
20091123,0,16.6037,16.9045,16.4146,16.6724,3991634.313
20091124,0,16.638,16.7068,16.4576,16.6897,2496699.061
20091125,0,16.7068,16.9045,16.6897,16.8873,1880030.932
20091127,0,16.5349,16.6982,16.4146,16.5951,2068372.942
20091130,0,16.6553,16.8013,16.492,16.681,2398269.509
20091201,0,16.681,16.8701,16.681,16.8186,2194175.579
20091202,0,16.8615,16.913,16.6982,16.767,2469485.088
20091203,0,16.7928,16.9647,16.681,16.6897,2744449.706
20091204,0,16.9388,17.0849,16.7412,16.8443,4124391.163
20091207,0,16.8615,17.0334,16.8357,16.8701,2302763.48
20091208,0,16.7584,16.913,16.6209,16.7841,2649198.089
20091209,0,16.8099,16.9561,16.7584,16.913,3152621.152
20091210,0,16.9474,17.317,16.9474,17.2569,3217482.532
20091211,0,17.3686,17.4029,17.2053,17.3513,2138128.5
20091214,0,17.5576,17.8154,17.5319,17.6521,2814613.561
20091215,0,17.6779,17.7639,17.5146,17.5319,3526733.1507
20091216,0,17.6865,17.8069,17.4288,17.6178,2474664.413
20091217,0,17.5232,17.635,17.4545,17.4975,2159958.997
20091218,0,17.5319,17.6779,17.3513,17.4029,3680660.827
20091221,0,17.4029,17.6436,17.4029,17.5576,2137203.342
20091222,0,17.6178,17.6436,17.4373,17.5576,2161791.406
20091223,0,17.5404,17.6521,17.5404,17.6178,1696401.405
20091224,0,17.592,17.7639,17.592,17.6865,1053338.408
20091228,0,17.6865,17.7553,17.5662,17.6521,1478701.56
20091229,0,17.6694,17.7811,17.6264,17.6694,1727023.608
20091230,0,17.592,17.8584,17.592,17.7381,2048323.824
20091231,0,17.7296,17.8327,17.6436,17.6436,1138070.938
20100104,0,17.7553,17.8756,17.7123,17.867,3259382.702
20100105,0,17.9186,17.9529,17.4459,17.7467,4954471.946
20100106,0,17.7037,17.8842,17.7037,17.7811,3967642.89
20100107,0,17.7381,17.8756,17.6436,17.8756,3066907.098
20100108,0,17.9358,18.0389,17.8327,18.0389,3048449.945
20100111,0,18.1162,18.2452,18.0303,18.0991,4381056.609
20100112,0,18.0131,18.3827,17.9186,18.1592,5917925.337
20100113,0,18.4686,18.7006,18.4085,18.6576,5800458.426
20100114,0,18.7866,19.1905,18.7264,19.0616,5157027.514
20100115,0,19.2249,19.2249,18.778,19.0014,5030185.323
20100119,0,19.0701,19.8179,19.0444,19.7749,6338060.871
20100120,0,19.6374,19.7921,19.4913,19.5257,7263062.013
20100121,0,19.5686,19.8179,19.2507,19.4225,7680756.142
20100122,0,19.3194,19.3366,18.8553,18.8983,7831341.484
20100125,0,18.9928,19.2936,18.9928,19.1561,4709855.341
20100126,0,18.9928,19.3538,18.9928,19.1389,4516149.531
20100127,0,19.1303,19.2249,18.6405,18.9413,5042469.426
20100128,0,19.053,19.3366,18.5803,18.7693,4191910.485
20100129,0,18.8553,18.9499,18.2366,18.2881,5243099.865
20100201,0,18.4256,18.6576,18.3483,18.6491,3684220.594
20100202,0,18.7093,18.9241,18.46,18.8811,4269339.169
20100203,0,18.8726,18.9499,18.5287,18.6662,3931050.979
20100204,0,18.0475,18.6491,17.9702,17.9787,5211451.70400001
20100205,0,18.0217,18.1764,17.5061,18.0303,4745341.763
20100208,0,18.0733,18.185,17.8327,17.8412,3455219.221
20100209,0,18.1678,18.3998,18.0303,18.0475,5926965.784
20100210,0,18.0821,18.2126,17.8037,17.9864,4812388.101
20100211,0,17.882,18.0559,17.7776,18.0211,4150501.009
20100212,0,17.8385,18.1082,17.7168,18.0038,4122957.462
20100216,0,18.2126,18.5953,18.2126,18.5343,3970504.017
20100217,0,18.5778,18.6735,18.5257,18.6039,2988529.616
20100218,0,18.5691,18.6996,18.4039,18.6909,3244461.336
20100219,0,18.63,18.9779,18.5605,18.8735,3270571.776
20100222,0,18.9257,18.9866,18.7779,18.7952,2310323.192
20100223,0,18.6996,18.7604,18.4648,18.5343,2568015.236
20100224,0,18.5343,18.9171,18.43,18.8909,4477075.787
20100225,0,18.6735,18.9518,18.5257,18.9257,2981023.569
20100226,0,18.9692,19.0474,18.8039,18.9779,2166061.646
20100301,0,19.0474,19.2302,19.0127,19.117,2941129.01
20100302,0,19.1431,19.2388,19.0301,19.117,3174088.462
20100303,0,19.091,19.2302,18.9779,19.0127,2677748.201
20100304,0,18.9953,19.1345,18.7952,18.8823,3217394.983
20100305,0,18.9953,19.2475,18.9344,19.2127,3238240.1405
20100308,0,19.2214,19.3432,19.1345,19.1779,2133096.071
20100309,0,19.0127,19.2127,18.9866,19.1345,2525078.519
20100310,0,19.1518,19.4649,19.0822,19.4128,4295579.139
20100311,0,19.4128,19.4563,19.2649,19.3954,2113139.55
20100312,0,19.5259,19.5606,19.2649,19.3954,1980094.125
20100315,0,19.4736,19.5172,19.1431,19.404,2533489.105
20100316,0,19.4911,19.552,19.3606,19.5345,1892308.126
20100317,0,19.4997,19.6737,19.4649,19.5084,2294906.117
20100318,0,19.5606,19.6128,19.3519,19.552,2943529.782
20100319,0,19.5954,19.6998,19.2127,19.3432,4576012.999
20100322,0,19.1518,19.4128,19.1084,19.3692,2292377.336
20100323,0,19.4215,19.578,19.291,19.552,2727388.521
20100324,0,19.4476,19.5432,19.291,19.3954,2825006.895
20100325,0,19.5432,19.6476,19.4649,19.4911,4239222.962
20100326,0,19.5259,19.7867,19.4736,19.6389,4393859.32
20100329,0,19.7433,19.9694,19.7085,19.8476,4667183.376
20100330,0,19.8911,20.0042,19.7433,19.7519,3085637.404
20100331,0,19.7519,19.7519,19.5084,19.6041,3402193.386
20100401,0,19.7519,19.8998,19.6128,19.8651,1942996.475
20100405,0,19.9172,20.2565,19.8824,20.1956,2692838.655
20100406,0,20.1433,20.3434,20.0737,20.1956,2757217.774
20100407,0,20.1781,20.2477,19.9955,20.0477,2813858.75
20100408,0,20.0042,20.1694,19.8303,20.1433,2224006.416
20100409,0,20.1085,20.2825,19.9172,20.2825,2141394.609
20100412,0,20.1781,20.3347,20.1521,20.2825,1949860.183
20100413,0,20.2129,20.2129,19.9259,20.126,2031484.744
20100414,0,20.0999,20.2999,20.0564,20.2913,1938685.607
20100415,0,20.2565,20.3086,20.1085,20.239,2381197.898
20100416,0,20.1869,20.1869,19.7433,19.9346,3587808.797
20100419,0,19.7519,20.1433,19.7519,20.1433,2232874.275
20100420,0,20.2565,20.3782,20.239,20.2738,1951382.495
20100421,0,20.3086,20.3261,20.0999,20.2129,2184158.22
20100422,0,20.039,20.1521,19.9172,20.1433,2684858.009
20100423,0,20.1521,20.4043,19.9694,20.3956,3022793.69
20100426,0,20.413,20.4651,20.2999,20.3347,2285743.162
20100427,0,20.2825,20.3608,19.8215,19.8651,3212574.576
20100428,0,19.9955,20.2129,19.8824,20.1173,3359868.075
20100429,0,20.3434,20.4999,20.2565,20.3956,3227566.926
20100430,0,20.3869,20.5869,20.2738,20.3086,2585165.904
20100503,0,20.413,20.7435,20.3782,20.6217,3321514.498
20100504,0,20.4217,20.4999,20.0477,20.2217,3937216.268
20100505,0,20.0564,20.126,19.5693,19.7085,3820776.663
20100506,0,19.578,19.839,16.9166,18.8039,10451325.972
20100507,0,18.7083,18.9953,18.143,18.5257,9356355.217
20100510,0,19.2302,19.6128,19.2127,19.6128,5214961.171
20100511,0,19.4302,19.9607,19.404,19.7172,4208708.9759
20100512,0,19.682,19.9898,19.5589,19.9283,3245638.603
20100513,0,19.8667,20.069,19.6908,19.7172,3103770.51
20100514,0,19.6293,19.6996,19.1279,19.3654,3943054.665
20100517,0,19.4094,19.6028,18.7058,19.1104,4058667.777
20100518,0,19.3126,19.4358,18.8553,18.9432,3611011.474
20100519,0,18.8378,18.9257,18.2837,18.5563,3886894.379
20100520,0,17.3603,17.6065,16.7974,17.0612,14071405.78
20100521,0,16.4105,17.3514,16.3313,17.2987,6656057.775
20100524,0,17.2548,17.3163,17.0085,17.0085,4887125.108
20100525,0,16.6216,16.9821,16.3841,16.9821,6227418.799
20100526,0,17.1668,17.413,17.0701,17.1316,5894001.0585
20100527,0,17.4306,17.7824,17.4043,17.7736,3630986.051
20100528,0,17.7912,17.8703,17.4834,17.6065,4401165.158
20100601,0,17.4306,17.5538,16.8854,16.9206,4670087.174
20100602,0,17.0261,17.4395,16.8414,17.4306,3638591.308
20100603,0,17.4218,17.7297,17.3603,17.6856,4684567.766
20100604,0,17.4218,17.5361,16.9469,17.0701,4462654.084
20100607,0,17.158,17.3163,16.8414,16.9206,4473675.434
20100608,0,16.9821,17.4043,16.7886,17.3514,4495118.543
20100609,0,17.5274,17.8,17.2635,17.3603,3934921.98
20100610,0,17.6241,18.0902,17.6241,18.0639,4570621.3757
20100611,0,17.7649,18.1254,17.756,18.1254,2558932.029
20100614,0,18.3981,18.5476,18.1078,18.1782,3866206.672
20100615,0,18.3804,18.785,18.3716,18.7762,3012578.961
20100616,0,18.6706,18.8641,18.5915,18.741,2520953.729
20100617,0,19.2599,19.2599,18.6442,18.8993,2789528.479
20100618,0,18.9345,19.1456,18.8026,19.0752,4422776.795
20100621,0,19.3126,19.4533,18.8905,18.9961,3189467.341
20100622,0,19.1016,19.1279,18.5651,18.6619,3744256.02
20100623,0,18.6267,18.6794,18.2661,18.4684,3743258.342
20100624,0,18.2837,18.5651,18.1693,18.2221,2937277.293
20100625,0,18.2837,18.5035,18.1341,18.3804,3876879.082
20100628,0,18.3804,18.4156,18.1518,18.3188,3415572.901
20100629,0,18.1693,18.187,17.6945,17.7824,5082940.74700001
20100630,0,17.8088,18.0375,17.589,17.6769,3135208.176
20100701,0,17.6856,17.8528,17.2987,17.7912,5973353.668
20100702,0,17.8615,18.1078,17.6945,17.7649,3184707.875
20100706,0,18.011,18.1166,17.6856,17.8792,3235500.705
20100707,0,17.8967,18.3981,17.8967,18.3892,4389740.199
20100708,0,18.5563,18.741,18.4156,18.6882,2371133.264
20100709,0,18.7058,18.785,18.5651,18.7674,1777874.892
20100712,0,18.6794,19.1368,18.6355,18.8729,3215678.05600001
20100713,0,19.04,19.1368,18.8466,18.8817,3315408.886
20100714,0,18.7762,18.8553,18.5563,18.6531,4273666.442
20100715,0,18.6794,18.7322,18.4244,18.6442,3957582.897
20100716,0,18.5651,18.6003,18.2309,18.3101,3396516.879
20100719,0,18.3892,18.5476,18.2309,18.3804,2477949.583
20100720,0,18.1957,18.6882,18.0814,18.6355,4684615.985
20100721,0,18.7146,18.7674,18.1605,18.2925,4146114.578
20100722,0,18.5299,18.785,18.5211,18.6619,3252189.761
20100723,0,18.6794,18.7322,18.4947,18.6706,3807838.292
20100726,0,18.6091,18.9345,18.6091,18.8817,2742396.387
20100727,0,18.9521,19.04,18.7762,18.8553,3202053.711
20100728,0,18.9521,18.9873,18.5476,18.5827,5150790.791
20100729,0,18.7146,18.785,18.0814,18.1605,7360093.79
20100730,0,17.9759,18.3277,17.9407,18.2925,5943766.543
20100802,0,18.6179,18.741,18.5035,18.7058,3737881.284
20100803,0,18.6619,18.8201,18.5124,18.6531,3064888.821
20100804,0,18.6619,18.9784,18.6442,18.9432,4474373.029
20100805,0,18.8378,19.1983,18.6442,19.1456,4021750.021
20100806,0,19.0312,19.3478,18.9873,19.2863,4842131.95
20100809,0,19.4094,19.4446,19.2863,19.3126,2444146.761
20100810,0,19.1456,19.2511,18.8817,19.172,4929682.61
20100811,0,18.985,18.985,18.6113,18.6292,3154408.515
20100812,0,18.4156,18.7181,18.3712,18.6113,2769821.327
20100813,0,18.5936,18.985,18.4868,18.9406,3952045.964
20100816,0,18.8783,18.8783,18.6025,18.7181,2999537.633
20100817,0,18.905,19.2875,18.8249,19.2252,3347415.162
20100818,0,19.2252,19.2252,18.8605,19.0562,2991840.188
20100819,0,19.0028,19.0117,18.5936,18.727,2929838.564
20100820,0,18.558,18.727,18.4779,18.6825,2871750.216
20100823,0,18.7449,18.8694,18.6381,18.7449,2868211.315
20100824,0,18.5313,18.7093,18.4068,18.4779,3783529.128
20100825,0,18.4156,18.6558,18.3267,18.5936,4256531.739
20100826,0,18.6648,18.7803,18.2378,18.3444,3358374.909
20100827,0,18.4423,18.6825,18.1932,18.6737,4266171.856
20100830,0,18.6292,18.6558,18.2378,18.2378,3091464.925
20100831,0,18.2199,18.3533,17.9619,18.0865,5989826.725
20100901,0,18.3,18.7893,18.3,18.7715,4758371.625
20100902,0,18.7803,18.9762,18.6558,18.9672,2551025.801
20100903,0,19.0473,19.2252,19.0117,19.1719,2152155.241
20100907,0,19.0384,19.1719,18.8338,18.8605,1833177.097
20100908,0,18.8605,19.0562,18.8515,18.9316,2332029.587
20100909,0,19.0918,19.1273,18.8427,18.8605,2968034.831
20100910,0,18.8605,19.1896,18.8605,19.1363,3111306.686
20100913,0,19.332,19.6078,19.2697,19.4833,3979208.79399999
20100914,0,19.4387,19.5722,19.3053,19.4743,3031126.781
20100915,0,19.4032,19.5277,19.2252,19.501,2853606.557
20100916,0,19.3853,19.3853,19.1719,19.3409,2718784.8255
20100917,0,19.4032,19.5189,19.1719,19.2163,3338126.139
20100920,0,19.2519,19.6611,19.1896,19.5989,2419554.368
20100921,0,19.6344,19.7323,19.4121,19.6078,3012719.594
20100922,0,19.6434,19.7857,19.4387,19.4654,3138070.113
20100923,0,19.3586,19.4921,19.1896,19.2519,2292245.939
20100924,0,19.4477,19.9369,19.4209,19.8035,3124957.942
20100927,0,19.8568,19.8568,19.6078,19.6167,2725315.197
20100928,0,19.7323,20.0614,19.5899,20.0348,3209122.068
20100929,0,20.017,20.1326,19.8568,20.0259,3034743.753
20100930,0,20.1949,20.2927,19.8657,20.0882,2913722.413
20101001,0,20.2573,20.3373,19.9725,20.275,3237396.362
20101004,0,20.275,20.275,19.9013,20.0259,2682562.655
20101005,0,20.2127,20.5952,20.1771,20.5686,3864847.39
20101006,0,20.5864,20.6664,20.4174,20.5241,2577475.904
20101007,0,20.6487,20.7287,20.4618,20.6041,2291945.725
20101008,0,20.6932,20.9066,20.5597,20.8622,1979660.807
20101011,0,20.9245,21.0223,20.7732,20.8177,1719512.417
20101012,0,20.7465,20.8533,20.5775,20.791,1657127.403
20101013,0,20.9601,21.2269,20.8889,21.0134,3546972.86
20101014,0,21.0401,21.0846,20.7287,20.8977,2173022.81
20101015,0,21.1202,21.1558,20.8354,20.9867,2595309.86
20101018,0,21.0401,21.2269,20.88,21.1735,1431359.04
20101019,0,20.871,21.0846,20.6308,20.7643,3299685.887
20101020,0,20.8533,21.0579,20.7821,20.8533,2900576.058
20101021,0,20.9155,21.2002,20.7821,20.9245,2276061.677
20101022,0,21.0045,21.1647,20.9689,21.1468,2414959.94
20101025,0,21.307,21.3515,21.0935,21.1291,2856720.427
20101026,0,21.1023,21.2002,20.9511,21.1113,2458846.001
20101027,0,20.9778,21.1379,20.8088,20.9778,3495398.462
20101028,0,21.1379,21.1735,20.9066,21.0312,2488492.383
20101029,0,20.9422,21.2002,20.8889,21.1558,2320135.1728
20101101,0,21.2625,21.3425,21.0312,21.1291,1696762.044
20101102,0,21.3515,21.5205,21.2625,21.4404,2207093.178
20101103,0,21.307,21.3692,21.0223,21.3159,3353141.832
20101104,0,21.5828,21.9387,21.5472,21.9298,2601956.446
20101105,0,21.9298,22.0365,21.7696,21.9653,2570024.057
20101108,0,21.823,21.9653,21.645,21.823,2816724.01
20101109,0,21.9307,22.2453,21.8408,21.9398,2651752.801
20101110,0,21.9398,22.0116,21.679,22.0026,2281864.509
20101111,0,21.8408,22.0026,21.751,22.0026,2562317.274
20101112,0,21.8139,21.8948,21.5532,21.6701,2092763.208
20101115,0,21.742,22.0026,21.715,21.7959,2083422.824
20101116,0,21.6611,21.6701,21.1308,21.3286,3473540.89
20101117,0,21.2027,21.4993,21.1757,21.2926,2508335.159
20101118,0,21.5173,21.724,21.4095,21.5532,2617689.539
20101119,0,21.4904,21.6072,21.3016,21.6072,2484790.448
20101122,0,21.5622,21.679,21.2836,21.6701,2262042.523
20101123,0,21.4364,21.4544,21.1219,21.3016,2248853.006
20101124,0,21.4813,21.6341,21.4364,21.6162,1749637.461
20101126,0,21.4095,21.6251,21.3375,21.4634,1148190.752
20101129,0,21.3105,21.4904,21.1038,21.4364,2584403.212
20101130,0,21.2296,21.5173,21.1668,21.3735,2738973.42
20101201,0,21.724,22.1284,21.6881,21.9487,2786457.592
20101202,0,21.9577,22.2993,21.9307,22.2453,2707178.427
20101203,0,22.1284,22.2902,22.0206,22.2004,2066628.165
20101206,0,22.2274,22.3172,22.0925,22.1195,2222878.662
20101207,0,22.2723,22.3621,22.0026,22.0386,2475561.84
20101208,0,22.2184,22.2184,21.8948,22.0745,2274701.451
20101209,0,22.1734,22.2543,21.9128,21.9577,2413297.823
20101210,0,22.0206,22.1465,22.0116,22.0386,2041598.323
20101213,0,22.3172,22.5869,22.1734,22.4251,2704788.032
20101214,0,22.4611,22.5689,22.2543,22.2813,3110780.127
20101215,0,22.2093,22.3532,21.9487,22.0116,2984296.224
20101216,0,22.0475,22.1105,21.8319,21.9936,3230384.598
20101217,0,21.9487,22.0206,21.8768,21.9398,3848326.11
20101220,0,21.9847,22.3083,21.8589,22.2633,2750544.449
20101221,0,22.3262,22.4611,22.2723,22.443,1750120.156
20101222,0,22.47,22.6229,22.4071,22.5689,1830824.682
20101223,0,22.5778,22.6229,22.443,22.506,1473270.491
20101227,0,22.488,22.6408,22.3891,22.5689,1278567.869
20101228,0,22.6318,22.6857,22.5329,22.6768,1241110.81
20101229,0,22.6678,22.7756,22.6408,22.6947,1433114.274
20101230,0,22.7217,22.8745,22.443,22.452,2395446.77
20101231,0,22.3891,22.5778,22.3262,22.452,1391211.996
20110103,0,22.6498,22.6947,22.47,22.506,2265334.387
20110104,0,22.5869,22.6587,22.3172,22.6498,3421947.421
20110105,0,22.6138,22.7306,22.3802,22.7127,2512251.454
20110106,0,22.7487,22.7756,22.2993,22.3621,3749878.755
20110107,0,22.4071,22.4611,22.1824,22.4341,2587327.771
20110110,0,22.2633,22.2633,21.9666,22.2184,2888998.372
20110111,0,22.2004,22.5959,22.1284,22.5599,3371710.394
20110112,0,22.6947,22.8115,22.5778,22.6587,2487825.971
20110113,0,22.6947,22.8026,22.2274,22.2993,3614671.178
20110114,0,22.2723,22.5329,22.1734,22.4611,2259983.762
20110118,0,22.4071,22.6947,22.4071,22.5959,1554023.4984
20110119,0,23.0542,23.0542,22.479,22.542,2843526.534
20110120,0,22.5778,22.8205,22.4071,22.7217,3779383.874
20110121,0,22.9284,23.0093,22.8296,22.9014,3898661.693
20110124,0,22.8835,23.225,22.8745,23.1531,2344951.005
20110125,0,23.0542,23.252,22.8115,22.9733,2560142.998
20110126,0,23.0632,23.3688,22.9644,23.3149,3347106.211
20110127,0,23.2969,23.6384,23.207,23.4317,3028045.33
20110128,0,23.4587,23.5396,23.0632,23.0902,2628074.86
20110131,0,23.2609,23.5935,23.234,23.5755,2535105.916
20110201,0,23.6475,23.7912,23.5935,23.7373,2379223.35
20110202,0,23.5935,23.8002,23.5576,23.6564,1970120.289
20110203,0,23.6924,23.8452,23.4227,23.5666,3199786.248
20110204,0,23.8362,23.8362,23.3778,23.5216,2893688.659
20110207,0,23.6294,23.8721,23.5485,23.6654,1928425.614
20110208,0,23.7373,23.8272,23.4946,23.6744,2273653.274
20110209,0,23.7743,23.9104,23.4384,23.5111,2738376.496
20110210,0,23.4111,23.5292,23.157,23.3748,3930296.775
20110211,0,23.3748,23.5564,23.2387,23.4656,3228224.563
20110214,0,23.4747,23.6472,23.393,23.5564,2741986.529
20110215,0,23.4928,23.629,23.2931,23.5564,2251378.76
20110216,0,23.5927,23.9014,23.5927,23.7833,2256226.677
20110217,0,23.747,24.1192,23.747,24.0103,3673684.526
20110218,0,24.0375,24.092,23.8106,23.8468,3158324.728
20110222,0,23.6835,23.8741,23.4202,23.5201,4502663.218
20110223,0,23.5564,23.8378,23.5382,23.6744,3702099.269
20110224,0,23.6381,23.7833,23.4384,23.6835,4555154.542
20110225,0,23.7561,23.9285,23.7016,23.9195,2182901.158
20110228,0,23.9921,24.2644,23.8832,24.2644,2727168.999
20110301,0,24.3552,24.3915,23.8468,23.9558,4398519.214
20110302,0,23.9468,24.0738,23.7198,23.9921,3721189.818
20110303,0,24.1192,24.4369,24.0829,24.3552,2930619.579
20110304,0,24.3734,24.5005,24.2554,24.4642,3684566.05100001
20110307,0,24.4823,24.7274,24.3098,24.4823,3844406.829
20110308,0,24.5005,24.6185,24.3008,24.5368,2719721.994
20110309,0,24.4278,24.7274,24.3734,24.4461,2450939.459
20110310,0,24.2009,24.219,23.6018,23.6472,4511224.867
20110311,0,23.384,23.9104,23.384,23.7924,2778816.469
20110314,0,23.7652,23.9468,23.6472,23.9285,3055780.974
20110315,0,23.2569,23.6199,23.0299,23.4838,4026445.602
20110316,0,23.4475,23.5746,22.8393,23.1298,4739022.485
20110317,0,23.5201,23.6744,23.3658,23.6018,3055776.72
20110318,0,23.8378,23.8651,23.5382,23.6199,3058896.103
20110321,0,23.9014,24.1827,23.747,24.1102,2268275.114
20110322,0,24.0829,24.1283,23.9558,24.0648,2683051.802
20110323,0,24.0466,24.1556,23.9195,24.1192,2180118.759
20110324,0,24.2917,24.2917,23.9649,24.2463,1670810.911
20110325,0,24.3371,24.6276,24.2917,24.5822,2228582.873
20110328,0,24.7001,24.8091,24.3643,24.3915,2117325.338
20110329,0,24.3461,24.4823,24.1827,24.4732,2594894.581
20110330,0,24.6366,24.8182,24.5095,24.7728,2198506.351
20110331,0,24.673,24.9635,24.6547,24.6639,2289295.306
20110401,0,24.9906,25.036,24.7637,24.8454,2307435.435
20110404,0,24.8908,24.9543,24.7365,24.7728,2265432.818
20110405,0,24.7456,24.9181,24.682,24.8091,2704179.98
20110406,0,24.8635,24.8908,24.5186,24.6094,3113788.767
20110407,0,24.5822,24.673,24.3734,24.5095,3484099.15
20110408,0,24.5913,24.7274,24.4823,24.6547,2509341.074
20110411,0,24.7818,24.9181,24.5459,24.6547,4116550.816
20110412,0,24.6003,24.6094,24.2463,24.3825,3502101.605
20110413,0,24.5368,24.673,24.3008,24.4823,4167345.251
20110414,0,24.3643,24.6911,24.2917,24.6276,2543305.042
20110415,0,24.6639,24.9816,24.5549,24.9635,4816147.27200001
20110418,0,24.6639,24.673,24.4006,24.5186,3310911.57
20110419,0,24.5186,24.6457,24.4188,24.5459,3331150.573
20110420,0,24.8272,25.3538,24.7547,25.3175,3651241.933
20110421,0,25.3992,25.4445,25.2448,25.4082,2822142.303
20110425,0,25.4173,25.499,25.2448,25.4718,1652879.947
20110426,0,25.5989,25.9166,25.5263,25.7622,3597606.547
20110427,0,25.8439,26.2525,25.5989,26.1073,4641171.421
20110428,0,26.0981,26.2978,25.9892,26.1435,3010400.935
20110429,0,26.1435,26.4612,26.1254,26.3614,2785886.242
20110502,0,26.543,26.543,25.8531,26.0618,4903836.948
20110503,0,25.9166,25.9892,25.2176,25.4718,4933988.333
20110504,0,25.4173,25.6897,25.0088,25.508,4051584.968
20110505,0,25.3719,25.4355,24.8454,25.0633,4374029.92
20110506,0,25.3265,25.7895,25.1904,25.5172,4009050.311
20110509,0,25.5172,25.8168,25.4355,25.7804,2169442.273
20110510,0,25.8077,26.1344,25.735,26.0164,2106450.914
20110511,0,25.943,25.9613,25.1276,25.2468,3430414.128
20110512,0,25.2468,25.3475,24.8895,25.1827,3334128.769
20110513,0,25.2376,25.4849,24.7704,24.9902,3245659.831
20110516,0,24.9444,25.1643,24.7521,24.8162,2795690.099
20110517,0,24.6788,24.8437,24.4131,24.6422,5335445.501
20110518,0,24.7612,25.1918,24.7612,25.0636,3920355.898
20110519,0,25.2192,25.3659,24.972,25.2376,2709039.415
20110520,0,25.2285,25.3109,24.7979,25.1002,3012259.745
20110523,0,24.8254,24.9444,24.6147,24.8346,2342160.087
20110524,0,24.9078,25.0636,24.743,24.7888,3205981.964
20110525,0,24.5414,25.1185,24.5414,25.036,2157467.586
20110526,0,25.0086,25.1002,24.6788,25.0178,2070623.442
20110527,0,25.036,25.2743,24.9078,24.9444,2447616.109
20110531,0,25.1185,25.3109,24.9902,25.2834,2157944.845
20110601,0,25.1734,25.2651,24.8712,24.9353,3328717.703
20110602,0,24.972,25.1002,24.688,24.9628,3743081.861
20110603,0,24.6422,25.0544,24.5598,24.8804,2661616.161
20110606,0,24.9353,25.0636,24.4131,24.4682,2702836.177
20110607,0,24.6696,24.9902,24.5322,24.6788,4980276.943
20110608,0,24.7063,24.7704,24.4956,24.633,3567282.754
20110609,0,24.7154,24.9902,24.578,24.8986,2361571.712
20110610,0,24.7796,24.8254,24.6147,24.6422,3004608.35
20110613,0,24.7888,24.8804,24.4224,24.5322,3527992.796
20110614,0,24.807,25.0269,24.743,24.9444,2778114.239
20110615,0,24.807,24.807,24.1292,24.3124,4562553.78
20110616,0,24.349,24.5322,24.1292,24.2849,5127555.975
20110617,0,24.5047,24.6238,24.2757,24.4131,4796547.982
20110620,0,24.2849,24.6238,24.2849,24.5872,1948216.726
20110621,0,24.6788,25.0727,24.6696,24.9902,2806098.751
20110622,0,24.8437,24.9902,24.7338,24.743,3093559.864
20110623,0,24.404,24.5322,23.9734,24.514,4120164.473
20110624,0,24.5505,24.5689,24.2025,24.2483,3287961.604
20110627,0,24.1292,24.5322,24.0467,24.3673,2304411.37
20110628,0,24.4406,24.7338,24.4131,24.6972,3087046.075
20110629,0,24.7063,25.036,24.6788,24.8895,2661773.594
20110630,0,24.972,25.1185,24.7979,25.1185,2335884.023
20110701,0,25.0818,25.4849,24.9262,25.4575,2514702.557
20110705,0,25.4483,25.6224,25.3933,25.4391,2630101.602
20110706,0,25.3659,25.4941,25.2834,25.3842,1854142.502
20110707,0,25.6224,25.6498,25.4575,25.5858,1785320.276
20110708,0,25.2651,25.4208,25.1827,25.3475,1976947.968
20110711,0,25.0453,25.201,24.807,24.8804,1993487.367
20110712,0,24.7338,25.0178,24.6696,24.7338,2986634.495
20110713,0,24.7796,25.0269,24.5872,24.6696,2885996.07
20110714,0,24.7063,24.9537,24.6422,24.6788,3048327.806
20110715,0,24.917,25.146,24.8346,25.1185,3095028.303
20110718,0,24.9995,25.0178,24.743,24.8528,2370382.288
20110719,0,24.9444,25.1827,24.7796,25.0269,2151173.697
20110720,0,25.1094,25.1094,24.862,24.9353,1855139.847
20110721,0,25.146,25.4117,25.1002,25.3568,2892363.592
20110722,0,25.3842,25.4666,25.201,25.3201,1584506.054
20110725,0,25.0636,25.3292,25.0269,25.1276,1482359.096
20110726,0,25.0727,25.146,24.8528,24.8895,1929262.378
20110727,0,24.7796,24.9902,24.688,24.917,4341072.046
20110728,0,24.862,25.1643,24.7979,24.7979,3485203.993
20110729,0,24.514,24.9811,24.3857,24.7888,3486685.377
20110801,0,25.036,25.0911,24.5689,24.8712,3273895.102
20110802,0,24.6788,24.8254,24.2391,24.2391,3908559.787
20110803,0,24.2391,24.5414,23.6254,24.0467,4234400.131
20110804,0,23.7077,23.8544,22.92,23.0025,6120193.54
20110805,0,23.2589,23.4147,21.8482,22.8009,8793494.677
20110808,0,22.1504,22.4528,20.9412,21.2253,8758652.64
20110809,0,21.3352,22.2879,20.8863,22.2787,10902438.91
20110810,0,21.9825,22.5566,21.7232,21.751,11558304.92
20110811,0,21.9362,22.964,21.8066,22.7141,5968812
20110812,0,22.853,23.2789,22.5936,22.7233,4600260.194
20110815,0,22.9733,23.4733,22.9456,23.427,2960841.749
20110816,0,23.1585,23.3992,22.927,23.2326,3251983.755
20110817,0,23.427,23.7696,23.2789,23.39,2331551.908
20110818,0,22.8251,22.9177,22.2603,22.4547,5535222.208
20110819,0,22.1862,22.6955,22.1306,22.2695,4873291.073
20110822,0,22.7418,22.7973,21.9733,22.1029,3668392.755
20110823,0,22.2511,23.0103,22.0659,22.9919,4433270.09
20110824,0,22.9085,23.6585,22.8714,23.6122,4061393.261
20110825,0,23.7696,23.9919,23.1029,23.1955,4296679.784
20110826,0,23.0844,23.6493,22.7604,23.4548,3717023.776
20110829,0,23.7882,24.0104,23.6863,24.0011,2335733.84
20110830,0,23.8159,24.0104,23.603,23.8993,4938902.317
20110831,0,24.0845,24.1771,23.7882,23.9826,4475197.15
20110901,0,24.0752,24.2326,23.9548,23.9826,5317214.475
20110902,0,23.5289,23.7604,23.39,23.5381,3489383.016
20110906,0,22.853,23.0844,22.6584,23.0659,4062202.003
20110907,0,23.3252,23.6122,23.2696,23.5937,3748667.88
20110908,0,23.4178,23.7326,23.2511,23.3992,3834892.123
20110909,0,23.1214,23.177,22.8807,23.0659,6168003.34
20110912,0,22.853,23.3529,22.8344,23.3066,6497621.917
20110913,0,23.4548,23.4733,23.0566,23.2974,4423464.069
20110914,0,23.3715,23.8622,23.1029,23.6585,4461764.179
20110915,0,23.8993,24.0567,23.7233,23.9919,3417771.303
20110916,0,24.1308,24.353,23.9178,24.0382,4471257.56
20110919,0,23.603,24.14,23.603,24.0289,3323016.774
20110920,0,24.1493,24.3437,23.927,23.9919,3445593.426
20110921,0,23.927,24.1585,23.2881,23.2974,4388208.145
20110922,0,22.6678,22.8622,22.2974,22.7973,8863988.235
20110923,0,22.6399,22.9548,22.4455,22.5752,4310889.507
20110926,0,22.7418,23.214,22.3251,23.214,4091146.564
20110927,0,23.7696,24.0474,23.39,23.5011,4553800.029
20110928,0,23.5196,23.5196,22.7418,22.7788,4758052.725
20110929,0,23.2418,23.2974,22.8993,23.177,4731317.236
20110930,0,22.9362,23.2048,22.7233,22.7418,3573032.715
20111003,0,22.6307,23.1122,22.3529,22.3529,5464865.455
20111004,0,22.0103,22.8251,21.4547,22.8251,6952571.74
20111005,0,22.9362,23.2326,22.5195,23.1585,4182278.2
20111006,0,23.0751,23.6122,23.0196,23.6122,3888216.89
20111007,0,23.8159,23.8252,23.3066,23.4641,3746477.379
20111010,0,23.853,24.1678,23.7789,24.1308,3018387.464
20111011,0,23.9548,24.1585,23.89,23.9919,2771281.249
20111012,0,24.1215,24.2234,23.89,23.9826,4179690.24
20111013,0,23.7326,24.2234,23.7048,24.1678,2800936.366
20111014,0,24.2974,24.6678,24.2048,24.6586,2502790.495
20111017,0,24.7975,25.14,24.7696,24.779,5800653.287
20111018,0,24.779,25.779,24.5845,25.566,5526466.51
20111019,0,25.4641,26.0383,25.3993,25.5567,4653206.776
20111020,0,25.603,25.779,25.3346,25.6586,3997783.205
20111021,0,25.9179,26.1401,25.7605,26.1401,3232797.067
20111024,0,26.1586,26.4457,26.0383,26.4364,4143958.315
20111025,0,26.2975,26.3901,25.9086,26.029,3062016.161
20111026,0,26.3901,26.7235,25.8808,26.6309,3914652.881
20111027,0,26.9087,27.5476,26.8994,27.2791,6181558.765
20111028,0,27.1772,27.2512,26.8809,27.0105,3687915.497
20111031,0,26.8161,26.9179,26.5198,26.529,3154340.591
20111101,0,25.7512,26.1401,25.4919,25.779,4652864.34
20111102,0,26.2697,26.6679,26.1586,26.5753,3906430.703
20111103,0,26.8716,26.9734,26.3994,26.8346,3187988.705
20111104,0,26.5753,27.2235,26.4086,27.1309,4440264.591
20111107,0,27.2235,27.529,26.779,27.2143,3351901.405
20111108,0,27.1767,27.8031,26.8494,27.7563,5178801.481
20111109,0,27.0832,27.5506,26.9429,27.0178,5118308.028
20111110,0,27.2421,27.4291,27.0551,27.1206,5303154.645
20111111,0,27.4384,27.5412,27.1954,27.3449,4236910.039
20111114,0,27.1767,27.2982,26.8682,27.0178,3601324.877
20111115,0,26.9243,27.2514,26.8775,27.1486,3989693.912
20111116,0,26.9804,27.0084,26.597,26.6064,6927611.253
20111117,0,26.5129,26.8308,26.3446,26.4194,4894417.317
20111118,0,26.7092,27.0832,26.6999,26.9523,4531878.662
20111121,0,26.5036,26.5691,26.1764,26.4756,2994571.823
20111122,0,26.4661,26.6719,26.3166,26.5129,3981614.918
20111123,0,26.2044,26.4475,26.1297,26.2418,3744144.842
20111125,0,26.1483,26.5784,26.1483,26.3914,2058933.761
20111128,0,26.9616,27.0084,26.6345,26.7747,3063108.696
20111129,0,26.9616,27.1019,26.7654,26.9616,2123229.494
20111130,0,27.6441,27.8871,27.1113,27.4945,6294746.45
20111201,0,27.4665,27.5506,27.3449,27.4665,4322610.36
20111202,0,27.5693,28.0087,27.5226,27.8685,3122986.289
20111205,0,28.0835,28.0835,27.6347,27.7657,2618930.188
20111206,0,27.8031,27.9246,27.6628,27.7376,2369015.707
20111207,0,27.5973,27.8031,27.3823,27.6535,3329338.2
20111208,0,27.5133,27.5693,27.0925,27.1767,3801612.996
20111209,0,27.4198,27.6815,27.2702,27.6068,3186840.139
20111212,0,27.5693,27.5693,27.0925,27.3169,3009306.865
20111213,0,27.4665,27.8871,27.373,27.4758,3910101.716
20111214,0,27.2795,27.4291,26.971,27.1113,2655374.676
20111215,0,27.3543,27.3917,27.0551,27.1767,2174165.209
20111216,0,27.3449,27.5787,27.3263,27.4852,3300259.731
20111219,0,27.6908,27.6908,27.2234,27.2888,2245864.892
20111220,0,27.7469,28.149,27.7189,28.0648,2932786.68
20111221,0,28.1302,28.5416,28.0462,28.5042,3265018.951
20111222,0,28.5696,28.607,28.3826,28.5042,2437867.865
20111223,0,28.6257,28.981,28.5977,28.8594,2615494.161
20111227,0,28.8034,29.0651,28.7659,28.981,1470285.266
20111228,0,29.0558,29.2895,28.6818,28.7566,1765865.491
20111229,0,28.7753,28.8594,28.6445,28.8408,1727094.299
20111230,0,28.7473,28.8875,28.6912,28.7566,1443585.772
20120103,0,28.2611,29.0839,28.2051,28.4575,4146923.222
20120104,0,28.4014,28.8594,28.3921,28.8127,2937291.632
20120105,0,28.7566,28.8969,28.5416,28.8034,3663032.811
20120106,0,28.8781,28.8781,28.3826,28.4575,2880543.845
20120109,0,28.4294,28.5322,28.3733,28.5229,2269868.401
20120110,0,28.7473,28.8969,28.5416,28.5884,2384378.636
20120111,0,28.5042,28.7099,28.4481,28.4575,3591693.101
20120112,0,28.5042,28.8501,28.4949,28.7005,2720251.304
20120113,0,28.5416,29.0744,28.4761,29.009,2342447.58
20120117,0,29.1772,29.5512,29.0839,29.2614,3461518.242
20120118,0,29.3082,29.3549,29.196,29.2428,2871543.167
20120119,0,29.2895,29.4203,29.1306,29.3736,2700964.066
20120120,0,29.3456,29.4765,29.1306,29.4765,2061368.379
20120123,0,29.4765,29.813,29.411,29.6822,1843226.591
20120124,0,29.4203,29.6354,29.3363,29.4017,2176097.857
20120125,0,29.3549,29.6541,29.0932,29.6073,2528104.594
20120126,0,29.7757,29.8971,29.5699,29.7289,2461606.528
20120127,0,29.6634,29.7476,29.383,29.5887,2500233.854
20120130,0,29.4017,29.6541,29.2334,29.6541,2078890.341
20120131,0,29.7289,29.813,29.2147,29.4671,2940594.47
20120201,0,29.6261,29.8317,29.4577,29.4671,3407607.141
20120202,0,29.5419,29.7008,28.8594,28.8781,4990055.598
20120203,0,28.9529,28.9904,28.2798,28.5603,6613337.144
20120206,0,28.4107,28.822,28.4107,28.7473,2762594.012
20120207,0,28.4949,29.3456,28.4949,29.2988,3641182.511
20120208,0,29.3556,29.6669,29.0821,29.2612,2853180.022
20120209,0,29.3368,29.4688,29.2707,29.365,2999252.74
20120210,0,29.1481,29.1858,28.9028,29.0255,2304198.674
20120213,0,29.2424,29.299,29.0631,29.2236,1746667.206
20120214,0,29.2424,29.3368,29.0255,29.1952,2285114.501
20120215,0,29.233,29.3272,28.7614,28.884,4102095.845
20120216,0,28.9311,29.1858,28.9217,28.9877,2501863.817
20120217,0,29.1292,29.299,29.0726,29.1952,2542917.926
20120221,0,29.3272,29.5537,29.2141,29.3744,2501814.027
20120222,0,29.3744,29.6009,29.2802,29.5159,2019017.601
20120223,0,29.5443,29.9593,29.4877,29.7612,2495827.135
20120224,0,29.799,30.0631,29.6952,29.931,1972975
20120227,0,29.7801,29.9216,29.6857,29.7801,1808449.377
20120228,0,29.799,29.8744,29.4028,29.4877,2686449.369
20120229,0,29.4877,29.7801,29.4311,29.6291,2518893.681
20120301,0,29.6575,29.8272,29.5443,29.7046,2165446.659
20120302,0,29.6575,29.8462,29.5254,29.6857,2207382.461
20120305,0,29.6103,29.6763,29.2802,29.4688,2142630.496
20120306,0,29.2424,29.3556,29.0821,29.233,3526724.385
20120307,0,29.2424,29.5065,29.1764,29.233,3567848.048
20120308,0,29.5254,29.9216,29.4688,29.8932,2326569.662
20120309,0,29.9122,30.0253,29.6763,29.7424,2432755.635
20120312,0,29.9688,30.3272,29.9216,30.2517,2773318.63
20120313,0,30.3555,30.3555,29.9404,30.1479,2673932.291
20120314,0,30.1385,30.28,29.9499,30.1103,2220285.166
20120315,0,30.1857,30.28,29.9593,30.2706,2206119.555
20120316,0,30.2989,30.431,30.1857,30.2612,2906703.33
20120319,0,30.28,30.4404,30.1479,30.3178,1567762.915
20120320,0,30.1479,30.1951,29.9782,30.1197,1936293.902
20120321,0,30.0819,30.1291,29.9216,30.0725,1688948.332
20120322,0,29.931,30.0631,29.8084,29.9688,1960028.367
20120323,0,29.9499,30.0537,29.8178,29.8838,2436840.861
20120326,0,29.997,30.3932,29.9122,29.9499,2289425.993
20120327,0,29.9593,30.1574,29.9216,30.1008,2314435.375
20120328,0,30.0537,30.0913,29.6857,29.799,1683735.471
20120329,0,29.6669,29.8366,29.3556,29.7612,1687338.825
20120330,0,29.8556,29.9499,29.6386,29.7801,2064754.826
20120402,0,29.7612,29.9876,29.6103,29.7329,3371573.785
20120403,0,29.7235,29.799,29.4216,29.6197,2427205.291
20120404,0,29.4877,29.7329,29.3368,29.6291,2630508.267
20120405,0,29.4877,29.7706,29.4782,29.5915,1545612.09
20120409,0,29.3934,29.5065,29.1669,29.4122,1855998.128
20120410,0,29.3272,29.4311,28.4406,28.4595,4123934.955
20120411,0,28.6481,28.7047,28.4501,28.4595,2657539.667
20120412,0,28.4217,28.7802,28.4217,28.7236,2553787.808
20120413,0,28.6104,28.8934,28.6009,28.6198,2417165.537
20120416,0,28.7142,28.7708,28.1576,28.3463,3287481.041
20120417,0,28.5349,28.7518,28.4217,28.7236,2587555.194
20120418,0,28.5443,28.799,28.5443,28.7047,2578891.604
20120419,0,28.6481,28.7802,28.4783,28.6858,2786097.61
20120420,0,28.7236,28.8462,28.5161,28.5443,3596816.382
20120423,0,28.4029,28.4689,28.0821,28.1482,3221036.138
20120424,0,28.2048,28.384,28.1764,28.3557,3083484.431
20120425,0,28.5349,28.5349,28.2802,28.3368,3205777.288
20120426,0,28.318,28.8462,28.318,28.7142,3130609.964
20120427,0,28.8274,28.8934,28.6387,28.8179,2340404.537
20120430,0,28.799,29.0255,28.7424,28.9877,3501936.661
20120501,0,28.95,29.7801,28.9028,29.7046,4491333.786
20120502,0,29.6386,29.6669,29.2896,29.6103,4651746.894
20120503,0,29.5065,29.6009,28.9217,28.9311,4530942.69
20120504,0,28.4689,28.9689,28.2991,28.6198,4235632.792
20120507,0,28.4311,28.8084,28.318,28.6764,2815735.209
20120508,0,28.4877,28.6764,28.0916,28.6576,4310929.567
20120509,0,28.2388,28.6197,27.877,28.3912,4619595.389
20120510,0,28.5911,28.8958,28.5054,28.6482,2755387.617
20120511,0,28.5816,28.9529,28.5244,28.772,2930435.932
20120514,0,28.5244,28.5626,28.1341,28.1626,2416639.459
20120515,0,28.0865,28.2673,27.8199,27.9056,2390504.773
20120516,0,27.9341,28.0294,27.4391,27.4962,5395030.387
20120517,0,27.4772,27.5438,26.9821,27.0392,5118840.456
20120518,0,26.9916,27.5343,26.8774,26.9535,4651655.486
20120521,0,27.0772,27.4581,26.9345,27.4391,2398541.995
20120522,0,27.8104,27.877,27.4677,27.6009,3397881.893
20120523,0,27.3819,27.42,27.0201,27.3153,3738499.601
20120524,0,27.4296,27.7247,27.2296,27.4296,3170456.857
20120525,0,27.4296,27.7057,27.4296,27.5153,2227490.596
20120529,0,27.7343,27.8865,27.5343,27.7723,2491304.616
20120530,0,27.658,27.8199,27.2867,27.3058,3753052.15800001
20120531,0,27.3153,27.4867,26.8774,27.3438,4072786.672
20120601,0,26.8774,27.0297,26.5155,26.5631,3245537.14
20120604,0,26.6298,26.7155,26.2775,26.4489,3247661.258
20120605,0,26.3537,26.6203,26.2299,26.5536,2880030.625
20120606,0,26.725,26.9345,26.6584,26.7916,3280419.026
20120607,0,27.0963,27.1725,26.8297,26.9059,2933734.406
20120608,0,26.8011,26.8964,26.4394,26.4774,4109407.277
20120611,0,26.8202,26.8297,26.3728,26.4299,5193720.809
20120612,0,26.5631,26.706,26.4394,26.5918,4561118.265
20120613,0,26.4394,26.506,26.0491,26.1728,3340264.412
20120614,0,26.268,26.506,26.1347,26.3728,3038026.955
20120615,0,26.7155,26.7155,26.3728,26.6774,3756589.727
20120618,0,26.5727,26.6489,26.3442,26.3823,2960379.148
20120619,0,26.487,26.7536,26.4774,26.6869,4063731.706
20120620,0,26.6584,26.706,26.3252,26.5155,2926046.395
20120621,0,26.6013,26.706,26.1062,26.1347,6220060.981
20120622,0,26.2775,26.7726,26.1918,26.6774,5244846.634
20120625,0,26.3252,26.5346,26.268,26.506,3403803.788
20120626,0,26.5441,26.6584,26.3442,26.487,3108075.43
20120627,0,26.506,26.8869,26.506,26.8487,2714074.665
20120628,0,26.8392,27.4581,26.6298,27.4486,4881179.405
20120629,0,27.5914,27.9913,27.5248,27.6485,3255038.528
20120702,0,27.7628,27.9341,27.5724,27.6866,4210810.635
20120703,0,27.7914,27.9341,27.6009,27.7533,2312919.879
20120705,0,27.6295,27.8961,27.42,27.8009,3280287.588
20120706,0,27.5628,27.7723,27.42,27.7628,2588382.035
20120709,0,27.658,27.7057,27.4677,27.6104,2321138.591
20120710,0,27.6961,27.8389,27.4486,27.5914,3325538.184
20120711,0,27.5153,27.8294,27.5057,27.8009,2320268.141
20120712,0,27.6295,27.9341,27.4962,27.858,2657208.273
20120713,0,27.9341,28.2673,27.877,28.2388,2651223.184
20120716,0,28.1722,28.5244,28.0865,28.4863,2520421.466
20120717,0,28.4959,28.5626,28.2102,28.5339,3687486.573
20120718,0,28.4007,28.9053,28.4007,28.8387,2629535.352
20120719,0,28.8482,28.9624,28.7149,28.9148,1994596.369
20120720,0,28.6958,28.9624,28.5626,28.9434,2878115.133
20120723,0,28.7624,28.7815,28.3531,28.6102,2903908.066
20120724,0,28.6578,28.81,28.0294,28.2388,2553798.188
20120725,0,28.3436,28.4007,28.1531,28.2673,1922926.47
20120726,0,28.5816,28.8195,28.4768,28.772,1854792.758
20120727,0,28.9148,29.229,28.7624,29.1433,2420928.992
20120730,0,29.1909,29.4861,29.1433,29.3718,2555339.201
20120731,0,29.3622,29.5146,29.1624,29.2385,1796035.432
20120801,0,29.3527,29.4956,28.9529,29.0386,3317152.019
20120802,0,27.5248,28.4863,27.2106,28.1817,4321764.155
20120803,0,28.277,28.4483,28.0389,28.2673,3697090.196
20120806,0,28.3436,28.5339,28.2865,28.3721,2137335.969
20120807,0,28.5244,28.5816,28.2578,28.296,2987574.102
20120808,0,28.3921,28.3921,27.8442,27.8442,3074728.495
20120809,0,27.8634,28.0653,27.7385,27.7961,2190662.783
20120810,0,27.7673,28.1998,27.7289,28.1614,3099631.143
20120813,0,28.0172,28.1517,27.8923,28.0653,1762392.729
20120814,0,28.1229,28.3824,28.0461,28.296,2231390.077
20120815,0,28.3344,28.4498,28.1902,28.296,2151210.419
20120816,0,28.2768,28.4305,28.1038,28.171,2286849.478
20120817,0,28.2768,28.296,27.9115,28.0364,2349284.601
20120820,0,28.0268,28.1806,28.0268,28.171,1309294.396
20120821,0,28.1806,28.2479,27.9499,28.0268,1607418.664
20120822,0,27.9884,28.0461,27.825,27.9211,2428914.053
20120823,0,27.9211,27.9211,27.652,27.7385,2121261.64
20120824,0,27.7001,27.7769,27.5847,27.7001,2008264.793
20120827,0,27.7289,27.8442,27.6904,27.7385,1502541.075
20120828,0,27.6904,27.7961,27.5367,27.5943,2002964.471
20120829,0,27.6904,27.7001,27.4597,27.479,2124692.394
20120830,0,27.402,27.5078,27.3733,27.4309,1660239.764
20120831,0,27.2387,27.306,26.9311,27.2099,3022772.509
20120904,0,27.0945,27.3829,27.0464,27.3829,2680297.554
20120905,0,27.4213,27.5174,27.1907,27.2003,2964868.564
20120906,0,27.3733,27.5655,27.3444,27.4886,2988662.791
20120907,0,27.5847,27.8538,27.5367,27.8346,2779081.739
20120910,0,28.0749,28.0749,27.5463,27.6135,3136694.273
20120911,0,27.6616,27.8442,27.4886,27.5655,2471896.551
20120912,0,27.652,27.6808,27.3541,27.3541,3154821.503
20120913,0,27.3348,27.7385,27.2483,27.652,3670693.903
20120914,0,27.7097,27.9691,27.575,27.6712,2592374.459
20120917,0,27.6808,27.8538,27.5847,27.8442,3233820.659
20120918,0,27.7865,27.9211,27.7289,27.8538,2539733.436
20120919,0,27.8057,27.9211,27.7097,27.8827,2416880.294
20120920,0,27.6712,27.825,27.6231,27.7481,2621863.784
20120921,0,27.8731,27.9884,27.7961,27.9211,3196363.473
20120924,0,27.8538,28.1902,27.7673,28.171,3018137.578
20120925,0,28.171,28.3921,28.1229,28.1325,3722556.838
20120926,0,28.1229,28.2671,27.8923,27.9884,3119592.43
20120927,0,28.0653,28.171,27.825,28.0941,1945446.224
20120928,0,28.0653,28.2575,27.9019,28.2287,2290686.679
20121001,0,28.3055,28.642,28.2575,28.3728,2636700.198
20121002,0,28.5362,28.6804,28.4401,28.5074,2248113.303
20121003,0,28.5266,28.5843,28.3344,28.5074,2317262.18
20121004,0,28.6611,28.9399,28.5939,28.7861,1574382.855
20121005,0,28.9303,29.0456,28.7188,28.7958,1996781.853
20121008,0,28.7477,28.815,28.642,28.642,1646534.12
20121009,0,28.6516,28.7958,28.5362,28.7381,2721517.274
20121010,0,28.6996,28.7477,28.3536,28.3728,2752570.286
20121011,0,28.517,28.6324,28.2575,28.296,2301112.858
20121012,0,28.2479,28.3344,27.8634,27.9115,2553923.136
20121015,0,27.9211,28.1038,27.8538,28.0653,2127569.978
20121016,0,28.1902,28.6035,28.1614,28.5747,2182496.826
20121017,0,28.6611,28.9976,28.5843,28.988,3141113.557
20121018,0,28.9591,28.9976,28.5747,28.5939,1846335.985
20121019,0,28.6707,28.8054,28.3151,28.4977,2698370.344
20121022,0,28.3824,28.5554,28.2479,28.3536,2069399.494
20121023,0,28.1325,28.1806,27.7481,27.8827,3214890.354
20121024,0,28.0172,28.2479,27.6904,27.7481,2481715.337
20121025,0,27.9211,28.1038,27.8346,27.9691,2893819.237
20121026,0,27.998,28.0653,27.6616,27.8634,2244208.612
20121031,0,28.0653,28.0749,27.5943,27.7961,2946522.15
20121101,0,27.6808,27.7481,27.2771,27.5174,5081639.10600001
20121102,0,27.5463,27.5463,26.9311,26.9888,4485774.076
20121105,0,26.9984,27.2483,26.8638,27.1907,3927211.975
20121106,0,27.1907,27.5943,27.1907,27.4886,3500642.661
20121107,0,27.474,27.474,26.9688,27.0077,3674297.826
20121108,0,26.9591,27.1048,26.7939,26.8813,3351937.111
20121109,0,26.7939,26.9105,26.658,26.6677,2733556.929
20121112,0,26.6968,26.7066,26.4248,26.4345,3495214.87
20121113,0,26.3471,26.6677,26.2402,26.454,2977980.365
20121114,0,26.4345,26.522,26.2208,26.2791,4556509.012
20121115,0,26.2694,26.4151,25.803,26.0362,3227249.745
20121116,0,26.007,26.9008,25.9876,26.9008,7173856.558
20121119,0,27.1048,27.27,26.8425,26.9105,2961847.908
20121120,0,26.9202,27.0174,26.7842,26.9202,2155095.988
20121121,0,27.0174,27.1048,26.9299,27.0174,2132769.371
20121123,0,27.0271,27.3283,27.0174,27.0368,1520404.545
20121126,0,27.134,27.2505,26.9202,26.9882,2048994.832
20121127,0,26.9979,27.1242,26.8231,26.8911,2482667.109
20121128,0,26.7939,27.1825,26.7163,27.1437,1936293.9
20121129,0,27.2117,27.2894,26.8425,26.9105,3270969.989
20121130,0,26.9494,27.2408,26.9008,27.1631,3001452.756
20121203,0,27.2311,27.2797,26.9008,26.9105,2178508.238
20121204,0,26.9494,27.0077,26.6191,26.6385,2415205.448
20121205,0,26.7163,26.8133,26.5608,26.5997,2637041.796
20121206,0,26.6774,26.8328,26.5414,26.6191,2992530.744
20121207,0,26.6871,26.7745,26.4442,26.522,3196780.83
20121210,0,26.9591,26.9591,26.522,26.5705,2823645.047
20121211,0,26.0265,26.5608,26.0265,26.4831,6124553.004
20121212,0,26.2208,26.4734,26.1333,26.2305,11730245.683
20121213,0,26.3374,26.4637,26.075,26.3568,5503295.649
20121214,0,26.3471,26.6483,26.2499,26.4151,3811268.954
20121217,0,26.4831,26.8911,26.4831,26.8036,4106133.497
20121218,0,26.8425,27.0854,26.7356,26.9008,3866631.42
20121219,0,27.0465,27.0465,26.7842,26.8133,3293121.209
20121220,0,26.8619,27.0562,26.8133,26.9979,3472481.102
20121221,0,26.9396,27.0174,26.6288,26.6968,4739122.364
20121224,0,26.7163,27.1048,26.5608,26.9494,1156766.032
20121226,0,26.6774,26.7163,26.2013,26.2985,2452729.308
20121227,0,26.2208,26.3665,25.8127,26.0945,3033784.964
20121228,0,25.9487,26.4442,25.7933,26.1819,3533941.329
20121231,0,26.1236,26.6191,25.9682,26.5705,3801350.49
20130102,0,27.0124,27.2456,26.9735,27.2359,3670449.068
20130103,0,27.2845,27.5468,27.2359,27.3427,3195944.816
20130104,0,27.469,27.5954,27.3913,27.5078,3435708.324
20130107,0,27.3816,27.4496,27.1872,27.2845,3519899.931
20130108,0,27.2359,27.3816,27.1192,27.1872,3703290.469
20130109,0,27.1872,27.265,26.9054,27.0124,4132439.996
20130110,0,27.1678,27.2066,27.0415,27.0803,3085566.35
20130111,0,27.1289,27.1289,26.7888,26.8277,4546845.035
20130114,0,26.886,27.2066,26.7403,26.8957,5528803.679
20130115,0,26.8374,26.9347,26.6723,26.8569,8315975.915
20130116,0,26.8471,27.1872,26.7208,26.7306,6312828.738
20130117,0,26.8277,26.8374,26.2447,26.4974,10246900.07
20130118,0,26.4391,26.5265,26.3031,26.4196,8121372.04
20130122,0,26.4099,26.7694,26.3905,26.6334,9534129.39
20130123,0,26.648,26.6917,26.3905,26.4294,5117393.26
20130124,0,26.5265,26.7403,26.2349,26.2349,5566153.844
20130125,0,26.2641,26.4099,26.099,26.2933,8819302.02
20130128,0,26.5025,26.6483,26.2985,26.4151,5445566.365
20130129,0,26.4734,26.9396,26.3957,26.9299,6597256.626
20130130,0,26.9785,27.1631,26.8231,26.8959,5489285.403
20130131,0,26.8328,27.0368,26.8231,27.0076,3854189.492
20130201,0,27.1534,27.5129,26.9882,27.4497,7031045.57399999
20130204,0,27.3769,27.4643,27.1631,27.1825,4045398.418
20130205,0,27.3283,27.5323,27.1145,27.4643,5459887.907
20130206,0,27.3866,28.5038,27.3769,28.4455,9847883.745
20130207,0,28.3872,28.7758,28.2706,28.6009,6328969.014
20130208,0,28.5718,28.805,28.5718,28.7199,6569346.42
20130211,0,28.7661,28.8567,28.5815,28.6981,4105895.976
20130212,0,28.7273,29.0867,28.5621,28.9653,5712885.434
20130213,0,28.9504,29.078,28.8522,28.8914,3999053.647
20130214,0,28.8227,29.0584,28.8129,29.0191,4445775.862
20130215,0,29.0191,29.1467,28.7835,28.8914,3903721.132
20130219,0,29.0191,29.2743,28.9111,29.1762,3268980.469
20130220,0,29.1173,29.3038,29.0387,29.0387,4000820.004
20130221,0,28.9799,28.9799,28.5479,28.7736,4186678.501
20130222,0,28.862,29.0584,28.6951,28.9799,3654273.602
20130225,0,29.1369,29.343,28.4398,28.4596,4504297.689
20130226,0,28.6362,28.7099,28.1748,28.489,3768652.592
20130227,0,28.3908,28.6166,28.2239,28.4398,3854235.424
20130228,0,28.5283,28.6461,28.4596,28.5086,3024158.079
20130301,0,28.4398,28.4497,28.1699,28.2828,3742305.662
20130304,0,28.1847,28.4988,28.0374,28.4694,2128638.656
20130305,0,28.5872,28.7442,28.4398,28.6264,2195258.603
20130306,0,28.7148,28.7638,28.3221,28.381,3099586.439
20130307,0,28.3908,28.597,28.2632,28.2926,3738517.275
20130308,0,28.3908,28.7442,28.3908,28.6559,3505476.828
20130311,0,28.6853,28.8227,28.4398,28.7835,3465309.737
20130312,0,28.8129,28.9209,28.3417,28.4006,3611566.037
20130313,0,28.4398,28.489,28.165,28.2239,3272558.254
20130314,0,28.2534,28.381,28.1748,28.2435,3392721.79
20130315,0,28.1748,28.4398,28.0472,28.4006,4177099.312
20130318,0,28.273,28.3515,28.0963,28.2043,2330704.341
20130319,0,28.2828,28.3417,28.0178,28.0472,2681660.368
20130320,0,28.2043,28.3908,28.0865,28.3122,2348202.73
20130321,0,28.3122,28.6853,28.2534,28.5086,2157599.745
20130322,0,28.5774,28.9602,28.5185,28.9209,3297465.02
20130325,0,29.0486,29.2743,28.9111,29.0387,2855641.284
20130326,0,29.1075,29.4413,29.0191,29.3725,4827249.129
20130327,0,29.2056,29.8339,29.186,29.667,3567546.411
20130328,0,29.7063,30.3739,29.7063,30.1873,4837755.206
20130401,0,30.1382,30.1873,29.8732,30.1382,2440456.636
20130402,0,30.1382,30.3739,30.0695,30.1873,3465403.439
20130403,0,30.1677,30.1873,29.4118,29.5002,5612277.31799999
20130404,0,29.4805,29.8437,29.3725,29.6179,2595181.378
20130405,0,29.402,29.5296,29.2056,29.402,2515674.951
20130408,0,29.3626,29.7553,29.3626,29.7455,2215705.32
20130409,0,29.8437,30.0891,29.7357,29.883,3185239.008
20130410,0,29.9419,30.3247,29.9419,30.1579,2685053.067
20130411,0,30.2266,30.256,29.9223,30.1873,2725894.909
20130412,0,30.0597,30.0891,29.7259,29.9321,1941261.8
20130415,0,29.8044,29.9223,29.4511,29.4609,2411515.609
20130416,0,29.4216,29.8044,29.2056,29.7161,2510671.743
20130417,0,29.5787,29.5983,29.2056,29.4707,2054639.271
20130418,0,29.7161,29.9714,29.5394,29.883,2690162.9
20130419,0,30.0008,30.1382,29.7946,30.0204,4084837.389
20130422,0,30.099,30.1677,29.9812,30.0204,2383817.858
20130423,0,30.099,30.2266,29.7848,30.099,2598922.234
20130424,0,30.1775,30.6193,30.099,30.3935,2889693.95
20130425,0,30.4524,30.8549,30.3542,30.3739,2918821.911
20130426,0,30.4524,30.7272,30.1971,30.6094,3264891.227
20130429,0,30.6094,30.8549,30.5898,30.7468,2620944.298
20130430,0,30.8057,30.9531,30.6683,30.9432,5224085.807
20130501,0,30.8549,30.9432,30.1579,30.2364,8587095.256
20130502,0,30.2364,30.4328,30.1382,30.2953,7807809.662
20130503,0,30.5309,30.6781,30.0793,30.3542,5737594.283
20130506,0,30.3542,30.5604,30.3149,30.3443,4170362.48
20130507,0,30.4426,30.5996,30.4033,30.58,4578117.14
20130508,0,30.4759,30.7337,30.4164,30.6841,4373520.985
20130509,0,30.7138,30.7337,30.347,30.4759,1955256.862
20130510,0,30.466,30.585,30.3272,30.4957,1795930.639
20130513,0,30.5453,30.8824,30.3668,30.8229,2847734.326
20130514,0,30.8923,31.0807,30.7436,30.8824,2908065.766
20130515,0,30.8824,31.2889,30.7535,31.2789,3217846.803
20130516,0,31.2294,31.3186,31.0608,31.0807,2681097.034
20130517,0,31.2492,31.5565,31.1203,31.3682,2447791.609
20130520,0,31.388,31.5664,31.3285,31.5466,1871649.193
20130521,0,31.5962,31.7746,31.3781,31.6557,2055627.002
20130522,0,31.6259,31.7449,31.2393,31.3285,1703026.647
20130523,0,31.1005,31.2195,30.8427,31.1501,1773467.95
20130524,0,30.9815,31.1302,30.8526,31.041,1537642.914
20130528,0,31.3582,31.3979,30.7634,30.8625,2122368.475
20130529,0,30.7733,30.7832,30.2776,30.5453,2896801.568
20130530,0,30.6048,30.8725,30.4065,30.6147,2684028.685
20130531,0,30.4957,30.7931,30.3569,30.3569,1955736.503
20130603,0,30.4164,30.6742,30.2479,30.6246,3286789.447
20130604,0,30.6048,30.7931,30.0099,30.0892,3429098.229
20130605,0,29.9306,29.9901,29.5341,29.544,4477460.143
20130606,0,29.5539,29.7819,29.3655,29.6729,3919435.608
20130607,0,29.8017,30.3867,29.8017,30.347,2790506.699
20130610,0,30.5949,30.6048,30.0892,30.4759,2493074.305
20130611,0,30.3272,30.4462,30.0099,30.0694,1877406.828
20130612,0,32.7165,33.6682,32.6173,33.4501,17821620.58
20130613,0,33.3212,33.8566,32.9148,33.7971,6677481.331
20130614,0,33.6286,34.1342,33.46,34.045,4228693.565
20130617,0,34.0549,34.5308,33.926,34.2928,6192450.669
20130618,0,34.2234,34.4514,34.1243,34.3325,3884473.275
20130619,0,34.273,34.4514,33.926,33.9557,4384039.804
20130620,0,33.7178,33.7178,32.8454,33.3708,5718851.455
20130621,0,33.6286,33.7376,32.8454,33.3906,3699622.143
20130624,0,33.2419,33.7178,32.8156,33.2618,3584572.203
20130625,0,33.4898,33.8566,33.1527,33.807,4308417.933
20130626,0,33.9855,34.2432,33.8269,34.0251,3277748.343
20130627,0,34.3027,34.4911,33.9458,33.9657,2353963.303
20130628,0,33.807,34.392,33.7079,34.2333,3040013.908
20130701,0,34.4614,34.6398,34.2135,34.382,3032355.605
20130702,0,34.2928,34.4514,34.1144,34.3325,2481287.624
20130703,0,34.2432,34.3027,33.9657,34.2234,1822703.796
20130705,0,34.382,34.6596,34.1144,34.5506,2029895.019
20130708,0,34.6993,35.2148,34.62,35.0859,2966101.428
20130709,0,35.2247,35.4825,35.1553,35.2842,1787291.504
20130710,0,35.2644,35.2941,34.7885,34.9769,2803784.885
20130711,0,35.4131,35.5123,35.0661,35.3536,2277928.706
20130712,0,35.2049,35.314,34.7984,35.2842,2687083.821
20130715,0,35.1553,35.6907,35.0859,35.5618,2504577.09
20130716,0,35.5916,35.6907,35.1454,35.3338,1847812.591
20130717,0,35.4528,35.7304,35.3933,35.542,2180304.528
20130718,0,35.6213,35.8592,35.4924,35.8295,2404851.481
20130719,0,35.8146,36.0575,35.77,36.008,2647082.867
20130722,0,36.0873,36.0972,35.7204,35.8493,1510443.169
20130723,0,35.884,36.1567,35.6015,35.651,2241990.332
20130724,0,35.7304,35.8592,35.2842,35.4032,2210734.102
20130725,0,35.4131,36.1666,35.3933,36.0575,2515507.576
20130726,0,35.9187,36.5037,35.8989,36.4144,2885952.665
20130729,0,36.3847,36.7912,36.0179,36.0278,4265426.341
20130730,0,36.1071,36.2161,35.6907,35.7502,2406919.575
20130731,0,35.7898,35.9286,35.4131,35.6709,2402732.28
20130801,0,35.9187,36.1666,35.7898,36.0774,2286208.007
20130802,0,36.0179,36.0377,35.3933,35.6312,2952680.926
20130805,0,35.5717,35.8196,35.4329,35.7502,2581673
20130806,0,35.7304,36.0873,34.8579,35.2049,5206354
20130807,0,35.34,35.34,34.55,35.16,5579884
20130808,0,35.28,35.41,35.14,35.15,4262307
20130809,0,35.09,35.26,34.79,34.8,2483105
